syllables,carrier,target_word,phrase_length,silence_before,silence_after,total_length
1,0.980748,0.880159,1.860907,2,3.339093,7.2
2,0.980748,0.97932,1.960068,2,3.239932,7.2
3,0.980748,1.122767,2.103515,2,3.096485,7.2