"","...1","word","word_type","survey_type","type","value","responded","duration_in_seconds","StartDate","local_id","age_rounded","gender","date_created","percentile_rank","vocabulary_score"
"1",1,"sock","extra_words","1","produces",NA,0,245,2026-04-29 06:56:14,"VVI196",450,"f","4/14/26",45,10
"2",2,"sock","extra_words","1","understands",NA,0,245,2026-04-29 06:56:14,"VVI196",450,"f","4/14/26",45,10
"3",3,"sock","extra_words","1","produces",NA,0,104,2026-03-29 15:34:33,"VVI183",420,"m","3/29/26",5,0
"4",4,"sock","extra_words","1","understands",NA,0,104,2026-03-29 15:34:33,"VVI183",420,"m","3/29/26",5,0
"5",5,"sock","extra_words","1","produces",NA,0,125,2026-04-30 08:46:28,"VVI197",450,"m","4/14/26",5,0
"6",6,"sock","extra_words","1","understands",1,1,125,2026-04-30 08:46:28,"VVI197",450,"m","4/14/26",5,0
"7",7,"sock","extra_words","1","produces",NA,0,213,2026-02-15 21:07:24,"VVI142",450,"f","2/16/26",20,3
"8",8,"sock","extra_words","1","understands",1,1,213,2026-02-15 21:07:24,"VVI142",450,"f","2/16/26",20,3
"9",9,"sock","extra_words","1","produces",NA,0,76,2026-04-02 15:03:35,"VVI186",450,"m","2/26/04",15,2
"10",10,"sock","extra_words","1","understands",1,1,76,2026-04-02 15:03:35,"VVI186",450,"m","2/26/04",15,2
"11",11,"sock","extra_words","1","produces",NA,0,223,2026-03-09 15:51:32,"VVI162",510,"f","2/24/26",30,11
"12",12,"sock","extra_words","1","understands",1,1,223,2026-03-09 15:51:32,"VVI162",510,"f","2/24/26",30,11
"13",13,"sock","extra_words","1","produces",NA,0,207,2026-04-08 10:48:19,"VVI193",450,"f","8/26/04",5,0
"14",14,"sock","extra_words","1","understands",1,1,207,2026-04-08 10:48:19,"VVI193",450,"f","8/26/04",5,0
"15",15,"sock","extra_words","1","produces",NA,0,131,2026-04-28 16:52:20,"VVI201",420,"m","4/27/26",15,1
"16",16,"sock","extra_words","1","understands",NA,0,131,2026-04-28 16:52:20,"VVI201",420,"m","4/27/26",15,1
"17",17,"sock","extra_words","1","produces",NA,0,216,2026-03-08 20:15:37,"VVI146",510,"f","2/17/26",50,25
"18",18,"sock","extra_words","1","understands",1,1,216,2026-03-08 20:15:37,"VVI146",510,"f","2/17/26",50,25
"19",19,"sock","extra_words","1","produces",NA,0,179,2026-03-09 12:13:10,"VVI160",510,"m","2/23/26",15,6
"20",20,"sock","extra_words","1","understands",1,1,179,2026-03-09 12:13:10,"VVI160",510,"m","2/23/26",15,6
"21",21,"sock","extra_words","1","produces",NA,0,102,2026-03-08 18:49:54,"VVI164",480,"m","2/25/26",40,11
"22",22,"sock","extra_words","1","understands",1,1,102,2026-03-08 18:49:54,"VVI164",480,"m","2/25/26",40,11
"23",23,"cloud","extra_words","1","produces",NA,0,245,2026-04-29 06:56:14,"VVI196",450,"f","4/14/26",45,10
"24",24,"cloud","extra_words","1","understands",1,1,245,2026-04-29 06:56:14,"VVI196",450,"f","4/14/26",45,10
"25",25,"cloud","extra_words","1","produces",NA,0,104,2026-03-29 15:34:33,"VVI183",420,"m","3/29/26",5,0
"26",26,"cloud","extra_words","1","understands",NA,0,104,2026-03-29 15:34:33,"VVI183",420,"m","3/29/26",5,0
"27",27,"cloud","extra_words","1","produces",NA,0,125,2026-04-30 08:46:28,"VVI197",450,"m","4/14/26",5,0
"28",28,"cloud","extra_words","1","understands",NA,0,125,2026-04-30 08:46:28,"VVI197",450,"m","4/14/26",5,0
"29",29,"cloud","extra_words","1","produces",NA,0,213,2026-02-15 21:07:24,"VVI142",450,"f","2/16/26",20,3
"30",30,"cloud","extra_words","1","understands",NA,0,213,2026-02-15 21:07:24,"VVI142",450,"f","2/16/26",20,3
"31",31,"cloud","extra_words","1","produces",NA,0,76,2026-04-02 15:03:35,"VVI186",450,"m","2/26/04",15,2
"32",32,"cloud","extra_words","1","understands",NA,0,76,2026-04-02 15:03:35,"VVI186",450,"m","2/26/04",15,2
"33",33,"cloud","extra_words","1","produces",NA,0,223,2026-03-09 15:51:32,"VVI162",510,"f","2/24/26",30,11
"34",34,"cloud","extra_words","1","understands",NA,0,223,2026-03-09 15:51:32,"VVI162",510,"f","2/24/26",30,11
"35",35,"cloud","extra_words","1","produces",NA,0,207,2026-04-08 10:48:19,"VVI193",450,"f","8/26/04",5,0
"36",36,"cloud","extra_words","1","understands",NA,0,207,2026-04-08 10:48:19,"VVI193",450,"f","8/26/04",5,0
"37",37,"cloud","extra_words","1","produces",NA,0,131,2026-04-28 16:52:20,"VVI201",420,"m","4/27/26",15,1
"38",38,"cloud","extra_words","1","understands",NA,0,131,2026-04-28 16:52:20,"VVI201",420,"m","4/27/26",15,1
"39",39,"cloud","extra_words","1","produces",NA,0,216,2026-03-08 20:15:37,"VVI146",510,"f","2/17/26",50,25
"40",40,"cloud","extra_words","1","understands",NA,0,216,2026-03-08 20:15:37,"VVI146",510,"f","2/17/26",50,25
"41",41,"cloud","extra_words","1","produces",NA,0,179,2026-03-09 12:13:10,"VVI160",510,"m","2/23/26",15,6
"42",42,"cloud","extra_words","1","understands",NA,0,179,2026-03-09 12:13:10,"VVI160",510,"m","2/23/26",15,6
"43",43,"cloud","extra_words","1","produces",NA,0,102,2026-03-08 18:49:54,"VVI164",480,"m","2/25/26",40,11
"44",44,"cloud","extra_words","1","understands",NA,0,102,2026-03-08 18:49:54,"VVI164",480,"m","2/25/26",40,11
"45",45,"tree","extra_words","1","produces",NA,0,245,2026-04-29 06:56:14,"VVI196",450,"f","4/14/26",45,10
"46",46,"tree","extra_words","1","understands",1,1,245,2026-04-29 06:56:14,"VVI196",450,"f","4/14/26",45,10
"47",47,"tree","extra_words","1","produces",NA,0,104,2026-03-29 15:34:33,"VVI183",420,"m","3/29/26",5,0
"48",48,"tree","extra_words","1","understands",NA,0,104,2026-03-29 15:34:33,"VVI183",420,"m","3/29/26",5,0
"49",49,"tree","extra_words","1","produces",NA,0,125,2026-04-30 08:46:28,"VVI197",450,"m","4/14/26",5,0
"50",50,"tree","extra_words","1","understands",1,1,125,2026-04-30 08:46:28,"VVI197",450,"m","4/14/26",5,0
"51",51,"tree","extra_words","1","produces",NA,0,213,2026-02-15 21:07:24,"VVI142",450,"f","2/16/26",20,3
"52",52,"tree","extra_words","1","understands",1,1,213,2026-02-15 21:07:24,"VVI142",450,"f","2/16/26",20,3
"53",53,"tree","extra_words","1","produces",NA,0,76,2026-04-02 15:03:35,"VVI186",450,"m","2/26/04",15,2
"54",54,"tree","extra_words","1","understands",NA,0,76,2026-04-02 15:03:35,"VVI186",450,"m","2/26/04",15,2
"55",55,"tree","extra_words","1","produces",NA,0,223,2026-03-09 15:51:32,"VVI162",510,"f","2/24/26",30,11
"56",56,"tree","extra_words","1","understands",NA,0,223,2026-03-09 15:51:32,"VVI162",510,"f","2/24/26",30,11
"57",57,"tree","extra_words","1","produces",NA,0,207,2026-04-08 10:48:19,"VVI193",450,"f","8/26/04",5,0
"58",58,"tree","extra_words","1","understands",1,1,207,2026-04-08 10:48:19,"VVI193",450,"f","8/26/04",5,0
"59",59,"tree","extra_words","1","produces",NA,0,131,2026-04-28 16:52:20,"VVI201",420,"m","4/27/26",15,1
"60",60,"tree","extra_words","1","understands",NA,0,131,2026-04-28 16:52:20,"VVI201",420,"m","4/27/26",15,1
"61",61,"tree","extra_words","1","produces",NA,0,216,2026-03-08 20:15:37,"VVI146",510,"f","2/17/26",50,25
"62",62,"tree","extra_words","1","understands",1,1,216,2026-03-08 20:15:37,"VVI146",510,"f","2/17/26",50,25
"63",63,"tree","extra_words","1","produces",NA,0,179,2026-03-09 12:13:10,"VVI160",510,"m","2/23/26",15,6
"64",64,"tree","extra_words","1","understands",NA,0,179,2026-03-09 12:13:10,"VVI160",510,"m","2/23/26",15,6
"65",65,"tree","extra_words","1","produces",NA,0,102,2026-03-08 18:49:54,"VVI164",480,"m","2/25/26",40,11
"66",66,"tree","extra_words","1","understands",NA,0,102,2026-03-08 18:49:54,"VVI164",480,"m","2/25/26",40,11
"67",67,"zipper","extra_words","1","produces",NA,0,245,2026-04-29 06:56:14,"VVI196",450,"f","4/14/26",45,10
"68",68,"zipper","extra_words","1","understands",1,1,245,2026-04-29 06:56:14,"VVI196",450,"f","4/14/26",45,10
"69",69,"zipper","extra_words","1","produces",NA,0,104,2026-03-29 15:34:33,"VVI183",420,"m","3/29/26",5,0
"70",70,"zipper","extra_words","1","understands",NA,0,104,2026-03-29 15:34:33,"VVI183",420,"m","3/29/26",5,0
"71",71,"zipper","extra_words","1","produces",NA,0,125,2026-04-30 08:46:28,"VVI197",450,"m","4/14/26",5,0
"72",72,"zipper","extra_words","1","understands",1,1,125,2026-04-30 08:46:28,"VVI197",450,"m","4/14/26",5,0
"73",73,"zipper","extra_words","1","produces",NA,0,213,2026-02-15 21:07:24,"VVI142",450,"f","2/16/26",20,3
"74",74,"zipper","extra_words","1","understands",1,1,213,2026-02-15 21:07:24,"VVI142",450,"f","2/16/26",20,3
"75",75,"zipper","extra_words","1","produces",NA,0,76,2026-04-02 15:03:35,"VVI186",450,"m","2/26/04",15,2
"76",76,"zipper","extra_words","1","understands",NA,0,76,2026-04-02 15:03:35,"VVI186",450,"m","2/26/04",15,2
"77",77,"zipper","extra_words","1","produces",NA,0,223,2026-03-09 15:51:32,"VVI162",510,"f","2/24/26",30,11
"78",78,"zipper","extra_words","1","understands",NA,0,223,2026-03-09 15:51:32,"VVI162",510,"f","2/24/26",30,11
"79",79,"zipper","extra_words","1","produces",NA,0,207,2026-04-08 10:48:19,"VVI193",450,"f","8/26/04",5,0
"80",80,"zipper","extra_words","1","understands",1,1,207,2026-04-08 10:48:19,"VVI193",450,"f","8/26/04",5,0
"81",81,"zipper","extra_words","1","produces",NA,0,131,2026-04-28 16:52:20,"VVI201",420,"m","4/27/26",15,1
"82",82,"zipper","extra_words","1","understands",NA,0,131,2026-04-28 16:52:20,"VVI201",420,"m","4/27/26",15,1
"83",83,"zipper","extra_words","1","produces",NA,0,216,2026-03-08 20:15:37,"VVI146",510,"f","2/17/26",50,25
"84",84,"zipper","extra_words","1","understands",1,1,216,2026-03-08 20:15:37,"VVI146",510,"f","2/17/26",50,25
"85",85,"zipper","extra_words","1","produces",NA,0,179,2026-03-09 12:13:10,"VVI160",510,"m","2/23/26",15,6
"86",86,"zipper","extra_words","1","understands",NA,0,179,2026-03-09 12:13:10,"VVI160",510,"m","2/23/26",15,6
"87",87,"zipper","extra_words","1","produces",NA,0,102,2026-03-08 18:49:54,"VVI164",480,"m","2/25/26",40,11
"88",88,"zipper","extra_words","1","understands",NA,0,102,2026-03-08 18:49:54,"VVI164",480,"m","2/25/26",40,11
"89",89,"crow","extra_words","1","produces",2,1,245,2026-04-29 06:56:14,"VVI196",450,"f","4/14/26",45,10
"90",90,"crow","extra_words","1","understands",2,1,245,2026-04-29 06:56:14,"VVI196",450,"f","4/14/26",45,10
"91",91,"crow","extra_words","1","produces",NA,0,104,2026-03-29 15:34:33,"VVI183",420,"m","3/29/26",5,0
"92",92,"crow","extra_words","1","understands",NA,0,104,2026-03-29 15:34:33,"VVI183",420,"m","3/29/26",5,0
"93",93,"crow","extra_words","1","produces",NA,0,125,2026-04-30 08:46:28,"VVI197",450,"m","4/14/26",5,0
"94",94,"crow","extra_words","1","understands",NA,0,125,2026-04-30 08:46:28,"VVI197",450,"m","4/14/26",5,0
"95",95,"crow","extra_words","1","produces",NA,0,213,2026-02-15 21:07:24,"VVI142",450,"f","2/16/26",20,3
"96",96,"crow","extra_words","1","understands",NA,0,213,2026-02-15 21:07:24,"VVI142",450,"f","2/16/26",20,3
"97",97,"crow","extra_words","1","produces",NA,0,76,2026-04-02 15:03:35,"VVI186",450,"m","2/26/04",15,2
"98",98,"crow","extra_words","1","understands",NA,0,76,2026-04-02 15:03:35,"VVI186",450,"m","2/26/04",15,2
"99",99,"crow","extra_words","1","produces",NA,0,223,2026-03-09 15:51:32,"VVI162",510,"f","2/24/26",30,11
"100",100,"crow","extra_words","1","understands",NA,0,223,2026-03-09 15:51:32,"VVI162",510,"f","2/24/26",30,11
"101",101,"crow","extra_words","1","produces",NA,0,207,2026-04-08 10:48:19,"VVI193",450,"f","8/26/04",5,0
"102",102,"crow","extra_words","1","understands",NA,0,207,2026-04-08 10:48:19,"VVI193",450,"f","8/26/04",5,0
"103",103,"crow","extra_words","1","produces",NA,0,131,2026-04-28 16:52:20,"VVI201",420,"m","4/27/26",15,1
"104",104,"crow","extra_words","1","understands",NA,0,131,2026-04-28 16:52:20,"VVI201",420,"m","4/27/26",15,1
"105",105,"crow","extra_words","1","produces",NA,0,216,2026-03-08 20:15:37,"VVI146",510,"f","2/17/26",50,25
"106",106,"crow","extra_words","1","understands",1,1,216,2026-03-08 20:15:37,"VVI146",510,"f","2/17/26",50,25
"107",107,"crow","extra_words","1","produces",NA,0,179,2026-03-09 12:13:10,"VVI160",510,"m","2/23/26",15,6
"108",108,"crow","extra_words","1","understands",NA,0,179,2026-03-09 12:13:10,"VVI160",510,"m","2/23/26",15,6
"109",109,"crow","extra_words","1","produces",NA,0,102,2026-03-08 18:49:54,"VVI164",480,"m","2/25/26",40,11
"110",110,"crow","extra_words","1","understands",NA,0,102,2026-03-08 18:49:54,"VVI164",480,"m","2/25/26",40,11
"111",111,"penguin","extra_words","1","produces",NA,0,245,2026-04-29 06:56:14,"VVI196",450,"f","4/14/26",45,10
"112",112,"penguin","extra_words","1","understands",1,1,245,2026-04-29 06:56:14,"VVI196",450,"f","4/14/26",45,10
"113",113,"penguin","extra_words","1","produces",NA,0,104,2026-03-29 15:34:33,"VVI183",420,"m","3/29/26",5,0
"114",114,"penguin","extra_words","1","understands",NA,0,104,2026-03-29 15:34:33,"VVI183",420,"m","3/29/26",5,0
"115",115,"penguin","extra_words","1","produces",NA,0,125,2026-04-30 08:46:28,"VVI197",450,"m","4/14/26",5,0
"116",116,"penguin","extra_words","1","understands",NA,0,125,2026-04-30 08:46:28,"VVI197",450,"m","4/14/26",5,0
"117",117,"penguin","extra_words","1","produces",NA,0,213,2026-02-15 21:07:24,"VVI142",450,"f","2/16/26",20,3
"118",118,"penguin","extra_words","1","understands",NA,0,213,2026-02-15 21:07:24,"VVI142",450,"f","2/16/26",20,3
"119",119,"penguin","extra_words","1","produces",NA,0,76,2026-04-02 15:03:35,"VVI186",450,"m","2/26/04",15,2
"120",120,"penguin","extra_words","1","understands",NA,0,76,2026-04-02 15:03:35,"VVI186",450,"m","2/26/04",15,2
"121",121,"penguin","extra_words","1","produces",NA,0,223,2026-03-09 15:51:32,"VVI162",510,"f","2/24/26",30,11
"122",122,"penguin","extra_words","1","understands",NA,0,223,2026-03-09 15:51:32,"VVI162",510,"f","2/24/26",30,11
"123",123,"penguin","extra_words","1","produces",NA,0,207,2026-04-08 10:48:19,"VVI193",450,"f","8/26/04",5,0
"124",124,"penguin","extra_words","1","understands",1,1,207,2026-04-08 10:48:19,"VVI193",450,"f","8/26/04",5,0
"125",125,"penguin","extra_words","1","produces",NA,0,131,2026-04-28 16:52:20,"VVI201",420,"m","4/27/26",15,1
"126",126,"penguin","extra_words","1","understands",NA,0,131,2026-04-28 16:52:20,"VVI201",420,"m","4/27/26",15,1
"127",127,"penguin","extra_words","1","produces",NA,0,216,2026-03-08 20:15:37,"VVI146",510,"f","2/17/26",50,25
"128",128,"penguin","extra_words","1","understands",1,1,216,2026-03-08 20:15:37,"VVI146",510,"f","2/17/26",50,25
"129",129,"penguin","extra_words","1","produces",NA,0,179,2026-03-09 12:13:10,"VVI160",510,"m","2/23/26",15,6
"130",130,"penguin","extra_words","1","understands",NA,0,179,2026-03-09 12:13:10,"VVI160",510,"m","2/23/26",15,6
"131",131,"penguin","extra_words","1","produces",NA,0,102,2026-03-08 18:49:54,"VVI164",480,"m","2/25/26",40,11
"132",132,"penguin","extra_words","1","understands",NA,0,102,2026-03-08 18:49:54,"VVI164",480,"m","2/25/26",40,11
"133",133,"seahorse","extra_words","1","produces",NA,0,245,2026-04-29 06:56:14,"VVI196",450,"f","4/14/26",45,10
"134",134,"seahorse","extra_words","1","understands",1,1,245,2026-04-29 06:56:14,"VVI196",450,"f","4/14/26",45,10
"135",135,"seahorse","extra_words","1","produces",NA,0,104,2026-03-29 15:34:33,"VVI183",420,"m","3/29/26",5,0
"136",136,"seahorse","extra_words","1","understands",NA,0,104,2026-03-29 15:34:33,"VVI183",420,"m","3/29/26",5,0
"137",137,"seahorse","extra_words","1","produces",NA,0,125,2026-04-30 08:46:28,"VVI197",450,"m","4/14/26",5,0
"138",138,"seahorse","extra_words","1","understands",NA,0,125,2026-04-30 08:46:28,"VVI197",450,"m","4/14/26",5,0
"139",139,"seahorse","extra_words","1","produces",NA,0,213,2026-02-15 21:07:24,"VVI142",450,"f","2/16/26",20,3
"140",140,"seahorse","extra_words","1","understands",NA,0,213,2026-02-15 21:07:24,"VVI142",450,"f","2/16/26",20,3
"141",141,"seahorse","extra_words","1","produces",NA,0,76,2026-04-02 15:03:35,"VVI186",450,"m","2/26/04",15,2
"142",142,"seahorse","extra_words","1","understands",NA,0,76,2026-04-02 15:03:35,"VVI186",450,"m","2/26/04",15,2
"143",143,"seahorse","extra_words","1","produces",NA,0,223,2026-03-09 15:51:32,"VVI162",510,"f","2/24/26",30,11
"144",144,"seahorse","extra_words","1","understands",NA,0,223,2026-03-09 15:51:32,"VVI162",510,"f","2/24/26",30,11
"145",145,"seahorse","extra_words","1","produces",NA,0,207,2026-04-08 10:48:19,"VVI193",450,"f","8/26/04",5,0
"146",146,"seahorse","extra_words","1","understands",1,1,207,2026-04-08 10:48:19,"VVI193",450,"f","8/26/04",5,0
"147",147,"seahorse","extra_words","1","produces",NA,0,131,2026-04-28 16:52:20,"VVI201",420,"m","4/27/26",15,1
"148",148,"seahorse","extra_words","1","understands",NA,0,131,2026-04-28 16:52:20,"VVI201",420,"m","4/27/26",15,1
"149",149,"seahorse","extra_words","1","produces",NA,0,216,2026-03-08 20:15:37,"VVI146",510,"f","2/17/26",50,25
"150",150,"seahorse","extra_words","1","understands",NA,0,216,2026-03-08 20:15:37,"VVI146",510,"f","2/17/26",50,25
"151",151,"seahorse","extra_words","1","produces",NA,0,179,2026-03-09 12:13:10,"VVI160",510,"m","2/23/26",15,6
"152",152,"seahorse","extra_words","1","understands",NA,0,179,2026-03-09 12:13:10,"VVI160",510,"m","2/23/26",15,6
"153",153,"seahorse","extra_words","1","produces",NA,0,102,2026-03-08 18:49:54,"VVI164",480,"m","2/25/26",40,11
"154",154,"seahorse","extra_words","1","understands",NA,0,102,2026-03-08 18:49:54,"VVI164",480,"m","2/25/26",40,11
"155",155,"duck","extra_words","1","produces",NA,0,245,2026-04-29 06:56:14,"VVI196",450,"f","4/14/26",45,10
"156",156,"duck","extra_words","1","understands",1,1,245,2026-04-29 06:56:14,"VVI196",450,"f","4/14/26",45,10
"157",157,"duck","extra_words","1","produces",NA,0,104,2026-03-29 15:34:33,"VVI183",420,"m","3/29/26",5,0
"158",158,"duck","extra_words","1","understands",NA,0,104,2026-03-29 15:34:33,"VVI183",420,"m","3/29/26",5,0
"159",159,"duck","extra_words","1","produces",NA,0,125,2026-04-30 08:46:28,"VVI197",450,"m","4/14/26",5,0
"160",160,"duck","extra_words","1","understands",1,1,125,2026-04-30 08:46:28,"VVI197",450,"m","4/14/26",5,0
"161",161,"duck","extra_words","1","produces",NA,0,213,2026-02-15 21:07:24,"VVI142",450,"f","2/16/26",20,3
"162",162,"duck","extra_words","1","understands",1,1,213,2026-02-15 21:07:24,"VVI142",450,"f","2/16/26",20,3
"163",163,"duck","extra_words","1","produces",NA,0,76,2026-04-02 15:03:35,"VVI186",450,"m","2/26/04",15,2
"164",164,"duck","extra_words","1","understands",NA,0,76,2026-04-02 15:03:35,"VVI186",450,"m","2/26/04",15,2
"165",165,"duck","extra_words","1","produces",2,1,223,2026-03-09 15:51:32,"VVI162",510,"f","2/24/26",30,11
"166",166,"duck","extra_words","1","understands",2,1,223,2026-03-09 15:51:32,"VVI162",510,"f","2/24/26",30,11
"167",167,"duck","extra_words","1","produces",NA,0,207,2026-04-08 10:48:19,"VVI193",450,"f","8/26/04",5,0
"168",168,"duck","extra_words","1","understands",1,1,207,2026-04-08 10:48:19,"VVI193",450,"f","8/26/04",5,0
"169",169,"duck","extra_words","1","produces",NA,0,131,2026-04-28 16:52:20,"VVI201",420,"m","4/27/26",15,1
"170",170,"duck","extra_words","1","understands",NA,0,131,2026-04-28 16:52:20,"VVI201",420,"m","4/27/26",15,1
"171",171,"duck","extra_words","1","produces",NA,0,216,2026-03-08 20:15:37,"VVI146",510,"f","2/17/26",50,25
"172",172,"duck","extra_words","1","understands",NA,0,216,2026-03-08 20:15:37,"VVI146",510,"f","2/17/26",50,25
"173",173,"duck","extra_words","1","produces",NA,0,179,2026-03-09 12:13:10,"VVI160",510,"m","2/23/26",15,6
"174",174,"duck","extra_words","1","understands",1,1,179,2026-03-09 12:13:10,"VVI160",510,"m","2/23/26",15,6
"175",175,"duck","extra_words","1","produces",NA,0,102,2026-03-08 18:49:54,"VVI164",480,"m","2/25/26",40,11
"176",176,"duck","extra_words","1","understands",NA,0,102,2026-03-08 18:49:54,"VVI164",480,"m","2/25/26",40,11
"177",177,"chicken","extra_words","1","produces",NA,0,245,2026-04-29 06:56:14,"VVI196",450,"f","4/14/26",45,10
"178",178,"chicken","extra_words","1","understands",1,1,245,2026-04-29 06:56:14,"VVI196",450,"f","4/14/26",45,10
"179",179,"chicken","extra_words","1","produces",NA,0,104,2026-03-29 15:34:33,"VVI183",420,"m","3/29/26",5,0
"180",180,"chicken","extra_words","1","understands",NA,0,104,2026-03-29 15:34:33,"VVI183",420,"m","3/29/26",5,0
"181",181,"chicken","extra_words","1","produces",NA,0,125,2026-04-30 08:46:28,"VVI197",450,"m","4/14/26",5,0
"182",182,"chicken","extra_words","1","understands",1,1,125,2026-04-30 08:46:28,"VVI197",450,"m","4/14/26",5,0
"183",183,"chicken","extra_words","1","produces",NA,0,213,2026-02-15 21:07:24,"VVI142",450,"f","2/16/26",20,3
"184",184,"chicken","extra_words","1","understands",NA,0,213,2026-02-15 21:07:24,"VVI142",450,"f","2/16/26",20,3
"185",185,"chicken","extra_words","1","produces",NA,0,76,2026-04-02 15:03:35,"VVI186",450,"m","2/26/04",15,2
"186",186,"chicken","extra_words","1","understands",NA,0,76,2026-04-02 15:03:35,"VVI186",450,"m","2/26/04",15,2
"187",187,"chicken","extra_words","1","produces",NA,0,223,2026-03-09 15:51:32,"VVI162",510,"f","2/24/26",30,11
"188",188,"chicken","extra_words","1","understands",NA,0,223,2026-03-09 15:51:32,"VVI162",510,"f","2/24/26",30,11
"189",189,"chicken","extra_words","1","produces",NA,0,207,2026-04-08 10:48:19,"VVI193",450,"f","8/26/04",5,0
"190",190,"chicken","extra_words","1","understands",1,1,207,2026-04-08 10:48:19,"VVI193",450,"f","8/26/04",5,0
"191",191,"chicken","extra_words","1","produces",NA,0,131,2026-04-28 16:52:20,"VVI201",420,"m","4/27/26",15,1
"192",192,"chicken","extra_words","1","understands",1,1,131,2026-04-28 16:52:20,"VVI201",420,"m","4/27/26",15,1
"193",193,"chicken","extra_words","1","produces",NA,0,216,2026-03-08 20:15:37,"VVI146",510,"f","2/17/26",50,25
"194",194,"chicken","extra_words","1","understands",1,1,216,2026-03-08 20:15:37,"VVI146",510,"f","2/17/26",50,25
"195",195,"chicken","extra_words","1","produces",NA,0,179,2026-03-09 12:13:10,"VVI160",510,"m","2/23/26",15,6
"196",196,"chicken","extra_words","1","understands",NA,0,179,2026-03-09 12:13:10,"VVI160",510,"m","2/23/26",15,6
"197",197,"chicken","extra_words","1","produces",NA,0,102,2026-03-08 18:49:54,"VVI164",480,"m","2/25/26",40,11
"198",198,"chicken","extra_words","1","understands",NA,0,102,2026-03-08 18:49:54,"VVI164",480,"m","2/25/26",40,11
"199",199,"butterfly","extra_words","1","produces",NA,0,245,2026-04-29 06:56:14,"VVI196",450,"f","4/14/26",45,10
"200",200,"butterfly","extra_words","1","understands",1,1,245,2026-04-29 06:56:14,"VVI196",450,"f","4/14/26",45,10
"201",201,"butterfly","extra_words","1","produces",NA,0,104,2026-03-29 15:34:33,"VVI183",420,"m","3/29/26",5,0
"202",202,"butterfly","extra_words","1","understands",NA,0,104,2026-03-29 15:34:33,"VVI183",420,"m","3/29/26",5,0
"203",203,"butterfly","extra_words","1","produces",NA,0,125,2026-04-30 08:46:28,"VVI197",450,"m","4/14/26",5,0
"204",204,"butterfly","extra_words","1","understands",NA,0,125,2026-04-30 08:46:28,"VVI197",450,"m","4/14/26",5,0
"205",205,"butterfly","extra_words","1","produces",NA,0,213,2026-02-15 21:07:24,"VVI142",450,"f","2/16/26",20,3
"206",206,"butterfly","extra_words","1","understands",NA,0,213,2026-02-15 21:07:24,"VVI142",450,"f","2/16/26",20,3
"207",207,"butterfly","extra_words","1","produces",NA,0,76,2026-04-02 15:03:35,"VVI186",450,"m","2/26/04",15,2
"208",208,"butterfly","extra_words","1","understands",NA,0,76,2026-04-02 15:03:35,"VVI186",450,"m","2/26/04",15,2
"209",209,"butterfly","extra_words","1","produces",NA,0,223,2026-03-09 15:51:32,"VVI162",510,"f","2/24/26",30,11
"210",210,"butterfly","extra_words","1","understands",NA,0,223,2026-03-09 15:51:32,"VVI162",510,"f","2/24/26",30,11
"211",211,"butterfly","extra_words","1","produces",NA,0,207,2026-04-08 10:48:19,"VVI193",450,"f","8/26/04",5,0
"212",212,"butterfly","extra_words","1","understands",1,1,207,2026-04-08 10:48:19,"VVI193",450,"f","8/26/04",5,0
"213",213,"butterfly","extra_words","1","produces",NA,0,131,2026-04-28 16:52:20,"VVI201",420,"m","4/27/26",15,1
"214",214,"butterfly","extra_words","1","understands",1,1,131,2026-04-28 16:52:20,"VVI201",420,"m","4/27/26",15,1
"215",215,"butterfly","extra_words","1","produces",NA,0,216,2026-03-08 20:15:37,"VVI146",510,"f","2/17/26",50,25
"216",216,"butterfly","extra_words","1","understands",1,1,216,2026-03-08 20:15:37,"VVI146",510,"f","2/17/26",50,25
"217",217,"butterfly","extra_words","1","produces",NA,0,179,2026-03-09 12:13:10,"VVI160",510,"m","2/23/26",15,6
"218",218,"butterfly","extra_words","1","understands",NA,0,179,2026-03-09 12:13:10,"VVI160",510,"m","2/23/26",15,6
"219",219,"butterfly","extra_words","1","produces",NA,0,102,2026-03-08 18:49:54,"VVI164",480,"m","2/25/26",40,11
"220",220,"butterfly","extra_words","1","understands",NA,0,102,2026-03-08 18:49:54,"VVI164",480,"m","2/25/26",40,11
"221",221,"lizard","extra_words","1","produces",2,1,245,2026-04-29 06:56:14,"VVI196",450,"f","4/14/26",45,10
"222",222,"lizard","extra_words","1","understands",2,1,245,2026-04-29 06:56:14,"VVI196",450,"f","4/14/26",45,10
"223",223,"lizard","extra_words","1","produces",NA,0,104,2026-03-29 15:34:33,"VVI183",420,"m","3/29/26",5,0
"224",224,"lizard","extra_words","1","understands",NA,0,104,2026-03-29 15:34:33,"VVI183",420,"m","3/29/26",5,0
"225",225,"lizard","extra_words","1","produces",NA,0,125,2026-04-30 08:46:28,"VVI197",450,"m","4/14/26",5,0
"226",226,"lizard","extra_words","1","understands",NA,0,125,2026-04-30 08:46:28,"VVI197",450,"m","4/14/26",5,0
"227",227,"lizard","extra_words","1","produces",NA,0,213,2026-02-15 21:07:24,"VVI142",450,"f","2/16/26",20,3
"228",228,"lizard","extra_words","1","understands",NA,0,213,2026-02-15 21:07:24,"VVI142",450,"f","2/16/26",20,3
"229",229,"lizard","extra_words","1","produces",NA,0,76,2026-04-02 15:03:35,"VVI186",450,"m","2/26/04",15,2
"230",230,"lizard","extra_words","1","understands",NA,0,76,2026-04-02 15:03:35,"VVI186",450,"m","2/26/04",15,2
"231",231,"lizard","extra_words","1","produces",NA,0,223,2026-03-09 15:51:32,"VVI162",510,"f","2/24/26",30,11
"232",232,"lizard","extra_words","1","understands",NA,0,223,2026-03-09 15:51:32,"VVI162",510,"f","2/24/26",30,11
"233",233,"lizard","extra_words","1","produces",NA,0,207,2026-04-08 10:48:19,"VVI193",450,"f","8/26/04",5,0
"234",234,"lizard","extra_words","1","understands",NA,0,207,2026-04-08 10:48:19,"VVI193",450,"f","8/26/04",5,0
"235",235,"lizard","extra_words","1","produces",NA,0,131,2026-04-28 16:52:20,"VVI201",420,"m","4/27/26",15,1
"236",236,"lizard","extra_words","1","understands",NA,0,131,2026-04-28 16:52:20,"VVI201",420,"m","4/27/26",15,1
"237",237,"lizard","extra_words","1","produces",NA,0,216,2026-03-08 20:15:37,"VVI146",510,"f","2/17/26",50,25
"238",238,"lizard","extra_words","1","understands",NA,0,216,2026-03-08 20:15:37,"VVI146",510,"f","2/17/26",50,25
"239",239,"lizard","extra_words","1","produces",NA,0,179,2026-03-09 12:13:10,"VVI160",510,"m","2/23/26",15,6
"240",240,"lizard","extra_words","1","understands",NA,0,179,2026-03-09 12:13:10,"VVI160",510,"m","2/23/26",15,6
"241",241,"lizard","extra_words","1","produces",NA,0,102,2026-03-08 18:49:54,"VVI164",480,"m","2/25/26",40,11
"242",242,"lizard","extra_words","1","understands",NA,0,102,2026-03-08 18:49:54,"VVI164",480,"m","2/25/26",40,11
"243",243,"bathtub","extra_words","1","produces",NA,0,245,2026-04-29 06:56:14,"VVI196",450,"f","4/14/26",45,10
"244",244,"bathtub","extra_words","1","understands",1,1,245,2026-04-29 06:56:14,"VVI196",450,"f","4/14/26",45,10
"245",245,"bathtub","extra_words","1","produces",NA,0,104,2026-03-29 15:34:33,"VVI183",420,"m","3/29/26",5,0
"246",246,"bathtub","extra_words","1","understands",NA,0,104,2026-03-29 15:34:33,"VVI183",420,"m","3/29/26",5,0
"247",247,"bathtub","extra_words","1","produces",NA,0,125,2026-04-30 08:46:28,"VVI197",450,"m","4/14/26",5,0
"248",248,"bathtub","extra_words","1","understands",1,1,125,2026-04-30 08:46:28,"VVI197",450,"m","4/14/26",5,0
"249",249,"bathtub","extra_words","1","produces",NA,0,213,2026-02-15 21:07:24,"VVI142",450,"f","2/16/26",20,3
"250",250,"bathtub","extra_words","1","understands",1,1,213,2026-02-15 21:07:24,"VVI142",450,"f","2/16/26",20,3
"251",251,"bathtub","extra_words","1","produces",NA,0,76,2026-04-02 15:03:35,"VVI186",450,"m","2/26/04",15,2
"252",252,"bathtub","extra_words","1","understands",1,1,76,2026-04-02 15:03:35,"VVI186",450,"m","2/26/04",15,2
"253",253,"bathtub","extra_words","1","produces",NA,0,223,2026-03-09 15:51:32,"VVI162",510,"f","2/24/26",30,11
"254",254,"bathtub","extra_words","1","understands",1,1,223,2026-03-09 15:51:32,"VVI162",510,"f","2/24/26",30,11
"255",255,"bathtub","extra_words","1","produces",NA,0,207,2026-04-08 10:48:19,"VVI193",450,"f","8/26/04",5,0
"256",256,"bathtub","extra_words","1","understands",1,1,207,2026-04-08 10:48:19,"VVI193",450,"f","8/26/04",5,0
"257",257,"bathtub","extra_words","1","produces",NA,0,131,2026-04-28 16:52:20,"VVI201",420,"m","4/27/26",15,1
"258",258,"bathtub","extra_words","1","understands",1,1,131,2026-04-28 16:52:20,"VVI201",420,"m","4/27/26",15,1
"259",259,"bathtub","extra_words","1","produces",2,1,216,2026-03-08 20:15:37,"VVI146",510,"f","2/17/26",50,25
"260",260,"bathtub","extra_words","1","understands",2,1,216,2026-03-08 20:15:37,"VVI146",510,"f","2/17/26",50,25
"261",261,"bathtub","extra_words","1","produces",NA,0,179,2026-03-09 12:13:10,"VVI160",510,"m","2/23/26",15,6
"262",262,"bathtub","extra_words","1","understands",NA,0,179,2026-03-09 12:13:10,"VVI160",510,"m","2/23/26",15,6
"263",263,"bathtub","extra_words","1","produces",NA,0,102,2026-03-08 18:49:54,"VVI164",480,"m","2/25/26",40,11
"264",264,"bathtub","extra_words","1","understands",1,1,102,2026-03-08 18:49:54,"VVI164",480,"m","2/25/26",40,11
"265",265,"walrus","extra_words","1","produces",NA,0,245,2026-04-29 06:56:14,"VVI196",450,"f","4/14/26",45,10
"266",266,"walrus","extra_words","1","understands",1,1,245,2026-04-29 06:56:14,"VVI196",450,"f","4/14/26",45,10
"267",267,"walrus","extra_words","1","produces",NA,0,104,2026-03-29 15:34:33,"VVI183",420,"m","3/29/26",5,0
"268",268,"walrus","extra_words","1","understands",NA,0,104,2026-03-29 15:34:33,"VVI183",420,"m","3/29/26",5,0
"269",269,"walrus","extra_words","1","produces",NA,0,125,2026-04-30 08:46:28,"VVI197",450,"m","4/14/26",5,0
"270",270,"walrus","extra_words","1","understands",NA,0,125,2026-04-30 08:46:28,"VVI197",450,"m","4/14/26",5,0
"271",271,"walrus","extra_words","1","produces",NA,0,213,2026-02-15 21:07:24,"VVI142",450,"f","2/16/26",20,3
"272",272,"walrus","extra_words","1","understands",NA,0,213,2026-02-15 21:07:24,"VVI142",450,"f","2/16/26",20,3
"273",273,"walrus","extra_words","1","produces",NA,0,76,2026-04-02 15:03:35,"VVI186",450,"m","2/26/04",15,2
"274",274,"walrus","extra_words","1","understands",NA,0,76,2026-04-02 15:03:35,"VVI186",450,"m","2/26/04",15,2
"275",275,"walrus","extra_words","1","produces",NA,0,223,2026-03-09 15:51:32,"VVI162",510,"f","2/24/26",30,11
"276",276,"walrus","extra_words","1","understands",NA,0,223,2026-03-09 15:51:32,"VVI162",510,"f","2/24/26",30,11
"277",277,"walrus","extra_words","1","produces",NA,0,207,2026-04-08 10:48:19,"VVI193",450,"f","8/26/04",5,0
"278",278,"walrus","extra_words","1","understands",NA,0,207,2026-04-08 10:48:19,"VVI193",450,"f","8/26/04",5,0
"279",279,"walrus","extra_words","1","produces",NA,0,131,2026-04-28 16:52:20,"VVI201",420,"m","4/27/26",15,1
"280",280,"walrus","extra_words","1","understands",NA,0,131,2026-04-28 16:52:20,"VVI201",420,"m","4/27/26",15,1
"281",281,"walrus","extra_words","1","produces",NA,0,216,2026-03-08 20:15:37,"VVI146",510,"f","2/17/26",50,25
"282",282,"walrus","extra_words","1","understands",NA,0,216,2026-03-08 20:15:37,"VVI146",510,"f","2/17/26",50,25
"283",283,"walrus","extra_words","1","produces",NA,0,179,2026-03-09 12:13:10,"VVI160",510,"m","2/23/26",15,6
"284",284,"walrus","extra_words","1","understands",NA,0,179,2026-03-09 12:13:10,"VVI160",510,"m","2/23/26",15,6
"285",285,"walrus","extra_words","1","produces",NA,0,102,2026-03-08 18:49:54,"VVI164",480,"m","2/25/26",40,11
"286",286,"walrus","extra_words","1","understands",NA,0,102,2026-03-08 18:49:54,"VVI164",480,"m","2/25/26",40,11
"287",287,"snake","extra_words","1","produces",NA,0,245,2026-04-29 06:56:14,"VVI196",450,"f","4/14/26",45,10
"288",288,"snake","extra_words","1","understands",1,1,245,2026-04-29 06:56:14,"VVI196",450,"f","4/14/26",45,10
"289",289,"snake","extra_words","1","produces",NA,0,104,2026-03-29 15:34:33,"VVI183",420,"m","3/29/26",5,0
"290",290,"snake","extra_words","1","understands",NA,0,104,2026-03-29 15:34:33,"VVI183",420,"m","3/29/26",5,0
"291",291,"snake","extra_words","1","produces",NA,0,125,2026-04-30 08:46:28,"VVI197",450,"m","4/14/26",5,0
"292",292,"snake","extra_words","1","understands",NA,0,125,2026-04-30 08:46:28,"VVI197",450,"m","4/14/26",5,0
"293",293,"snake","extra_words","1","produces",NA,0,213,2026-02-15 21:07:24,"VVI142",450,"f","2/16/26",20,3
"294",294,"snake","extra_words","1","understands",NA,0,213,2026-02-15 21:07:24,"VVI142",450,"f","2/16/26",20,3
"295",295,"snake","extra_words","1","produces",NA,0,76,2026-04-02 15:03:35,"VVI186",450,"m","2/26/04",15,2
"296",296,"snake","extra_words","1","understands",NA,0,76,2026-04-02 15:03:35,"VVI186",450,"m","2/26/04",15,2
"297",297,"snake","extra_words","1","produces",NA,0,223,2026-03-09 15:51:32,"VVI162",510,"f","2/24/26",30,11
"298",298,"snake","extra_words","1","understands",NA,0,223,2026-03-09 15:51:32,"VVI162",510,"f","2/24/26",30,11
"299",299,"snake","extra_words","1","produces",NA,0,207,2026-04-08 10:48:19,"VVI193",450,"f","8/26/04",5,0
"300",300,"snake","extra_words","1","understands",NA,0,207,2026-04-08 10:48:19,"VVI193",450,"f","8/26/04",5,0
"301",301,"snake","extra_words","1","produces",NA,0,131,2026-04-28 16:52:20,"VVI201",420,"m","4/27/26",15,1
"302",302,"snake","extra_words","1","understands",NA,0,131,2026-04-28 16:52:20,"VVI201",420,"m","4/27/26",15,1
"303",303,"snake","extra_words","1","produces",NA,0,216,2026-03-08 20:15:37,"VVI146",510,"f","2/17/26",50,25
"304",304,"snake","extra_words","1","understands",1,1,216,2026-03-08 20:15:37,"VVI146",510,"f","2/17/26",50,25
"305",305,"snake","extra_words","1","produces",NA,0,179,2026-03-09 12:13:10,"VVI160",510,"m","2/23/26",15,6
"306",306,"snake","extra_words","1","understands",NA,0,179,2026-03-09 12:13:10,"VVI160",510,"m","2/23/26",15,6
"307",307,"snake","extra_words","1","produces",NA,0,102,2026-03-08 18:49:54,"VVI164",480,"m","2/25/26",40,11
"308",308,"snake","extra_words","1","understands",NA,0,102,2026-03-08 18:49:54,"VVI164",480,"m","2/25/26",40,11
"309",309,"truck","extra_words","1","produces",NA,0,245,2026-04-29 06:56:14,"VVI196",450,"f","4/14/26",45,10
"310",310,"truck","extra_words","1","understands",1,1,245,2026-04-29 06:56:14,"VVI196",450,"f","4/14/26",45,10
"311",311,"truck","extra_words","1","produces",NA,0,104,2026-03-29 15:34:33,"VVI183",420,"m","3/29/26",5,0
"312",312,"truck","extra_words","1","understands",NA,0,104,2026-03-29 15:34:33,"VVI183",420,"m","3/29/26",5,0
"313",313,"truck","extra_words","1","produces",NA,0,125,2026-04-30 08:46:28,"VVI197",450,"m","4/14/26",5,0
"314",314,"truck","extra_words","1","understands",NA,0,125,2026-04-30 08:46:28,"VVI197",450,"m","4/14/26",5,0
"315",315,"truck","extra_words","1","produces",NA,0,213,2026-02-15 21:07:24,"VVI142",450,"f","2/16/26",20,3
"316",316,"truck","extra_words","1","understands",NA,0,213,2026-02-15 21:07:24,"VVI142",450,"f","2/16/26",20,3
"317",317,"truck","extra_words","1","produces",NA,0,76,2026-04-02 15:03:35,"VVI186",450,"m","2/26/04",15,2
"318",318,"truck","extra_words","1","understands",NA,0,76,2026-04-02 15:03:35,"VVI186",450,"m","2/26/04",15,2
"319",319,"truck","extra_words","1","produces",NA,0,223,2026-03-09 15:51:32,"VVI162",510,"f","2/24/26",30,11
"320",320,"truck","extra_words","1","understands",NA,0,223,2026-03-09 15:51:32,"VVI162",510,"f","2/24/26",30,11
"321",321,"truck","extra_words","1","produces",NA,0,207,2026-04-08 10:48:19,"VVI193",450,"f","8/26/04",5,0
"322",322,"truck","extra_words","1","understands",1,1,207,2026-04-08 10:48:19,"VVI193",450,"f","8/26/04",5,0
"323",323,"truck","extra_words","1","produces",NA,0,131,2026-04-28 16:52:20,"VVI201",420,"m","4/27/26",15,1
"324",324,"truck","extra_words","1","understands",NA,0,131,2026-04-28 16:52:20,"VVI201",420,"m","4/27/26",15,1
"325",325,"truck","extra_words","1","produces",NA,0,216,2026-03-08 20:15:37,"VVI146",510,"f","2/17/26",50,25
"326",326,"truck","extra_words","1","understands",1,1,216,2026-03-08 20:15:37,"VVI146",510,"f","2/17/26",50,25
"327",327,"truck","extra_words","1","produces",NA,0,179,2026-03-09 12:13:10,"VVI160",510,"m","2/23/26",15,6
"328",328,"truck","extra_words","1","understands",NA,0,179,2026-03-09 12:13:10,"VVI160",510,"m","2/23/26",15,6
"329",329,"truck","extra_words","1","produces",2,1,102,2026-03-08 18:49:54,"VVI164",480,"m","2/25/26",40,11
"330",330,"truck","extra_words","1","understands",2,1,102,2026-03-08 18:49:54,"VVI164",480,"m","2/25/26",40,11
"331",331,"car","extra_words","1","produces",2,1,245,2026-04-29 06:56:14,"VVI196",450,"f","4/14/26",45,10
"332",332,"car","extra_words","1","understands",2,1,245,2026-04-29 06:56:14,"VVI196",450,"f","4/14/26",45,10
"333",333,"car","extra_words","1","produces",NA,0,104,2026-03-29 15:34:33,"VVI183",420,"m","3/29/26",5,0
"334",334,"car","extra_words","1","understands",NA,0,104,2026-03-29 15:34:33,"VVI183",420,"m","3/29/26",5,0
"335",335,"car","extra_words","1","produces",NA,0,125,2026-04-30 08:46:28,"VVI197",450,"m","4/14/26",5,0
"336",336,"car","extra_words","1","understands",1,1,125,2026-04-30 08:46:28,"VVI197",450,"m","4/14/26",5,0
"337",337,"car","extra_words","1","produces",NA,0,213,2026-02-15 21:07:24,"VVI142",450,"f","2/16/26",20,3
"338",338,"car","extra_words","1","understands",1,1,213,2026-02-15 21:07:24,"VVI142",450,"f","2/16/26",20,3
"339",339,"car","extra_words","1","produces",NA,0,76,2026-04-02 15:03:35,"VVI186",450,"m","2/26/04",15,2
"340",340,"car","extra_words","1","understands",1,1,76,2026-04-02 15:03:35,"VVI186",450,"m","2/26/04",15,2
"341",341,"car","extra_words","1","produces",NA,0,223,2026-03-09 15:51:32,"VVI162",510,"f","2/24/26",30,11
"342",342,"car","extra_words","1","understands",1,1,223,2026-03-09 15:51:32,"VVI162",510,"f","2/24/26",30,11
"343",343,"car","extra_words","1","produces",2,1,207,2026-04-08 10:48:19,"VVI193",450,"f","8/26/04",5,0
"344",344,"car","extra_words","1","understands",2,1,207,2026-04-08 10:48:19,"VVI193",450,"f","8/26/04",5,0
"345",345,"car","extra_words","1","produces",NA,0,131,2026-04-28 16:52:20,"VVI201",420,"m","4/27/26",15,1
"346",346,"car","extra_words","1","understands",1,1,131,2026-04-28 16:52:20,"VVI201",420,"m","4/27/26",15,1
"347",347,"car","extra_words","1","produces",NA,0,216,2026-03-08 20:15:37,"VVI146",510,"f","2/17/26",50,25
"348",348,"car","extra_words","1","understands",1,1,216,2026-03-08 20:15:37,"VVI146",510,"f","2/17/26",50,25
"349",349,"car","extra_words","1","produces",NA,0,179,2026-03-09 12:13:10,"VVI160",510,"m","2/23/26",15,6
"350",350,"car","extra_words","1","understands",1,1,179,2026-03-09 12:13:10,"VVI160",510,"m","2/23/26",15,6
"351",351,"car","extra_words","1","produces",2,1,102,2026-03-08 18:49:54,"VVI164",480,"m","2/25/26",40,11
"352",352,"car","extra_words","1","understands",2,1,102,2026-03-08 18:49:54,"VVI164",480,"m","2/25/26",40,11
"353",353,"airplane","extra_words","1","produces",NA,0,245,2026-04-29 06:56:14,"VVI196",450,"f","4/14/26",45,10
"354",354,"airplane","extra_words","1","understands",1,1,245,2026-04-29 06:56:14,"VVI196",450,"f","4/14/26",45,10
"355",355,"airplane","extra_words","1","produces",NA,0,104,2026-03-29 15:34:33,"VVI183",420,"m","3/29/26",5,0
"356",356,"airplane","extra_words","1","understands",NA,0,104,2026-03-29 15:34:33,"VVI183",420,"m","3/29/26",5,0
"357",357,"airplane","extra_words","1","produces",NA,0,125,2026-04-30 08:46:28,"VVI197",450,"m","4/14/26",5,0
"358",358,"airplane","extra_words","1","understands",NA,0,125,2026-04-30 08:46:28,"VVI197",450,"m","4/14/26",5,0
"359",359,"airplane","extra_words","1","produces",NA,0,213,2026-02-15 21:07:24,"VVI142",450,"f","2/16/26",20,3
"360",360,"airplane","extra_words","1","understands",NA,0,213,2026-02-15 21:07:24,"VVI142",450,"f","2/16/26",20,3
"361",361,"airplane","extra_words","1","produces",NA,0,76,2026-04-02 15:03:35,"VVI186",450,"m","2/26/04",15,2
"362",362,"airplane","extra_words","1","understands",NA,0,76,2026-04-02 15:03:35,"VVI186",450,"m","2/26/04",15,2
"363",363,"airplane","extra_words","1","produces",NA,0,223,2026-03-09 15:51:32,"VVI162",510,"f","2/24/26",30,11
"364",364,"airplane","extra_words","1","understands",NA,0,223,2026-03-09 15:51:32,"VVI162",510,"f","2/24/26",30,11
"365",365,"airplane","extra_words","1","produces",NA,0,207,2026-04-08 10:48:19,"VVI193",450,"f","8/26/04",5,0
"366",366,"airplane","extra_words","1","understands",1,1,207,2026-04-08 10:48:19,"VVI193",450,"f","8/26/04",5,0
"367",367,"airplane","extra_words","1","produces",NA,0,131,2026-04-28 16:52:20,"VVI201",420,"m","4/27/26",15,1
"368",368,"airplane","extra_words","1","understands",NA,0,131,2026-04-28 16:52:20,"VVI201",420,"m","4/27/26",15,1
"369",369,"airplane","extra_words","1","produces",2,1,216,2026-03-08 20:15:37,"VVI146",510,"f","2/17/26",50,25
"370",370,"airplane","extra_words","1","understands",2,1,216,2026-03-08 20:15:37,"VVI146",510,"f","2/17/26",50,25
"371",371,"airplane","extra_words","1","produces",NA,0,179,2026-03-09 12:13:10,"VVI160",510,"m","2/23/26",15,6
"372",372,"airplane","extra_words","1","understands",NA,0,179,2026-03-09 12:13:10,"VVI160",510,"m","2/23/26",15,6
"373",373,"airplane","extra_words","1","produces",2,1,102,2026-03-08 18:49:54,"VVI164",480,"m","2/25/26",40,11
"374",374,"airplane","extra_words","1","understands",2,1,102,2026-03-08 18:49:54,"VVI164",480,"m","2/25/26",40,11
"375",375,"shower","extra_words","1","produces",NA,0,245,2026-04-29 06:56:14,"VVI196",450,"f","4/14/26",45,10
"376",376,"shower","extra_words","1","understands",1,1,245,2026-04-29 06:56:14,"VVI196",450,"f","4/14/26",45,10
"377",377,"shower","extra_words","1","produces",NA,0,104,2026-03-29 15:34:33,"VVI183",420,"m","3/29/26",5,0
"378",378,"shower","extra_words","1","understands",NA,0,104,2026-03-29 15:34:33,"VVI183",420,"m","3/29/26",5,0
"379",379,"shower","extra_words","1","produces",NA,0,125,2026-04-30 08:46:28,"VVI197",450,"m","4/14/26",5,0
"380",380,"shower","extra_words","1","understands",1,1,125,2026-04-30 08:46:28,"VVI197",450,"m","4/14/26",5,0
"381",381,"shower","extra_words","1","produces",NA,0,213,2026-02-15 21:07:24,"VVI142",450,"f","2/16/26",20,3
"382",382,"shower","extra_words","1","understands",NA,0,213,2026-02-15 21:07:24,"VVI142",450,"f","2/16/26",20,3
"383",383,"shower","extra_words","1","produces",NA,0,76,2026-04-02 15:03:35,"VVI186",450,"m","2/26/04",15,2
"384",384,"shower","extra_words","1","understands",NA,0,76,2026-04-02 15:03:35,"VVI186",450,"m","2/26/04",15,2
"385",385,"shower","extra_words","1","produces",NA,0,223,2026-03-09 15:51:32,"VVI162",510,"f","2/24/26",30,11
"386",386,"shower","extra_words","1","understands",NA,0,223,2026-03-09 15:51:32,"VVI162",510,"f","2/24/26",30,11
"387",387,"shower","extra_words","1","produces",NA,0,207,2026-04-08 10:48:19,"VVI193",450,"f","8/26/04",5,0
"388",388,"shower","extra_words","1","understands",1,1,207,2026-04-08 10:48:19,"VVI193",450,"f","8/26/04",5,0
"389",389,"shower","extra_words","1","produces",NA,0,131,2026-04-28 16:52:20,"VVI201",420,"m","4/27/26",15,1
"390",390,"shower","extra_words","1","understands",NA,0,131,2026-04-28 16:52:20,"VVI201",420,"m","4/27/26",15,1
"391",391,"shower","extra_words","1","produces",NA,0,216,2026-03-08 20:15:37,"VVI146",510,"f","2/17/26",50,25
"392",392,"shower","extra_words","1","understands",1,1,216,2026-03-08 20:15:37,"VVI146",510,"f","2/17/26",50,25
"393",393,"shower","extra_words","1","produces",NA,0,179,2026-03-09 12:13:10,"VVI160",510,"m","2/23/26",15,6
"394",394,"shower","extra_words","1","understands",NA,0,179,2026-03-09 12:13:10,"VVI160",510,"m","2/23/26",15,6
"395",395,"shower","extra_words","1","produces",NA,0,102,2026-03-08 18:49:54,"VVI164",480,"m","2/25/26",40,11
"396",396,"shower","extra_words","1","understands",NA,0,102,2026-03-08 18:49:54,"VVI164",480,"m","2/25/26",40,11
"397",397,"balloon","extra_words","1","produces",NA,0,245,2026-04-29 06:56:14,"VVI196",450,"f","4/14/26",45,10
"398",398,"balloon","extra_words","1","understands",1,1,245,2026-04-29 06:56:14,"VVI196",450,"f","4/14/26",45,10
"399",399,"balloon","extra_words","1","produces",NA,0,104,2026-03-29 15:34:33,"VVI183",420,"m","3/29/26",5,0
"400",400,"balloon","extra_words","1","understands",NA,0,104,2026-03-29 15:34:33,"VVI183",420,"m","3/29/26",5,0
"401",401,"balloon","extra_words","1","produces",NA,0,125,2026-04-30 08:46:28,"VVI197",450,"m","4/14/26",5,0
"402",402,"balloon","extra_words","1","understands",1,1,125,2026-04-30 08:46:28,"VVI197",450,"m","4/14/26",5,0
"403",403,"balloon","extra_words","1","produces",NA,0,213,2026-02-15 21:07:24,"VVI142",450,"f","2/16/26",20,3
"404",404,"balloon","extra_words","1","understands",1,1,213,2026-02-15 21:07:24,"VVI142",450,"f","2/16/26",20,3
"405",405,"balloon","extra_words","1","produces",NA,0,76,2026-04-02 15:03:35,"VVI186",450,"m","2/26/04",15,2
"406",406,"balloon","extra_words","1","understands",NA,0,76,2026-04-02 15:03:35,"VVI186",450,"m","2/26/04",15,2
"407",407,"balloon","extra_words","1","produces",NA,0,223,2026-03-09 15:51:32,"VVI162",510,"f","2/24/26",30,11
"408",408,"balloon","extra_words","1","understands",NA,0,223,2026-03-09 15:51:32,"VVI162",510,"f","2/24/26",30,11
"409",409,"balloon","extra_words","1","produces",NA,0,207,2026-04-08 10:48:19,"VVI193",450,"f","8/26/04",5,0
"410",410,"balloon","extra_words","1","understands",1,1,207,2026-04-08 10:48:19,"VVI193",450,"f","8/26/04",5,0
"411",411,"balloon","extra_words","1","produces",NA,0,131,2026-04-28 16:52:20,"VVI201",420,"m","4/27/26",15,1
"412",412,"balloon","extra_words","1","understands",NA,0,131,2026-04-28 16:52:20,"VVI201",420,"m","4/27/26",15,1
"413",413,"balloon","extra_words","1","produces",2,1,216,2026-03-08 20:15:37,"VVI146",510,"f","2/17/26",50,25
"414",414,"balloon","extra_words","1","understands",2,1,216,2026-03-08 20:15:37,"VVI146",510,"f","2/17/26",50,25
"415",415,"balloon","extra_words","1","produces",NA,0,179,2026-03-09 12:13:10,"VVI160",510,"m","2/23/26",15,6
"416",416,"balloon","extra_words","1","understands",NA,0,179,2026-03-09 12:13:10,"VVI160",510,"m","2/23/26",15,6
"417",417,"balloon","extra_words","1","produces",NA,0,102,2026-03-08 18:49:54,"VVI164",480,"m","2/25/26",40,11
"418",418,"balloon","extra_words","1","understands",NA,0,102,2026-03-08 18:49:54,"VVI164",480,"m","2/25/26",40,11
"419",419,"dresser","extra_words","1","produces",NA,0,245,2026-04-29 06:56:14,"VVI196",450,"f","4/14/26",45,10
"420",420,"dresser","extra_words","1","understands",1,1,245,2026-04-29 06:56:14,"VVI196",450,"f","4/14/26",45,10
"421",421,"dresser","extra_words","1","produces",NA,0,104,2026-03-29 15:34:33,"VVI183",420,"m","3/29/26",5,0
"422",422,"dresser","extra_words","1","understands",NA,0,104,2026-03-29 15:34:33,"VVI183",420,"m","3/29/26",5,0
"423",423,"dresser","extra_words","1","produces",NA,0,125,2026-04-30 08:46:28,"VVI197",450,"m","4/14/26",5,0
"424",424,"dresser","extra_words","1","understands",NA,0,125,2026-04-30 08:46:28,"VVI197",450,"m","4/14/26",5,0
"425",425,"dresser","extra_words","1","produces",NA,0,213,2026-02-15 21:07:24,"VVI142",450,"f","2/16/26",20,3
"426",426,"dresser","extra_words","1","understands",NA,0,213,2026-02-15 21:07:24,"VVI142",450,"f","2/16/26",20,3
"427",427,"dresser","extra_words","1","produces",NA,0,76,2026-04-02 15:03:35,"VVI186",450,"m","2/26/04",15,2
"428",428,"dresser","extra_words","1","understands",NA,0,76,2026-04-02 15:03:35,"VVI186",450,"m","2/26/04",15,2
"429",429,"dresser","extra_words","1","produces",NA,0,223,2026-03-09 15:51:32,"VVI162",510,"f","2/24/26",30,11
"430",430,"dresser","extra_words","1","understands",NA,0,223,2026-03-09 15:51:32,"VVI162",510,"f","2/24/26",30,11
"431",431,"dresser","extra_words","1","produces",NA,0,207,2026-04-08 10:48:19,"VVI193",450,"f","8/26/04",5,0
"432",432,"dresser","extra_words","1","understands",NA,0,207,2026-04-08 10:48:19,"VVI193",450,"f","8/26/04",5,0
"433",433,"dresser","extra_words","1","produces",NA,0,131,2026-04-28 16:52:20,"VVI201",420,"m","4/27/26",15,1
"434",434,"dresser","extra_words","1","understands",NA,0,131,2026-04-28 16:52:20,"VVI201",420,"m","4/27/26",15,1
"435",435,"dresser","extra_words","1","produces",NA,0,216,2026-03-08 20:15:37,"VVI146",510,"f","2/17/26",50,25
"436",436,"dresser","extra_words","1","understands",1,1,216,2026-03-08 20:15:37,"VVI146",510,"f","2/17/26",50,25
"437",437,"dresser","extra_words","1","produces",NA,0,179,2026-03-09 12:13:10,"VVI160",510,"m","2/23/26",15,6
"438",438,"dresser","extra_words","1","understands",NA,0,179,2026-03-09 12:13:10,"VVI160",510,"m","2/23/26",15,6
"439",439,"dresser","extra_words","1","produces",NA,0,102,2026-03-08 18:49:54,"VVI164",480,"m","2/25/26",40,11
"440",440,"dresser","extra_words","1","understands",NA,0,102,2026-03-08 18:49:54,"VVI164",480,"m","2/25/26",40,11
"441",441,"kite","extra_words","1","produces",NA,0,245,2026-04-29 06:56:14,"VVI196",450,"f","4/14/26",45,10
"442",442,"kite","extra_words","1","understands",1,1,245,2026-04-29 06:56:14,"VVI196",450,"f","4/14/26",45,10
"443",443,"kite","extra_words","1","produces",NA,0,104,2026-03-29 15:34:33,"VVI183",420,"m","3/29/26",5,0
"444",444,"kite","extra_words","1","understands",NA,0,104,2026-03-29 15:34:33,"VVI183",420,"m","3/29/26",5,0
"445",445,"kite","extra_words","1","produces",NA,0,125,2026-04-30 08:46:28,"VVI197",450,"m","4/14/26",5,0
"446",446,"kite","extra_words","1","understands",NA,0,125,2026-04-30 08:46:28,"VVI197",450,"m","4/14/26",5,0
"447",447,"kite","extra_words","1","produces",NA,0,213,2026-02-15 21:07:24,"VVI142",450,"f","2/16/26",20,3
"448",448,"kite","extra_words","1","understands",NA,0,213,2026-02-15 21:07:24,"VVI142",450,"f","2/16/26",20,3
"449",449,"kite","extra_words","1","produces",NA,0,76,2026-04-02 15:03:35,"VVI186",450,"m","2/26/04",15,2
"450",450,"kite","extra_words","1","understands",NA,0,76,2026-04-02 15:03:35,"VVI186",450,"m","2/26/04",15,2
"451",451,"kite","extra_words","1","produces",NA,0,223,2026-03-09 15:51:32,"VVI162",510,"f","2/24/26",30,11
"452",452,"kite","extra_words","1","understands",NA,0,223,2026-03-09 15:51:32,"VVI162",510,"f","2/24/26",30,11
"453",453,"kite","extra_words","1","produces",NA,0,207,2026-04-08 10:48:19,"VVI193",450,"f","8/26/04",5,0
"454",454,"kite","extra_words","1","understands",1,1,207,2026-04-08 10:48:19,"VVI193",450,"f","8/26/04",5,0
"455",455,"kite","extra_words","1","produces",NA,0,131,2026-04-28 16:52:20,"VVI201",420,"m","4/27/26",15,1
"456",456,"kite","extra_words","1","understands",NA,0,131,2026-04-28 16:52:20,"VVI201",420,"m","4/27/26",15,1
"457",457,"kite","extra_words","1","produces",NA,0,216,2026-03-08 20:15:37,"VVI146",510,"f","2/17/26",50,25
"458",458,"kite","extra_words","1","understands",NA,0,216,2026-03-08 20:15:37,"VVI146",510,"f","2/17/26",50,25
"459",459,"kite","extra_words","1","produces",NA,0,179,2026-03-09 12:13:10,"VVI160",510,"m","2/23/26",15,6
"460",460,"kite","extra_words","1","understands",NA,0,179,2026-03-09 12:13:10,"VVI160",510,"m","2/23/26",15,6
"461",461,"kite","extra_words","1","produces",NA,0,102,2026-03-08 18:49:54,"VVI164",480,"m","2/25/26",40,11
"462",462,"kite","extra_words","1","understands",NA,0,102,2026-03-08 18:49:54,"VVI164",480,"m","2/25/26",40,11
"463",463,"camel","extra_words","1","produces",NA,0,245,2026-04-29 06:56:14,"VVI196",450,"f","4/14/26",45,10
"464",464,"camel","extra_words","1","understands",1,1,245,2026-04-29 06:56:14,"VVI196",450,"f","4/14/26",45,10
"465",465,"camel","extra_words","1","produces",NA,0,104,2026-03-29 15:34:33,"VVI183",420,"m","3/29/26",5,0
"466",466,"camel","extra_words","1","understands",NA,0,104,2026-03-29 15:34:33,"VVI183",420,"m","3/29/26",5,0
"467",467,"camel","extra_words","1","produces",NA,0,125,2026-04-30 08:46:28,"VVI197",450,"m","4/14/26",5,0
"468",468,"camel","extra_words","1","understands",NA,0,125,2026-04-30 08:46:28,"VVI197",450,"m","4/14/26",5,0
"469",469,"camel","extra_words","1","produces",NA,0,213,2026-02-15 21:07:24,"VVI142",450,"f","2/16/26",20,3
"470",470,"camel","extra_words","1","understands",NA,0,213,2026-02-15 21:07:24,"VVI142",450,"f","2/16/26",20,3
"471",471,"camel","extra_words","1","produces",NA,0,76,2026-04-02 15:03:35,"VVI186",450,"m","2/26/04",15,2
"472",472,"camel","extra_words","1","understands",NA,0,76,2026-04-02 15:03:35,"VVI186",450,"m","2/26/04",15,2
"473",473,"camel","extra_words","1","produces",NA,0,223,2026-03-09 15:51:32,"VVI162",510,"f","2/24/26",30,11
"474",474,"camel","extra_words","1","understands",NA,0,223,2026-03-09 15:51:32,"VVI162",510,"f","2/24/26",30,11
"475",475,"camel","extra_words","1","produces",NA,0,207,2026-04-08 10:48:19,"VVI193",450,"f","8/26/04",5,0
"476",476,"camel","extra_words","1","understands",NA,0,207,2026-04-08 10:48:19,"VVI193",450,"f","8/26/04",5,0
"477",477,"camel","extra_words","1","produces",NA,0,131,2026-04-28 16:52:20,"VVI201",420,"m","4/27/26",15,1
"478",478,"camel","extra_words","1","understands",NA,0,131,2026-04-28 16:52:20,"VVI201",420,"m","4/27/26",15,1
"479",479,"camel","extra_words","1","produces",NA,0,216,2026-03-08 20:15:37,"VVI146",510,"f","2/17/26",50,25
"480",480,"camel","extra_words","1","understands",NA,0,216,2026-03-08 20:15:37,"VVI146",510,"f","2/17/26",50,25
"481",481,"camel","extra_words","1","produces",NA,0,179,2026-03-09 12:13:10,"VVI160",510,"m","2/23/26",15,6
"482",482,"camel","extra_words","1","understands",NA,0,179,2026-03-09 12:13:10,"VVI160",510,"m","2/23/26",15,6
"483",483,"camel","extra_words","1","produces",NA,0,102,2026-03-08 18:49:54,"VVI164",480,"m","2/25/26",40,11
"484",484,"camel","extra_words","1","understands",NA,0,102,2026-03-08 18:49:54,"VVI164",480,"m","2/25/26",40,11
"485",485,"elephant","extra_words","1","produces",NA,0,245,2026-04-29 06:56:14,"VVI196",450,"f","4/14/26",45,10
"486",486,"elephant","extra_words","1","understands",1,1,245,2026-04-29 06:56:14,"VVI196",450,"f","4/14/26",45,10
"487",487,"elephant","extra_words","1","produces",NA,0,104,2026-03-29 15:34:33,"VVI183",420,"m","3/29/26",5,0
"488",488,"elephant","extra_words","1","understands",NA,0,104,2026-03-29 15:34:33,"VVI183",420,"m","3/29/26",5,0
"489",489,"elephant","extra_words","1","produces",NA,0,125,2026-04-30 08:46:28,"VVI197",450,"m","4/14/26",5,0
"490",490,"elephant","extra_words","1","understands",NA,0,125,2026-04-30 08:46:28,"VVI197",450,"m","4/14/26",5,0
"491",491,"elephant","extra_words","1","produces",NA,0,213,2026-02-15 21:07:24,"VVI142",450,"f","2/16/26",20,3
"492",492,"elephant","extra_words","1","understands",1,1,213,2026-02-15 21:07:24,"VVI142",450,"f","2/16/26",20,3
"493",493,"elephant","extra_words","1","produces",NA,0,76,2026-04-02 15:03:35,"VVI186",450,"m","2/26/04",15,2
"494",494,"elephant","extra_words","1","understands",NA,0,76,2026-04-02 15:03:35,"VVI186",450,"m","2/26/04",15,2
"495",495,"elephant","extra_words","1","produces",NA,0,223,2026-03-09 15:51:32,"VVI162",510,"f","2/24/26",30,11
"496",496,"elephant","extra_words","1","understands",NA,0,223,2026-03-09 15:51:32,"VVI162",510,"f","2/24/26",30,11
"497",497,"elephant","extra_words","1","produces",NA,0,207,2026-04-08 10:48:19,"VVI193",450,"f","8/26/04",5,0
"498",498,"elephant","extra_words","1","understands",1,1,207,2026-04-08 10:48:19,"VVI193",450,"f","8/26/04",5,0
"499",499,"elephant","extra_words","1","produces",NA,0,131,2026-04-28 16:52:20,"VVI201",420,"m","4/27/26",15,1
"500",500,"elephant","extra_words","1","understands",NA,0,131,2026-04-28 16:52:20,"VVI201",420,"m","4/27/26",15,1
"501",501,"elephant","extra_words","1","produces",NA,0,216,2026-03-08 20:15:37,"VVI146",510,"f","2/17/26",50,25
"502",502,"elephant","extra_words","1","understands",1,1,216,2026-03-08 20:15:37,"VVI146",510,"f","2/17/26",50,25
"503",503,"elephant","extra_words","1","produces",NA,0,179,2026-03-09 12:13:10,"VVI160",510,"m","2/23/26",15,6
"504",504,"elephant","extra_words","1","understands",NA,0,179,2026-03-09 12:13:10,"VVI160",510,"m","2/23/26",15,6
"505",505,"elephant","extra_words","1","produces",NA,0,102,2026-03-08 18:49:54,"VVI164",480,"m","2/25/26",40,11
"506",506,"elephant","extra_words","1","understands",NA,0,102,2026-03-08 18:49:54,"VVI164",480,"m","2/25/26",40,11
"507",507,"ladybug","extra_words","1","produces",NA,0,245,2026-04-29 06:56:14,"VVI196",450,"f","4/14/26",45,10
"508",508,"ladybug","extra_words","1","understands",1,1,245,2026-04-29 06:56:14,"VVI196",450,"f","4/14/26",45,10
"509",509,"ladybug","extra_words","1","produces",NA,0,104,2026-03-29 15:34:33,"VVI183",420,"m","3/29/26",5,0
"510",510,"ladybug","extra_words","1","understands",NA,0,104,2026-03-29 15:34:33,"VVI183",420,"m","3/29/26",5,0
"511",511,"ladybug","extra_words","1","produces",NA,0,125,2026-04-30 08:46:28,"VVI197",450,"m","4/14/26",5,0
"512",512,"ladybug","extra_words","1","understands",NA,0,125,2026-04-30 08:46:28,"VVI197",450,"m","4/14/26",5,0
"513",513,"ladybug","extra_words","1","produces",NA,0,213,2026-02-15 21:07:24,"VVI142",450,"f","2/16/26",20,3
"514",514,"ladybug","extra_words","1","understands",NA,0,213,2026-02-15 21:07:24,"VVI142",450,"f","2/16/26",20,3
"515",515,"ladybug","extra_words","1","produces",NA,0,76,2026-04-02 15:03:35,"VVI186",450,"m","2/26/04",15,2
"516",516,"ladybug","extra_words","1","understands",NA,0,76,2026-04-02 15:03:35,"VVI186",450,"m","2/26/04",15,2
"517",517,"ladybug","extra_words","1","produces",NA,0,223,2026-03-09 15:51:32,"VVI162",510,"f","2/24/26",30,11
"518",518,"ladybug","extra_words","1","understands",NA,0,223,2026-03-09 15:51:32,"VVI162",510,"f","2/24/26",30,11
"519",519,"ladybug","extra_words","1","produces",NA,0,207,2026-04-08 10:48:19,"VVI193",450,"f","8/26/04",5,0
"520",520,"ladybug","extra_words","1","understands",1,1,207,2026-04-08 10:48:19,"VVI193",450,"f","8/26/04",5,0
"521",521,"ladybug","extra_words","1","produces",NA,0,131,2026-04-28 16:52:20,"VVI201",420,"m","4/27/26",15,1
"522",522,"ladybug","extra_words","1","understands",NA,0,131,2026-04-28 16:52:20,"VVI201",420,"m","4/27/26",15,1
"523",523,"ladybug","extra_words","1","produces",NA,0,216,2026-03-08 20:15:37,"VVI146",510,"f","2/17/26",50,25
"524",524,"ladybug","extra_words","1","understands",NA,0,216,2026-03-08 20:15:37,"VVI146",510,"f","2/17/26",50,25
"525",525,"ladybug","extra_words","1","produces",NA,0,179,2026-03-09 12:13:10,"VVI160",510,"m","2/23/26",15,6
"526",526,"ladybug","extra_words","1","understands",NA,0,179,2026-03-09 12:13:10,"VVI160",510,"m","2/23/26",15,6
"527",527,"ladybug","extra_words","1","produces",NA,0,102,2026-03-08 18:49:54,"VVI164",480,"m","2/25/26",40,11
"528",528,"ladybug","extra_words","1","understands",NA,0,102,2026-03-08 18:49:54,"VVI164",480,"m","2/25/26",40,11
"529",529,"choo choo","cdi_words","1","produces",NA,0,245,2026-04-29 06:56:14,"VVI196",450,"f","4/14/26",45,10
"530",530,"choo choo","cdi_words","1","understands",1,1,245,2026-04-29 06:56:14,"VVI196",450,"f","4/14/26",45,10
"531",531,"choo choo","cdi_words","1","produces",NA,0,104,2026-03-29 15:34:33,"VVI183",420,"m","3/29/26",5,0
"532",532,"choo choo","cdi_words","1","understands",NA,0,104,2026-03-29 15:34:33,"VVI183",420,"m","3/29/26",5,0
"533",533,"choo choo","cdi_words","1","produces",NA,0,125,2026-04-30 08:46:28,"VVI197",450,"m","4/14/26",5,0
"534",534,"choo choo","cdi_words","1","understands",1,1,125,2026-04-30 08:46:28,"VVI197",450,"m","4/14/26",5,0
"535",535,"choo choo","cdi_words","1","produces",NA,0,213,2026-02-15 21:07:24,"VVI142",450,"f","2/16/26",20,3
"536",536,"choo choo","cdi_words","1","understands",NA,0,213,2026-02-15 21:07:24,"VVI142",450,"f","2/16/26",20,3
"537",537,"choo choo","cdi_words","1","produces",NA,0,76,2026-04-02 15:03:35,"VVI186",450,"m","2/26/04",15,2
"538",538,"choo choo","cdi_words","1","understands",NA,0,76,2026-04-02 15:03:35,"VVI186",450,"m","2/26/04",15,2
"539",539,"choo choo","cdi_words","1","produces",NA,0,223,2026-03-09 15:51:32,"VVI162",510,"f","2/24/26",30,11
"540",540,"choo choo","cdi_words","1","understands",1,1,223,2026-03-09 15:51:32,"VVI162",510,"f","2/24/26",30,11
"541",541,"choo choo","cdi_words","1","produces",NA,0,207,2026-04-08 10:48:19,"VVI193",450,"f","8/26/04",5,0
"542",542,"choo choo","cdi_words","1","understands",1,1,207,2026-04-08 10:48:19,"VVI193",450,"f","8/26/04",5,0
"543",543,"choo choo","cdi_words","1","produces",NA,0,131,2026-04-28 16:52:20,"VVI201",420,"m","4/27/26",15,1
"544",544,"choo choo","cdi_words","1","understands",NA,0,131,2026-04-28 16:52:20,"VVI201",420,"m","4/27/26",15,1
"545",545,"choo choo","cdi_words","1","produces",2,1,216,2026-03-08 20:15:37,"VVI146",510,"f","2/17/26",50,25
"546",546,"choo choo","cdi_words","1","understands",2,1,216,2026-03-08 20:15:37,"VVI146",510,"f","2/17/26",50,25
"547",547,"choo choo","cdi_words","1","produces",NA,0,179,2026-03-09 12:13:10,"VVI160",510,"m","2/23/26",15,6
"548",548,"choo choo","cdi_words","1","understands",1,1,179,2026-03-09 12:13:10,"VVI160",510,"m","2/23/26",15,6
"549",549,"choo choo","cdi_words","1","produces",NA,0,102,2026-03-08 18:49:54,"VVI164",480,"m","2/25/26",40,11
"550",550,"choo choo","cdi_words","1","understands",NA,0,102,2026-03-08 18:49:54,"VVI164",480,"m","2/25/26",40,11
"551",551,"mouse","cdi_words","1","produces",NA,0,245,2026-04-29 06:56:14,"VVI196",450,"f","4/14/26",45,10
"552",552,"mouse","cdi_words","1","understands",1,1,245,2026-04-29 06:56:14,"VVI196",450,"f","4/14/26",45,10
"553",553,"mouse","cdi_words","1","produces",NA,0,104,2026-03-29 15:34:33,"VVI183",420,"m","3/29/26",5,0
"554",554,"mouse","cdi_words","1","understands",NA,0,104,2026-03-29 15:34:33,"VVI183",420,"m","3/29/26",5,0
"555",555,"mouse","cdi_words","1","produces",NA,0,125,2026-04-30 08:46:28,"VVI197",450,"m","4/14/26",5,0
"556",556,"mouse","cdi_words","1","understands",NA,0,125,2026-04-30 08:46:28,"VVI197",450,"m","4/14/26",5,0
"557",557,"mouse","cdi_words","1","produces",NA,0,213,2026-02-15 21:07:24,"VVI142",450,"f","2/16/26",20,3
"558",558,"mouse","cdi_words","1","understands",NA,0,213,2026-02-15 21:07:24,"VVI142",450,"f","2/16/26",20,3
"559",559,"mouse","cdi_words","1","produces",NA,0,76,2026-04-02 15:03:35,"VVI186",450,"m","2/26/04",15,2
"560",560,"mouse","cdi_words","1","understands",1,1,76,2026-04-02 15:03:35,"VVI186",450,"m","2/26/04",15,2
"561",561,"mouse","cdi_words","1","produces",NA,0,223,2026-03-09 15:51:32,"VVI162",510,"f","2/24/26",30,11
"562",562,"mouse","cdi_words","1","understands",NA,0,223,2026-03-09 15:51:32,"VVI162",510,"f","2/24/26",30,11
"563",563,"mouse","cdi_words","1","produces",NA,0,207,2026-04-08 10:48:19,"VVI193",450,"f","8/26/04",5,0
"564",564,"mouse","cdi_words","1","understands",1,1,207,2026-04-08 10:48:19,"VVI193",450,"f","8/26/04",5,0
"565",565,"mouse","cdi_words","1","produces",NA,0,131,2026-04-28 16:52:20,"VVI201",420,"m","4/27/26",15,1
"566",566,"mouse","cdi_words","1","understands",NA,0,131,2026-04-28 16:52:20,"VVI201",420,"m","4/27/26",15,1
"567",567,"mouse","cdi_words","1","produces",NA,0,216,2026-03-08 20:15:37,"VVI146",510,"f","2/17/26",50,25
"568",568,"mouse","cdi_words","1","understands",NA,0,216,2026-03-08 20:15:37,"VVI146",510,"f","2/17/26",50,25
"569",569,"mouse","cdi_words","1","produces",NA,0,179,2026-03-09 12:13:10,"VVI160",510,"m","2/23/26",15,6
"570",570,"mouse","cdi_words","1","understands",NA,0,179,2026-03-09 12:13:10,"VVI160",510,"m","2/23/26",15,6
"571",571,"mouse","cdi_words","1","produces",NA,0,102,2026-03-08 18:49:54,"VVI164",480,"m","2/25/26",40,11
"572",572,"mouse","cdi_words","1","understands",NA,0,102,2026-03-08 18:49:54,"VVI164",480,"m","2/25/26",40,11
"573",573,"car","cdi_words","1","produces",NA,0,245,2026-04-29 06:56:14,"VVI196",450,"f","4/14/26",45,10
"574",574,"car","cdi_words","1","understands",1,1,245,2026-04-29 06:56:14,"VVI196",450,"f","4/14/26",45,10
"575",575,"car","cdi_words","1","produces",NA,0,104,2026-03-29 15:34:33,"VVI183",420,"m","3/29/26",5,0
"576",576,"car","cdi_words","1","understands",NA,0,104,2026-03-29 15:34:33,"VVI183",420,"m","3/29/26",5,0
"577",577,"car","cdi_words","1","produces",NA,0,125,2026-04-30 08:46:28,"VVI197",450,"m","4/14/26",5,0
"578",578,"car","cdi_words","1","understands",1,1,125,2026-04-30 08:46:28,"VVI197",450,"m","4/14/26",5,0
"579",579,"car","cdi_words","1","produces",NA,0,213,2026-02-15 21:07:24,"VVI142",450,"f","2/16/26",20,3
"580",580,"car","cdi_words","1","understands",1,1,213,2026-02-15 21:07:24,"VVI142",450,"f","2/16/26",20,3
"581",581,"car","cdi_words","1","produces",NA,0,76,2026-04-02 15:03:35,"VVI186",450,"m","2/26/04",15,2
"582",582,"car","cdi_words","1","understands",1,1,76,2026-04-02 15:03:35,"VVI186",450,"m","2/26/04",15,2
"583",583,"car","cdi_words","1","produces",NA,0,223,2026-03-09 15:51:32,"VVI162",510,"f","2/24/26",30,11
"584",584,"car","cdi_words","1","understands",1,1,223,2026-03-09 15:51:32,"VVI162",510,"f","2/24/26",30,11
"585",585,"car","cdi_words","1","produces",NA,0,207,2026-04-08 10:48:19,"VVI193",450,"f","8/26/04",5,0
"586",586,"car","cdi_words","1","understands",1,1,207,2026-04-08 10:48:19,"VVI193",450,"f","8/26/04",5,0
"587",587,"car","cdi_words","1","produces",NA,0,131,2026-04-28 16:52:20,"VVI201",420,"m","4/27/26",15,1
"588",588,"car","cdi_words","1","understands",1,1,131,2026-04-28 16:52:20,"VVI201",420,"m","4/27/26",15,1
"589",589,"car","cdi_words","1","produces",2,1,216,2026-03-08 20:15:37,"VVI146",510,"f","2/17/26",50,25
"590",590,"car","cdi_words","1","understands",2,1,216,2026-03-08 20:15:37,"VVI146",510,"f","2/17/26",50,25
"591",591,"car","cdi_words","1","produces",NA,0,179,2026-03-09 12:13:10,"VVI160",510,"m","2/23/26",15,6
"592",592,"car","cdi_words","1","understands",1,1,179,2026-03-09 12:13:10,"VVI160",510,"m","2/23/26",15,6
"593",593,"car","cdi_words","1","produces",2,1,102,2026-03-08 18:49:54,"VVI164",480,"m","2/25/26",40,11
"594",594,"car","cdi_words","1","understands",2,1,102,2026-03-08 18:49:54,"VVI164",480,"m","2/25/26",40,11
"595",595,"stroller","cdi_words","1","produces",NA,0,245,2026-04-29 06:56:14,"VVI196",450,"f","4/14/26",45,10
"596",596,"stroller","cdi_words","1","understands",1,1,245,2026-04-29 06:56:14,"VVI196",450,"f","4/14/26",45,10
"597",597,"stroller","cdi_words","1","produces",NA,0,104,2026-03-29 15:34:33,"VVI183",420,"m","3/29/26",5,0
"598",598,"stroller","cdi_words","1","understands",NA,0,104,2026-03-29 15:34:33,"VVI183",420,"m","3/29/26",5,0
"599",599,"stroller","cdi_words","1","produces",NA,0,125,2026-04-30 08:46:28,"VVI197",450,"m","4/14/26",5,0
"600",600,"stroller","cdi_words","1","understands",1,1,125,2026-04-30 08:46:28,"VVI197",450,"m","4/14/26",5,0
"601",601,"stroller","cdi_words","1","produces",NA,0,213,2026-02-15 21:07:24,"VVI142",450,"f","2/16/26",20,3
"602",602,"stroller","cdi_words","1","understands",1,1,213,2026-02-15 21:07:24,"VVI142",450,"f","2/16/26",20,3
"603",603,"stroller","cdi_words","1","produces",NA,0,76,2026-04-02 15:03:35,"VVI186",450,"m","2/26/04",15,2
"604",604,"stroller","cdi_words","1","understands",NA,0,76,2026-04-02 15:03:35,"VVI186",450,"m","2/26/04",15,2
"605",605,"stroller","cdi_words","1","produces",NA,0,223,2026-03-09 15:51:32,"VVI162",510,"f","2/24/26",30,11
"606",606,"stroller","cdi_words","1","understands",1,1,223,2026-03-09 15:51:32,"VVI162",510,"f","2/24/26",30,11
"607",607,"stroller","cdi_words","1","produces",NA,0,207,2026-04-08 10:48:19,"VVI193",450,"f","8/26/04",5,0
"608",608,"stroller","cdi_words","1","understands",1,1,207,2026-04-08 10:48:19,"VVI193",450,"f","8/26/04",5,0
"609",609,"stroller","cdi_words","1","produces",NA,0,131,2026-04-28 16:52:20,"VVI201",420,"m","4/27/26",15,1
"610",610,"stroller","cdi_words","1","understands",1,1,131,2026-04-28 16:52:20,"VVI201",420,"m","4/27/26",15,1
"611",611,"stroller","cdi_words","1","produces",NA,0,216,2026-03-08 20:15:37,"VVI146",510,"f","2/17/26",50,25
"612",612,"stroller","cdi_words","1","understands",1,1,216,2026-03-08 20:15:37,"VVI146",510,"f","2/17/26",50,25
"613",613,"stroller","cdi_words","1","produces",NA,0,179,2026-03-09 12:13:10,"VVI160",510,"m","2/23/26",15,6
"614",614,"stroller","cdi_words","1","understands",NA,0,179,2026-03-09 12:13:10,"VVI160",510,"m","2/23/26",15,6
"615",615,"stroller","cdi_words","1","produces",NA,0,102,2026-03-08 18:49:54,"VVI164",480,"m","2/25/26",40,11
"616",616,"stroller","cdi_words","1","understands",NA,0,102,2026-03-08 18:49:54,"VVI164",480,"m","2/25/26",40,11
"617",617,"ball","cdi_words","1","produces",NA,0,245,2026-04-29 06:56:14,"VVI196",450,"f","4/14/26",45,10
"618",618,"ball","cdi_words","1","understands",1,1,245,2026-04-29 06:56:14,"VVI196",450,"f","4/14/26",45,10
"619",619,"ball","cdi_words","1","produces",NA,0,104,2026-03-29 15:34:33,"VVI183",420,"m","3/29/26",5,0
"620",620,"ball","cdi_words","1","understands",1,1,104,2026-03-29 15:34:33,"VVI183",420,"m","3/29/26",5,0
"621",621,"ball","cdi_words","1","produces",NA,0,125,2026-04-30 08:46:28,"VVI197",450,"m","4/14/26",5,0
"622",622,"ball","cdi_words","1","understands",1,1,125,2026-04-30 08:46:28,"VVI197",450,"m","4/14/26",5,0
"623",623,"ball","cdi_words","1","produces",2,1,213,2026-02-15 21:07:24,"VVI142",450,"f","2/16/26",20,3
"624",624,"ball","cdi_words","1","understands",2,1,213,2026-02-15 21:07:24,"VVI142",450,"f","2/16/26",20,3
"625",625,"ball","cdi_words","1","produces",NA,0,76,2026-04-02 15:03:35,"VVI186",450,"m","2/26/04",15,2
"626",626,"ball","cdi_words","1","understands",1,1,76,2026-04-02 15:03:35,"VVI186",450,"m","2/26/04",15,2
"627",627,"ball","cdi_words","1","produces",2,1,223,2026-03-09 15:51:32,"VVI162",510,"f","2/24/26",30,11
"628",628,"ball","cdi_words","1","understands",2,1,223,2026-03-09 15:51:32,"VVI162",510,"f","2/24/26",30,11
"629",629,"ball","cdi_words","1","produces",NA,0,207,2026-04-08 10:48:19,"VVI193",450,"f","8/26/04",5,0
"630",630,"ball","cdi_words","1","understands",1,1,207,2026-04-08 10:48:19,"VVI193",450,"f","8/26/04",5,0
"631",631,"ball","cdi_words","1","produces",NA,0,131,2026-04-28 16:52:20,"VVI201",420,"m","4/27/26",15,1
"632",632,"ball","cdi_words","1","understands",1,1,131,2026-04-28 16:52:20,"VVI201",420,"m","4/27/26",15,1
"633",633,"ball","cdi_words","1","produces",2,1,216,2026-03-08 20:15:37,"VVI146",510,"f","2/17/26",50,25
"634",634,"ball","cdi_words","1","understands",2,1,216,2026-03-08 20:15:37,"VVI146",510,"f","2/17/26",50,25
"635",635,"ball","cdi_words","1","produces",2,1,179,2026-03-09 12:13:10,"VVI160",510,"m","2/23/26",15,6
"636",636,"ball","cdi_words","1","understands",2,1,179,2026-03-09 12:13:10,"VVI160",510,"m","2/23/26",15,6
"637",637,"ball","cdi_words","1","produces",2,1,102,2026-03-08 18:49:54,"VVI164",480,"m","2/25/26",40,11
"638",638,"ball","cdi_words","1","understands",2,1,102,2026-03-08 18:49:54,"VVI164",480,"m","2/25/26",40,11
"639",639,"book","cdi_words","1","produces",NA,0,245,2026-04-29 06:56:14,"VVI196",450,"f","4/14/26",45,10
"640",640,"book","cdi_words","1","understands",1,1,245,2026-04-29 06:56:14,"VVI196",450,"f","4/14/26",45,10
"641",641,"book","cdi_words","1","produces",NA,0,104,2026-03-29 15:34:33,"VVI183",420,"m","3/29/26",5,0
"642",642,"book","cdi_words","1","understands",1,1,104,2026-03-29 15:34:33,"VVI183",420,"m","3/29/26",5,0
"643",643,"book","cdi_words","1","produces",NA,0,125,2026-04-30 08:46:28,"VVI197",450,"m","4/14/26",5,0
"644",644,"book","cdi_words","1","understands",1,1,125,2026-04-30 08:46:28,"VVI197",450,"m","4/14/26",5,0
"645",645,"book","cdi_words","1","produces",NA,0,213,2026-02-15 21:07:24,"VVI142",450,"f","2/16/26",20,3
"646",646,"book","cdi_words","1","understands",1,1,213,2026-02-15 21:07:24,"VVI142",450,"f","2/16/26",20,3
"647",647,"book","cdi_words","1","produces",NA,0,76,2026-04-02 15:03:35,"VVI186",450,"m","2/26/04",15,2
"648",648,"book","cdi_words","1","understands",1,1,76,2026-04-02 15:03:35,"VVI186",450,"m","2/26/04",15,2
"649",649,"book","cdi_words","1","produces",2,1,223,2026-03-09 15:51:32,"VVI162",510,"f","2/24/26",30,11
"650",650,"book","cdi_words","1","understands",2,1,223,2026-03-09 15:51:32,"VVI162",510,"f","2/24/26",30,11
"651",651,"book","cdi_words","1","produces",NA,0,207,2026-04-08 10:48:19,"VVI193",450,"f","8/26/04",5,0
"652",652,"book","cdi_words","1","understands",1,1,207,2026-04-08 10:48:19,"VVI193",450,"f","8/26/04",5,0
"653",653,"book","cdi_words","1","produces",NA,0,131,2026-04-28 16:52:20,"VVI201",420,"m","4/27/26",15,1
"654",654,"book","cdi_words","1","understands",1,1,131,2026-04-28 16:52:20,"VVI201",420,"m","4/27/26",15,1
"655",655,"book","cdi_words","1","produces",2,1,216,2026-03-08 20:15:37,"VVI146",510,"f","2/17/26",50,25
"656",656,"book","cdi_words","1","understands",2,1,216,2026-03-08 20:15:37,"VVI146",510,"f","2/17/26",50,25
"657",657,"book","cdi_words","1","produces",NA,0,179,2026-03-09 12:13:10,"VVI160",510,"m","2/23/26",15,6
"658",658,"book","cdi_words","1","understands",1,1,179,2026-03-09 12:13:10,"VVI160",510,"m","2/23/26",15,6
"659",659,"book","cdi_words","1","produces",2,1,102,2026-03-08 18:49:54,"VVI164",480,"m","2/25/26",40,11
"660",660,"book","cdi_words","1","understands",2,1,102,2026-03-08 18:49:54,"VVI164",480,"m","2/25/26",40,11
"661",661,"doll","cdi_words","1","produces",NA,0,245,2026-04-29 06:56:14,"VVI196",450,"f","4/14/26",45,10
"662",662,"doll","cdi_words","1","understands",1,1,245,2026-04-29 06:56:14,"VVI196",450,"f","4/14/26",45,10
"663",663,"doll","cdi_words","1","produces",NA,0,104,2026-03-29 15:34:33,"VVI183",420,"m","3/29/26",5,0
"664",664,"doll","cdi_words","1","understands",NA,0,104,2026-03-29 15:34:33,"VVI183",420,"m","3/29/26",5,0
"665",665,"doll","cdi_words","1","produces",NA,0,125,2026-04-30 08:46:28,"VVI197",450,"m","4/14/26",5,0
"666",666,"doll","cdi_words","1","understands",NA,0,125,2026-04-30 08:46:28,"VVI197",450,"m","4/14/26",5,0
"667",667,"doll","cdi_words","1","produces",NA,0,213,2026-02-15 21:07:24,"VVI142",450,"f","2/16/26",20,3
"668",668,"doll","cdi_words","1","understands",1,1,213,2026-02-15 21:07:24,"VVI142",450,"f","2/16/26",20,3
"669",669,"doll","cdi_words","1","produces",NA,0,76,2026-04-02 15:03:35,"VVI186",450,"m","2/26/04",15,2
"670",670,"doll","cdi_words","1","understands",NA,0,76,2026-04-02 15:03:35,"VVI186",450,"m","2/26/04",15,2
"671",671,"doll","cdi_words","1","produces",NA,0,223,2026-03-09 15:51:32,"VVI162",510,"f","2/24/26",30,11
"672",672,"doll","cdi_words","1","understands",1,1,223,2026-03-09 15:51:32,"VVI162",510,"f","2/24/26",30,11
"673",673,"doll","cdi_words","1","produces",NA,0,207,2026-04-08 10:48:19,"VVI193",450,"f","8/26/04",5,0
"674",674,"doll","cdi_words","1","understands",1,1,207,2026-04-08 10:48:19,"VVI193",450,"f","8/26/04",5,0
"675",675,"doll","cdi_words","1","produces",NA,0,131,2026-04-28 16:52:20,"VVI201",420,"m","4/27/26",15,1
"676",676,"doll","cdi_words","1","understands",NA,0,131,2026-04-28 16:52:20,"VVI201",420,"m","4/27/26",15,1
"677",677,"doll","cdi_words","1","produces",NA,0,216,2026-03-08 20:15:37,"VVI146",510,"f","2/17/26",50,25
"678",678,"doll","cdi_words","1","understands",1,1,216,2026-03-08 20:15:37,"VVI146",510,"f","2/17/26",50,25
"679",679,"doll","cdi_words","1","produces",NA,0,179,2026-03-09 12:13:10,"VVI160",510,"m","2/23/26",15,6
"680",680,"doll","cdi_words","1","understands",NA,0,179,2026-03-09 12:13:10,"VVI160",510,"m","2/23/26",15,6
"681",681,"doll","cdi_words","1","produces",NA,0,102,2026-03-08 18:49:54,"VVI164",480,"m","2/25/26",40,11
"682",682,"doll","cdi_words","1","understands",NA,0,102,2026-03-08 18:49:54,"VVI164",480,"m","2/25/26",40,11
"683",683,"bread","cdi_words","1","produces",NA,0,245,2026-04-29 06:56:14,"VVI196",450,"f","4/14/26",45,10
"684",684,"bread","cdi_words","1","understands",1,1,245,2026-04-29 06:56:14,"VVI196",450,"f","4/14/26",45,10
"685",685,"bread","cdi_words","1","produces",NA,0,104,2026-03-29 15:34:33,"VVI183",420,"m","3/29/26",5,0
"686",686,"bread","cdi_words","1","understands",NA,0,104,2026-03-29 15:34:33,"VVI183",420,"m","3/29/26",5,0
"687",687,"bread","cdi_words","1","produces",NA,0,125,2026-04-30 08:46:28,"VVI197",450,"m","4/14/26",5,0
"688",688,"bread","cdi_words","1","understands",1,1,125,2026-04-30 08:46:28,"VVI197",450,"m","4/14/26",5,0
"689",689,"bread","cdi_words","1","produces",NA,0,213,2026-02-15 21:07:24,"VVI142",450,"f","2/16/26",20,3
"690",690,"bread","cdi_words","1","understands",NA,0,213,2026-02-15 21:07:24,"VVI142",450,"f","2/16/26",20,3
"691",691,"bread","cdi_words","1","produces",NA,0,76,2026-04-02 15:03:35,"VVI186",450,"m","2/26/04",15,2
"692",692,"bread","cdi_words","1","understands",NA,0,76,2026-04-02 15:03:35,"VVI186",450,"m","2/26/04",15,2
"693",693,"bread","cdi_words","1","produces",NA,0,223,2026-03-09 15:51:32,"VVI162",510,"f","2/24/26",30,11
"694",694,"bread","cdi_words","1","understands",1,1,223,2026-03-09 15:51:32,"VVI162",510,"f","2/24/26",30,11
"695",695,"bread","cdi_words","1","produces",NA,0,207,2026-04-08 10:48:19,"VVI193",450,"f","8/26/04",5,0
"696",696,"bread","cdi_words","1","understands",1,1,207,2026-04-08 10:48:19,"VVI193",450,"f","8/26/04",5,0
"697",697,"bread","cdi_words","1","produces",NA,0,131,2026-04-28 16:52:20,"VVI201",420,"m","4/27/26",15,1
"698",698,"bread","cdi_words","1","understands",1,1,131,2026-04-28 16:52:20,"VVI201",420,"m","4/27/26",15,1
"699",699,"bread","cdi_words","1","produces",2,1,216,2026-03-08 20:15:37,"VVI146",510,"f","2/17/26",50,25
"700",700,"bread","cdi_words","1","understands",2,1,216,2026-03-08 20:15:37,"VVI146",510,"f","2/17/26",50,25
"701",701,"bread","cdi_words","1","produces",NA,0,179,2026-03-09 12:13:10,"VVI160",510,"m","2/23/26",15,6
"702",702,"bread","cdi_words","1","understands",NA,0,179,2026-03-09 12:13:10,"VVI160",510,"m","2/23/26",15,6
"703",703,"bread","cdi_words","1","produces",NA,0,102,2026-03-08 18:49:54,"VVI164",480,"m","2/25/26",40,11
"704",704,"bread","cdi_words","1","understands",NA,0,102,2026-03-08 18:49:54,"VVI164",480,"m","2/25/26",40,11
"705",705,"candy","cdi_words","1","produces",NA,0,245,2026-04-29 06:56:14,"VVI196",450,"f","4/14/26",45,10
"706",706,"candy","cdi_words","1","understands",1,1,245,2026-04-29 06:56:14,"VVI196",450,"f","4/14/26",45,10
"707",707,"candy","cdi_words","1","produces",NA,0,104,2026-03-29 15:34:33,"VVI183",420,"m","3/29/26",5,0
"708",708,"candy","cdi_words","1","understands",NA,0,104,2026-03-29 15:34:33,"VVI183",420,"m","3/29/26",5,0
"709",709,"candy","cdi_words","1","produces",NA,0,125,2026-04-30 08:46:28,"VVI197",450,"m","4/14/26",5,0
"710",710,"candy","cdi_words","1","understands",1,1,125,2026-04-30 08:46:28,"VVI197",450,"m","4/14/26",5,0
"711",711,"candy","cdi_words","1","produces",NA,0,213,2026-02-15 21:07:24,"VVI142",450,"f","2/16/26",20,3
"712",712,"candy","cdi_words","1","understands",NA,0,213,2026-02-15 21:07:24,"VVI142",450,"f","2/16/26",20,3
"713",713,"candy","cdi_words","1","produces",NA,0,76,2026-04-02 15:03:35,"VVI186",450,"m","2/26/04",15,2
"714",714,"candy","cdi_words","1","understands",NA,0,76,2026-04-02 15:03:35,"VVI186",450,"m","2/26/04",15,2
"715",715,"candy","cdi_words","1","produces",NA,0,223,2026-03-09 15:51:32,"VVI162",510,"f","2/24/26",30,11
"716",716,"candy","cdi_words","1","understands",NA,0,223,2026-03-09 15:51:32,"VVI162",510,"f","2/24/26",30,11
"717",717,"candy","cdi_words","1","produces",NA,0,207,2026-04-08 10:48:19,"VVI193",450,"f","8/26/04",5,0
"718",718,"candy","cdi_words","1","understands",NA,0,207,2026-04-08 10:48:19,"VVI193",450,"f","8/26/04",5,0
"719",719,"candy","cdi_words","1","produces",NA,0,131,2026-04-28 16:52:20,"VVI201",420,"m","4/27/26",15,1
"720",720,"candy","cdi_words","1","understands",NA,0,131,2026-04-28 16:52:20,"VVI201",420,"m","4/27/26",15,1
"721",721,"candy","cdi_words","1","produces",NA,0,216,2026-03-08 20:15:37,"VVI146",510,"f","2/17/26",50,25
"722",722,"candy","cdi_words","1","understands",NA,0,216,2026-03-08 20:15:37,"VVI146",510,"f","2/17/26",50,25
"723",723,"candy","cdi_words","1","produces",NA,0,179,2026-03-09 12:13:10,"VVI160",510,"m","2/23/26",15,6
"724",724,"candy","cdi_words","1","understands",NA,0,179,2026-03-09 12:13:10,"VVI160",510,"m","2/23/26",15,6
"725",725,"candy","cdi_words","1","produces",NA,0,102,2026-03-08 18:49:54,"VVI164",480,"m","2/25/26",40,11
"726",726,"candy","cdi_words","1","understands",NA,0,102,2026-03-08 18:49:54,"VVI164",480,"m","2/25/26",40,11
"727",727,"cereal","cdi_words","1","produces",NA,0,245,2026-04-29 06:56:14,"VVI196",450,"f","4/14/26",45,10
"728",728,"cereal","cdi_words","1","understands",1,1,245,2026-04-29 06:56:14,"VVI196",450,"f","4/14/26",45,10
"729",729,"cereal","cdi_words","1","produces",NA,0,104,2026-03-29 15:34:33,"VVI183",420,"m","3/29/26",5,0
"730",730,"cereal","cdi_words","1","understands",NA,0,104,2026-03-29 15:34:33,"VVI183",420,"m","3/29/26",5,0
"731",731,"cereal","cdi_words","1","produces",NA,0,125,2026-04-30 08:46:28,"VVI197",450,"m","4/14/26",5,0
"732",732,"cereal","cdi_words","1","understands",NA,0,125,2026-04-30 08:46:28,"VVI197",450,"m","4/14/26",5,0
"733",733,"cereal","cdi_words","1","produces",NA,0,213,2026-02-15 21:07:24,"VVI142",450,"f","2/16/26",20,3
"734",734,"cereal","cdi_words","1","understands",NA,0,213,2026-02-15 21:07:24,"VVI142",450,"f","2/16/26",20,3
"735",735,"cereal","cdi_words","1","produces",NA,0,76,2026-04-02 15:03:35,"VVI186",450,"m","2/26/04",15,2
"736",736,"cereal","cdi_words","1","understands",NA,0,76,2026-04-02 15:03:35,"VVI186",450,"m","2/26/04",15,2
"737",737,"cereal","cdi_words","1","produces",NA,0,223,2026-03-09 15:51:32,"VVI162",510,"f","2/24/26",30,11
"738",738,"cereal","cdi_words","1","understands",NA,0,223,2026-03-09 15:51:32,"VVI162",510,"f","2/24/26",30,11
"739",739,"cereal","cdi_words","1","produces",NA,0,207,2026-04-08 10:48:19,"VVI193",450,"f","8/26/04",5,0
"740",740,"cereal","cdi_words","1","understands",1,1,207,2026-04-08 10:48:19,"VVI193",450,"f","8/26/04",5,0
"741",741,"cereal","cdi_words","1","produces",NA,0,131,2026-04-28 16:52:20,"VVI201",420,"m","4/27/26",15,1
"742",742,"cereal","cdi_words","1","understands",NA,0,131,2026-04-28 16:52:20,"VVI201",420,"m","4/27/26",15,1
"743",743,"cereal","cdi_words","1","produces",2,1,216,2026-03-08 20:15:37,"VVI146",510,"f","2/17/26",50,25
"744",744,"cereal","cdi_words","1","understands",2,1,216,2026-03-08 20:15:37,"VVI146",510,"f","2/17/26",50,25
"745",745,"cereal","cdi_words","1","produces",NA,0,179,2026-03-09 12:13:10,"VVI160",510,"m","2/23/26",15,6
"746",746,"cereal","cdi_words","1","understands",NA,0,179,2026-03-09 12:13:10,"VVI160",510,"m","2/23/26",15,6
"747",747,"cereal","cdi_words","1","produces",NA,0,102,2026-03-08 18:49:54,"VVI164",480,"m","2/25/26",40,11
"748",748,"cereal","cdi_words","1","understands",NA,0,102,2026-03-08 18:49:54,"VVI164",480,"m","2/25/26",40,11
"749",749,"cookie","cdi_words","1","produces",NA,0,245,2026-04-29 06:56:14,"VVI196",450,"f","4/14/26",45,10
"750",750,"cookie","cdi_words","1","understands",1,1,245,2026-04-29 06:56:14,"VVI196",450,"f","4/14/26",45,10
"751",751,"cookie","cdi_words","1","produces",NA,0,104,2026-03-29 15:34:33,"VVI183",420,"m","3/29/26",5,0
"752",752,"cookie","cdi_words","1","understands",NA,0,104,2026-03-29 15:34:33,"VVI183",420,"m","3/29/26",5,0
"753",753,"cookie","cdi_words","1","produces",NA,0,125,2026-04-30 08:46:28,"VVI197",450,"m","4/14/26",5,0
"754",754,"cookie","cdi_words","1","understands",1,1,125,2026-04-30 08:46:28,"VVI197",450,"m","4/14/26",5,0
"755",755,"cookie","cdi_words","1","produces",NA,0,213,2026-02-15 21:07:24,"VVI142",450,"f","2/16/26",20,3
"756",756,"cookie","cdi_words","1","understands",1,1,213,2026-02-15 21:07:24,"VVI142",450,"f","2/16/26",20,3
"757",757,"cookie","cdi_words","1","produces",NA,0,76,2026-04-02 15:03:35,"VVI186",450,"m","2/26/04",15,2
"758",758,"cookie","cdi_words","1","understands",NA,0,76,2026-04-02 15:03:35,"VVI186",450,"m","2/26/04",15,2
"759",759,"cookie","cdi_words","1","produces",NA,0,223,2026-03-09 15:51:32,"VVI162",510,"f","2/24/26",30,11
"760",760,"cookie","cdi_words","1","understands",NA,0,223,2026-03-09 15:51:32,"VVI162",510,"f","2/24/26",30,11
"761",761,"cookie","cdi_words","1","produces",NA,0,207,2026-04-08 10:48:19,"VVI193",450,"f","8/26/04",5,0
"762",762,"cookie","cdi_words","1","understands",NA,0,207,2026-04-08 10:48:19,"VVI193",450,"f","8/26/04",5,0
"763",763,"cookie","cdi_words","1","produces",NA,0,131,2026-04-28 16:52:20,"VVI201",420,"m","4/27/26",15,1
"764",764,"cookie","cdi_words","1","understands",1,1,131,2026-04-28 16:52:20,"VVI201",420,"m","4/27/26",15,1
"765",765,"cookie","cdi_words","1","produces",2,1,216,2026-03-08 20:15:37,"VVI146",510,"f","2/17/26",50,25
"766",766,"cookie","cdi_words","1","understands",2,1,216,2026-03-08 20:15:37,"VVI146",510,"f","2/17/26",50,25
"767",767,"cookie","cdi_words","1","produces",NA,0,179,2026-03-09 12:13:10,"VVI160",510,"m","2/23/26",15,6
"768",768,"cookie","cdi_words","1","understands",NA,0,179,2026-03-09 12:13:10,"VVI160",510,"m","2/23/26",15,6
"769",769,"cookie","cdi_words","1","produces",2,1,102,2026-03-08 18:49:54,"VVI164",480,"m","2/25/26",40,11
"770",770,"cookie","cdi_words","1","understands",2,1,102,2026-03-08 18:49:54,"VVI164",480,"m","2/25/26",40,11
"771",771,"meow","cdi_words","1","produces",NA,0,245,2026-04-29 06:56:14,"VVI196",450,"f","4/14/26",45,10
"772",772,"meow","cdi_words","1","understands",1,1,245,2026-04-29 06:56:14,"VVI196",450,"f","4/14/26",45,10
"773",773,"meow","cdi_words","1","produces",NA,0,104,2026-03-29 15:34:33,"VVI183",420,"m","3/29/26",5,0
"774",774,"meow","cdi_words","1","understands",NA,0,104,2026-03-29 15:34:33,"VVI183",420,"m","3/29/26",5,0
"775",775,"meow","cdi_words","1","produces",NA,0,125,2026-04-30 08:46:28,"VVI197",450,"m","4/14/26",5,0
"776",776,"meow","cdi_words","1","understands",1,1,125,2026-04-30 08:46:28,"VVI197",450,"m","4/14/26",5,0
"777",777,"meow","cdi_words","1","produces",NA,0,213,2026-02-15 21:07:24,"VVI142",450,"f","2/16/26",20,3
"778",778,"meow","cdi_words","1","understands",NA,0,213,2026-02-15 21:07:24,"VVI142",450,"f","2/16/26",20,3
"779",779,"meow","cdi_words","1","produces",NA,0,76,2026-04-02 15:03:35,"VVI186",450,"m","2/26/04",15,2
"780",780,"meow","cdi_words","1","understands",NA,0,76,2026-04-02 15:03:35,"VVI186",450,"m","2/26/04",15,2
"781",781,"meow","cdi_words","1","produces",2,1,223,2026-03-09 15:51:32,"VVI162",510,"f","2/24/26",30,11
"782",782,"meow","cdi_words","1","understands",2,1,223,2026-03-09 15:51:32,"VVI162",510,"f","2/24/26",30,11
"783",783,"meow","cdi_words","1","produces",NA,0,207,2026-04-08 10:48:19,"VVI193",450,"f","8/26/04",5,0
"784",784,"meow","cdi_words","1","understands",1,1,207,2026-04-08 10:48:19,"VVI193",450,"f","8/26/04",5,0
"785",785,"meow","cdi_words","1","produces",NA,0,131,2026-04-28 16:52:20,"VVI201",420,"m","4/27/26",15,1
"786",786,"meow","cdi_words","1","understands",NA,0,131,2026-04-28 16:52:20,"VVI201",420,"m","4/27/26",15,1
"787",787,"meow","cdi_words","1","produces",2,1,216,2026-03-08 20:15:37,"VVI146",510,"f","2/17/26",50,25
"788",788,"meow","cdi_words","1","understands",2,1,216,2026-03-08 20:15:37,"VVI146",510,"f","2/17/26",50,25
"789",789,"meow","cdi_words","1","produces",NA,0,179,2026-03-09 12:13:10,"VVI160",510,"m","2/23/26",15,6
"790",790,"meow","cdi_words","1","understands",1,1,179,2026-03-09 12:13:10,"VVI160",510,"m","2/23/26",15,6
"791",791,"meow","cdi_words","1","produces",NA,0,102,2026-03-08 18:49:54,"VVI164",480,"m","2/25/26",40,11
"792",792,"meow","cdi_words","1","understands",NA,0,102,2026-03-08 18:49:54,"VVI164",480,"m","2/25/26",40,11
"793",793,"juice","cdi_words","1","produces",NA,0,245,2026-04-29 06:56:14,"VVI196",450,"f","4/14/26",45,10
"794",794,"juice","cdi_words","1","understands",1,1,245,2026-04-29 06:56:14,"VVI196",450,"f","4/14/26",45,10
"795",795,"juice","cdi_words","1","produces",NA,0,104,2026-03-29 15:34:33,"VVI183",420,"m","3/29/26",5,0
"796",796,"juice","cdi_words","1","understands",NA,0,104,2026-03-29 15:34:33,"VVI183",420,"m","3/29/26",5,0
"797",797,"juice","cdi_words","1","produces",NA,0,125,2026-04-30 08:46:28,"VVI197",450,"m","4/14/26",5,0
"798",798,"juice","cdi_words","1","understands",NA,0,125,2026-04-30 08:46:28,"VVI197",450,"m","4/14/26",5,0
"799",799,"juice","cdi_words","1","produces",NA,0,213,2026-02-15 21:07:24,"VVI142",450,"f","2/16/26",20,3
"800",800,"juice","cdi_words","1","understands",NA,0,213,2026-02-15 21:07:24,"VVI142",450,"f","2/16/26",20,3
"801",801,"juice","cdi_words","1","produces",NA,0,76,2026-04-02 15:03:35,"VVI186",450,"m","2/26/04",15,2
"802",802,"juice","cdi_words","1","understands",NA,0,76,2026-04-02 15:03:35,"VVI186",450,"m","2/26/04",15,2
"803",803,"juice","cdi_words","1","produces",NA,0,223,2026-03-09 15:51:32,"VVI162",510,"f","2/24/26",30,11
"804",804,"juice","cdi_words","1","understands",NA,0,223,2026-03-09 15:51:32,"VVI162",510,"f","2/24/26",30,11
"805",805,"juice","cdi_words","1","produces",NA,0,207,2026-04-08 10:48:19,"VVI193",450,"f","8/26/04",5,0
"806",806,"juice","cdi_words","1","understands",NA,0,207,2026-04-08 10:48:19,"VVI193",450,"f","8/26/04",5,0
"807",807,"juice","cdi_words","1","produces",NA,0,131,2026-04-28 16:52:20,"VVI201",420,"m","4/27/26",15,1
"808",808,"juice","cdi_words","1","understands",NA,0,131,2026-04-28 16:52:20,"VVI201",420,"m","4/27/26",15,1
"809",809,"juice","cdi_words","1","produces",NA,0,216,2026-03-08 20:15:37,"VVI146",510,"f","2/17/26",50,25
"810",810,"juice","cdi_words","1","understands",1,1,216,2026-03-08 20:15:37,"VVI146",510,"f","2/17/26",50,25
"811",811,"juice","cdi_words","1","produces",NA,0,179,2026-03-09 12:13:10,"VVI160",510,"m","2/23/26",15,6
"812",812,"juice","cdi_words","1","understands",NA,0,179,2026-03-09 12:13:10,"VVI160",510,"m","2/23/26",15,6
"813",813,"juice","cdi_words","1","produces",NA,0,102,2026-03-08 18:49:54,"VVI164",480,"m","2/25/26",40,11
"814",814,"juice","cdi_words","1","understands",NA,0,102,2026-03-08 18:49:54,"VVI164",480,"m","2/25/26",40,11
"815",815,"toast","cdi_words","1","produces",NA,0,245,2026-04-29 06:56:14,"VVI196",450,"f","4/14/26",45,10
"816",816,"toast","cdi_words","1","understands",1,1,245,2026-04-29 06:56:14,"VVI196",450,"f","4/14/26",45,10
"817",817,"toast","cdi_words","1","produces",NA,0,104,2026-03-29 15:34:33,"VVI183",420,"m","3/29/26",5,0
"818",818,"toast","cdi_words","1","understands",NA,0,104,2026-03-29 15:34:33,"VVI183",420,"m","3/29/26",5,0
"819",819,"toast","cdi_words","1","produces",NA,0,125,2026-04-30 08:46:28,"VVI197",450,"m","4/14/26",5,0
"820",820,"toast","cdi_words","1","understands",NA,0,125,2026-04-30 08:46:28,"VVI197",450,"m","4/14/26",5,0
"821",821,"toast","cdi_words","1","produces",NA,0,213,2026-02-15 21:07:24,"VVI142",450,"f","2/16/26",20,3
"822",822,"toast","cdi_words","1","understands",NA,0,213,2026-02-15 21:07:24,"VVI142",450,"f","2/16/26",20,3
"823",823,"toast","cdi_words","1","produces",NA,0,76,2026-04-02 15:03:35,"VVI186",450,"m","2/26/04",15,2
"824",824,"toast","cdi_words","1","understands",NA,0,76,2026-04-02 15:03:35,"VVI186",450,"m","2/26/04",15,2
"825",825,"toast","cdi_words","1","produces",NA,0,223,2026-03-09 15:51:32,"VVI162",510,"f","2/24/26",30,11
"826",826,"toast","cdi_words","1","understands",NA,0,223,2026-03-09 15:51:32,"VVI162",510,"f","2/24/26",30,11
"827",827,"toast","cdi_words","1","produces",NA,0,207,2026-04-08 10:48:19,"VVI193",450,"f","8/26/04",5,0
"828",828,"toast","cdi_words","1","understands",NA,0,207,2026-04-08 10:48:19,"VVI193",450,"f","8/26/04",5,0
"829",829,"toast","cdi_words","1","produces",NA,0,131,2026-04-28 16:52:20,"VVI201",420,"m","4/27/26",15,1
"830",830,"toast","cdi_words","1","understands",1,1,131,2026-04-28 16:52:20,"VVI201",420,"m","4/27/26",15,1
"831",831,"toast","cdi_words","1","produces",NA,0,216,2026-03-08 20:15:37,"VVI146",510,"f","2/17/26",50,25
"832",832,"toast","cdi_words","1","understands",NA,0,216,2026-03-08 20:15:37,"VVI146",510,"f","2/17/26",50,25
"833",833,"toast","cdi_words","1","produces",NA,0,179,2026-03-09 12:13:10,"VVI160",510,"m","2/23/26",15,6
"834",834,"toast","cdi_words","1","understands",NA,0,179,2026-03-09 12:13:10,"VVI160",510,"m","2/23/26",15,6
"835",835,"toast","cdi_words","1","produces",NA,0,102,2026-03-08 18:49:54,"VVI164",480,"m","2/25/26",40,11
"836",836,"toast","cdi_words","1","understands",NA,0,102,2026-03-08 18:49:54,"VVI164",480,"m","2/25/26",40,11
"837",837,"hat","cdi_words","1","produces",NA,0,245,2026-04-29 06:56:14,"VVI196",450,"f","4/14/26",45,10
"838",838,"hat","cdi_words","1","understands",1,1,245,2026-04-29 06:56:14,"VVI196",450,"f","4/14/26",45,10
"839",839,"hat","cdi_words","1","produces",NA,0,104,2026-03-29 15:34:33,"VVI183",420,"m","3/29/26",5,0
"840",840,"hat","cdi_words","1","understands",NA,0,104,2026-03-29 15:34:33,"VVI183",420,"m","3/29/26",5,0
"841",841,"hat","cdi_words","1","produces",NA,0,125,2026-04-30 08:46:28,"VVI197",450,"m","4/14/26",5,0
"842",842,"hat","cdi_words","1","understands",NA,0,125,2026-04-30 08:46:28,"VVI197",450,"m","4/14/26",5,0
"843",843,"hat","cdi_words","1","produces",NA,0,213,2026-02-15 21:07:24,"VVI142",450,"f","2/16/26",20,3
"844",844,"hat","cdi_words","1","understands",1,1,213,2026-02-15 21:07:24,"VVI142",450,"f","2/16/26",20,3
"845",845,"hat","cdi_words","1","produces",NA,0,76,2026-04-02 15:03:35,"VVI186",450,"m","2/26/04",15,2
"846",846,"hat","cdi_words","1","understands",NA,0,76,2026-04-02 15:03:35,"VVI186",450,"m","2/26/04",15,2
"847",847,"hat","cdi_words","1","produces",NA,0,223,2026-03-09 15:51:32,"VVI162",510,"f","2/24/26",30,11
"848",848,"hat","cdi_words","1","understands",NA,0,223,2026-03-09 15:51:32,"VVI162",510,"f","2/24/26",30,11
"849",849,"hat","cdi_words","1","produces",NA,0,207,2026-04-08 10:48:19,"VVI193",450,"f","8/26/04",5,0
"850",850,"hat","cdi_words","1","understands",1,1,207,2026-04-08 10:48:19,"VVI193",450,"f","8/26/04",5,0
"851",851,"hat","cdi_words","1","produces",NA,0,131,2026-04-28 16:52:20,"VVI201",420,"m","4/27/26",15,1
"852",852,"hat","cdi_words","1","understands",1,1,131,2026-04-28 16:52:20,"VVI201",420,"m","4/27/26",15,1
"853",853,"hat","cdi_words","1","produces",2,1,216,2026-03-08 20:15:37,"VVI146",510,"f","2/17/26",50,25
"854",854,"hat","cdi_words","1","understands",2,1,216,2026-03-08 20:15:37,"VVI146",510,"f","2/17/26",50,25
"855",855,"hat","cdi_words","1","produces",NA,0,179,2026-03-09 12:13:10,"VVI160",510,"m","2/23/26",15,6
"856",856,"hat","cdi_words","1","understands",NA,0,179,2026-03-09 12:13:10,"VVI160",510,"m","2/23/26",15,6
"857",857,"hat","cdi_words","1","produces",2,1,102,2026-03-08 18:49:54,"VVI164",480,"m","2/25/26",40,11
"858",858,"hat","cdi_words","1","understands",2,1,102,2026-03-08 18:49:54,"VVI164",480,"m","2/25/26",40,11
"859",859,"pants","cdi_words","1","produces",NA,0,245,2026-04-29 06:56:14,"VVI196",450,"f","4/14/26",45,10
"860",860,"pants","cdi_words","1","understands",1,1,245,2026-04-29 06:56:14,"VVI196",450,"f","4/14/26",45,10
"861",861,"pants","cdi_words","1","produces",NA,0,104,2026-03-29 15:34:33,"VVI183",420,"m","3/29/26",5,0
"862",862,"pants","cdi_words","1","understands",NA,0,104,2026-03-29 15:34:33,"VVI183",420,"m","3/29/26",5,0
"863",863,"pants","cdi_words","1","produces",NA,0,125,2026-04-30 08:46:28,"VVI197",450,"m","4/14/26",5,0
"864",864,"pants","cdi_words","1","understands",1,1,125,2026-04-30 08:46:28,"VVI197",450,"m","4/14/26",5,0
"865",865,"pants","cdi_words","1","produces",NA,0,213,2026-02-15 21:07:24,"VVI142",450,"f","2/16/26",20,3
"866",866,"pants","cdi_words","1","understands",1,1,213,2026-02-15 21:07:24,"VVI142",450,"f","2/16/26",20,3
"867",867,"pants","cdi_words","1","produces",NA,0,76,2026-04-02 15:03:35,"VVI186",450,"m","2/26/04",15,2
"868",868,"pants","cdi_words","1","understands",NA,0,76,2026-04-02 15:03:35,"VVI186",450,"m","2/26/04",15,2
"869",869,"pants","cdi_words","1","produces",NA,0,223,2026-03-09 15:51:32,"VVI162",510,"f","2/24/26",30,11
"870",870,"pants","cdi_words","1","understands",NA,0,223,2026-03-09 15:51:32,"VVI162",510,"f","2/24/26",30,11
"871",871,"pants","cdi_words","1","produces",NA,0,207,2026-04-08 10:48:19,"VVI193",450,"f","8/26/04",5,0
"872",872,"pants","cdi_words","1","understands",1,1,207,2026-04-08 10:48:19,"VVI193",450,"f","8/26/04",5,0
"873",873,"pants","cdi_words","1","produces",NA,0,131,2026-04-28 16:52:20,"VVI201",420,"m","4/27/26",15,1
"874",874,"pants","cdi_words","1","understands",1,1,131,2026-04-28 16:52:20,"VVI201",420,"m","4/27/26",15,1
"875",875,"pants","cdi_words","1","produces",NA,0,216,2026-03-08 20:15:37,"VVI146",510,"f","2/17/26",50,25
"876",876,"pants","cdi_words","1","understands",1,1,216,2026-03-08 20:15:37,"VVI146",510,"f","2/17/26",50,25
"877",877,"pants","cdi_words","1","produces",NA,0,179,2026-03-09 12:13:10,"VVI160",510,"m","2/23/26",15,6
"878",878,"pants","cdi_words","1","understands",1,1,179,2026-03-09 12:13:10,"VVI160",510,"m","2/23/26",15,6
"879",879,"pants","cdi_words","1","produces",NA,0,102,2026-03-08 18:49:54,"VVI164",480,"m","2/25/26",40,11
"880",880,"pants","cdi_words","1","understands",NA,0,102,2026-03-08 18:49:54,"VVI164",480,"m","2/25/26",40,11
"881",881,"shoe","cdi_words","1","produces",NA,0,245,2026-04-29 06:56:14,"VVI196",450,"f","4/14/26",45,10
"882",882,"shoe","cdi_words","1","understands",1,1,245,2026-04-29 06:56:14,"VVI196",450,"f","4/14/26",45,10
"883",883,"shoe","cdi_words","1","produces",NA,0,104,2026-03-29 15:34:33,"VVI183",420,"m","3/29/26",5,0
"884",884,"shoe","cdi_words","1","understands",NA,0,104,2026-03-29 15:34:33,"VVI183",420,"m","3/29/26",5,0
"885",885,"shoe","cdi_words","1","produces",NA,0,125,2026-04-30 08:46:28,"VVI197",450,"m","4/14/26",5,0
"886",886,"shoe","cdi_words","1","understands",1,1,125,2026-04-30 08:46:28,"VVI197",450,"m","4/14/26",5,0
"887",887,"shoe","cdi_words","1","produces",NA,0,213,2026-02-15 21:07:24,"VVI142",450,"f","2/16/26",20,3
"888",888,"shoe","cdi_words","1","understands",1,1,213,2026-02-15 21:07:24,"VVI142",450,"f","2/16/26",20,3
"889",889,"shoe","cdi_words","1","produces",NA,0,76,2026-04-02 15:03:35,"VVI186",450,"m","2/26/04",15,2
"890",890,"shoe","cdi_words","1","understands",NA,0,76,2026-04-02 15:03:35,"VVI186",450,"m","2/26/04",15,2
"891",891,"shoe","cdi_words","1","produces",NA,0,223,2026-03-09 15:51:32,"VVI162",510,"f","2/24/26",30,11
"892",892,"shoe","cdi_words","1","understands",1,1,223,2026-03-09 15:51:32,"VVI162",510,"f","2/24/26",30,11
"893",893,"shoe","cdi_words","1","produces",NA,0,207,2026-04-08 10:48:19,"VVI193",450,"f","8/26/04",5,0
"894",894,"shoe","cdi_words","1","understands",1,1,207,2026-04-08 10:48:19,"VVI193",450,"f","8/26/04",5,0
"895",895,"shoe","cdi_words","1","produces",NA,0,131,2026-04-28 16:52:20,"VVI201",420,"m","4/27/26",15,1
"896",896,"shoe","cdi_words","1","understands",1,1,131,2026-04-28 16:52:20,"VVI201",420,"m","4/27/26",15,1
"897",897,"shoe","cdi_words","1","produces",2,1,216,2026-03-08 20:15:37,"VVI146",510,"f","2/17/26",50,25
"898",898,"shoe","cdi_words","1","understands",2,1,216,2026-03-08 20:15:37,"VVI146",510,"f","2/17/26",50,25
"899",899,"shoe","cdi_words","1","produces",NA,0,179,2026-03-09 12:13:10,"VVI160",510,"m","2/23/26",15,6
"900",900,"shoe","cdi_words","1","understands",1,1,179,2026-03-09 12:13:10,"VVI160",510,"m","2/23/26",15,6
"901",901,"shoe","cdi_words","1","produces",2,1,102,2026-03-08 18:49:54,"VVI164",480,"m","2/25/26",40,11
"902",902,"shoe","cdi_words","1","understands",2,1,102,2026-03-08 18:49:54,"VVI164",480,"m","2/25/26",40,11
"903",903,"sock","cdi_words","1","produces",2,1,245,2026-04-29 06:56:14,"VVI196",450,"f","4/14/26",45,10
"904",904,"sock","cdi_words","1","understands",2,1,245,2026-04-29 06:56:14,"VVI196",450,"f","4/14/26",45,10
"905",905,"sock","cdi_words","1","produces",NA,0,104,2026-03-29 15:34:33,"VVI183",420,"m","3/29/26",5,0
"906",906,"sock","cdi_words","1","understands",NA,0,104,2026-03-29 15:34:33,"VVI183",420,"m","3/29/26",5,0
"907",907,"sock","cdi_words","1","produces",NA,0,125,2026-04-30 08:46:28,"VVI197",450,"m","4/14/26",5,0
"908",908,"sock","cdi_words","1","understands",1,1,125,2026-04-30 08:46:28,"VVI197",450,"m","4/14/26",5,0
"909",909,"sock","cdi_words","1","produces",NA,0,213,2026-02-15 21:07:24,"VVI142",450,"f","2/16/26",20,3
"910",910,"sock","cdi_words","1","understands",1,1,213,2026-02-15 21:07:24,"VVI142",450,"f","2/16/26",20,3
"911",911,"sock","cdi_words","1","produces",NA,0,76,2026-04-02 15:03:35,"VVI186",450,"m","2/26/04",15,2
"912",912,"sock","cdi_words","1","understands",NA,0,76,2026-04-02 15:03:35,"VVI186",450,"m","2/26/04",15,2
"913",913,"sock","cdi_words","1","produces",NA,0,223,2026-03-09 15:51:32,"VVI162",510,"f","2/24/26",30,11
"914",914,"sock","cdi_words","1","understands",1,1,223,2026-03-09 15:51:32,"VVI162",510,"f","2/24/26",30,11
"915",915,"sock","cdi_words","1","produces",NA,0,207,2026-04-08 10:48:19,"VVI193",450,"f","8/26/04",5,0
"916",916,"sock","cdi_words","1","understands",1,1,207,2026-04-08 10:48:19,"VVI193",450,"f","8/26/04",5,0
"917",917,"sock","cdi_words","1","produces",NA,0,131,2026-04-28 16:52:20,"VVI201",420,"m","4/27/26",15,1
"918",918,"sock","cdi_words","1","understands",1,1,131,2026-04-28 16:52:20,"VVI201",420,"m","4/27/26",15,1
"919",919,"sock","cdi_words","1","produces",NA,0,216,2026-03-08 20:15:37,"VVI146",510,"f","2/17/26",50,25
"920",920,"sock","cdi_words","1","understands",1,1,216,2026-03-08 20:15:37,"VVI146",510,"f","2/17/26",50,25
"921",921,"sock","cdi_words","1","produces",NA,0,179,2026-03-09 12:13:10,"VVI160",510,"m","2/23/26",15,6
"922",922,"sock","cdi_words","1","understands",1,1,179,2026-03-09 12:13:10,"VVI160",510,"m","2/23/26",15,6
"923",923,"sock","cdi_words","1","produces",NA,0,102,2026-03-08 18:49:54,"VVI164",480,"m","2/25/26",40,11
"924",924,"sock","cdi_words","1","understands",1,1,102,2026-03-08 18:49:54,"VVI164",480,"m","2/25/26",40,11
"925",925,"eye","cdi_words","1","produces",NA,0,245,2026-04-29 06:56:14,"VVI196",450,"f","4/14/26",45,10
"926",926,"eye","cdi_words","1","understands",1,1,245,2026-04-29 06:56:14,"VVI196",450,"f","4/14/26",45,10
"927",927,"eye","cdi_words","1","produces",NA,0,104,2026-03-29 15:34:33,"VVI183",420,"m","3/29/26",5,0
"928",928,"eye","cdi_words","1","understands",NA,0,104,2026-03-29 15:34:33,"VVI183",420,"m","3/29/26",5,0
"929",929,"eye","cdi_words","1","produces",NA,0,125,2026-04-30 08:46:28,"VVI197",450,"m","4/14/26",5,0
"930",930,"eye","cdi_words","1","understands",1,1,125,2026-04-30 08:46:28,"VVI197",450,"m","4/14/26",5,0
"931",931,"eye","cdi_words","1","produces",NA,0,213,2026-02-15 21:07:24,"VVI142",450,"f","2/16/26",20,3
"932",932,"eye","cdi_words","1","understands",1,1,213,2026-02-15 21:07:24,"VVI142",450,"f","2/16/26",20,3
"933",933,"eye","cdi_words","1","produces",NA,0,76,2026-04-02 15:03:35,"VVI186",450,"m","2/26/04",15,2
"934",934,"eye","cdi_words","1","understands",NA,0,76,2026-04-02 15:03:35,"VVI186",450,"m","2/26/04",15,2
"935",935,"eye","cdi_words","1","produces",NA,0,223,2026-03-09 15:51:32,"VVI162",510,"f","2/24/26",30,11
"936",936,"eye","cdi_words","1","understands",1,1,223,2026-03-09 15:51:32,"VVI162",510,"f","2/24/26",30,11
"937",937,"eye","cdi_words","1","produces",NA,0,207,2026-04-08 10:48:19,"VVI193",450,"f","8/26/04",5,0
"938",938,"eye","cdi_words","1","understands",1,1,207,2026-04-08 10:48:19,"VVI193",450,"f","8/26/04",5,0
"939",939,"eye","cdi_words","1","produces",NA,0,131,2026-04-28 16:52:20,"VVI201",420,"m","4/27/26",15,1
"940",940,"eye","cdi_words","1","understands",NA,0,131,2026-04-28 16:52:20,"VVI201",420,"m","4/27/26",15,1
"941",941,"eye","cdi_words","1","produces",NA,0,216,2026-03-08 20:15:37,"VVI146",510,"f","2/17/26",50,25
"942",942,"eye","cdi_words","1","understands",1,1,216,2026-03-08 20:15:37,"VVI146",510,"f","2/17/26",50,25
"943",943,"eye","cdi_words","1","produces",NA,0,179,2026-03-09 12:13:10,"VVI160",510,"m","2/23/26",15,6
"944",944,"eye","cdi_words","1","understands",1,1,179,2026-03-09 12:13:10,"VVI160",510,"m","2/23/26",15,6
"945",945,"eye","cdi_words","1","produces",NA,0,102,2026-03-08 18:49:54,"VVI164",480,"m","2/25/26",40,11
"946",946,"eye","cdi_words","1","understands",NA,0,102,2026-03-08 18:49:54,"VVI164",480,"m","2/25/26",40,11
"947",947,"head","cdi_words","1","produces",NA,0,245,2026-04-29 06:56:14,"VVI196",450,"f","4/14/26",45,10
"948",948,"head","cdi_words","1","understands",1,1,245,2026-04-29 06:56:14,"VVI196",450,"f","4/14/26",45,10
"949",949,"head","cdi_words","1","produces",NA,0,104,2026-03-29 15:34:33,"VVI183",420,"m","3/29/26",5,0
"950",950,"head","cdi_words","1","understands",NA,0,104,2026-03-29 15:34:33,"VVI183",420,"m","3/29/26",5,0
"951",951,"head","cdi_words","1","produces",NA,0,125,2026-04-30 08:46:28,"VVI197",450,"m","4/14/26",5,0
"952",952,"head","cdi_words","1","understands",1,1,125,2026-04-30 08:46:28,"VVI197",450,"m","4/14/26",5,0
"953",953,"head","cdi_words","1","produces",NA,0,213,2026-02-15 21:07:24,"VVI142",450,"f","2/16/26",20,3
"954",954,"head","cdi_words","1","understands",1,1,213,2026-02-15 21:07:24,"VVI142",450,"f","2/16/26",20,3
"955",955,"head","cdi_words","1","produces",NA,0,76,2026-04-02 15:03:35,"VVI186",450,"m","2/26/04",15,2
"956",956,"head","cdi_words","1","understands",1,1,76,2026-04-02 15:03:35,"VVI186",450,"m","2/26/04",15,2
"957",957,"head","cdi_words","1","produces",NA,0,223,2026-03-09 15:51:32,"VVI162",510,"f","2/24/26",30,11
"958",958,"head","cdi_words","1","understands",1,1,223,2026-03-09 15:51:32,"VVI162",510,"f","2/24/26",30,11
"959",959,"head","cdi_words","1","produces",NA,0,207,2026-04-08 10:48:19,"VVI193",450,"f","8/26/04",5,0
"960",960,"head","cdi_words","1","understands",1,1,207,2026-04-08 10:48:19,"VVI193",450,"f","8/26/04",5,0
"961",961,"head","cdi_words","1","produces",NA,0,131,2026-04-28 16:52:20,"VVI201",420,"m","4/27/26",15,1
"962",962,"head","cdi_words","1","understands",NA,0,131,2026-04-28 16:52:20,"VVI201",420,"m","4/27/26",15,1
"963",963,"head","cdi_words","1","produces",NA,0,216,2026-03-08 20:15:37,"VVI146",510,"f","2/17/26",50,25
"964",964,"head","cdi_words","1","understands",1,1,216,2026-03-08 20:15:37,"VVI146",510,"f","2/17/26",50,25
"965",965,"head","cdi_words","1","produces",NA,0,179,2026-03-09 12:13:10,"VVI160",510,"m","2/23/26",15,6
"966",966,"head","cdi_words","1","understands",NA,0,179,2026-03-09 12:13:10,"VVI160",510,"m","2/23/26",15,6
"967",967,"head","cdi_words","1","produces",NA,0,102,2026-03-08 18:49:54,"VVI164",480,"m","2/25/26",40,11
"968",968,"head","cdi_words","1","understands",NA,0,102,2026-03-08 18:49:54,"VVI164",480,"m","2/25/26",40,11
"969",969,"leg","cdi_words","1","produces",NA,0,245,2026-04-29 06:56:14,"VVI196",450,"f","4/14/26",45,10
"970",970,"leg","cdi_words","1","understands",1,1,245,2026-04-29 06:56:14,"VVI196",450,"f","4/14/26",45,10
"971",971,"leg","cdi_words","1","produces",NA,0,104,2026-03-29 15:34:33,"VVI183",420,"m","3/29/26",5,0
"972",972,"leg","cdi_words","1","understands",NA,0,104,2026-03-29 15:34:33,"VVI183",420,"m","3/29/26",5,0
"973",973,"leg","cdi_words","1","produces",NA,0,125,2026-04-30 08:46:28,"VVI197",450,"m","4/14/26",5,0
"974",974,"leg","cdi_words","1","understands",1,1,125,2026-04-30 08:46:28,"VVI197",450,"m","4/14/26",5,0
"975",975,"leg","cdi_words","1","produces",NA,0,213,2026-02-15 21:07:24,"VVI142",450,"f","2/16/26",20,3
"976",976,"leg","cdi_words","1","understands",1,1,213,2026-02-15 21:07:24,"VVI142",450,"f","2/16/26",20,3
"977",977,"leg","cdi_words","1","produces",NA,0,76,2026-04-02 15:03:35,"VVI186",450,"m","2/26/04",15,2
"978",978,"leg","cdi_words","1","understands",NA,0,76,2026-04-02 15:03:35,"VVI186",450,"m","2/26/04",15,2
"979",979,"leg","cdi_words","1","produces",NA,0,223,2026-03-09 15:51:32,"VVI162",510,"f","2/24/26",30,11
"980",980,"leg","cdi_words","1","understands",1,1,223,2026-03-09 15:51:32,"VVI162",510,"f","2/24/26",30,11
"981",981,"leg","cdi_words","1","produces",NA,0,207,2026-04-08 10:48:19,"VVI193",450,"f","8/26/04",5,0
"982",982,"leg","cdi_words","1","understands",1,1,207,2026-04-08 10:48:19,"VVI193",450,"f","8/26/04",5,0
"983",983,"leg","cdi_words","1","produces",NA,0,131,2026-04-28 16:52:20,"VVI201",420,"m","4/27/26",15,1
"984",984,"leg","cdi_words","1","understands",NA,0,131,2026-04-28 16:52:20,"VVI201",420,"m","4/27/26",15,1
"985",985,"leg","cdi_words","1","produces",NA,0,216,2026-03-08 20:15:37,"VVI146",510,"f","2/17/26",50,25
"986",986,"leg","cdi_words","1","understands",1,1,216,2026-03-08 20:15:37,"VVI146",510,"f","2/17/26",50,25
"987",987,"leg","cdi_words","1","produces",NA,0,179,2026-03-09 12:13:10,"VVI160",510,"m","2/23/26",15,6
"988",988,"leg","cdi_words","1","understands",NA,0,179,2026-03-09 12:13:10,"VVI160",510,"m","2/23/26",15,6
"989",989,"leg","cdi_words","1","produces",NA,0,102,2026-03-08 18:49:54,"VVI164",480,"m","2/25/26",40,11
"990",990,"leg","cdi_words","1","understands",NA,0,102,2026-03-08 18:49:54,"VVI164",480,"m","2/25/26",40,11
"991",991,"nose","cdi_words","1","produces",NA,0,245,2026-04-29 06:56:14,"VVI196",450,"f","4/14/26",45,10
"992",992,"nose","cdi_words","1","understands",1,1,245,2026-04-29 06:56:14,"VVI196",450,"f","4/14/26",45,10
"993",993,"nose","cdi_words","1","produces",NA,0,104,2026-03-29 15:34:33,"VVI183",420,"m","3/29/26",5,0
"994",994,"nose","cdi_words","1","understands",NA,0,104,2026-03-29 15:34:33,"VVI183",420,"m","3/29/26",5,0
"995",995,"nose","cdi_words","1","produces",NA,0,125,2026-04-30 08:46:28,"VVI197",450,"m","4/14/26",5,0
"996",996,"nose","cdi_words","1","understands",1,1,125,2026-04-30 08:46:28,"VVI197",450,"m","4/14/26",5,0
"997",997,"nose","cdi_words","1","produces",NA,0,213,2026-02-15 21:07:24,"VVI142",450,"f","2/16/26",20,3
"998",998,"nose","cdi_words","1","understands",1,1,213,2026-02-15 21:07:24,"VVI142",450,"f","2/16/26",20,3
"999",999,"nose","cdi_words","1","produces",NA,0,76,2026-04-02 15:03:35,"VVI186",450,"m","2/26/04",15,2
"1000",1000,"nose","cdi_words","1","understands",NA,0,76,2026-04-02 15:03:35,"VVI186",450,"m","2/26/04",15,2
"1001",1001,"nose","cdi_words","1","produces",NA,0,223,2026-03-09 15:51:32,"VVI162",510,"f","2/24/26",30,11
"1002",1002,"nose","cdi_words","1","understands",1,1,223,2026-03-09 15:51:32,"VVI162",510,"f","2/24/26",30,11
"1003",1003,"nose","cdi_words","1","produces",NA,0,207,2026-04-08 10:48:19,"VVI193",450,"f","8/26/04",5,0
"1004",1004,"nose","cdi_words","1","understands",1,1,207,2026-04-08 10:48:19,"VVI193",450,"f","8/26/04",5,0
"1005",1005,"nose","cdi_words","1","produces",NA,0,131,2026-04-28 16:52:20,"VVI201",420,"m","4/27/26",15,1
"1006",1006,"nose","cdi_words","1","understands",NA,0,131,2026-04-28 16:52:20,"VVI201",420,"m","4/27/26",15,1
"1007",1007,"nose","cdi_words","1","produces",NA,0,216,2026-03-08 20:15:37,"VVI146",510,"f","2/17/26",50,25
"1008",1008,"nose","cdi_words","1","understands",1,1,216,2026-03-08 20:15:37,"VVI146",510,"f","2/17/26",50,25
"1009",1009,"nose","cdi_words","1","produces",NA,0,179,2026-03-09 12:13:10,"VVI160",510,"m","2/23/26",15,6
"1010",1010,"nose","cdi_words","1","understands",NA,0,179,2026-03-09 12:13:10,"VVI160",510,"m","2/23/26",15,6
"1011",1011,"nose","cdi_words","1","produces",NA,0,102,2026-03-08 18:49:54,"VVI164",480,"m","2/25/26",40,11
"1012",1012,"nose","cdi_words","1","understands",1,1,102,2026-03-08 18:49:54,"VVI164",480,"m","2/25/26",40,11
"1013",1013,"ouch","cdi_words","1","produces",NA,0,245,2026-04-29 06:56:14,"VVI196",450,"f","4/14/26",45,10
"1014",1014,"ouch","cdi_words","1","understands",1,1,245,2026-04-29 06:56:14,"VVI196",450,"f","4/14/26",45,10
"1015",1015,"ouch","cdi_words","1","produces",NA,0,104,2026-03-29 15:34:33,"VVI183",420,"m","3/29/26",5,0
"1016",1016,"ouch","cdi_words","1","understands",NA,0,104,2026-03-29 15:34:33,"VVI183",420,"m","3/29/26",5,0
"1017",1017,"ouch","cdi_words","1","produces",NA,0,125,2026-04-30 08:46:28,"VVI197",450,"m","4/14/26",5,0
"1018",1018,"ouch","cdi_words","1","understands",1,1,125,2026-04-30 08:46:28,"VVI197",450,"m","4/14/26",5,0
"1019",1019,"ouch","cdi_words","1","produces",NA,0,213,2026-02-15 21:07:24,"VVI142",450,"f","2/16/26",20,3
"1020",1020,"ouch","cdi_words","1","understands",1,1,213,2026-02-15 21:07:24,"VVI142",450,"f","2/16/26",20,3
"1021",1021,"ouch","cdi_words","1","produces",NA,0,76,2026-04-02 15:03:35,"VVI186",450,"m","2/26/04",15,2
"1022",1022,"ouch","cdi_words","1","understands",NA,0,76,2026-04-02 15:03:35,"VVI186",450,"m","2/26/04",15,2
"1023",1023,"ouch","cdi_words","1","produces",NA,0,223,2026-03-09 15:51:32,"VVI162",510,"f","2/24/26",30,11
"1024",1024,"ouch","cdi_words","1","understands",NA,0,223,2026-03-09 15:51:32,"VVI162",510,"f","2/24/26",30,11
"1025",1025,"ouch","cdi_words","1","produces",NA,0,207,2026-04-08 10:48:19,"VVI193",450,"f","8/26/04",5,0
"1026",1026,"ouch","cdi_words","1","understands",1,1,207,2026-04-08 10:48:19,"VVI193",450,"f","8/26/04",5,0
"1027",1027,"ouch","cdi_words","1","produces",NA,0,131,2026-04-28 16:52:20,"VVI201",420,"m","4/27/26",15,1
"1028",1028,"ouch","cdi_words","1","understands",1,1,131,2026-04-28 16:52:20,"VVI201",420,"m","4/27/26",15,1
"1029",1029,"ouch","cdi_words","1","produces",2,1,216,2026-03-08 20:15:37,"VVI146",510,"f","2/17/26",50,25
"1030",1030,"ouch","cdi_words","1","understands",2,1,216,2026-03-08 20:15:37,"VVI146",510,"f","2/17/26",50,25
"1031",1031,"ouch","cdi_words","1","produces",NA,0,179,2026-03-09 12:13:10,"VVI160",510,"m","2/23/26",15,6
"1032",1032,"ouch","cdi_words","1","understands",NA,0,179,2026-03-09 12:13:10,"VVI160",510,"m","2/23/26",15,6
"1033",1033,"ouch","cdi_words","1","produces",NA,0,102,2026-03-08 18:49:54,"VVI164",480,"m","2/25/26",40,11
"1034",1034,"ouch","cdi_words","1","understands",NA,0,102,2026-03-08 18:49:54,"VVI164",480,"m","2/25/26",40,11
"1035",1035,"tooth","cdi_words","1","produces",NA,0,245,2026-04-29 06:56:14,"VVI196",450,"f","4/14/26",45,10
"1036",1036,"tooth","cdi_words","1","understands",1,1,245,2026-04-29 06:56:14,"VVI196",450,"f","4/14/26",45,10
"1037",1037,"tooth","cdi_words","1","produces",NA,0,104,2026-03-29 15:34:33,"VVI183",420,"m","3/29/26",5,0
"1038",1038,"tooth","cdi_words","1","understands",NA,0,104,2026-03-29 15:34:33,"VVI183",420,"m","3/29/26",5,0
"1039",1039,"tooth","cdi_words","1","produces",NA,0,125,2026-04-30 08:46:28,"VVI197",450,"m","4/14/26",5,0
"1040",1040,"tooth","cdi_words","1","understands",1,1,125,2026-04-30 08:46:28,"VVI197",450,"m","4/14/26",5,0
"1041",1041,"tooth","cdi_words","1","produces",NA,0,213,2026-02-15 21:07:24,"VVI142",450,"f","2/16/26",20,3
"1042",1042,"tooth","cdi_words","1","understands",1,1,213,2026-02-15 21:07:24,"VVI142",450,"f","2/16/26",20,3
"1043",1043,"tooth","cdi_words","1","produces",NA,0,76,2026-04-02 15:03:35,"VVI186",450,"m","2/26/04",15,2
"1044",1044,"tooth","cdi_words","1","understands",NA,0,76,2026-04-02 15:03:35,"VVI186",450,"m","2/26/04",15,2
"1045",1045,"tooth","cdi_words","1","produces",NA,0,223,2026-03-09 15:51:32,"VVI162",510,"f","2/24/26",30,11
"1046",1046,"tooth","cdi_words","1","understands",1,1,223,2026-03-09 15:51:32,"VVI162",510,"f","2/24/26",30,11
"1047",1047,"tooth","cdi_words","1","produces",NA,0,207,2026-04-08 10:48:19,"VVI193",450,"f","8/26/04",5,0
"1048",1048,"tooth","cdi_words","1","understands",1,1,207,2026-04-08 10:48:19,"VVI193",450,"f","8/26/04",5,0
"1049",1049,"tooth","cdi_words","1","produces",NA,0,131,2026-04-28 16:52:20,"VVI201",420,"m","4/27/26",15,1
"1050",1050,"tooth","cdi_words","1","understands",NA,0,131,2026-04-28 16:52:20,"VVI201",420,"m","4/27/26",15,1
"1051",1051,"tooth","cdi_words","1","produces",NA,0,216,2026-03-08 20:15:37,"VVI146",510,"f","2/17/26",50,25
"1052",1052,"tooth","cdi_words","1","understands",1,1,216,2026-03-08 20:15:37,"VVI146",510,"f","2/17/26",50,25
"1053",1053,"tooth","cdi_words","1","produces",NA,0,179,2026-03-09 12:13:10,"VVI160",510,"m","2/23/26",15,6
"1054",1054,"tooth","cdi_words","1","understands",1,1,179,2026-03-09 12:13:10,"VVI160",510,"m","2/23/26",15,6
"1055",1055,"tooth","cdi_words","1","produces",NA,0,102,2026-03-08 18:49:54,"VVI164",480,"m","2/25/26",40,11
"1056",1056,"tooth","cdi_words","1","understands",NA,0,102,2026-03-08 18:49:54,"VVI164",480,"m","2/25/26",40,11
"1057",1057,"chair","cdi_words","1","produces",NA,0,245,2026-04-29 06:56:14,"VVI196",450,"f","4/14/26",45,10
"1058",1058,"chair","cdi_words","1","understands",1,1,245,2026-04-29 06:56:14,"VVI196",450,"f","4/14/26",45,10
"1059",1059,"chair","cdi_words","1","produces",NA,0,104,2026-03-29 15:34:33,"VVI183",420,"m","3/29/26",5,0
"1060",1060,"chair","cdi_words","1","understands",NA,0,104,2026-03-29 15:34:33,"VVI183",420,"m","3/29/26",5,0
"1061",1061,"chair","cdi_words","1","produces",NA,0,125,2026-04-30 08:46:28,"VVI197",450,"m","4/14/26",5,0
"1062",1062,"chair","cdi_words","1","understands",1,1,125,2026-04-30 08:46:28,"VVI197",450,"m","4/14/26",5,0
"1063",1063,"chair","cdi_words","1","produces",NA,0,213,2026-02-15 21:07:24,"VVI142",450,"f","2/16/26",20,3
"1064",1064,"chair","cdi_words","1","understands",1,1,213,2026-02-15 21:07:24,"VVI142",450,"f","2/16/26",20,3
"1065",1065,"chair","cdi_words","1","produces",NA,0,76,2026-04-02 15:03:35,"VVI186",450,"m","2/26/04",15,2
"1066",1066,"chair","cdi_words","1","understands",NA,0,76,2026-04-02 15:03:35,"VVI186",450,"m","2/26/04",15,2
"1067",1067,"chair","cdi_words","1","produces",NA,0,223,2026-03-09 15:51:32,"VVI162",510,"f","2/24/26",30,11
"1068",1068,"chair","cdi_words","1","understands",1,1,223,2026-03-09 15:51:32,"VVI162",510,"f","2/24/26",30,11
"1069",1069,"chair","cdi_words","1","produces",NA,0,207,2026-04-08 10:48:19,"VVI193",450,"f","8/26/04",5,0
"1070",1070,"chair","cdi_words","1","understands",1,1,207,2026-04-08 10:48:19,"VVI193",450,"f","8/26/04",5,0
"1071",1071,"chair","cdi_words","1","produces",NA,0,131,2026-04-28 16:52:20,"VVI201",420,"m","4/27/26",15,1
"1072",1072,"chair","cdi_words","1","understands",1,1,131,2026-04-28 16:52:20,"VVI201",420,"m","4/27/26",15,1
"1073",1073,"chair","cdi_words","1","produces",NA,0,216,2026-03-08 20:15:37,"VVI146",510,"f","2/17/26",50,25
"1074",1074,"chair","cdi_words","1","understands",1,1,216,2026-03-08 20:15:37,"VVI146",510,"f","2/17/26",50,25
"1075",1075,"chair","cdi_words","1","produces",NA,0,179,2026-03-09 12:13:10,"VVI160",510,"m","2/23/26",15,6
"1076",1076,"chair","cdi_words","1","understands",NA,0,179,2026-03-09 12:13:10,"VVI160",510,"m","2/23/26",15,6
"1077",1077,"chair","cdi_words","1","produces",NA,0,102,2026-03-08 18:49:54,"VVI164",480,"m","2/25/26",40,11
"1078",1078,"chair","cdi_words","1","understands",NA,0,102,2026-03-08 18:49:54,"VVI164",480,"m","2/25/26",40,11
"1079",1079,"couch","cdi_words","1","produces",NA,0,245,2026-04-29 06:56:14,"VVI196",450,"f","4/14/26",45,10
"1080",1080,"couch","cdi_words","1","understands",1,1,245,2026-04-29 06:56:14,"VVI196",450,"f","4/14/26",45,10
"1081",1081,"couch","cdi_words","1","produces",NA,0,104,2026-03-29 15:34:33,"VVI183",420,"m","3/29/26",5,0
"1082",1082,"couch","cdi_words","1","understands",NA,0,104,2026-03-29 15:34:33,"VVI183",420,"m","3/29/26",5,0
"1083",1083,"couch","cdi_words","1","produces",NA,0,125,2026-04-30 08:46:28,"VVI197",450,"m","4/14/26",5,0
"1084",1084,"couch","cdi_words","1","understands",1,1,125,2026-04-30 08:46:28,"VVI197",450,"m","4/14/26",5,0
"1085",1085,"couch","cdi_words","1","produces",NA,0,213,2026-02-15 21:07:24,"VVI142",450,"f","2/16/26",20,3
"1086",1086,"couch","cdi_words","1","understands",1,1,213,2026-02-15 21:07:24,"VVI142",450,"f","2/16/26",20,3
"1087",1087,"couch","cdi_words","1","produces",NA,0,76,2026-04-02 15:03:35,"VVI186",450,"m","2/26/04",15,2
"1088",1088,"couch","cdi_words","1","understands",NA,0,76,2026-04-02 15:03:35,"VVI186",450,"m","2/26/04",15,2
"1089",1089,"couch","cdi_words","1","produces",NA,0,223,2026-03-09 15:51:32,"VVI162",510,"f","2/24/26",30,11
"1090",1090,"couch","cdi_words","1","understands",1,1,223,2026-03-09 15:51:32,"VVI162",510,"f","2/24/26",30,11
"1091",1091,"couch","cdi_words","1","produces",NA,0,207,2026-04-08 10:48:19,"VVI193",450,"f","8/26/04",5,0
"1092",1092,"couch","cdi_words","1","understands",1,1,207,2026-04-08 10:48:19,"VVI193",450,"f","8/26/04",5,0
"1093",1093,"couch","cdi_words","1","produces",NA,0,131,2026-04-28 16:52:20,"VVI201",420,"m","4/27/26",15,1
"1094",1094,"couch","cdi_words","1","understands",NA,0,131,2026-04-28 16:52:20,"VVI201",420,"m","4/27/26",15,1
"1095",1095,"couch","cdi_words","1","produces",NA,0,216,2026-03-08 20:15:37,"VVI146",510,"f","2/17/26",50,25
"1096",1096,"couch","cdi_words","1","understands",1,1,216,2026-03-08 20:15:37,"VVI146",510,"f","2/17/26",50,25
"1097",1097,"couch","cdi_words","1","produces",NA,0,179,2026-03-09 12:13:10,"VVI160",510,"m","2/23/26",15,6
"1098",1098,"couch","cdi_words","1","understands",NA,0,179,2026-03-09 12:13:10,"VVI160",510,"m","2/23/26",15,6
"1099",1099,"couch","cdi_words","1","produces",NA,0,102,2026-03-08 18:49:54,"VVI164",480,"m","2/25/26",40,11
"1100",1100,"couch","cdi_words","1","understands",1,1,102,2026-03-08 18:49:54,"VVI164",480,"m","2/25/26",40,11
"1101",1101,"kitchen","cdi_words","1","produces",NA,0,245,2026-04-29 06:56:14,"VVI196",450,"f","4/14/26",45,10
"1102",1102,"kitchen","cdi_words","1","understands",1,1,245,2026-04-29 06:56:14,"VVI196",450,"f","4/14/26",45,10
"1103",1103,"kitchen","cdi_words","1","produces",NA,0,104,2026-03-29 15:34:33,"VVI183",420,"m","3/29/26",5,0
"1104",1104,"kitchen","cdi_words","1","understands",NA,0,104,2026-03-29 15:34:33,"VVI183",420,"m","3/29/26",5,0
"1105",1105,"kitchen","cdi_words","1","produces",NA,0,125,2026-04-30 08:46:28,"VVI197",450,"m","4/14/26",5,0
"1106",1106,"kitchen","cdi_words","1","understands",NA,0,125,2026-04-30 08:46:28,"VVI197",450,"m","4/14/26",5,0
"1107",1107,"kitchen","cdi_words","1","produces",NA,0,213,2026-02-15 21:07:24,"VVI142",450,"f","2/16/26",20,3
"1108",1108,"kitchen","cdi_words","1","understands",1,1,213,2026-02-15 21:07:24,"VVI142",450,"f","2/16/26",20,3
"1109",1109,"kitchen","cdi_words","1","produces",NA,0,76,2026-04-02 15:03:35,"VVI186",450,"m","2/26/04",15,2
"1110",1110,"kitchen","cdi_words","1","understands",NA,0,76,2026-04-02 15:03:35,"VVI186",450,"m","2/26/04",15,2
"1111",1111,"kitchen","cdi_words","1","produces",NA,0,223,2026-03-09 15:51:32,"VVI162",510,"f","2/24/26",30,11
"1112",1112,"kitchen","cdi_words","1","understands",1,1,223,2026-03-09 15:51:32,"VVI162",510,"f","2/24/26",30,11
"1113",1113,"kitchen","cdi_words","1","produces",NA,0,207,2026-04-08 10:48:19,"VVI193",450,"f","8/26/04",5,0
"1114",1114,"kitchen","cdi_words","1","understands",1,1,207,2026-04-08 10:48:19,"VVI193",450,"f","8/26/04",5,0
"1115",1115,"kitchen","cdi_words","1","produces",NA,0,131,2026-04-28 16:52:20,"VVI201",420,"m","4/27/26",15,1
"1116",1116,"kitchen","cdi_words","1","understands",1,1,131,2026-04-28 16:52:20,"VVI201",420,"m","4/27/26",15,1
"1117",1117,"kitchen","cdi_words","1","produces",NA,0,216,2026-03-08 20:15:37,"VVI146",510,"f","2/17/26",50,25
"1118",1118,"kitchen","cdi_words","1","understands",NA,0,216,2026-03-08 20:15:37,"VVI146",510,"f","2/17/26",50,25
"1119",1119,"kitchen","cdi_words","1","produces",NA,0,179,2026-03-09 12:13:10,"VVI160",510,"m","2/23/26",15,6
"1120",1120,"kitchen","cdi_words","1","understands",NA,0,179,2026-03-09 12:13:10,"VVI160",510,"m","2/23/26",15,6
"1121",1121,"kitchen","cdi_words","1","produces",NA,0,102,2026-03-08 18:49:54,"VVI164",480,"m","2/25/26",40,11
"1122",1122,"kitchen","cdi_words","1","understands",1,1,102,2026-03-08 18:49:54,"VVI164",480,"m","2/25/26",40,11
"1123",1123,"table","cdi_words","1","produces",NA,0,245,2026-04-29 06:56:14,"VVI196",450,"f","4/14/26",45,10
"1124",1124,"table","cdi_words","1","understands",1,1,245,2026-04-29 06:56:14,"VVI196",450,"f","4/14/26",45,10
"1125",1125,"table","cdi_words","1","produces",NA,0,104,2026-03-29 15:34:33,"VVI183",420,"m","3/29/26",5,0
"1126",1126,"table","cdi_words","1","understands",NA,0,104,2026-03-29 15:34:33,"VVI183",420,"m","3/29/26",5,0
"1127",1127,"table","cdi_words","1","produces",NA,0,125,2026-04-30 08:46:28,"VVI197",450,"m","4/14/26",5,0
"1128",1128,"table","cdi_words","1","understands",1,1,125,2026-04-30 08:46:28,"VVI197",450,"m","4/14/26",5,0
"1129",1129,"table","cdi_words","1","produces",NA,0,213,2026-02-15 21:07:24,"VVI142",450,"f","2/16/26",20,3
"1130",1130,"table","cdi_words","1","understands",1,1,213,2026-02-15 21:07:24,"VVI142",450,"f","2/16/26",20,3
"1131",1131,"table","cdi_words","1","produces",NA,0,76,2026-04-02 15:03:35,"VVI186",450,"m","2/26/04",15,2
"1132",1132,"table","cdi_words","1","understands",NA,0,76,2026-04-02 15:03:35,"VVI186",450,"m","2/26/04",15,2
"1133",1133,"table","cdi_words","1","produces",NA,0,223,2026-03-09 15:51:32,"VVI162",510,"f","2/24/26",30,11
"1134",1134,"table","cdi_words","1","understands",NA,0,223,2026-03-09 15:51:32,"VVI162",510,"f","2/24/26",30,11
"1135",1135,"table","cdi_words","1","produces",NA,0,207,2026-04-08 10:48:19,"VVI193",450,"f","8/26/04",5,0
"1136",1136,"table","cdi_words","1","understands",1,1,207,2026-04-08 10:48:19,"VVI193",450,"f","8/26/04",5,0
"1137",1137,"table","cdi_words","1","produces",NA,0,131,2026-04-28 16:52:20,"VVI201",420,"m","4/27/26",15,1
"1138",1138,"table","cdi_words","1","understands",1,1,131,2026-04-28 16:52:20,"VVI201",420,"m","4/27/26",15,1
"1139",1139,"table","cdi_words","1","produces",NA,0,216,2026-03-08 20:15:37,"VVI146",510,"f","2/17/26",50,25
"1140",1140,"table","cdi_words","1","understands",1,1,216,2026-03-08 20:15:37,"VVI146",510,"f","2/17/26",50,25
"1141",1141,"table","cdi_words","1","produces",NA,0,179,2026-03-09 12:13:10,"VVI160",510,"m","2/23/26",15,6
"1142",1142,"table","cdi_words","1","understands",NA,0,179,2026-03-09 12:13:10,"VVI160",510,"m","2/23/26",15,6
"1143",1143,"table","cdi_words","1","produces",NA,0,102,2026-03-08 18:49:54,"VVI164",480,"m","2/25/26",40,11
"1144",1144,"table","cdi_words","1","understands",NA,0,102,2026-03-08 18:49:54,"VVI164",480,"m","2/25/26",40,11
"1145",1145,"television","cdi_words","1","produces",2,1,245,2026-04-29 06:56:14,"VVI196",450,"f","4/14/26",45,10
"1146",1146,"television","cdi_words","1","understands",2,1,245,2026-04-29 06:56:14,"VVI196",450,"f","4/14/26",45,10
"1147",1147,"television","cdi_words","1","produces",NA,0,104,2026-03-29 15:34:33,"VVI183",420,"m","3/29/26",5,0
"1148",1148,"television","cdi_words","1","understands",NA,0,104,2026-03-29 15:34:33,"VVI183",420,"m","3/29/26",5,0
"1149",1149,"television","cdi_words","1","produces",NA,0,125,2026-04-30 08:46:28,"VVI197",450,"m","4/14/26",5,0
"1150",1150,"television","cdi_words","1","understands",NA,0,125,2026-04-30 08:46:28,"VVI197",450,"m","4/14/26",5,0
"1151",1151,"television","cdi_words","1","produces",NA,0,213,2026-02-15 21:07:24,"VVI142",450,"f","2/16/26",20,3
"1152",1152,"television","cdi_words","1","understands",1,1,213,2026-02-15 21:07:24,"VVI142",450,"f","2/16/26",20,3
"1153",1153,"television","cdi_words","1","produces",NA,0,76,2026-04-02 15:03:35,"VVI186",450,"m","2/26/04",15,2
"1154",1154,"television","cdi_words","1","understands",NA,0,76,2026-04-02 15:03:35,"VVI186",450,"m","2/26/04",15,2
"1155",1155,"television","cdi_words","1","produces",NA,0,223,2026-03-09 15:51:32,"VVI162",510,"f","2/24/26",30,11
"1156",1156,"television","cdi_words","1","understands",NA,0,223,2026-03-09 15:51:32,"VVI162",510,"f","2/24/26",30,11
"1157",1157,"television","cdi_words","1","produces",NA,0,207,2026-04-08 10:48:19,"VVI193",450,"f","8/26/04",5,0
"1158",1158,"television","cdi_words","1","understands",1,1,207,2026-04-08 10:48:19,"VVI193",450,"f","8/26/04",5,0
"1159",1159,"television","cdi_words","1","produces",NA,0,131,2026-04-28 16:52:20,"VVI201",420,"m","4/27/26",15,1
"1160",1160,"television","cdi_words","1","understands",NA,0,131,2026-04-28 16:52:20,"VVI201",420,"m","4/27/26",15,1
"1161",1161,"television","cdi_words","1","produces",NA,0,216,2026-03-08 20:15:37,"VVI146",510,"f","2/17/26",50,25
"1162",1162,"television","cdi_words","1","understands",1,1,216,2026-03-08 20:15:37,"VVI146",510,"f","2/17/26",50,25
"1163",1163,"television","cdi_words","1","produces",NA,0,179,2026-03-09 12:13:10,"VVI160",510,"m","2/23/26",15,6
"1164",1164,"television","cdi_words","1","understands",NA,0,179,2026-03-09 12:13:10,"VVI160",510,"m","2/23/26",15,6
"1165",1165,"television","cdi_words","1","produces",NA,0,102,2026-03-08 18:49:54,"VVI164",480,"m","2/25/26",40,11
"1166",1166,"television","cdi_words","1","understands",1,1,102,2026-03-08 18:49:54,"VVI164",480,"m","2/25/26",40,11
"1167",1167,"blanket","cdi_words","1","produces",NA,0,245,2026-04-29 06:56:14,"VVI196",450,"f","4/14/26",45,10
"1168",1168,"blanket","cdi_words","1","understands",1,1,245,2026-04-29 06:56:14,"VVI196",450,"f","4/14/26",45,10
"1169",1169,"blanket","cdi_words","1","produces",NA,0,104,2026-03-29 15:34:33,"VVI183",420,"m","3/29/26",5,0
"1170",1170,"blanket","cdi_words","1","understands",NA,0,104,2026-03-29 15:34:33,"VVI183",420,"m","3/29/26",5,0
"1171",1171,"blanket","cdi_words","1","produces",NA,0,125,2026-04-30 08:46:28,"VVI197",450,"m","4/14/26",5,0
"1172",1172,"blanket","cdi_words","1","understands",1,1,125,2026-04-30 08:46:28,"VVI197",450,"m","4/14/26",5,0
"1173",1173,"blanket","cdi_words","1","produces",NA,0,213,2026-02-15 21:07:24,"VVI142",450,"f","2/16/26",20,3
"1174",1174,"blanket","cdi_words","1","understands",1,1,213,2026-02-15 21:07:24,"VVI142",450,"f","2/16/26",20,3
"1175",1175,"blanket","cdi_words","1","produces",NA,0,76,2026-04-02 15:03:35,"VVI186",450,"m","2/26/04",15,2
"1176",1176,"blanket","cdi_words","1","understands",NA,0,76,2026-04-02 15:03:35,"VVI186",450,"m","2/26/04",15,2
"1177",1177,"blanket","cdi_words","1","produces",NA,0,223,2026-03-09 15:51:32,"VVI162",510,"f","2/24/26",30,11
"1178",1178,"blanket","cdi_words","1","understands",NA,0,223,2026-03-09 15:51:32,"VVI162",510,"f","2/24/26",30,11
"1179",1179,"blanket","cdi_words","1","produces",NA,0,207,2026-04-08 10:48:19,"VVI193",450,"f","8/26/04",5,0
"1180",1180,"blanket","cdi_words","1","understands",1,1,207,2026-04-08 10:48:19,"VVI193",450,"f","8/26/04",5,0
"1181",1181,"blanket","cdi_words","1","produces",NA,0,131,2026-04-28 16:52:20,"VVI201",420,"m","4/27/26",15,1
"1182",1182,"blanket","cdi_words","1","understands",1,1,131,2026-04-28 16:52:20,"VVI201",420,"m","4/27/26",15,1
"1183",1183,"blanket","cdi_words","1","produces",2,1,216,2026-03-08 20:15:37,"VVI146",510,"f","2/17/26",50,25
"1184",1184,"blanket","cdi_words","1","understands",2,1,216,2026-03-08 20:15:37,"VVI146",510,"f","2/17/26",50,25
"1185",1185,"blanket","cdi_words","1","produces",NA,0,179,2026-03-09 12:13:10,"VVI160",510,"m","2/23/26",15,6
"1186",1186,"blanket","cdi_words","1","understands",NA,0,179,2026-03-09 12:13:10,"VVI160",510,"m","2/23/26",15,6
"1187",1187,"blanket","cdi_words","1","produces",NA,0,102,2026-03-08 18:49:54,"VVI164",480,"m","2/25/26",40,11
"1188",1188,"blanket","cdi_words","1","understands",NA,0,102,2026-03-08 18:49:54,"VVI164",480,"m","2/25/26",40,11
"1189",1189,"bottle","cdi_words","1","produces",NA,0,245,2026-04-29 06:56:14,"VVI196",450,"f","4/14/26",45,10
"1190",1190,"bottle","cdi_words","1","understands",1,1,245,2026-04-29 06:56:14,"VVI196",450,"f","4/14/26",45,10
"1191",1191,"bottle","cdi_words","1","produces",NA,0,104,2026-03-29 15:34:33,"VVI183",420,"m","3/29/26",5,0
"1192",1192,"bottle","cdi_words","1","understands",1,1,104,2026-03-29 15:34:33,"VVI183",420,"m","3/29/26",5,0
"1193",1193,"bottle","cdi_words","1","produces",NA,0,125,2026-04-30 08:46:28,"VVI197",450,"m","4/14/26",5,0
"1194",1194,"bottle","cdi_words","1","understands",1,1,125,2026-04-30 08:46:28,"VVI197",450,"m","4/14/26",5,0
"1195",1195,"bottle","cdi_words","1","produces",NA,0,213,2026-02-15 21:07:24,"VVI142",450,"f","2/16/26",20,3
"1196",1196,"bottle","cdi_words","1","understands",NA,0,213,2026-02-15 21:07:24,"VVI142",450,"f","2/16/26",20,3
"1197",1197,"bottle","cdi_words","1","produces",NA,0,76,2026-04-02 15:03:35,"VVI186",450,"m","2/26/04",15,2
"1198",1198,"bottle","cdi_words","1","understands",NA,0,76,2026-04-02 15:03:35,"VVI186",450,"m","2/26/04",15,2
"1199",1199,"bottle","cdi_words","1","produces",NA,0,223,2026-03-09 15:51:32,"VVI162",510,"f","2/24/26",30,11
"1200",1200,"bottle","cdi_words","1","understands",NA,0,223,2026-03-09 15:51:32,"VVI162",510,"f","2/24/26",30,11
"1201",1201,"bottle","cdi_words","1","produces",NA,0,207,2026-04-08 10:48:19,"VVI193",450,"f","8/26/04",5,0
"1202",1202,"bottle","cdi_words","1","understands",1,1,207,2026-04-08 10:48:19,"VVI193",450,"f","8/26/04",5,0
"1203",1203,"bottle","cdi_words","1","produces",NA,0,131,2026-04-28 16:52:20,"VVI201",420,"m","4/27/26",15,1
"1204",1204,"bottle","cdi_words","1","understands",1,1,131,2026-04-28 16:52:20,"VVI201",420,"m","4/27/26",15,1
"1205",1205,"bottle","cdi_words","1","produces",NA,0,216,2026-03-08 20:15:37,"VVI146",510,"f","2/17/26",50,25
"1206",1206,"bottle","cdi_words","1","understands",NA,0,216,2026-03-08 20:15:37,"VVI146",510,"f","2/17/26",50,25
"1207",1207,"bottle","cdi_words","1","produces",NA,0,179,2026-03-09 12:13:10,"VVI160",510,"m","2/23/26",15,6
"1208",1208,"bottle","cdi_words","1","understands",1,1,179,2026-03-09 12:13:10,"VVI160",510,"m","2/23/26",15,6
"1209",1209,"bottle","cdi_words","1","produces",NA,0,102,2026-03-08 18:49:54,"VVI164",480,"m","2/25/26",40,11
"1210",1210,"bottle","cdi_words","1","understands",NA,0,102,2026-03-08 18:49:54,"VVI164",480,"m","2/25/26",40,11
"1211",1211,"cup","cdi_words","1","produces",NA,0,245,2026-04-29 06:56:14,"VVI196",450,"f","4/14/26",45,10
"1212",1212,"cup","cdi_words","1","understands",1,1,245,2026-04-29 06:56:14,"VVI196",450,"f","4/14/26",45,10
"1213",1213,"cup","cdi_words","1","produces",NA,0,104,2026-03-29 15:34:33,"VVI183",420,"m","3/29/26",5,0
"1214",1214,"cup","cdi_words","1","understands",NA,0,104,2026-03-29 15:34:33,"VVI183",420,"m","3/29/26",5,0
"1215",1215,"cup","cdi_words","1","produces",NA,0,125,2026-04-30 08:46:28,"VVI197",450,"m","4/14/26",5,0
"1216",1216,"cup","cdi_words","1","understands",1,1,125,2026-04-30 08:46:28,"VVI197",450,"m","4/14/26",5,0
"1217",1217,"cup","cdi_words","1","produces",NA,0,213,2026-02-15 21:07:24,"VVI142",450,"f","2/16/26",20,3
"1218",1218,"cup","cdi_words","1","understands",1,1,213,2026-02-15 21:07:24,"VVI142",450,"f","2/16/26",20,3
"1219",1219,"cup","cdi_words","1","produces",NA,0,76,2026-04-02 15:03:35,"VVI186",450,"m","2/26/04",15,2
"1220",1220,"cup","cdi_words","1","understands",NA,0,76,2026-04-02 15:03:35,"VVI186",450,"m","2/26/04",15,2
"1221",1221,"cup","cdi_words","1","produces",NA,0,223,2026-03-09 15:51:32,"VVI162",510,"f","2/24/26",30,11
"1222",1222,"cup","cdi_words","1","understands",NA,0,223,2026-03-09 15:51:32,"VVI162",510,"f","2/24/26",30,11
"1223",1223,"cup","cdi_words","1","produces",NA,0,207,2026-04-08 10:48:19,"VVI193",450,"f","8/26/04",5,0
"1224",1224,"cup","cdi_words","1","understands",1,1,207,2026-04-08 10:48:19,"VVI193",450,"f","8/26/04",5,0
"1225",1225,"cup","cdi_words","1","produces",NA,0,131,2026-04-28 16:52:20,"VVI201",420,"m","4/27/26",15,1
"1226",1226,"cup","cdi_words","1","understands",1,1,131,2026-04-28 16:52:20,"VVI201",420,"m","4/27/26",15,1
"1227",1227,"cup","cdi_words","1","produces",NA,0,216,2026-03-08 20:15:37,"VVI146",510,"f","2/17/26",50,25
"1228",1228,"cup","cdi_words","1","understands",1,1,216,2026-03-08 20:15:37,"VVI146",510,"f","2/17/26",50,25
"1229",1229,"cup","cdi_words","1","produces",NA,0,179,2026-03-09 12:13:10,"VVI160",510,"m","2/23/26",15,6
"1230",1230,"cup","cdi_words","1","understands",1,1,179,2026-03-09 12:13:10,"VVI160",510,"m","2/23/26",15,6
"1231",1231,"cup","cdi_words","1","produces",NA,0,102,2026-03-08 18:49:54,"VVI164",480,"m","2/25/26",40,11
"1232",1232,"cup","cdi_words","1","understands",NA,0,102,2026-03-08 18:49:54,"VVI164",480,"m","2/25/26",40,11
"1233",1233,"dish","cdi_words","1","produces",2,1,245,2026-04-29 06:56:14,"VVI196",450,"f","4/14/26",45,10
"1234",1234,"dish","cdi_words","1","understands",2,1,245,2026-04-29 06:56:14,"VVI196",450,"f","4/14/26",45,10
"1235",1235,"dish","cdi_words","1","produces",NA,0,104,2026-03-29 15:34:33,"VVI183",420,"m","3/29/26",5,0
"1236",1236,"dish","cdi_words","1","understands",NA,0,104,2026-03-29 15:34:33,"VVI183",420,"m","3/29/26",5,0
"1237",1237,"dish","cdi_words","1","produces",NA,0,125,2026-04-30 08:46:28,"VVI197",450,"m","4/14/26",5,0
"1238",1238,"dish","cdi_words","1","understands",NA,0,125,2026-04-30 08:46:28,"VVI197",450,"m","4/14/26",5,0
"1239",1239,"dish","cdi_words","1","produces",NA,0,213,2026-02-15 21:07:24,"VVI142",450,"f","2/16/26",20,3
"1240",1240,"dish","cdi_words","1","understands",NA,0,213,2026-02-15 21:07:24,"VVI142",450,"f","2/16/26",20,3
"1241",1241,"dish","cdi_words","1","produces",NA,0,76,2026-04-02 15:03:35,"VVI186",450,"m","2/26/04",15,2
"1242",1242,"dish","cdi_words","1","understands",NA,0,76,2026-04-02 15:03:35,"VVI186",450,"m","2/26/04",15,2
"1243",1243,"dish","cdi_words","1","produces",NA,0,223,2026-03-09 15:51:32,"VVI162",510,"f","2/24/26",30,11
"1244",1244,"dish","cdi_words","1","understands",NA,0,223,2026-03-09 15:51:32,"VVI162",510,"f","2/24/26",30,11
"1245",1245,"dish","cdi_words","1","produces",NA,0,207,2026-04-08 10:48:19,"VVI193",450,"f","8/26/04",5,0
"1246",1246,"dish","cdi_words","1","understands",1,1,207,2026-04-08 10:48:19,"VVI193",450,"f","8/26/04",5,0
"1247",1247,"dish","cdi_words","1","produces",NA,0,131,2026-04-28 16:52:20,"VVI201",420,"m","4/27/26",15,1
"1248",1248,"dish","cdi_words","1","understands",NA,0,131,2026-04-28 16:52:20,"VVI201",420,"m","4/27/26",15,1
"1249",1249,"dish","cdi_words","1","produces",NA,0,216,2026-03-08 20:15:37,"VVI146",510,"f","2/17/26",50,25
"1250",1250,"dish","cdi_words","1","understands",1,1,216,2026-03-08 20:15:37,"VVI146",510,"f","2/17/26",50,25
"1251",1251,"dish","cdi_words","1","produces",NA,0,179,2026-03-09 12:13:10,"VVI160",510,"m","2/23/26",15,6
"1252",1252,"dish","cdi_words","1","understands",1,1,179,2026-03-09 12:13:10,"VVI160",510,"m","2/23/26",15,6
"1253",1253,"dish","cdi_words","1","produces",NA,0,102,2026-03-08 18:49:54,"VVI164",480,"m","2/25/26",40,11
"1254",1254,"dish","cdi_words","1","understands",NA,0,102,2026-03-08 18:49:54,"VVI164",480,"m","2/25/26",40,11
"1255",1255,"uh oh","cdi_words","1","produces",NA,0,245,2026-04-29 06:56:14,"VVI196",450,"f","4/14/26",45,10
"1256",1256,"uh oh","cdi_words","1","understands",1,1,245,2026-04-29 06:56:14,"VVI196",450,"f","4/14/26",45,10
"1257",1257,"uh oh","cdi_words","1","produces",NA,0,104,2026-03-29 15:34:33,"VVI183",420,"m","3/29/26",5,0
"1258",1258,"uh oh","cdi_words","1","understands",1,1,104,2026-03-29 15:34:33,"VVI183",420,"m","3/29/26",5,0
"1259",1259,"uh oh","cdi_words","1","produces",NA,0,125,2026-04-30 08:46:28,"VVI197",450,"m","4/14/26",5,0
"1260",1260,"uh oh","cdi_words","1","understands",1,1,125,2026-04-30 08:46:28,"VVI197",450,"m","4/14/26",5,0
"1261",1261,"uh oh","cdi_words","1","produces",2,1,213,2026-02-15 21:07:24,"VVI142",450,"f","2/16/26",20,3
"1262",1262,"uh oh","cdi_words","1","understands",2,1,213,2026-02-15 21:07:24,"VVI142",450,"f","2/16/26",20,3
"1263",1263,"uh oh","cdi_words","1","produces",NA,0,76,2026-04-02 15:03:35,"VVI186",450,"m","2/26/04",15,2
"1264",1264,"uh oh","cdi_words","1","understands",1,1,76,2026-04-02 15:03:35,"VVI186",450,"m","2/26/04",15,2
"1265",1265,"uh oh","cdi_words","1","produces",2,1,223,2026-03-09 15:51:32,"VVI162",510,"f","2/24/26",30,11
"1266",1266,"uh oh","cdi_words","1","understands",2,1,223,2026-03-09 15:51:32,"VVI162",510,"f","2/24/26",30,11
"1267",1267,"uh oh","cdi_words","1","produces",NA,0,207,2026-04-08 10:48:19,"VVI193",450,"f","8/26/04",5,0
"1268",1268,"uh oh","cdi_words","1","understands",1,1,207,2026-04-08 10:48:19,"VVI193",450,"f","8/26/04",5,0
"1269",1269,"uh oh","cdi_words","1","produces",NA,0,131,2026-04-28 16:52:20,"VVI201",420,"m","4/27/26",15,1
"1270",1270,"uh oh","cdi_words","1","understands",1,1,131,2026-04-28 16:52:20,"VVI201",420,"m","4/27/26",15,1
"1271",1271,"uh oh","cdi_words","1","produces",2,1,216,2026-03-08 20:15:37,"VVI146",510,"f","2/17/26",50,25
"1272",1272,"uh oh","cdi_words","1","understands",2,1,216,2026-03-08 20:15:37,"VVI146",510,"f","2/17/26",50,25
"1273",1273,"uh oh","cdi_words","1","produces",2,1,179,2026-03-09 12:13:10,"VVI160",510,"m","2/23/26",15,6
"1274",1274,"uh oh","cdi_words","1","understands",2,1,179,2026-03-09 12:13:10,"VVI160",510,"m","2/23/26",15,6
"1275",1275,"uh oh","cdi_words","1","produces",2,1,102,2026-03-08 18:49:54,"VVI164",480,"m","2/25/26",40,11
"1276",1276,"uh oh","cdi_words","1","understands",2,1,102,2026-03-08 18:49:54,"VVI164",480,"m","2/25/26",40,11
"1277",1277,"lamp","cdi_words","1","produces",NA,0,245,2026-04-29 06:56:14,"VVI196",450,"f","4/14/26",45,10
"1278",1278,"lamp","cdi_words","1","understands",1,1,245,2026-04-29 06:56:14,"VVI196",450,"f","4/14/26",45,10
"1279",1279,"lamp","cdi_words","1","produces",NA,0,104,2026-03-29 15:34:33,"VVI183",420,"m","3/29/26",5,0
"1280",1280,"lamp","cdi_words","1","understands",NA,0,104,2026-03-29 15:34:33,"VVI183",420,"m","3/29/26",5,0
"1281",1281,"lamp","cdi_words","1","produces",NA,0,125,2026-04-30 08:46:28,"VVI197",450,"m","4/14/26",5,0
"1282",1282,"lamp","cdi_words","1","understands",NA,0,125,2026-04-30 08:46:28,"VVI197",450,"m","4/14/26",5,0
"1283",1283,"lamp","cdi_words","1","produces",NA,0,213,2026-02-15 21:07:24,"VVI142",450,"f","2/16/26",20,3
"1284",1284,"lamp","cdi_words","1","understands",NA,0,213,2026-02-15 21:07:24,"VVI142",450,"f","2/16/26",20,3
"1285",1285,"lamp","cdi_words","1","produces",NA,0,76,2026-04-02 15:03:35,"VVI186",450,"m","2/26/04",15,2
"1286",1286,"lamp","cdi_words","1","understands",NA,0,76,2026-04-02 15:03:35,"VVI186",450,"m","2/26/04",15,2
"1287",1287,"lamp","cdi_words","1","produces",NA,0,223,2026-03-09 15:51:32,"VVI162",510,"f","2/24/26",30,11
"1288",1288,"lamp","cdi_words","1","understands",NA,0,223,2026-03-09 15:51:32,"VVI162",510,"f","2/24/26",30,11
"1289",1289,"lamp","cdi_words","1","produces",NA,0,207,2026-04-08 10:48:19,"VVI193",450,"f","8/26/04",5,0
"1290",1290,"lamp","cdi_words","1","understands",1,1,207,2026-04-08 10:48:19,"VVI193",450,"f","8/26/04",5,0
"1291",1291,"lamp","cdi_words","1","produces",NA,0,131,2026-04-28 16:52:20,"VVI201",420,"m","4/27/26",15,1
"1292",1292,"lamp","cdi_words","1","understands",NA,0,131,2026-04-28 16:52:20,"VVI201",420,"m","4/27/26",15,1
"1293",1293,"lamp","cdi_words","1","produces",NA,0,216,2026-03-08 20:15:37,"VVI146",510,"f","2/17/26",50,25
"1294",1294,"lamp","cdi_words","1","understands",NA,0,216,2026-03-08 20:15:37,"VVI146",510,"f","2/17/26",50,25
"1295",1295,"lamp","cdi_words","1","produces",NA,0,179,2026-03-09 12:13:10,"VVI160",510,"m","2/23/26",15,6
"1296",1296,"lamp","cdi_words","1","understands",NA,0,179,2026-03-09 12:13:10,"VVI160",510,"m","2/23/26",15,6
"1297",1297,"lamp","cdi_words","1","produces",NA,0,102,2026-03-08 18:49:54,"VVI164",480,"m","2/25/26",40,11
"1298",1298,"lamp","cdi_words","1","understands",NA,0,102,2026-03-08 18:49:54,"VVI164",480,"m","2/25/26",40,11
"1299",1299,"radio","cdi_words","1","produces",NA,0,245,2026-04-29 06:56:14,"VVI196",450,"f","4/14/26",45,10
"1300",1300,"radio","cdi_words","1","understands",1,1,245,2026-04-29 06:56:14,"VVI196",450,"f","4/14/26",45,10
"1301",1301,"radio","cdi_words","1","produces",NA,0,104,2026-03-29 15:34:33,"VVI183",420,"m","3/29/26",5,0
"1302",1302,"radio","cdi_words","1","understands",NA,0,104,2026-03-29 15:34:33,"VVI183",420,"m","3/29/26",5,0
"1303",1303,"radio","cdi_words","1","produces",NA,0,125,2026-04-30 08:46:28,"VVI197",450,"m","4/14/26",5,0
"1304",1304,"radio","cdi_words","1","understands",NA,0,125,2026-04-30 08:46:28,"VVI197",450,"m","4/14/26",5,0
"1305",1305,"radio","cdi_words","1","produces",NA,0,213,2026-02-15 21:07:24,"VVI142",450,"f","2/16/26",20,3
"1306",1306,"radio","cdi_words","1","understands",NA,0,213,2026-02-15 21:07:24,"VVI142",450,"f","2/16/26",20,3
"1307",1307,"radio","cdi_words","1","produces",NA,0,76,2026-04-02 15:03:35,"VVI186",450,"m","2/26/04",15,2
"1308",1308,"radio","cdi_words","1","understands",NA,0,76,2026-04-02 15:03:35,"VVI186",450,"m","2/26/04",15,2
"1309",1309,"radio","cdi_words","1","produces",NA,0,223,2026-03-09 15:51:32,"VVI162",510,"f","2/24/26",30,11
"1310",1310,"radio","cdi_words","1","understands",NA,0,223,2026-03-09 15:51:32,"VVI162",510,"f","2/24/26",30,11
"1311",1311,"radio","cdi_words","1","produces",NA,0,207,2026-04-08 10:48:19,"VVI193",450,"f","8/26/04",5,0
"1312",1312,"radio","cdi_words","1","understands",NA,0,207,2026-04-08 10:48:19,"VVI193",450,"f","8/26/04",5,0
"1313",1313,"radio","cdi_words","1","produces",NA,0,131,2026-04-28 16:52:20,"VVI201",420,"m","4/27/26",15,1
"1314",1314,"radio","cdi_words","1","understands",NA,0,131,2026-04-28 16:52:20,"VVI201",420,"m","4/27/26",15,1
"1315",1315,"radio","cdi_words","1","produces",NA,0,216,2026-03-08 20:15:37,"VVI146",510,"f","2/17/26",50,25
"1316",1316,"radio","cdi_words","1","understands",NA,0,216,2026-03-08 20:15:37,"VVI146",510,"f","2/17/26",50,25
"1317",1317,"radio","cdi_words","1","produces",NA,0,179,2026-03-09 12:13:10,"VVI160",510,"m","2/23/26",15,6
"1318",1318,"radio","cdi_words","1","understands",NA,0,179,2026-03-09 12:13:10,"VVI160",510,"m","2/23/26",15,6
"1319",1319,"radio","cdi_words","1","produces",NA,0,102,2026-03-08 18:49:54,"VVI164",480,"m","2/25/26",40,11
"1320",1320,"radio","cdi_words","1","understands",NA,0,102,2026-03-08 18:49:54,"VVI164",480,"m","2/25/26",40,11
"1321",1321,"spoon","cdi_words","1","produces",NA,0,245,2026-04-29 06:56:14,"VVI196",450,"f","4/14/26",45,10
"1322",1322,"spoon","cdi_words","1","understands",1,1,245,2026-04-29 06:56:14,"VVI196",450,"f","4/14/26",45,10
"1323",1323,"spoon","cdi_words","1","produces",NA,0,104,2026-03-29 15:34:33,"VVI183",420,"m","3/29/26",5,0
"1324",1324,"spoon","cdi_words","1","understands",NA,0,104,2026-03-29 15:34:33,"VVI183",420,"m","3/29/26",5,0
"1325",1325,"spoon","cdi_words","1","produces",NA,0,125,2026-04-30 08:46:28,"VVI197",450,"m","4/14/26",5,0
"1326",1326,"spoon","cdi_words","1","understands",NA,0,125,2026-04-30 08:46:28,"VVI197",450,"m","4/14/26",5,0
"1327",1327,"spoon","cdi_words","1","produces",NA,0,213,2026-02-15 21:07:24,"VVI142",450,"f","2/16/26",20,3
"1328",1328,"spoon","cdi_words","1","understands",1,1,213,2026-02-15 21:07:24,"VVI142",450,"f","2/16/26",20,3
"1329",1329,"spoon","cdi_words","1","produces",NA,0,76,2026-04-02 15:03:35,"VVI186",450,"m","2/26/04",15,2
"1330",1330,"spoon","cdi_words","1","understands",NA,0,76,2026-04-02 15:03:35,"VVI186",450,"m","2/26/04",15,2
"1331",1331,"spoon","cdi_words","1","produces",NA,0,223,2026-03-09 15:51:32,"VVI162",510,"f","2/24/26",30,11
"1332",1332,"spoon","cdi_words","1","understands",NA,0,223,2026-03-09 15:51:32,"VVI162",510,"f","2/24/26",30,11
"1333",1333,"spoon","cdi_words","1","produces",NA,0,207,2026-04-08 10:48:19,"VVI193",450,"f","8/26/04",5,0
"1334",1334,"spoon","cdi_words","1","understands",1,1,207,2026-04-08 10:48:19,"VVI193",450,"f","8/26/04",5,0
"1335",1335,"spoon","cdi_words","1","produces",NA,0,131,2026-04-28 16:52:20,"VVI201",420,"m","4/27/26",15,1
"1336",1336,"spoon","cdi_words","1","understands",1,1,131,2026-04-28 16:52:20,"VVI201",420,"m","4/27/26",15,1
"1337",1337,"spoon","cdi_words","1","produces",NA,0,216,2026-03-08 20:15:37,"VVI146",510,"f","2/17/26",50,25
"1338",1338,"spoon","cdi_words","1","understands",1,1,216,2026-03-08 20:15:37,"VVI146",510,"f","2/17/26",50,25
"1339",1339,"spoon","cdi_words","1","produces",NA,0,179,2026-03-09 12:13:10,"VVI160",510,"m","2/23/26",15,6
"1340",1340,"spoon","cdi_words","1","understands",NA,0,179,2026-03-09 12:13:10,"VVI160",510,"m","2/23/26",15,6
"1341",1341,"spoon","cdi_words","1","produces",NA,0,102,2026-03-08 18:49:54,"VVI164",480,"m","2/25/26",40,11
"1342",1342,"spoon","cdi_words","1","understands",1,1,102,2026-03-08 18:49:54,"VVI164",480,"m","2/25/26",40,11
"1343",1343,"flower","cdi_words","1","produces",NA,0,245,2026-04-29 06:56:14,"VVI196",450,"f","4/14/26",45,10
"1344",1344,"flower","cdi_words","1","understands",1,1,245,2026-04-29 06:56:14,"VVI196",450,"f","4/14/26",45,10
"1345",1345,"flower","cdi_words","1","produces",NA,0,104,2026-03-29 15:34:33,"VVI183",420,"m","3/29/26",5,0
"1346",1346,"flower","cdi_words","1","understands",NA,0,104,2026-03-29 15:34:33,"VVI183",420,"m","3/29/26",5,0
"1347",1347,"flower","cdi_words","1","produces",NA,0,125,2026-04-30 08:46:28,"VVI197",450,"m","4/14/26",5,0
"1348",1348,"flower","cdi_words","1","understands",NA,0,125,2026-04-30 08:46:28,"VVI197",450,"m","4/14/26",5,0
"1349",1349,"flower","cdi_words","1","produces",NA,0,213,2026-02-15 21:07:24,"VVI142",450,"f","2/16/26",20,3
"1350",1350,"flower","cdi_words","1","understands",NA,0,213,2026-02-15 21:07:24,"VVI142",450,"f","2/16/26",20,3
"1351",1351,"flower","cdi_words","1","produces",NA,0,76,2026-04-02 15:03:35,"VVI186",450,"m","2/26/04",15,2
"1352",1352,"flower","cdi_words","1","understands",NA,0,76,2026-04-02 15:03:35,"VVI186",450,"m","2/26/04",15,2
"1353",1353,"flower","cdi_words","1","produces",NA,0,223,2026-03-09 15:51:32,"VVI162",510,"f","2/24/26",30,11
"1354",1354,"flower","cdi_words","1","understands",NA,0,223,2026-03-09 15:51:32,"VVI162",510,"f","2/24/26",30,11
"1355",1355,"flower","cdi_words","1","produces",NA,0,207,2026-04-08 10:48:19,"VVI193",450,"f","8/26/04",5,0
"1356",1356,"flower","cdi_words","1","understands",1,1,207,2026-04-08 10:48:19,"VVI193",450,"f","8/26/04",5,0
"1357",1357,"flower","cdi_words","1","produces",NA,0,131,2026-04-28 16:52:20,"VVI201",420,"m","4/27/26",15,1
"1358",1358,"flower","cdi_words","1","understands",1,1,131,2026-04-28 16:52:20,"VVI201",420,"m","4/27/26",15,1
"1359",1359,"flower","cdi_words","1","produces",NA,0,216,2026-03-08 20:15:37,"VVI146",510,"f","2/17/26",50,25
"1360",1360,"flower","cdi_words","1","understands",1,1,216,2026-03-08 20:15:37,"VVI146",510,"f","2/17/26",50,25
"1361",1361,"flower","cdi_words","1","produces",NA,0,179,2026-03-09 12:13:10,"VVI160",510,"m","2/23/26",15,6
"1362",1362,"flower","cdi_words","1","understands",NA,0,179,2026-03-09 12:13:10,"VVI160",510,"m","2/23/26",15,6
"1363",1363,"flower","cdi_words","1","produces",NA,0,102,2026-03-08 18:49:54,"VVI164",480,"m","2/25/26",40,11
"1364",1364,"flower","cdi_words","1","understands",NA,0,102,2026-03-08 18:49:54,"VVI164",480,"m","2/25/26",40,11
"1365",1365,"home","cdi_words","1","produces",NA,0,245,2026-04-29 06:56:14,"VVI196",450,"f","4/14/26",45,10
"1366",1366,"home","cdi_words","1","understands",1,1,245,2026-04-29 06:56:14,"VVI196",450,"f","4/14/26",45,10
"1367",1367,"home","cdi_words","1","produces",NA,0,104,2026-03-29 15:34:33,"VVI183",420,"m","3/29/26",5,0
"1368",1368,"home","cdi_words","1","understands",NA,0,104,2026-03-29 15:34:33,"VVI183",420,"m","3/29/26",5,0
"1369",1369,"home","cdi_words","1","produces",NA,0,125,2026-04-30 08:46:28,"VVI197",450,"m","4/14/26",5,0
"1370",1370,"home","cdi_words","1","understands",1,1,125,2026-04-30 08:46:28,"VVI197",450,"m","4/14/26",5,0
"1371",1371,"home","cdi_words","1","produces",NA,0,213,2026-02-15 21:07:24,"VVI142",450,"f","2/16/26",20,3
"1372",1372,"home","cdi_words","1","understands",1,1,213,2026-02-15 21:07:24,"VVI142",450,"f","2/16/26",20,3
"1373",1373,"home","cdi_words","1","produces",NA,0,76,2026-04-02 15:03:35,"VVI186",450,"m","2/26/04",15,2
"1374",1374,"home","cdi_words","1","understands",NA,0,76,2026-04-02 15:03:35,"VVI186",450,"m","2/26/04",15,2
"1375",1375,"home","cdi_words","1","produces",NA,0,223,2026-03-09 15:51:32,"VVI162",510,"f","2/24/26",30,11
"1376",1376,"home","cdi_words","1","understands",NA,0,223,2026-03-09 15:51:32,"VVI162",510,"f","2/24/26",30,11
"1377",1377,"home","cdi_words","1","produces",NA,0,207,2026-04-08 10:48:19,"VVI193",450,"f","8/26/04",5,0
"1378",1378,"home","cdi_words","1","understands",1,1,207,2026-04-08 10:48:19,"VVI193",450,"f","8/26/04",5,0
"1379",1379,"home","cdi_words","1","produces",NA,0,131,2026-04-28 16:52:20,"VVI201",420,"m","4/27/26",15,1
"1380",1380,"home","cdi_words","1","understands",1,1,131,2026-04-28 16:52:20,"VVI201",420,"m","4/27/26",15,1
"1381",1381,"home","cdi_words","1","produces",NA,0,216,2026-03-08 20:15:37,"VVI146",510,"f","2/17/26",50,25
"1382",1382,"home","cdi_words","1","understands",1,1,216,2026-03-08 20:15:37,"VVI146",510,"f","2/17/26",50,25
"1383",1383,"home","cdi_words","1","produces",NA,0,179,2026-03-09 12:13:10,"VVI160",510,"m","2/23/26",15,6
"1384",1384,"home","cdi_words","1","understands",NA,0,179,2026-03-09 12:13:10,"VVI160",510,"m","2/23/26",15,6
"1385",1385,"home","cdi_words","1","produces",NA,0,102,2026-03-08 18:49:54,"VVI164",480,"m","2/25/26",40,11
"1386",1386,"home","cdi_words","1","understands",NA,0,102,2026-03-08 18:49:54,"VVI164",480,"m","2/25/26",40,11
"1387",1387,"moon","cdi_words","1","produces",NA,0,245,2026-04-29 06:56:14,"VVI196",450,"f","4/14/26",45,10
"1388",1388,"moon","cdi_words","1","understands",1,1,245,2026-04-29 06:56:14,"VVI196",450,"f","4/14/26",45,10
"1389",1389,"moon","cdi_words","1","produces",NA,0,104,2026-03-29 15:34:33,"VVI183",420,"m","3/29/26",5,0
"1390",1390,"moon","cdi_words","1","understands",NA,0,104,2026-03-29 15:34:33,"VVI183",420,"m","3/29/26",5,0
"1391",1391,"moon","cdi_words","1","produces",NA,0,125,2026-04-30 08:46:28,"VVI197",450,"m","4/14/26",5,0
"1392",1392,"moon","cdi_words","1","understands",1,1,125,2026-04-30 08:46:28,"VVI197",450,"m","4/14/26",5,0
"1393",1393,"moon","cdi_words","1","produces",NA,0,213,2026-02-15 21:07:24,"VVI142",450,"f","2/16/26",20,3
"1394",1394,"moon","cdi_words","1","understands",NA,0,213,2026-02-15 21:07:24,"VVI142",450,"f","2/16/26",20,3
"1395",1395,"moon","cdi_words","1","produces",NA,0,76,2026-04-02 15:03:35,"VVI186",450,"m","2/26/04",15,2
"1396",1396,"moon","cdi_words","1","understands",NA,0,76,2026-04-02 15:03:35,"VVI186",450,"m","2/26/04",15,2
"1397",1397,"moon","cdi_words","1","produces",NA,0,223,2026-03-09 15:51:32,"VVI162",510,"f","2/24/26",30,11
"1398",1398,"moon","cdi_words","1","understands",NA,0,223,2026-03-09 15:51:32,"VVI162",510,"f","2/24/26",30,11
"1399",1399,"moon","cdi_words","1","produces",NA,0,207,2026-04-08 10:48:19,"VVI193",450,"f","8/26/04",5,0
"1400",1400,"moon","cdi_words","1","understands",NA,0,207,2026-04-08 10:48:19,"VVI193",450,"f","8/26/04",5,0
"1401",1401,"moon","cdi_words","1","produces",NA,0,131,2026-04-28 16:52:20,"VVI201",420,"m","4/27/26",15,1
"1402",1402,"moon","cdi_words","1","understands",NA,0,131,2026-04-28 16:52:20,"VVI201",420,"m","4/27/26",15,1
"1403",1403,"moon","cdi_words","1","produces",2,1,216,2026-03-08 20:15:37,"VVI146",510,"f","2/17/26",50,25
"1404",1404,"moon","cdi_words","1","understands",2,1,216,2026-03-08 20:15:37,"VVI146",510,"f","2/17/26",50,25
"1405",1405,"moon","cdi_words","1","produces",NA,0,179,2026-03-09 12:13:10,"VVI160",510,"m","2/23/26",15,6
"1406",1406,"moon","cdi_words","1","understands",NA,0,179,2026-03-09 12:13:10,"VVI160",510,"m","2/23/26",15,6
"1407",1407,"moon","cdi_words","1","produces",NA,0,102,2026-03-08 18:49:54,"VVI164",480,"m","2/25/26",40,11
"1408",1408,"moon","cdi_words","1","understands",NA,0,102,2026-03-08 18:49:54,"VVI164",480,"m","2/25/26",40,11
"1409",1409,"outside","cdi_words","1","produces",NA,0,245,2026-04-29 06:56:14,"VVI196",450,"f","4/14/26",45,10
"1410",1410,"outside","cdi_words","1","understands",1,1,245,2026-04-29 06:56:14,"VVI196",450,"f","4/14/26",45,10
"1411",1411,"outside","cdi_words","1","produces",NA,0,104,2026-03-29 15:34:33,"VVI183",420,"m","3/29/26",5,0
"1412",1412,"outside","cdi_words","1","understands",NA,0,104,2026-03-29 15:34:33,"VVI183",420,"m","3/29/26",5,0
"1413",1413,"outside","cdi_words","1","produces",NA,0,125,2026-04-30 08:46:28,"VVI197",450,"m","4/14/26",5,0
"1414",1414,"outside","cdi_words","1","understands",1,1,125,2026-04-30 08:46:28,"VVI197",450,"m","4/14/26",5,0
"1415",1415,"outside","cdi_words","1","produces",NA,0,213,2026-02-15 21:07:24,"VVI142",450,"f","2/16/26",20,3
"1416",1416,"outside","cdi_words","1","understands",1,1,213,2026-02-15 21:07:24,"VVI142",450,"f","2/16/26",20,3
"1417",1417,"outside","cdi_words","1","produces",NA,0,76,2026-04-02 15:03:35,"VVI186",450,"m","2/26/04",15,2
"1418",1418,"outside","cdi_words","1","understands",NA,0,76,2026-04-02 15:03:35,"VVI186",450,"m","2/26/04",15,2
"1419",1419,"outside","cdi_words","1","produces",NA,0,223,2026-03-09 15:51:32,"VVI162",510,"f","2/24/26",30,11
"1420",1420,"outside","cdi_words","1","understands",1,1,223,2026-03-09 15:51:32,"VVI162",510,"f","2/24/26",30,11
"1421",1421,"outside","cdi_words","1","produces",NA,0,207,2026-04-08 10:48:19,"VVI193",450,"f","8/26/04",5,0
"1422",1422,"outside","cdi_words","1","understands",1,1,207,2026-04-08 10:48:19,"VVI193",450,"f","8/26/04",5,0
"1423",1423,"outside","cdi_words","1","produces",NA,0,131,2026-04-28 16:52:20,"VVI201",420,"m","4/27/26",15,1
"1424",1424,"outside","cdi_words","1","understands",1,1,131,2026-04-28 16:52:20,"VVI201",420,"m","4/27/26",15,1
"1425",1425,"outside","cdi_words","1","produces",2,1,216,2026-03-08 20:15:37,"VVI146",510,"f","2/17/26",50,25
"1426",1426,"outside","cdi_words","1","understands",2,1,216,2026-03-08 20:15:37,"VVI146",510,"f","2/17/26",50,25
"1427",1427,"outside","cdi_words","1","produces",NA,0,179,2026-03-09 12:13:10,"VVI160",510,"m","2/23/26",15,6
"1428",1428,"outside","cdi_words","1","understands",1,1,179,2026-03-09 12:13:10,"VVI160",510,"m","2/23/26",15,6
"1429",1429,"outside","cdi_words","1","produces",NA,0,102,2026-03-08 18:49:54,"VVI164",480,"m","2/25/26",40,11
"1430",1430,"outside","cdi_words","1","understands",1,1,102,2026-03-08 18:49:54,"VVI164",480,"m","2/25/26",40,11
"1431",1431,"plant","cdi_words","1","produces",NA,0,245,2026-04-29 06:56:14,"VVI196",450,"f","4/14/26",45,10
"1432",1432,"plant","cdi_words","1","understands",1,1,245,2026-04-29 06:56:14,"VVI196",450,"f","4/14/26",45,10
"1433",1433,"plant","cdi_words","1","produces",NA,0,104,2026-03-29 15:34:33,"VVI183",420,"m","3/29/26",5,0
"1434",1434,"plant","cdi_words","1","understands",NA,0,104,2026-03-29 15:34:33,"VVI183",420,"m","3/29/26",5,0
"1435",1435,"plant","cdi_words","1","produces",NA,0,125,2026-04-30 08:46:28,"VVI197",450,"m","4/14/26",5,0
"1436",1436,"plant","cdi_words","1","understands",1,1,125,2026-04-30 08:46:28,"VVI197",450,"m","4/14/26",5,0
"1437",1437,"plant","cdi_words","1","produces",NA,0,213,2026-02-15 21:07:24,"VVI142",450,"f","2/16/26",20,3
"1438",1438,"plant","cdi_words","1","understands",NA,0,213,2026-02-15 21:07:24,"VVI142",450,"f","2/16/26",20,3
"1439",1439,"plant","cdi_words","1","produces",NA,0,76,2026-04-02 15:03:35,"VVI186",450,"m","2/26/04",15,2
"1440",1440,"plant","cdi_words","1","understands",NA,0,76,2026-04-02 15:03:35,"VVI186",450,"m","2/26/04",15,2
"1441",1441,"plant","cdi_words","1","produces",NA,0,223,2026-03-09 15:51:32,"VVI162",510,"f","2/24/26",30,11
"1442",1442,"plant","cdi_words","1","understands",NA,0,223,2026-03-09 15:51:32,"VVI162",510,"f","2/24/26",30,11
"1443",1443,"plant","cdi_words","1","produces",NA,0,207,2026-04-08 10:48:19,"VVI193",450,"f","8/26/04",5,0
"1444",1444,"plant","cdi_words","1","understands",1,1,207,2026-04-08 10:48:19,"VVI193",450,"f","8/26/04",5,0
"1445",1445,"plant","cdi_words","1","produces",NA,0,131,2026-04-28 16:52:20,"VVI201",420,"m","4/27/26",15,1
"1446",1446,"plant","cdi_words","1","understands",NA,0,131,2026-04-28 16:52:20,"VVI201",420,"m","4/27/26",15,1
"1447",1447,"plant","cdi_words","1","produces",NA,0,216,2026-03-08 20:15:37,"VVI146",510,"f","2/17/26",50,25
"1448",1448,"plant","cdi_words","1","understands",1,1,216,2026-03-08 20:15:37,"VVI146",510,"f","2/17/26",50,25
"1449",1449,"plant","cdi_words","1","produces",NA,0,179,2026-03-09 12:13:10,"VVI160",510,"m","2/23/26",15,6
"1450",1450,"plant","cdi_words","1","understands",NA,0,179,2026-03-09 12:13:10,"VVI160",510,"m","2/23/26",15,6
"1451",1451,"plant","cdi_words","1","produces",NA,0,102,2026-03-08 18:49:54,"VVI164",480,"m","2/25/26",40,11
"1452",1452,"plant","cdi_words","1","understands",NA,0,102,2026-03-08 18:49:54,"VVI164",480,"m","2/25/26",40,11
"1453",1453,"rain","cdi_words","1","produces",NA,0,245,2026-04-29 06:56:14,"VVI196",450,"f","4/14/26",45,10
"1454",1454,"rain","cdi_words","1","understands",1,1,245,2026-04-29 06:56:14,"VVI196",450,"f","4/14/26",45,10
"1455",1455,"rain","cdi_words","1","produces",NA,0,104,2026-03-29 15:34:33,"VVI183",420,"m","3/29/26",5,0
"1456",1456,"rain","cdi_words","1","understands",NA,0,104,2026-03-29 15:34:33,"VVI183",420,"m","3/29/26",5,0
"1457",1457,"rain","cdi_words","1","produces",NA,0,125,2026-04-30 08:46:28,"VVI197",450,"m","4/14/26",5,0
"1458",1458,"rain","cdi_words","1","understands",1,1,125,2026-04-30 08:46:28,"VVI197",450,"m","4/14/26",5,0
"1459",1459,"rain","cdi_words","1","produces",NA,0,213,2026-02-15 21:07:24,"VVI142",450,"f","2/16/26",20,3
"1460",1460,"rain","cdi_words","1","understands",NA,0,213,2026-02-15 21:07:24,"VVI142",450,"f","2/16/26",20,3
"1461",1461,"rain","cdi_words","1","produces",NA,0,76,2026-04-02 15:03:35,"VVI186",450,"m","2/26/04",15,2
"1462",1462,"rain","cdi_words","1","understands",NA,0,76,2026-04-02 15:03:35,"VVI186",450,"m","2/26/04",15,2
"1463",1463,"rain","cdi_words","1","produces",NA,0,223,2026-03-09 15:51:32,"VVI162",510,"f","2/24/26",30,11
"1464",1464,"rain","cdi_words","1","understands",NA,0,223,2026-03-09 15:51:32,"VVI162",510,"f","2/24/26",30,11
"1465",1465,"rain","cdi_words","1","produces",NA,0,207,2026-04-08 10:48:19,"VVI193",450,"f","8/26/04",5,0
"1466",1466,"rain","cdi_words","1","understands",1,1,207,2026-04-08 10:48:19,"VVI193",450,"f","8/26/04",5,0
"1467",1467,"rain","cdi_words","1","produces",NA,0,131,2026-04-28 16:52:20,"VVI201",420,"m","4/27/26",15,1
"1468",1468,"rain","cdi_words","1","understands",1,1,131,2026-04-28 16:52:20,"VVI201",420,"m","4/27/26",15,1
"1469",1469,"rain","cdi_words","1","produces",NA,0,216,2026-03-08 20:15:37,"VVI146",510,"f","2/17/26",50,25
"1470",1470,"rain","cdi_words","1","understands",1,1,216,2026-03-08 20:15:37,"VVI146",510,"f","2/17/26",50,25
"1471",1471,"rain","cdi_words","1","produces",NA,0,179,2026-03-09 12:13:10,"VVI160",510,"m","2/23/26",15,6
"1472",1472,"rain","cdi_words","1","understands",NA,0,179,2026-03-09 12:13:10,"VVI160",510,"m","2/23/26",15,6
"1473",1473,"rain","cdi_words","1","produces",NA,0,102,2026-03-08 18:49:54,"VVI164",480,"m","2/25/26",40,11
"1474",1474,"rain","cdi_words","1","understands",NA,0,102,2026-03-08 18:49:54,"VVI164",480,"m","2/25/26",40,11
"1475",1475,"rock","cdi_words","1","produces",NA,0,245,2026-04-29 06:56:14,"VVI196",450,"f","4/14/26",45,10
"1476",1476,"rock","cdi_words","1","understands",1,1,245,2026-04-29 06:56:14,"VVI196",450,"f","4/14/26",45,10
"1477",1477,"rock","cdi_words","1","produces",NA,0,104,2026-03-29 15:34:33,"VVI183",420,"m","3/29/26",5,0
"1478",1478,"rock","cdi_words","1","understands",NA,0,104,2026-03-29 15:34:33,"VVI183",420,"m","3/29/26",5,0
"1479",1479,"rock","cdi_words","1","produces",NA,0,125,2026-04-30 08:46:28,"VVI197",450,"m","4/14/26",5,0
"1480",1480,"rock","cdi_words","1","understands",1,1,125,2026-04-30 08:46:28,"VVI197",450,"m","4/14/26",5,0
"1481",1481,"rock","cdi_words","1","produces",NA,0,213,2026-02-15 21:07:24,"VVI142",450,"f","2/16/26",20,3
"1482",1482,"rock","cdi_words","1","understands",1,1,213,2026-02-15 21:07:24,"VVI142",450,"f","2/16/26",20,3
"1483",1483,"rock","cdi_words","1","produces",NA,0,76,2026-04-02 15:03:35,"VVI186",450,"m","2/26/04",15,2
"1484",1484,"rock","cdi_words","1","understands",NA,0,76,2026-04-02 15:03:35,"VVI186",450,"m","2/26/04",15,2
"1485",1485,"rock","cdi_words","1","produces",NA,0,223,2026-03-09 15:51:32,"VVI162",510,"f","2/24/26",30,11
"1486",1486,"rock","cdi_words","1","understands",NA,0,223,2026-03-09 15:51:32,"VVI162",510,"f","2/24/26",30,11
"1487",1487,"rock","cdi_words","1","produces",NA,0,207,2026-04-08 10:48:19,"VVI193",450,"f","8/26/04",5,0
"1488",1488,"rock","cdi_words","1","understands",1,1,207,2026-04-08 10:48:19,"VVI193",450,"f","8/26/04",5,0
"1489",1489,"rock","cdi_words","1","produces",NA,0,131,2026-04-28 16:52:20,"VVI201",420,"m","4/27/26",15,1
"1490",1490,"rock","cdi_words","1","understands",NA,0,131,2026-04-28 16:52:20,"VVI201",420,"m","4/27/26",15,1
"1491",1491,"rock","cdi_words","1","produces",2,1,216,2026-03-08 20:15:37,"VVI146",510,"f","2/17/26",50,25
"1492",1492,"rock","cdi_words","1","understands",2,1,216,2026-03-08 20:15:37,"VVI146",510,"f","2/17/26",50,25
"1493",1493,"rock","cdi_words","1","produces",NA,0,179,2026-03-09 12:13:10,"VVI160",510,"m","2/23/26",15,6
"1494",1494,"rock","cdi_words","1","understands",NA,0,179,2026-03-09 12:13:10,"VVI160",510,"m","2/23/26",15,6
"1495",1495,"rock","cdi_words","1","produces",NA,0,102,2026-03-08 18:49:54,"VVI164",480,"m","2/25/26",40,11
"1496",1496,"rock","cdi_words","1","understands",NA,0,102,2026-03-08 18:49:54,"VVI164",480,"m","2/25/26",40,11
"1497",1497,"bird","cdi_words","1","produces",NA,0,245,2026-04-29 06:56:14,"VVI196",450,"f","4/14/26",45,10
"1498",1498,"bird","cdi_words","1","understands",1,1,245,2026-04-29 06:56:14,"VVI196",450,"f","4/14/26",45,10
"1499",1499,"bird","cdi_words","1","produces",NA,0,104,2026-03-29 15:34:33,"VVI183",420,"m","3/29/26",5,0
"1500",1500,"bird","cdi_words","1","understands",NA,0,104,2026-03-29 15:34:33,"VVI183",420,"m","3/29/26",5,0
"1501",1501,"bird","cdi_words","1","produces",NA,0,125,2026-04-30 08:46:28,"VVI197",450,"m","4/14/26",5,0
"1502",1502,"bird","cdi_words","1","understands",1,1,125,2026-04-30 08:46:28,"VVI197",450,"m","4/14/26",5,0
"1503",1503,"bird","cdi_words","1","produces",NA,0,213,2026-02-15 21:07:24,"VVI142",450,"f","2/16/26",20,3
"1504",1504,"bird","cdi_words","1","understands",1,1,213,2026-02-15 21:07:24,"VVI142",450,"f","2/16/26",20,3
"1505",1505,"bird","cdi_words","1","produces",NA,0,76,2026-04-02 15:03:35,"VVI186",450,"m","2/26/04",15,2
"1506",1506,"bird","cdi_words","1","understands",NA,0,76,2026-04-02 15:03:35,"VVI186",450,"m","2/26/04",15,2
"1507",1507,"bird","cdi_words","1","produces",NA,0,223,2026-03-09 15:51:32,"VVI162",510,"f","2/24/26",30,11
"1508",1508,"bird","cdi_words","1","understands",1,1,223,2026-03-09 15:51:32,"VVI162",510,"f","2/24/26",30,11
"1509",1509,"bird","cdi_words","1","produces",NA,0,207,2026-04-08 10:48:19,"VVI193",450,"f","8/26/04",5,0
"1510",1510,"bird","cdi_words","1","understands",1,1,207,2026-04-08 10:48:19,"VVI193",450,"f","8/26/04",5,0
"1511",1511,"bird","cdi_words","1","produces",NA,0,131,2026-04-28 16:52:20,"VVI201",420,"m","4/27/26",15,1
"1512",1512,"bird","cdi_words","1","understands",1,1,131,2026-04-28 16:52:20,"VVI201",420,"m","4/27/26",15,1
"1513",1513,"bird","cdi_words","1","produces",2,1,216,2026-03-08 20:15:37,"VVI146",510,"f","2/17/26",50,25
"1514",1514,"bird","cdi_words","1","understands",2,1,216,2026-03-08 20:15:37,"VVI146",510,"f","2/17/26",50,25
"1515",1515,"bird","cdi_words","1","produces",NA,0,179,2026-03-09 12:13:10,"VVI160",510,"m","2/23/26",15,6
"1516",1516,"bird","cdi_words","1","understands",NA,0,179,2026-03-09 12:13:10,"VVI160",510,"m","2/23/26",15,6
"1517",1517,"bird","cdi_words","1","produces",NA,0,102,2026-03-08 18:49:54,"VVI164",480,"m","2/25/26",40,11
"1518",1518,"bird","cdi_words","1","understands",NA,0,102,2026-03-08 18:49:54,"VVI164",480,"m","2/25/26",40,11
"1519",1519,"water","cdi_words","1","produces",NA,0,245,2026-04-29 06:56:14,"VVI196",450,"f","4/14/26",45,10
"1520",1520,"water","cdi_words","1","understands",1,1,245,2026-04-29 06:56:14,"VVI196",450,"f","4/14/26",45,10
"1521",1521,"water","cdi_words","1","produces",NA,0,104,2026-03-29 15:34:33,"VVI183",420,"m","3/29/26",5,0
"1522",1522,"water","cdi_words","1","understands",NA,0,104,2026-03-29 15:34:33,"VVI183",420,"m","3/29/26",5,0
"1523",1523,"water","cdi_words","1","produces",NA,0,125,2026-04-30 08:46:28,"VVI197",450,"m","4/14/26",5,0
"1524",1524,"water","cdi_words","1","understands",1,1,125,2026-04-30 08:46:28,"VVI197",450,"m","4/14/26",5,0
"1525",1525,"water","cdi_words","1","produces",NA,0,213,2026-02-15 21:07:24,"VVI142",450,"f","2/16/26",20,3
"1526",1526,"water","cdi_words","1","understands",1,1,213,2026-02-15 21:07:24,"VVI142",450,"f","2/16/26",20,3
"1527",1527,"water","cdi_words","1","produces",NA,0,76,2026-04-02 15:03:35,"VVI186",450,"m","2/26/04",15,2
"1528",1528,"water","cdi_words","1","understands",NA,0,76,2026-04-02 15:03:35,"VVI186",450,"m","2/26/04",15,2
"1529",1529,"water","cdi_words","1","produces",NA,0,223,2026-03-09 15:51:32,"VVI162",510,"f","2/24/26",30,11
"1530",1530,"water","cdi_words","1","understands",1,1,223,2026-03-09 15:51:32,"VVI162",510,"f","2/24/26",30,11
"1531",1531,"water","cdi_words","1","produces",NA,0,207,2026-04-08 10:48:19,"VVI193",450,"f","8/26/04",5,0
"1532",1532,"water","cdi_words","1","understands",1,1,207,2026-04-08 10:48:19,"VVI193",450,"f","8/26/04",5,0
"1533",1533,"water","cdi_words","1","produces",NA,0,131,2026-04-28 16:52:20,"VVI201",420,"m","4/27/26",15,1
"1534",1534,"water","cdi_words","1","understands",1,1,131,2026-04-28 16:52:20,"VVI201",420,"m","4/27/26",15,1
"1535",1535,"water","cdi_words","1","produces",2,1,216,2026-03-08 20:15:37,"VVI146",510,"f","2/17/26",50,25
"1536",1536,"water","cdi_words","1","understands",2,1,216,2026-03-08 20:15:37,"VVI146",510,"f","2/17/26",50,25
"1537",1537,"water","cdi_words","1","produces",2,1,179,2026-03-09 12:13:10,"VVI160",510,"m","2/23/26",15,6
"1538",1538,"water","cdi_words","1","understands",2,1,179,2026-03-09 12:13:10,"VVI160",510,"m","2/23/26",15,6
"1539",1539,"water","cdi_words","1","produces",2,1,102,2026-03-08 18:49:54,"VVI164",480,"m","2/25/26",40,11
"1540",1540,"water","cdi_words","1","understands",2,1,102,2026-03-08 18:49:54,"VVI164",480,"m","2/25/26",40,11
"1541",1541,"babysitter","cdi_words","1","produces",NA,0,245,2026-04-29 06:56:14,"VVI196",450,"f","4/14/26",45,10
"1542",1542,"babysitter","cdi_words","1","understands",NA,0,245,2026-04-29 06:56:14,"VVI196",450,"f","4/14/26",45,10
"1543",1543,"babysitter","cdi_words","1","produces",NA,0,104,2026-03-29 15:34:33,"VVI183",420,"m","3/29/26",5,0
"1544",1544,"babysitter","cdi_words","1","understands",NA,0,104,2026-03-29 15:34:33,"VVI183",420,"m","3/29/26",5,0
"1545",1545,"babysitter","cdi_words","1","produces",NA,0,125,2026-04-30 08:46:28,"VVI197",450,"m","4/14/26",5,0
"1546",1546,"babysitter","cdi_words","1","understands",NA,0,125,2026-04-30 08:46:28,"VVI197",450,"m","4/14/26",5,0
"1547",1547,"babysitter","cdi_words","1","produces",NA,0,213,2026-02-15 21:07:24,"VVI142",450,"f","2/16/26",20,3
"1548",1548,"babysitter","cdi_words","1","understands",NA,0,213,2026-02-15 21:07:24,"VVI142",450,"f","2/16/26",20,3
"1549",1549,"babysitter","cdi_words","1","produces",NA,0,76,2026-04-02 15:03:35,"VVI186",450,"m","2/26/04",15,2
"1550",1550,"babysitter","cdi_words","1","understands",NA,0,76,2026-04-02 15:03:35,"VVI186",450,"m","2/26/04",15,2
"1551",1551,"babysitter","cdi_words","1","produces",NA,0,223,2026-03-09 15:51:32,"VVI162",510,"f","2/24/26",30,11
"1552",1552,"babysitter","cdi_words","1","understands",NA,0,223,2026-03-09 15:51:32,"VVI162",510,"f","2/24/26",30,11
"1553",1553,"babysitter","cdi_words","1","produces",NA,0,207,2026-04-08 10:48:19,"VVI193",450,"f","8/26/04",5,0
"1554",1554,"babysitter","cdi_words","1","understands",NA,0,207,2026-04-08 10:48:19,"VVI193",450,"f","8/26/04",5,0
"1555",1555,"babysitter","cdi_words","1","produces",NA,0,131,2026-04-28 16:52:20,"VVI201",420,"m","4/27/26",15,1
"1556",1556,"babysitter","cdi_words","1","understands",NA,0,131,2026-04-28 16:52:20,"VVI201",420,"m","4/27/26",15,1
"1557",1557,"babysitter","cdi_words","1","produces",NA,0,216,2026-03-08 20:15:37,"VVI146",510,"f","2/17/26",50,25
"1558",1558,"babysitter","cdi_words","1","understands",NA,0,216,2026-03-08 20:15:37,"VVI146",510,"f","2/17/26",50,25
"1559",1559,"babysitter","cdi_words","1","produces",NA,0,179,2026-03-09 12:13:10,"VVI160",510,"m","2/23/26",15,6
"1560",1560,"babysitter","cdi_words","1","understands",NA,0,179,2026-03-09 12:13:10,"VVI160",510,"m","2/23/26",15,6
"1561",1561,"babysitter","cdi_words","1","produces",NA,0,102,2026-03-08 18:49:54,"VVI164",480,"m","2/25/26",40,11
"1562",1562,"babysitter","cdi_words","1","understands",NA,0,102,2026-03-08 18:49:54,"VVI164",480,"m","2/25/26",40,11
"1563",1563,"girl","cdi_words","1","produces",NA,0,245,2026-04-29 06:56:14,"VVI196",450,"f","4/14/26",45,10
"1564",1564,"girl","cdi_words","1","understands",1,1,245,2026-04-29 06:56:14,"VVI196",450,"f","4/14/26",45,10
"1565",1565,"girl","cdi_words","1","produces",NA,0,104,2026-03-29 15:34:33,"VVI183",420,"m","3/29/26",5,0
"1566",1566,"girl","cdi_words","1","understands",NA,0,104,2026-03-29 15:34:33,"VVI183",420,"m","3/29/26",5,0
"1567",1567,"girl","cdi_words","1","produces",NA,0,125,2026-04-30 08:46:28,"VVI197",450,"m","4/14/26",5,0
"1568",1568,"girl","cdi_words","1","understands",1,1,125,2026-04-30 08:46:28,"VVI197",450,"m","4/14/26",5,0
"1569",1569,"girl","cdi_words","1","produces",NA,0,213,2026-02-15 21:07:24,"VVI142",450,"f","2/16/26",20,3
"1570",1570,"girl","cdi_words","1","understands",NA,0,213,2026-02-15 21:07:24,"VVI142",450,"f","2/16/26",20,3
"1571",1571,"girl","cdi_words","1","produces",NA,0,76,2026-04-02 15:03:35,"VVI186",450,"m","2/26/04",15,2
"1572",1572,"girl","cdi_words","1","understands",NA,0,76,2026-04-02 15:03:35,"VVI186",450,"m","2/26/04",15,2
"1573",1573,"girl","cdi_words","1","produces",NA,0,223,2026-03-09 15:51:32,"VVI162",510,"f","2/24/26",30,11
"1574",1574,"girl","cdi_words","1","understands",NA,0,223,2026-03-09 15:51:32,"VVI162",510,"f","2/24/26",30,11
"1575",1575,"girl","cdi_words","1","produces",NA,0,207,2026-04-08 10:48:19,"VVI193",450,"f","8/26/04",5,0
"1576",1576,"girl","cdi_words","1","understands",1,1,207,2026-04-08 10:48:19,"VVI193",450,"f","8/26/04",5,0
"1577",1577,"girl","cdi_words","1","produces",NA,0,131,2026-04-28 16:52:20,"VVI201",420,"m","4/27/26",15,1
"1578",1578,"girl","cdi_words","1","understands",NA,0,131,2026-04-28 16:52:20,"VVI201",420,"m","4/27/26",15,1
"1579",1579,"girl","cdi_words","1","produces",NA,0,216,2026-03-08 20:15:37,"VVI146",510,"f","2/17/26",50,25
"1580",1580,"girl","cdi_words","1","understands",NA,0,216,2026-03-08 20:15:37,"VVI146",510,"f","2/17/26",50,25
"1581",1581,"girl","cdi_words","1","produces",NA,0,179,2026-03-09 12:13:10,"VVI160",510,"m","2/23/26",15,6
"1582",1582,"girl","cdi_words","1","understands",NA,0,179,2026-03-09 12:13:10,"VVI160",510,"m","2/23/26",15,6
"1583",1583,"girl","cdi_words","1","produces",NA,0,102,2026-03-08 18:49:54,"VVI164",480,"m","2/25/26",40,11
"1584",1584,"girl","cdi_words","1","understands",NA,0,102,2026-03-08 18:49:54,"VVI164",480,"m","2/25/26",40,11
"1585",1585,"grandma","cdi_words","1","produces",NA,0,245,2026-04-29 06:56:14,"VVI196",450,"f","4/14/26",45,10
"1586",1586,"grandma","cdi_words","1","understands",1,1,245,2026-04-29 06:56:14,"VVI196",450,"f","4/14/26",45,10
"1587",1587,"grandma","cdi_words","1","produces",NA,0,104,2026-03-29 15:34:33,"VVI183",420,"m","3/29/26",5,0
"1588",1588,"grandma","cdi_words","1","understands",NA,0,104,2026-03-29 15:34:33,"VVI183",420,"m","3/29/26",5,0
"1589",1589,"grandma","cdi_words","1","produces",NA,0,125,2026-04-30 08:46:28,"VVI197",450,"m","4/14/26",5,0
"1590",1590,"grandma","cdi_words","1","understands",1,1,125,2026-04-30 08:46:28,"VVI197",450,"m","4/14/26",5,0
"1591",1591,"grandma","cdi_words","1","produces",NA,0,213,2026-02-15 21:07:24,"VVI142",450,"f","2/16/26",20,3
"1592",1592,"grandma","cdi_words","1","understands",1,1,213,2026-02-15 21:07:24,"VVI142",450,"f","2/16/26",20,3
"1593",1593,"grandma","cdi_words","1","produces",2,1,76,2026-04-02 15:03:35,"VVI186",450,"m","2/26/04",15,2
"1594",1594,"grandma","cdi_words","1","understands",2,1,76,2026-04-02 15:03:35,"VVI186",450,"m","2/26/04",15,2
"1595",1595,"grandma","cdi_words","1","produces",NA,0,223,2026-03-09 15:51:32,"VVI162",510,"f","2/24/26",30,11
"1596",1596,"grandma","cdi_words","1","understands",1,1,223,2026-03-09 15:51:32,"VVI162",510,"f","2/24/26",30,11
"1597",1597,"grandma","cdi_words","1","produces",NA,0,207,2026-04-08 10:48:19,"VVI193",450,"f","8/26/04",5,0
"1598",1598,"grandma","cdi_words","1","understands",1,1,207,2026-04-08 10:48:19,"VVI193",450,"f","8/26/04",5,0
"1599",1599,"grandma","cdi_words","1","produces",NA,0,131,2026-04-28 16:52:20,"VVI201",420,"m","4/27/26",15,1
"1600",1600,"grandma","cdi_words","1","understands",1,1,131,2026-04-28 16:52:20,"VVI201",420,"m","4/27/26",15,1
"1601",1601,"grandma","cdi_words","1","produces",NA,0,216,2026-03-08 20:15:37,"VVI146",510,"f","2/17/26",50,25
"1602",1602,"grandma","cdi_words","1","understands",1,1,216,2026-03-08 20:15:37,"VVI146",510,"f","2/17/26",50,25
"1603",1603,"grandma","cdi_words","1","produces",NA,0,179,2026-03-09 12:13:10,"VVI160",510,"m","2/23/26",15,6
"1604",1604,"grandma","cdi_words","1","understands",NA,0,179,2026-03-09 12:13:10,"VVI160",510,"m","2/23/26",15,6
"1605",1605,"grandma","cdi_words","1","produces",NA,0,102,2026-03-08 18:49:54,"VVI164",480,"m","2/25/26",40,11
"1606",1606,"grandma","cdi_words","1","understands",NA,0,102,2026-03-08 18:49:54,"VVI164",480,"m","2/25/26",40,11
"1607",1607,"mommy","cdi_words","1","produces",NA,0,245,2026-04-29 06:56:14,"VVI196",450,"f","4/14/26",45,10
"1608",1608,"mommy","cdi_words","1","understands",1,1,245,2026-04-29 06:56:14,"VVI196",450,"f","4/14/26",45,10
"1609",1609,"mommy","cdi_words","1","produces",NA,0,104,2026-03-29 15:34:33,"VVI183",420,"m","3/29/26",5,0
"1610",1610,"mommy","cdi_words","1","understands",1,1,104,2026-03-29 15:34:33,"VVI183",420,"m","3/29/26",5,0
"1611",1611,"mommy","cdi_words","1","produces",NA,0,125,2026-04-30 08:46:28,"VVI197",450,"m","4/14/26",5,0
"1612",1612,"mommy","cdi_words","1","understands",1,1,125,2026-04-30 08:46:28,"VVI197",450,"m","4/14/26",5,0
"1613",1613,"mommy","cdi_words","1","produces",NA,0,213,2026-02-15 21:07:24,"VVI142",450,"f","2/16/26",20,3
"1614",1614,"mommy","cdi_words","1","understands",1,1,213,2026-02-15 21:07:24,"VVI142",450,"f","2/16/26",20,3
"1615",1615,"mommy","cdi_words","1","produces",2,1,76,2026-04-02 15:03:35,"VVI186",450,"m","2/26/04",15,2
"1616",1616,"mommy","cdi_words","1","understands",2,1,76,2026-04-02 15:03:35,"VVI186",450,"m","2/26/04",15,2
"1617",1617,"mommy","cdi_words","1","produces",2,1,223,2026-03-09 15:51:32,"VVI162",510,"f","2/24/26",30,11
"1618",1618,"mommy","cdi_words","1","understands",2,1,223,2026-03-09 15:51:32,"VVI162",510,"f","2/24/26",30,11
"1619",1619,"mommy","cdi_words","1","produces",NA,0,207,2026-04-08 10:48:19,"VVI193",450,"f","8/26/04",5,0
"1620",1620,"mommy","cdi_words","1","understands",1,1,207,2026-04-08 10:48:19,"VVI193",450,"f","8/26/04",5,0
"1621",1621,"mommy","cdi_words","1","produces",2,1,131,2026-04-28 16:52:20,"VVI201",420,"m","4/27/26",15,1
"1622",1622,"mommy","cdi_words","1","understands",2,1,131,2026-04-28 16:52:20,"VVI201",420,"m","4/27/26",15,1
"1623",1623,"mommy","cdi_words","1","produces",2,1,216,2026-03-08 20:15:37,"VVI146",510,"f","2/17/26",50,25
"1624",1624,"mommy","cdi_words","1","understands",2,1,216,2026-03-08 20:15:37,"VVI146",510,"f","2/17/26",50,25
"1625",1625,"mommy","cdi_words","1","produces",2,1,179,2026-03-09 12:13:10,"VVI160",510,"m","2/23/26",15,6
"1626",1626,"mommy","cdi_words","1","understands",2,1,179,2026-03-09 12:13:10,"VVI160",510,"m","2/23/26",15,6
"1627",1627,"mommy","cdi_words","1","produces",2,1,102,2026-03-08 18:49:54,"VVI164",480,"m","2/25/26",40,11
"1628",1628,"mommy","cdi_words","1","understands",2,1,102,2026-03-08 18:49:54,"VVI164",480,"m","2/25/26",40,11
"1629",1629,"bath","cdi_words","1","produces",2,1,245,2026-04-29 06:56:14,"VVI196",450,"f","4/14/26",45,10
"1630",1630,"bath","cdi_words","1","understands",2,1,245,2026-04-29 06:56:14,"VVI196",450,"f","4/14/26",45,10
"1631",1631,"bath","cdi_words","1","produces",NA,0,104,2026-03-29 15:34:33,"VVI183",420,"m","3/29/26",5,0
"1632",1632,"bath","cdi_words","1","understands",1,1,104,2026-03-29 15:34:33,"VVI183",420,"m","3/29/26",5,0
"1633",1633,"bath","cdi_words","1","produces",NA,0,125,2026-04-30 08:46:28,"VVI197",450,"m","4/14/26",5,0
"1634",1634,"bath","cdi_words","1","understands",1,1,125,2026-04-30 08:46:28,"VVI197",450,"m","4/14/26",5,0
"1635",1635,"bath","cdi_words","1","produces",NA,0,213,2026-02-15 21:07:24,"VVI142",450,"f","2/16/26",20,3
"1636",1636,"bath","cdi_words","1","understands",1,1,213,2026-02-15 21:07:24,"VVI142",450,"f","2/16/26",20,3
"1637",1637,"bath","cdi_words","1","produces",NA,0,76,2026-04-02 15:03:35,"VVI186",450,"m","2/26/04",15,2
"1638",1638,"bath","cdi_words","1","understands",NA,0,76,2026-04-02 15:03:35,"VVI186",450,"m","2/26/04",15,2
"1639",1639,"bath","cdi_words","1","produces",NA,0,223,2026-03-09 15:51:32,"VVI162",510,"f","2/24/26",30,11
"1640",1640,"bath","cdi_words","1","understands",1,1,223,2026-03-09 15:51:32,"VVI162",510,"f","2/24/26",30,11
"1641",1641,"bath","cdi_words","1","produces",NA,0,207,2026-04-08 10:48:19,"VVI193",450,"f","8/26/04",5,0
"1642",1642,"bath","cdi_words","1","understands",1,1,207,2026-04-08 10:48:19,"VVI193",450,"f","8/26/04",5,0
"1643",1643,"bath","cdi_words","1","produces",NA,0,131,2026-04-28 16:52:20,"VVI201",420,"m","4/27/26",15,1
"1644",1644,"bath","cdi_words","1","understands",1,1,131,2026-04-28 16:52:20,"VVI201",420,"m","4/27/26",15,1
"1645",1645,"bath","cdi_words","1","produces",2,1,216,2026-03-08 20:15:37,"VVI146",510,"f","2/17/26",50,25
"1646",1646,"bath","cdi_words","1","understands",2,1,216,2026-03-08 20:15:37,"VVI146",510,"f","2/17/26",50,25
"1647",1647,"bath","cdi_words","1","produces",NA,0,179,2026-03-09 12:13:10,"VVI160",510,"m","2/23/26",15,6
"1648",1648,"bath","cdi_words","1","understands",NA,0,179,2026-03-09 12:13:10,"VVI160",510,"m","2/23/26",15,6
"1649",1649,"bath","cdi_words","1","produces",NA,0,102,2026-03-08 18:49:54,"VVI164",480,"m","2/25/26",40,11
"1650",1650,"bath","cdi_words","1","understands",1,1,102,2026-03-08 18:49:54,"VVI164",480,"m","2/25/26",40,11
"1651",1651,"don't","cdi_words","1","produces",2,1,245,2026-04-29 06:56:14,"VVI196",450,"f","4/14/26",45,10
"1652",1652,"don't","cdi_words","1","understands",2,1,245,2026-04-29 06:56:14,"VVI196",450,"f","4/14/26",45,10
"1653",1653,"don't","cdi_words","1","produces",NA,0,104,2026-03-29 15:34:33,"VVI183",420,"m","3/29/26",5,0
"1654",1654,"don't","cdi_words","1","understands",NA,0,104,2026-03-29 15:34:33,"VVI183",420,"m","3/29/26",5,0
"1655",1655,"don't","cdi_words","1","produces",NA,0,125,2026-04-30 08:46:28,"VVI197",450,"m","4/14/26",5,0
"1656",1656,"don't","cdi_words","1","understands",1,1,125,2026-04-30 08:46:28,"VVI197",450,"m","4/14/26",5,0
"1657",1657,"don't","cdi_words","1","produces",NA,0,213,2026-02-15 21:07:24,"VVI142",450,"f","2/16/26",20,3
"1658",1658,"don't","cdi_words","1","understands",1,1,213,2026-02-15 21:07:24,"VVI142",450,"f","2/16/26",20,3
"1659",1659,"don't","cdi_words","1","produces",NA,0,76,2026-04-02 15:03:35,"VVI186",450,"m","2/26/04",15,2
"1660",1660,"don't","cdi_words","1","understands",NA,0,76,2026-04-02 15:03:35,"VVI186",450,"m","2/26/04",15,2
"1661",1661,"don't","cdi_words","1","produces",NA,0,223,2026-03-09 15:51:32,"VVI162",510,"f","2/24/26",30,11
"1662",1662,"don't","cdi_words","1","understands",1,1,223,2026-03-09 15:51:32,"VVI162",510,"f","2/24/26",30,11
"1663",1663,"don't","cdi_words","1","produces",NA,0,207,2026-04-08 10:48:19,"VVI193",450,"f","8/26/04",5,0
"1664",1664,"don't","cdi_words","1","understands",NA,0,207,2026-04-08 10:48:19,"VVI193",450,"f","8/26/04",5,0
"1665",1665,"don't","cdi_words","1","produces",NA,0,131,2026-04-28 16:52:20,"VVI201",420,"m","4/27/26",15,1
"1666",1666,"don't","cdi_words","1","understands",NA,0,131,2026-04-28 16:52:20,"VVI201",420,"m","4/27/26",15,1
"1667",1667,"don't","cdi_words","1","produces",NA,0,216,2026-03-08 20:15:37,"VVI146",510,"f","2/17/26",50,25
"1668",1668,"don't","cdi_words","1","understands",NA,0,216,2026-03-08 20:15:37,"VVI146",510,"f","2/17/26",50,25
"1669",1669,"don't","cdi_words","1","produces",NA,0,179,2026-03-09 12:13:10,"VVI160",510,"m","2/23/26",15,6
"1670",1670,"don't","cdi_words","1","understands",NA,0,179,2026-03-09 12:13:10,"VVI160",510,"m","2/23/26",15,6
"1671",1671,"don't","cdi_words","1","produces",NA,0,102,2026-03-08 18:49:54,"VVI164",480,"m","2/25/26",40,11
"1672",1672,"don't","cdi_words","1","understands",NA,0,102,2026-03-08 18:49:54,"VVI164",480,"m","2/25/26",40,11
"1673",1673,"hi","cdi_words","1","produces",NA,0,245,2026-04-29 06:56:14,"VVI196",450,"f","4/14/26",45,10
"1674",1674,"hi","cdi_words","1","understands",1,1,245,2026-04-29 06:56:14,"VVI196",450,"f","4/14/26",45,10
"1675",1675,"hi","cdi_words","1","produces",NA,0,104,2026-03-29 15:34:33,"VVI183",420,"m","3/29/26",5,0
"1676",1676,"hi","cdi_words","1","understands",NA,0,104,2026-03-29 15:34:33,"VVI183",420,"m","3/29/26",5,0
"1677",1677,"hi","cdi_words","1","produces",NA,0,125,2026-04-30 08:46:28,"VVI197",450,"m","4/14/26",5,0
"1678",1678,"hi","cdi_words","1","understands",1,1,125,2026-04-30 08:46:28,"VVI197",450,"m","4/14/26",5,0
"1679",1679,"hi","cdi_words","1","produces",2,1,213,2026-02-15 21:07:24,"VVI142",450,"f","2/16/26",20,3
"1680",1680,"hi","cdi_words","1","understands",2,1,213,2026-02-15 21:07:24,"VVI142",450,"f","2/16/26",20,3
"1681",1681,"hi","cdi_words","1","produces",NA,0,76,2026-04-02 15:03:35,"VVI186",450,"m","2/26/04",15,2
"1682",1682,"hi","cdi_words","1","understands",NA,0,76,2026-04-02 15:03:35,"VVI186",450,"m","2/26/04",15,2
"1683",1683,"hi","cdi_words","1","produces",2,1,223,2026-03-09 15:51:32,"VVI162",510,"f","2/24/26",30,11
"1684",1684,"hi","cdi_words","1","understands",2,1,223,2026-03-09 15:51:32,"VVI162",510,"f","2/24/26",30,11
"1685",1685,"hi","cdi_words","1","produces",NA,0,207,2026-04-08 10:48:19,"VVI193",450,"f","8/26/04",5,0
"1686",1686,"hi","cdi_words","1","understands",1,1,207,2026-04-08 10:48:19,"VVI193",450,"f","8/26/04",5,0
"1687",1687,"hi","cdi_words","1","produces",NA,0,131,2026-04-28 16:52:20,"VVI201",420,"m","4/27/26",15,1
"1688",1688,"hi","cdi_words","1","understands",1,1,131,2026-04-28 16:52:20,"VVI201",420,"m","4/27/26",15,1
"1689",1689,"hi","cdi_words","1","produces",2,1,216,2026-03-08 20:15:37,"VVI146",510,"f","2/17/26",50,25
"1690",1690,"hi","cdi_words","1","understands",2,1,216,2026-03-08 20:15:37,"VVI146",510,"f","2/17/26",50,25
"1691",1691,"hi","cdi_words","1","produces",2,1,179,2026-03-09 12:13:10,"VVI160",510,"m","2/23/26",15,6
"1692",1692,"hi","cdi_words","1","understands",2,1,179,2026-03-09 12:13:10,"VVI160",510,"m","2/23/26",15,6
"1693",1693,"hi","cdi_words","1","produces",2,1,102,2026-03-08 18:49:54,"VVI164",480,"m","2/25/26",40,11
"1694",1694,"hi","cdi_words","1","understands",2,1,102,2026-03-08 18:49:54,"VVI164",480,"m","2/25/26",40,11
"1695",1695,"night night","cdi_words","1","produces",2,1,245,2026-04-29 06:56:14,"VVI196",450,"f","4/14/26",45,10
"1696",1696,"night night","cdi_words","1","understands",2,1,245,2026-04-29 06:56:14,"VVI196",450,"f","4/14/26",45,10
"1697",1697,"night night","cdi_words","1","produces",NA,0,104,2026-03-29 15:34:33,"VVI183",420,"m","3/29/26",5,0
"1698",1698,"night night","cdi_words","1","understands",1,1,104,2026-03-29 15:34:33,"VVI183",420,"m","3/29/26",5,0
"1699",1699,"night night","cdi_words","1","produces",NA,0,125,2026-04-30 08:46:28,"VVI197",450,"m","4/14/26",5,0
"1700",1700,"night night","cdi_words","1","understands",1,1,125,2026-04-30 08:46:28,"VVI197",450,"m","4/14/26",5,0
"1701",1701,"night night","cdi_words","1","produces",NA,0,213,2026-02-15 21:07:24,"VVI142",450,"f","2/16/26",20,3
"1702",1702,"night night","cdi_words","1","understands",NA,0,213,2026-02-15 21:07:24,"VVI142",450,"f","2/16/26",20,3
"1703",1703,"night night","cdi_words","1","produces",NA,0,76,2026-04-02 15:03:35,"VVI186",450,"m","2/26/04",15,2
"1704",1704,"night night","cdi_words","1","understands",1,1,76,2026-04-02 15:03:35,"VVI186",450,"m","2/26/04",15,2
"1705",1705,"night night","cdi_words","1","produces",2,1,223,2026-03-09 15:51:32,"VVI162",510,"f","2/24/26",30,11
"1706",1706,"night night","cdi_words","1","understands",2,1,223,2026-03-09 15:51:32,"VVI162",510,"f","2/24/26",30,11
"1707",1707,"night night","cdi_words","1","produces",NA,0,207,2026-04-08 10:48:19,"VVI193",450,"f","8/26/04",5,0
"1708",1708,"night night","cdi_words","1","understands",1,1,207,2026-04-08 10:48:19,"VVI193",450,"f","8/26/04",5,0
"1709",1709,"night night","cdi_words","1","produces",NA,0,131,2026-04-28 16:52:20,"VVI201",420,"m","4/27/26",15,1
"1710",1710,"night night","cdi_words","1","understands",1,1,131,2026-04-28 16:52:20,"VVI201",420,"m","4/27/26",15,1
"1711",1711,"night night","cdi_words","1","produces",2,1,216,2026-03-08 20:15:37,"VVI146",510,"f","2/17/26",50,25
"1712",1712,"night night","cdi_words","1","understands",2,1,216,2026-03-08 20:15:37,"VVI146",510,"f","2/17/26",50,25
"1713",1713,"night night","cdi_words","1","produces",NA,0,179,2026-03-09 12:13:10,"VVI160",510,"m","2/23/26",15,6
"1714",1714,"night night","cdi_words","1","understands",1,1,179,2026-03-09 12:13:10,"VVI160",510,"m","2/23/26",15,6
"1715",1715,"night night","cdi_words","1","produces",NA,0,102,2026-03-08 18:49:54,"VVI164",480,"m","2/25/26",40,11
"1716",1716,"night night","cdi_words","1","understands",NA,0,102,2026-03-08 18:49:54,"VVI164",480,"m","2/25/26",40,11
"1717",1717,"patty cake","cdi_words","1","produces",NA,0,245,2026-04-29 06:56:14,"VVI196",450,"f","4/14/26",45,10
"1718",1718,"patty cake","cdi_words","1","understands",1,1,245,2026-04-29 06:56:14,"VVI196",450,"f","4/14/26",45,10
"1719",1719,"patty cake","cdi_words","1","produces",NA,0,104,2026-03-29 15:34:33,"VVI183",420,"m","3/29/26",5,0
"1720",1720,"patty cake","cdi_words","1","understands",1,1,104,2026-03-29 15:34:33,"VVI183",420,"m","3/29/26",5,0
"1721",1721,"patty cake","cdi_words","1","produces",NA,0,125,2026-04-30 08:46:28,"VVI197",450,"m","4/14/26",5,0
"1722",1722,"patty cake","cdi_words","1","understands",1,1,125,2026-04-30 08:46:28,"VVI197",450,"m","4/14/26",5,0
"1723",1723,"patty cake","cdi_words","1","produces",NA,0,213,2026-02-15 21:07:24,"VVI142",450,"f","2/16/26",20,3
"1724",1724,"patty cake","cdi_words","1","understands",NA,0,213,2026-02-15 21:07:24,"VVI142",450,"f","2/16/26",20,3
"1725",1725,"patty cake","cdi_words","1","produces",NA,0,76,2026-04-02 15:03:35,"VVI186",450,"m","2/26/04",15,2
"1726",1726,"patty cake","cdi_words","1","understands",NA,0,76,2026-04-02 15:03:35,"VVI186",450,"m","2/26/04",15,2
"1727",1727,"patty cake","cdi_words","1","produces",NA,0,223,2026-03-09 15:51:32,"VVI162",510,"f","2/24/26",30,11
"1728",1728,"patty cake","cdi_words","1","understands",NA,0,223,2026-03-09 15:51:32,"VVI162",510,"f","2/24/26",30,11
"1729",1729,"patty cake","cdi_words","1","produces",NA,0,207,2026-04-08 10:48:19,"VVI193",450,"f","8/26/04",5,0
"1730",1730,"patty cake","cdi_words","1","understands",NA,0,207,2026-04-08 10:48:19,"VVI193",450,"f","8/26/04",5,0
"1731",1731,"patty cake","cdi_words","1","produces",NA,0,131,2026-04-28 16:52:20,"VVI201",420,"m","4/27/26",15,1
"1732",1732,"patty cake","cdi_words","1","understands",1,1,131,2026-04-28 16:52:20,"VVI201",420,"m","4/27/26",15,1
"1733",1733,"patty cake","cdi_words","1","produces",NA,0,216,2026-03-08 20:15:37,"VVI146",510,"f","2/17/26",50,25
"1734",1734,"patty cake","cdi_words","1","understands",NA,0,216,2026-03-08 20:15:37,"VVI146",510,"f","2/17/26",50,25
"1735",1735,"patty cake","cdi_words","1","produces",NA,0,179,2026-03-09 12:13:10,"VVI160",510,"m","2/23/26",15,6
"1736",1736,"patty cake","cdi_words","1","understands",NA,0,179,2026-03-09 12:13:10,"VVI160",510,"m","2/23/26",15,6
"1737",1737,"patty cake","cdi_words","1","produces",NA,0,102,2026-03-08 18:49:54,"VVI164",480,"m","2/25/26",40,11
"1738",1738,"patty cake","cdi_words","1","understands",NA,0,102,2026-03-08 18:49:54,"VVI164",480,"m","2/25/26",40,11
"1739",1739,"dog","cdi_words","1","produces",NA,0,245,2026-04-29 06:56:14,"VVI196",450,"f","4/14/26",45,10
"1740",1740,"dog","cdi_words","1","understands",1,1,245,2026-04-29 06:56:14,"VVI196",450,"f","4/14/26",45,10
"1741",1741,"dog","cdi_words","1","produces",NA,0,104,2026-03-29 15:34:33,"VVI183",420,"m","3/29/26",5,0
"1742",1742,"dog","cdi_words","1","understands",1,1,104,2026-03-29 15:34:33,"VVI183",420,"m","3/29/26",5,0
"1743",1743,"dog","cdi_words","1","produces",NA,0,125,2026-04-30 08:46:28,"VVI197",450,"m","4/14/26",5,0
"1744",1744,"dog","cdi_words","1","understands",1,1,125,2026-04-30 08:46:28,"VVI197",450,"m","4/14/26",5,0
"1745",1745,"dog","cdi_words","1","produces",NA,0,213,2026-02-15 21:07:24,"VVI142",450,"f","2/16/26",20,3
"1746",1746,"dog","cdi_words","1","understands",1,1,213,2026-02-15 21:07:24,"VVI142",450,"f","2/16/26",20,3
"1747",1747,"dog","cdi_words","1","produces",NA,0,76,2026-04-02 15:03:35,"VVI186",450,"m","2/26/04",15,2
"1748",1748,"dog","cdi_words","1","understands",NA,0,76,2026-04-02 15:03:35,"VVI186",450,"m","2/26/04",15,2
"1749",1749,"dog","cdi_words","1","produces",2,1,223,2026-03-09 15:51:32,"VVI162",510,"f","2/24/26",30,11
"1750",1750,"dog","cdi_words","1","understands",2,1,223,2026-03-09 15:51:32,"VVI162",510,"f","2/24/26",30,11
"1751",1751,"dog","cdi_words","1","produces",NA,0,207,2026-04-08 10:48:19,"VVI193",450,"f","8/26/04",5,0
"1752",1752,"dog","cdi_words","1","understands",1,1,207,2026-04-08 10:48:19,"VVI193",450,"f","8/26/04",5,0
"1753",1753,"dog","cdi_words","1","produces",NA,0,131,2026-04-28 16:52:20,"VVI201",420,"m","4/27/26",15,1
"1754",1754,"dog","cdi_words","1","understands",1,1,131,2026-04-28 16:52:20,"VVI201",420,"m","4/27/26",15,1
"1755",1755,"dog","cdi_words","1","produces",2,1,216,2026-03-08 20:15:37,"VVI146",510,"f","2/17/26",50,25
"1756",1756,"dog","cdi_words","1","understands",2,1,216,2026-03-08 20:15:37,"VVI146",510,"f","2/17/26",50,25
"1757",1757,"dog","cdi_words","1","produces",NA,0,179,2026-03-09 12:13:10,"VVI160",510,"m","2/23/26",15,6
"1758",1758,"dog","cdi_words","1","understands",1,1,179,2026-03-09 12:13:10,"VVI160",510,"m","2/23/26",15,6
"1759",1759,"dog","cdi_words","1","produces",NA,0,102,2026-03-08 18:49:54,"VVI164",480,"m","2/25/26",40,11
"1760",1760,"dog","cdi_words","1","understands",NA,0,102,2026-03-08 18:49:54,"VVI164",480,"m","2/25/26",40,11
"1761",1761,"please","cdi_words","1","produces",NA,0,245,2026-04-29 06:56:14,"VVI196",450,"f","4/14/26",45,10
"1762",1762,"please","cdi_words","1","understands",1,1,245,2026-04-29 06:56:14,"VVI196",450,"f","4/14/26",45,10
"1763",1763,"please","cdi_words","1","produces",NA,0,104,2026-03-29 15:34:33,"VVI183",420,"m","3/29/26",5,0
"1764",1764,"please","cdi_words","1","understands",NA,0,104,2026-03-29 15:34:33,"VVI183",420,"m","3/29/26",5,0
"1765",1765,"please","cdi_words","1","produces",NA,0,125,2026-04-30 08:46:28,"VVI197",450,"m","4/14/26",5,0
"1766",1766,"please","cdi_words","1","understands",1,1,125,2026-04-30 08:46:28,"VVI197",450,"m","4/14/26",5,0
"1767",1767,"please","cdi_words","1","produces",NA,0,213,2026-02-15 21:07:24,"VVI142",450,"f","2/16/26",20,3
"1768",1768,"please","cdi_words","1","understands",1,1,213,2026-02-15 21:07:24,"VVI142",450,"f","2/16/26",20,3
"1769",1769,"please","cdi_words","1","produces",NA,0,76,2026-04-02 15:03:35,"VVI186",450,"m","2/26/04",15,2
"1770",1770,"please","cdi_words","1","understands",NA,0,76,2026-04-02 15:03:35,"VVI186",450,"m","2/26/04",15,2
"1771",1771,"please","cdi_words","1","produces",NA,0,223,2026-03-09 15:51:32,"VVI162",510,"f","2/24/26",30,11
"1772",1772,"please","cdi_words","1","understands",1,1,223,2026-03-09 15:51:32,"VVI162",510,"f","2/24/26",30,11
"1773",1773,"please","cdi_words","1","produces",NA,0,207,2026-04-08 10:48:19,"VVI193",450,"f","8/26/04",5,0
"1774",1774,"please","cdi_words","1","understands",1,1,207,2026-04-08 10:48:19,"VVI193",450,"f","8/26/04",5,0
"1775",1775,"please","cdi_words","1","produces",NA,0,131,2026-04-28 16:52:20,"VVI201",420,"m","4/27/26",15,1
"1776",1776,"please","cdi_words","1","understands",1,1,131,2026-04-28 16:52:20,"VVI201",420,"m","4/27/26",15,1
"1777",1777,"please","cdi_words","1","produces",NA,0,216,2026-03-08 20:15:37,"VVI146",510,"f","2/17/26",50,25
"1778",1778,"please","cdi_words","1","understands",NA,0,216,2026-03-08 20:15:37,"VVI146",510,"f","2/17/26",50,25
"1779",1779,"please","cdi_words","1","produces",NA,0,179,2026-03-09 12:13:10,"VVI160",510,"m","2/23/26",15,6
"1780",1780,"please","cdi_words","1","understands",NA,0,179,2026-03-09 12:13:10,"VVI160",510,"m","2/23/26",15,6
"1781",1781,"please","cdi_words","1","produces",NA,0,102,2026-03-08 18:49:54,"VVI164",480,"m","2/25/26",40,11
"1782",1782,"please","cdi_words","1","understands",NA,0,102,2026-03-08 18:49:54,"VVI164",480,"m","2/25/26",40,11
"1783",1783,"wait","cdi_words","1","produces",NA,0,245,2026-04-29 06:56:14,"VVI196",450,"f","4/14/26",45,10
"1784",1784,"wait","cdi_words","1","understands",1,1,245,2026-04-29 06:56:14,"VVI196",450,"f","4/14/26",45,10
"1785",1785,"wait","cdi_words","1","produces",NA,0,104,2026-03-29 15:34:33,"VVI183",420,"m","3/29/26",5,0
"1786",1786,"wait","cdi_words","1","understands",NA,0,104,2026-03-29 15:34:33,"VVI183",420,"m","3/29/26",5,0
"1787",1787,"wait","cdi_words","1","produces",NA,0,125,2026-04-30 08:46:28,"VVI197",450,"m","4/14/26",5,0
"1788",1788,"wait","cdi_words","1","understands",1,1,125,2026-04-30 08:46:28,"VVI197",450,"m","4/14/26",5,0
"1789",1789,"wait","cdi_words","1","produces",NA,0,213,2026-02-15 21:07:24,"VVI142",450,"f","2/16/26",20,3
"1790",1790,"wait","cdi_words","1","understands",1,1,213,2026-02-15 21:07:24,"VVI142",450,"f","2/16/26",20,3
"1791",1791,"wait","cdi_words","1","produces",NA,0,76,2026-04-02 15:03:35,"VVI186",450,"m","2/26/04",15,2
"1792",1792,"wait","cdi_words","1","understands",NA,0,76,2026-04-02 15:03:35,"VVI186",450,"m","2/26/04",15,2
"1793",1793,"wait","cdi_words","1","produces",NA,0,223,2026-03-09 15:51:32,"VVI162",510,"f","2/24/26",30,11
"1794",1794,"wait","cdi_words","1","understands",1,1,223,2026-03-09 15:51:32,"VVI162",510,"f","2/24/26",30,11
"1795",1795,"wait","cdi_words","1","produces",NA,0,207,2026-04-08 10:48:19,"VVI193",450,"f","8/26/04",5,0
"1796",1796,"wait","cdi_words","1","understands",1,1,207,2026-04-08 10:48:19,"VVI193",450,"f","8/26/04",5,0
"1797",1797,"wait","cdi_words","1","produces",NA,0,131,2026-04-28 16:52:20,"VVI201",420,"m","4/27/26",15,1
"1798",1798,"wait","cdi_words","1","understands",1,1,131,2026-04-28 16:52:20,"VVI201",420,"m","4/27/26",15,1
"1799",1799,"wait","cdi_words","1","produces",NA,0,216,2026-03-08 20:15:37,"VVI146",510,"f","2/17/26",50,25
"1800",1800,"wait","cdi_words","1","understands",NA,0,216,2026-03-08 20:15:37,"VVI146",510,"f","2/17/26",50,25
"1801",1801,"wait","cdi_words","1","produces",NA,0,179,2026-03-09 12:13:10,"VVI160",510,"m","2/23/26",15,6
"1802",1802,"wait","cdi_words","1","understands",NA,0,179,2026-03-09 12:13:10,"VVI160",510,"m","2/23/26",15,6
"1803",1803,"wait","cdi_words","1","produces",NA,0,102,2026-03-08 18:49:54,"VVI164",480,"m","2/25/26",40,11
"1804",1804,"wait","cdi_words","1","understands",NA,0,102,2026-03-08 18:49:54,"VVI164",480,"m","2/25/26",40,11
"1805",1805,"break","cdi_words","1","produces",NA,0,245,2026-04-29 06:56:14,"VVI196",450,"f","4/14/26",45,10
"1806",1806,"break","cdi_words","1","understands",1,1,245,2026-04-29 06:56:14,"VVI196",450,"f","4/14/26",45,10
"1807",1807,"break","cdi_words","1","produces",NA,0,104,2026-03-29 15:34:33,"VVI183",420,"m","3/29/26",5,0
"1808",1808,"break","cdi_words","1","understands",NA,0,104,2026-03-29 15:34:33,"VVI183",420,"m","3/29/26",5,0
"1809",1809,"break","cdi_words","1","produces",NA,0,125,2026-04-30 08:46:28,"VVI197",450,"m","4/14/26",5,0
"1810",1810,"break","cdi_words","1","understands",1,1,125,2026-04-30 08:46:28,"VVI197",450,"m","4/14/26",5,0
"1811",1811,"break","cdi_words","1","produces",NA,0,213,2026-02-15 21:07:24,"VVI142",450,"f","2/16/26",20,3
"1812",1812,"break","cdi_words","1","understands",NA,0,213,2026-02-15 21:07:24,"VVI142",450,"f","2/16/26",20,3
"1813",1813,"break","cdi_words","1","produces",NA,0,76,2026-04-02 15:03:35,"VVI186",450,"m","2/26/04",15,2
"1814",1814,"break","cdi_words","1","understands",NA,0,76,2026-04-02 15:03:35,"VVI186",450,"m","2/26/04",15,2
"1815",1815,"break","cdi_words","1","produces",NA,0,223,2026-03-09 15:51:32,"VVI162",510,"f","2/24/26",30,11
"1816",1816,"break","cdi_words","1","understands",NA,0,223,2026-03-09 15:51:32,"VVI162",510,"f","2/24/26",30,11
"1817",1817,"break","cdi_words","1","produces",NA,0,207,2026-04-08 10:48:19,"VVI193",450,"f","8/26/04",5,0
"1818",1818,"break","cdi_words","1","understands",1,1,207,2026-04-08 10:48:19,"VVI193",450,"f","8/26/04",5,0
"1819",1819,"break","cdi_words","1","produces",NA,0,131,2026-04-28 16:52:20,"VVI201",420,"m","4/27/26",15,1
"1820",1820,"break","cdi_words","1","understands",NA,0,131,2026-04-28 16:52:20,"VVI201",420,"m","4/27/26",15,1
"1821",1821,"break","cdi_words","1","produces",NA,0,216,2026-03-08 20:15:37,"VVI146",510,"f","2/17/26",50,25
"1822",1822,"break","cdi_words","1","understands",NA,0,216,2026-03-08 20:15:37,"VVI146",510,"f","2/17/26",50,25
"1823",1823,"break","cdi_words","1","produces",NA,0,179,2026-03-09 12:13:10,"VVI160",510,"m","2/23/26",15,6
"1824",1824,"break","cdi_words","1","understands",NA,0,179,2026-03-09 12:13:10,"VVI160",510,"m","2/23/26",15,6
"1825",1825,"break","cdi_words","1","produces",NA,0,102,2026-03-08 18:49:54,"VVI164",480,"m","2/25/26",40,11
"1826",1826,"break","cdi_words","1","understands",NA,0,102,2026-03-08 18:49:54,"VVI164",480,"m","2/25/26",40,11
"1827",1827,"feed","cdi_words","1","produces",NA,0,245,2026-04-29 06:56:14,"VVI196",450,"f","4/14/26",45,10
"1828",1828,"feed","cdi_words","1","understands",1,1,245,2026-04-29 06:56:14,"VVI196",450,"f","4/14/26",45,10
"1829",1829,"feed","cdi_words","1","produces",NA,0,104,2026-03-29 15:34:33,"VVI183",420,"m","3/29/26",5,0
"1830",1830,"feed","cdi_words","1","understands",NA,0,104,2026-03-29 15:34:33,"VVI183",420,"m","3/29/26",5,0
"1831",1831,"feed","cdi_words","1","produces",NA,0,125,2026-04-30 08:46:28,"VVI197",450,"m","4/14/26",5,0
"1832",1832,"feed","cdi_words","1","understands",1,1,125,2026-04-30 08:46:28,"VVI197",450,"m","4/14/26",5,0
"1833",1833,"feed","cdi_words","1","produces",NA,0,213,2026-02-15 21:07:24,"VVI142",450,"f","2/16/26",20,3
"1834",1834,"feed","cdi_words","1","understands",1,1,213,2026-02-15 21:07:24,"VVI142",450,"f","2/16/26",20,3
"1835",1835,"feed","cdi_words","1","produces",NA,0,76,2026-04-02 15:03:35,"VVI186",450,"m","2/26/04",15,2
"1836",1836,"feed","cdi_words","1","understands",NA,0,76,2026-04-02 15:03:35,"VVI186",450,"m","2/26/04",15,2
"1837",1837,"feed","cdi_words","1","produces",NA,0,223,2026-03-09 15:51:32,"VVI162",510,"f","2/24/26",30,11
"1838",1838,"feed","cdi_words","1","understands",NA,0,223,2026-03-09 15:51:32,"VVI162",510,"f","2/24/26",30,11
"1839",1839,"feed","cdi_words","1","produces",NA,0,207,2026-04-08 10:48:19,"VVI193",450,"f","8/26/04",5,0
"1840",1840,"feed","cdi_words","1","understands",1,1,207,2026-04-08 10:48:19,"VVI193",450,"f","8/26/04",5,0
"1841",1841,"feed","cdi_words","1","produces",NA,0,131,2026-04-28 16:52:20,"VVI201",420,"m","4/27/26",15,1
"1842",1842,"feed","cdi_words","1","understands",NA,0,131,2026-04-28 16:52:20,"VVI201",420,"m","4/27/26",15,1
"1843",1843,"feed","cdi_words","1","produces",NA,0,216,2026-03-08 20:15:37,"VVI146",510,"f","2/17/26",50,25
"1844",1844,"feed","cdi_words","1","understands",NA,0,216,2026-03-08 20:15:37,"VVI146",510,"f","2/17/26",50,25
"1845",1845,"feed","cdi_words","1","produces",NA,0,179,2026-03-09 12:13:10,"VVI160",510,"m","2/23/26",15,6
"1846",1846,"feed","cdi_words","1","understands",NA,0,179,2026-03-09 12:13:10,"VVI160",510,"m","2/23/26",15,6
"1847",1847,"feed","cdi_words","1","produces",NA,0,102,2026-03-08 18:49:54,"VVI164",480,"m","2/25/26",40,11
"1848",1848,"feed","cdi_words","1","understands",NA,0,102,2026-03-08 18:49:54,"VVI164",480,"m","2/25/26",40,11
"1849",1849,"finish","cdi_words","1","produces",NA,0,245,2026-04-29 06:56:14,"VVI196",450,"f","4/14/26",45,10
"1850",1850,"finish","cdi_words","1","understands",1,1,245,2026-04-29 06:56:14,"VVI196",450,"f","4/14/26",45,10
"1851",1851,"finish","cdi_words","1","produces",NA,0,104,2026-03-29 15:34:33,"VVI183",420,"m","3/29/26",5,0
"1852",1852,"finish","cdi_words","1","understands",NA,0,104,2026-03-29 15:34:33,"VVI183",420,"m","3/29/26",5,0
"1853",1853,"finish","cdi_words","1","produces",NA,0,125,2026-04-30 08:46:28,"VVI197",450,"m","4/14/26",5,0
"1854",1854,"finish","cdi_words","1","understands",1,1,125,2026-04-30 08:46:28,"VVI197",450,"m","4/14/26",5,0
"1855",1855,"finish","cdi_words","1","produces",NA,0,213,2026-02-15 21:07:24,"VVI142",450,"f","2/16/26",20,3
"1856",1856,"finish","cdi_words","1","understands",1,1,213,2026-02-15 21:07:24,"VVI142",450,"f","2/16/26",20,3
"1857",1857,"finish","cdi_words","1","produces",NA,0,76,2026-04-02 15:03:35,"VVI186",450,"m","2/26/04",15,2
"1858",1858,"finish","cdi_words","1","understands",NA,0,76,2026-04-02 15:03:35,"VVI186",450,"m","2/26/04",15,2
"1859",1859,"finish","cdi_words","1","produces",NA,0,223,2026-03-09 15:51:32,"VVI162",510,"f","2/24/26",30,11
"1860",1860,"finish","cdi_words","1","understands",NA,0,223,2026-03-09 15:51:32,"VVI162",510,"f","2/24/26",30,11
"1861",1861,"finish","cdi_words","1","produces",NA,0,207,2026-04-08 10:48:19,"VVI193",450,"f","8/26/04",5,0
"1862",1862,"finish","cdi_words","1","understands",NA,0,207,2026-04-08 10:48:19,"VVI193",450,"f","8/26/04",5,0
"1863",1863,"finish","cdi_words","1","produces",NA,0,131,2026-04-28 16:52:20,"VVI201",420,"m","4/27/26",15,1
"1864",1864,"finish","cdi_words","1","understands",1,1,131,2026-04-28 16:52:20,"VVI201",420,"m","4/27/26",15,1
"1865",1865,"finish","cdi_words","1","produces",NA,0,216,2026-03-08 20:15:37,"VVI146",510,"f","2/17/26",50,25
"1866",1866,"finish","cdi_words","1","understands",NA,0,216,2026-03-08 20:15:37,"VVI146",510,"f","2/17/26",50,25
"1867",1867,"finish","cdi_words","1","produces",NA,0,179,2026-03-09 12:13:10,"VVI160",510,"m","2/23/26",15,6
"1868",1868,"finish","cdi_words","1","understands",NA,0,179,2026-03-09 12:13:10,"VVI160",510,"m","2/23/26",15,6
"1869",1869,"finish","cdi_words","1","produces",NA,0,102,2026-03-08 18:49:54,"VVI164",480,"m","2/25/26",40,11
"1870",1870,"finish","cdi_words","1","understands",NA,0,102,2026-03-08 18:49:54,"VVI164",480,"m","2/25/26",40,11
"1871",1871,"help","cdi_words","1","produces",NA,0,245,2026-04-29 06:56:14,"VVI196",450,"f","4/14/26",45,10
"1872",1872,"help","cdi_words","1","understands",1,1,245,2026-04-29 06:56:14,"VVI196",450,"f","4/14/26",45,10
"1873",1873,"help","cdi_words","1","produces",NA,0,104,2026-03-29 15:34:33,"VVI183",420,"m","3/29/26",5,0
"1874",1874,"help","cdi_words","1","understands",NA,0,104,2026-03-29 15:34:33,"VVI183",420,"m","3/29/26",5,0
"1875",1875,"help","cdi_words","1","produces",NA,0,125,2026-04-30 08:46:28,"VVI197",450,"m","4/14/26",5,0
"1876",1876,"help","cdi_words","1","understands",1,1,125,2026-04-30 08:46:28,"VVI197",450,"m","4/14/26",5,0
"1877",1877,"help","cdi_words","1","produces",NA,0,213,2026-02-15 21:07:24,"VVI142",450,"f","2/16/26",20,3
"1878",1878,"help","cdi_words","1","understands",1,1,213,2026-02-15 21:07:24,"VVI142",450,"f","2/16/26",20,3
"1879",1879,"help","cdi_words","1","produces",NA,0,76,2026-04-02 15:03:35,"VVI186",450,"m","2/26/04",15,2
"1880",1880,"help","cdi_words","1","understands",NA,0,76,2026-04-02 15:03:35,"VVI186",450,"m","2/26/04",15,2
"1881",1881,"help","cdi_words","1","produces",NA,0,223,2026-03-09 15:51:32,"VVI162",510,"f","2/24/26",30,11
"1882",1882,"help","cdi_words","1","understands",1,1,223,2026-03-09 15:51:32,"VVI162",510,"f","2/24/26",30,11
"1883",1883,"help","cdi_words","1","produces",NA,0,207,2026-04-08 10:48:19,"VVI193",450,"f","8/26/04",5,0
"1884",1884,"help","cdi_words","1","understands",1,1,207,2026-04-08 10:48:19,"VVI193",450,"f","8/26/04",5,0
"1885",1885,"help","cdi_words","1","produces",NA,0,131,2026-04-28 16:52:20,"VVI201",420,"m","4/27/26",15,1
"1886",1886,"help","cdi_words","1","understands",1,1,131,2026-04-28 16:52:20,"VVI201",420,"m","4/27/26",15,1
"1887",1887,"help","cdi_words","1","produces",NA,0,216,2026-03-08 20:15:37,"VVI146",510,"f","2/17/26",50,25
"1888",1888,"help","cdi_words","1","understands",NA,0,216,2026-03-08 20:15:37,"VVI146",510,"f","2/17/26",50,25
"1889",1889,"help","cdi_words","1","produces",NA,0,179,2026-03-09 12:13:10,"VVI160",510,"m","2/23/26",15,6
"1890",1890,"help","cdi_words","1","understands",NA,0,179,2026-03-09 12:13:10,"VVI160",510,"m","2/23/26",15,6
"1891",1891,"help","cdi_words","1","produces",NA,0,102,2026-03-08 18:49:54,"VVI164",480,"m","2/25/26",40,11
"1892",1892,"help","cdi_words","1","understands",NA,0,102,2026-03-08 18:49:54,"VVI164",480,"m","2/25/26",40,11
"1893",1893,"jump","cdi_words","1","produces",NA,0,245,2026-04-29 06:56:14,"VVI196",450,"f","4/14/26",45,10
"1894",1894,"jump","cdi_words","1","understands",1,1,245,2026-04-29 06:56:14,"VVI196",450,"f","4/14/26",45,10
"1895",1895,"jump","cdi_words","1","produces",NA,0,104,2026-03-29 15:34:33,"VVI183",420,"m","3/29/26",5,0
"1896",1896,"jump","cdi_words","1","understands",NA,0,104,2026-03-29 15:34:33,"VVI183",420,"m","3/29/26",5,0
"1897",1897,"jump","cdi_words","1","produces",NA,0,125,2026-04-30 08:46:28,"VVI197",450,"m","4/14/26",5,0
"1898",1898,"jump","cdi_words","1","understands",1,1,125,2026-04-30 08:46:28,"VVI197",450,"m","4/14/26",5,0
"1899",1899,"jump","cdi_words","1","produces",NA,0,213,2026-02-15 21:07:24,"VVI142",450,"f","2/16/26",20,3
"1900",1900,"jump","cdi_words","1","understands",1,1,213,2026-02-15 21:07:24,"VVI142",450,"f","2/16/26",20,3
"1901",1901,"jump","cdi_words","1","produces",NA,0,76,2026-04-02 15:03:35,"VVI186",450,"m","2/26/04",15,2
"1902",1902,"jump","cdi_words","1","understands",NA,0,76,2026-04-02 15:03:35,"VVI186",450,"m","2/26/04",15,2
"1903",1903,"jump","cdi_words","1","produces",NA,0,223,2026-03-09 15:51:32,"VVI162",510,"f","2/24/26",30,11
"1904",1904,"jump","cdi_words","1","understands",1,1,223,2026-03-09 15:51:32,"VVI162",510,"f","2/24/26",30,11
"1905",1905,"jump","cdi_words","1","produces",NA,0,207,2026-04-08 10:48:19,"VVI193",450,"f","8/26/04",5,0
"1906",1906,"jump","cdi_words","1","understands",NA,0,207,2026-04-08 10:48:19,"VVI193",450,"f","8/26/04",5,0
"1907",1907,"jump","cdi_words","1","produces",NA,0,131,2026-04-28 16:52:20,"VVI201",420,"m","4/27/26",15,1
"1908",1908,"jump","cdi_words","1","understands",NA,0,131,2026-04-28 16:52:20,"VVI201",420,"m","4/27/26",15,1
"1909",1909,"jump","cdi_words","1","produces",NA,0,216,2026-03-08 20:15:37,"VVI146",510,"f","2/17/26",50,25
"1910",1910,"jump","cdi_words","1","understands",1,1,216,2026-03-08 20:15:37,"VVI146",510,"f","2/17/26",50,25
"1911",1911,"jump","cdi_words","1","produces",NA,0,179,2026-03-09 12:13:10,"VVI160",510,"m","2/23/26",15,6
"1912",1912,"jump","cdi_words","1","understands",NA,0,179,2026-03-09 12:13:10,"VVI160",510,"m","2/23/26",15,6
"1913",1913,"jump","cdi_words","1","produces",NA,0,102,2026-03-08 18:49:54,"VVI164",480,"m","2/25/26",40,11
"1914",1914,"jump","cdi_words","1","understands",NA,0,102,2026-03-08 18:49:54,"VVI164",480,"m","2/25/26",40,11
"1915",1915,"kick","cdi_words","1","produces",NA,0,245,2026-04-29 06:56:14,"VVI196",450,"f","4/14/26",45,10
"1916",1916,"kick","cdi_words","1","understands",1,1,245,2026-04-29 06:56:14,"VVI196",450,"f","4/14/26",45,10
"1917",1917,"kick","cdi_words","1","produces",NA,0,104,2026-03-29 15:34:33,"VVI183",420,"m","3/29/26",5,0
"1918",1918,"kick","cdi_words","1","understands",NA,0,104,2026-03-29 15:34:33,"VVI183",420,"m","3/29/26",5,0
"1919",1919,"kick","cdi_words","1","produces",NA,0,125,2026-04-30 08:46:28,"VVI197",450,"m","4/14/26",5,0
"1920",1920,"kick","cdi_words","1","understands",1,1,125,2026-04-30 08:46:28,"VVI197",450,"m","4/14/26",5,0
"1921",1921,"kick","cdi_words","1","produces",NA,0,213,2026-02-15 21:07:24,"VVI142",450,"f","2/16/26",20,3
"1922",1922,"kick","cdi_words","1","understands",1,1,213,2026-02-15 21:07:24,"VVI142",450,"f","2/16/26",20,3
"1923",1923,"kick","cdi_words","1","produces",NA,0,76,2026-04-02 15:03:35,"VVI186",450,"m","2/26/04",15,2
"1924",1924,"kick","cdi_words","1","understands",NA,0,76,2026-04-02 15:03:35,"VVI186",450,"m","2/26/04",15,2
"1925",1925,"kick","cdi_words","1","produces",NA,0,223,2026-03-09 15:51:32,"VVI162",510,"f","2/24/26",30,11
"1926",1926,"kick","cdi_words","1","understands",NA,0,223,2026-03-09 15:51:32,"VVI162",510,"f","2/24/26",30,11
"1927",1927,"kick","cdi_words","1","produces",NA,0,207,2026-04-08 10:48:19,"VVI193",450,"f","8/26/04",5,0
"1928",1928,"kick","cdi_words","1","understands",NA,0,207,2026-04-08 10:48:19,"VVI193",450,"f","8/26/04",5,0
"1929",1929,"kick","cdi_words","1","produces",NA,0,131,2026-04-28 16:52:20,"VVI201",420,"m","4/27/26",15,1
"1930",1930,"kick","cdi_words","1","understands",NA,0,131,2026-04-28 16:52:20,"VVI201",420,"m","4/27/26",15,1
"1931",1931,"kick","cdi_words","1","produces",NA,0,216,2026-03-08 20:15:37,"VVI146",510,"f","2/17/26",50,25
"1932",1932,"kick","cdi_words","1","understands",1,1,216,2026-03-08 20:15:37,"VVI146",510,"f","2/17/26",50,25
"1933",1933,"kick","cdi_words","1","produces",NA,0,179,2026-03-09 12:13:10,"VVI160",510,"m","2/23/26",15,6
"1934",1934,"kick","cdi_words","1","understands",NA,0,179,2026-03-09 12:13:10,"VVI160",510,"m","2/23/26",15,6
"1935",1935,"kick","cdi_words","1","produces",NA,0,102,2026-03-08 18:49:54,"VVI164",480,"m","2/25/26",40,11
"1936",1936,"kick","cdi_words","1","understands",NA,0,102,2026-03-08 18:49:54,"VVI164",480,"m","2/25/26",40,11
"1937",1937,"kiss","cdi_words","1","produces",NA,0,245,2026-04-29 06:56:14,"VVI196",450,"f","4/14/26",45,10
"1938",1938,"kiss","cdi_words","1","understands",1,1,245,2026-04-29 06:56:14,"VVI196",450,"f","4/14/26",45,10
"1939",1939,"kiss","cdi_words","1","produces",NA,0,104,2026-03-29 15:34:33,"VVI183",420,"m","3/29/26",5,0
"1940",1940,"kiss","cdi_words","1","understands",1,1,104,2026-03-29 15:34:33,"VVI183",420,"m","3/29/26",5,0
"1941",1941,"kiss","cdi_words","1","produces",NA,0,125,2026-04-30 08:46:28,"VVI197",450,"m","4/14/26",5,0
"1942",1942,"kiss","cdi_words","1","understands",1,1,125,2026-04-30 08:46:28,"VVI197",450,"m","4/14/26",5,0
"1943",1943,"kiss","cdi_words","1","produces",NA,0,213,2026-02-15 21:07:24,"VVI142",450,"f","2/16/26",20,3
"1944",1944,"kiss","cdi_words","1","understands",1,1,213,2026-02-15 21:07:24,"VVI142",450,"f","2/16/26",20,3
"1945",1945,"kiss","cdi_words","1","produces",NA,0,76,2026-04-02 15:03:35,"VVI186",450,"m","2/26/04",15,2
"1946",1946,"kiss","cdi_words","1","understands",NA,0,76,2026-04-02 15:03:35,"VVI186",450,"m","2/26/04",15,2
"1947",1947,"kiss","cdi_words","1","produces",NA,0,223,2026-03-09 15:51:32,"VVI162",510,"f","2/24/26",30,11
"1948",1948,"kiss","cdi_words","1","understands",1,1,223,2026-03-09 15:51:32,"VVI162",510,"f","2/24/26",30,11
"1949",1949,"kiss","cdi_words","1","produces",NA,0,207,2026-04-08 10:48:19,"VVI193",450,"f","8/26/04",5,0
"1950",1950,"kiss","cdi_words","1","understands",NA,0,207,2026-04-08 10:48:19,"VVI193",450,"f","8/26/04",5,0
"1951",1951,"kiss","cdi_words","1","produces",NA,0,131,2026-04-28 16:52:20,"VVI201",420,"m","4/27/26",15,1
"1952",1952,"kiss","cdi_words","1","understands",NA,0,131,2026-04-28 16:52:20,"VVI201",420,"m","4/27/26",15,1
"1953",1953,"kiss","cdi_words","1","produces",NA,0,216,2026-03-08 20:15:37,"VVI146",510,"f","2/17/26",50,25
"1954",1954,"kiss","cdi_words","1","understands",1,1,216,2026-03-08 20:15:37,"VVI146",510,"f","2/17/26",50,25
"1955",1955,"kiss","cdi_words","1","produces",NA,0,179,2026-03-09 12:13:10,"VVI160",510,"m","2/23/26",15,6
"1956",1956,"kiss","cdi_words","1","understands",1,1,179,2026-03-09 12:13:10,"VVI160",510,"m","2/23/26",15,6
"1957",1957,"kiss","cdi_words","1","produces",NA,0,102,2026-03-08 18:49:54,"VVI164",480,"m","2/25/26",40,11
"1958",1958,"kiss","cdi_words","1","understands",1,1,102,2026-03-08 18:49:54,"VVI164",480,"m","2/25/26",40,11
"1959",1959,"push","cdi_words","1","produces",NA,0,245,2026-04-29 06:56:14,"VVI196",450,"f","4/14/26",45,10
"1960",1960,"push","cdi_words","1","understands",1,1,245,2026-04-29 06:56:14,"VVI196",450,"f","4/14/26",45,10
"1961",1961,"push","cdi_words","1","produces",NA,0,104,2026-03-29 15:34:33,"VVI183",420,"m","3/29/26",5,0
"1962",1962,"push","cdi_words","1","understands",NA,0,104,2026-03-29 15:34:33,"VVI183",420,"m","3/29/26",5,0
"1963",1963,"push","cdi_words","1","produces",NA,0,125,2026-04-30 08:46:28,"VVI197",450,"m","4/14/26",5,0
"1964",1964,"push","cdi_words","1","understands",NA,0,125,2026-04-30 08:46:28,"VVI197",450,"m","4/14/26",5,0
"1965",1965,"push","cdi_words","1","produces",NA,0,213,2026-02-15 21:07:24,"VVI142",450,"f","2/16/26",20,3
"1966",1966,"push","cdi_words","1","understands",NA,0,213,2026-02-15 21:07:24,"VVI142",450,"f","2/16/26",20,3
"1967",1967,"push","cdi_words","1","produces",NA,0,76,2026-04-02 15:03:35,"VVI186",450,"m","2/26/04",15,2
"1968",1968,"push","cdi_words","1","understands",NA,0,76,2026-04-02 15:03:35,"VVI186",450,"m","2/26/04",15,2
"1969",1969,"push","cdi_words","1","produces",NA,0,223,2026-03-09 15:51:32,"VVI162",510,"f","2/24/26",30,11
"1970",1970,"push","cdi_words","1","understands",NA,0,223,2026-03-09 15:51:32,"VVI162",510,"f","2/24/26",30,11
"1971",1971,"push","cdi_words","1","produces",NA,0,207,2026-04-08 10:48:19,"VVI193",450,"f","8/26/04",5,0
"1972",1972,"push","cdi_words","1","understands",NA,0,207,2026-04-08 10:48:19,"VVI193",450,"f","8/26/04",5,0
"1973",1973,"push","cdi_words","1","produces",NA,0,131,2026-04-28 16:52:20,"VVI201",420,"m","4/27/26",15,1
"1974",1974,"push","cdi_words","1","understands",NA,0,131,2026-04-28 16:52:20,"VVI201",420,"m","4/27/26",15,1
"1975",1975,"push","cdi_words","1","produces",NA,0,216,2026-03-08 20:15:37,"VVI146",510,"f","2/17/26",50,25
"1976",1976,"push","cdi_words","1","understands",1,1,216,2026-03-08 20:15:37,"VVI146",510,"f","2/17/26",50,25
"1977",1977,"push","cdi_words","1","produces",NA,0,179,2026-03-09 12:13:10,"VVI160",510,"m","2/23/26",15,6
"1978",1978,"push","cdi_words","1","understands",NA,0,179,2026-03-09 12:13:10,"VVI160",510,"m","2/23/26",15,6
"1979",1979,"push","cdi_words","1","produces",NA,0,102,2026-03-08 18:49:54,"VVI164",480,"m","2/25/26",40,11
"1980",1980,"push","cdi_words","1","understands",NA,0,102,2026-03-08 18:49:54,"VVI164",480,"m","2/25/26",40,11
"1981",1981,"duck","cdi_words","1","produces",NA,0,245,2026-04-29 06:56:14,"VVI196",450,"f","4/14/26",45,10
"1982",1982,"duck","cdi_words","1","understands",1,1,245,2026-04-29 06:56:14,"VVI196",450,"f","4/14/26",45,10
"1983",1983,"duck","cdi_words","1","produces",NA,0,104,2026-03-29 15:34:33,"VVI183",420,"m","3/29/26",5,0
"1984",1984,"duck","cdi_words","1","understands",NA,0,104,2026-03-29 15:34:33,"VVI183",420,"m","3/29/26",5,0
"1985",1985,"duck","cdi_words","1","produces",NA,0,125,2026-04-30 08:46:28,"VVI197",450,"m","4/14/26",5,0
"1986",1986,"duck","cdi_words","1","understands",1,1,125,2026-04-30 08:46:28,"VVI197",450,"m","4/14/26",5,0
"1987",1987,"duck","cdi_words","1","produces",NA,0,213,2026-02-15 21:07:24,"VVI142",450,"f","2/16/26",20,3
"1988",1988,"duck","cdi_words","1","understands",1,1,213,2026-02-15 21:07:24,"VVI142",450,"f","2/16/26",20,3
"1989",1989,"duck","cdi_words","1","produces",NA,0,76,2026-04-02 15:03:35,"VVI186",450,"m","2/26/04",15,2
"1990",1990,"duck","cdi_words","1","understands",1,1,76,2026-04-02 15:03:35,"VVI186",450,"m","2/26/04",15,2
"1991",1991,"duck","cdi_words","1","produces",2,1,223,2026-03-09 15:51:32,"VVI162",510,"f","2/24/26",30,11
"1992",1992,"duck","cdi_words","1","understands",2,1,223,2026-03-09 15:51:32,"VVI162",510,"f","2/24/26",30,11
"1993",1993,"duck","cdi_words","1","produces",NA,0,207,2026-04-08 10:48:19,"VVI193",450,"f","8/26/04",5,0
"1994",1994,"duck","cdi_words","1","understands",1,1,207,2026-04-08 10:48:19,"VVI193",450,"f","8/26/04",5,0
"1995",1995,"duck","cdi_words","1","produces",NA,0,131,2026-04-28 16:52:20,"VVI201",420,"m","4/27/26",15,1
"1996",1996,"duck","cdi_words","1","understands",NA,0,131,2026-04-28 16:52:20,"VVI201",420,"m","4/27/26",15,1
"1997",1997,"duck","cdi_words","1","produces",NA,0,216,2026-03-08 20:15:37,"VVI146",510,"f","2/17/26",50,25
"1998",1998,"duck","cdi_words","1","understands",NA,0,216,2026-03-08 20:15:37,"VVI146",510,"f","2/17/26",50,25
"1999",1999,"duck","cdi_words","1","produces",NA,0,179,2026-03-09 12:13:10,"VVI160",510,"m","2/23/26",15,6
"2000",2000,"duck","cdi_words","1","understands",1,1,179,2026-03-09 12:13:10,"VVI160",510,"m","2/23/26",15,6
"2001",2001,"duck","cdi_words","1","produces",NA,0,102,2026-03-08 18:49:54,"VVI164",480,"m","2/25/26",40,11
"2002",2002,"duck","cdi_words","1","understands",NA,0,102,2026-03-08 18:49:54,"VVI164",480,"m","2/25/26",40,11
"2003",2003,"sing","cdi_words","1","produces",NA,0,245,2026-04-29 06:56:14,"VVI196",450,"f","4/14/26",45,10
"2004",2004,"sing","cdi_words","1","understands",1,1,245,2026-04-29 06:56:14,"VVI196",450,"f","4/14/26",45,10
"2005",2005,"sing","cdi_words","1","produces",NA,0,104,2026-03-29 15:34:33,"VVI183",420,"m","3/29/26",5,0
"2006",2006,"sing","cdi_words","1","understands",NA,0,104,2026-03-29 15:34:33,"VVI183",420,"m","3/29/26",5,0
"2007",2007,"sing","cdi_words","1","produces",NA,0,125,2026-04-30 08:46:28,"VVI197",450,"m","4/14/26",5,0
"2008",2008,"sing","cdi_words","1","understands",1,1,125,2026-04-30 08:46:28,"VVI197",450,"m","4/14/26",5,0
"2009",2009,"sing","cdi_words","1","produces",NA,0,213,2026-02-15 21:07:24,"VVI142",450,"f","2/16/26",20,3
"2010",2010,"sing","cdi_words","1","understands",NA,0,213,2026-02-15 21:07:24,"VVI142",450,"f","2/16/26",20,3
"2011",2011,"sing","cdi_words","1","produces",NA,0,76,2026-04-02 15:03:35,"VVI186",450,"m","2/26/04",15,2
"2012",2012,"sing","cdi_words","1","understands",NA,0,76,2026-04-02 15:03:35,"VVI186",450,"m","2/26/04",15,2
"2013",2013,"sing","cdi_words","1","produces",NA,0,223,2026-03-09 15:51:32,"VVI162",510,"f","2/24/26",30,11
"2014",2014,"sing","cdi_words","1","understands",1,1,223,2026-03-09 15:51:32,"VVI162",510,"f","2/24/26",30,11
"2015",2015,"sing","cdi_words","1","produces",NA,0,207,2026-04-08 10:48:19,"VVI193",450,"f","8/26/04",5,0
"2016",2016,"sing","cdi_words","1","understands",NA,0,207,2026-04-08 10:48:19,"VVI193",450,"f","8/26/04",5,0
"2017",2017,"sing","cdi_words","1","produces",NA,0,131,2026-04-28 16:52:20,"VVI201",420,"m","4/27/26",15,1
"2018",2018,"sing","cdi_words","1","understands",1,1,131,2026-04-28 16:52:20,"VVI201",420,"m","4/27/26",15,1
"2019",2019,"sing","cdi_words","1","produces",NA,0,216,2026-03-08 20:15:37,"VVI146",510,"f","2/17/26",50,25
"2020",2020,"sing","cdi_words","1","understands",1,1,216,2026-03-08 20:15:37,"VVI146",510,"f","2/17/26",50,25
"2021",2021,"sing","cdi_words","1","produces",NA,0,179,2026-03-09 12:13:10,"VVI160",510,"m","2/23/26",15,6
"2022",2022,"sing","cdi_words","1","understands",NA,0,179,2026-03-09 12:13:10,"VVI160",510,"m","2/23/26",15,6
"2023",2023,"sing","cdi_words","1","produces",NA,0,102,2026-03-08 18:49:54,"VVI164",480,"m","2/25/26",40,11
"2024",2024,"sing","cdi_words","1","understands",NA,0,102,2026-03-08 18:49:54,"VVI164",480,"m","2/25/26",40,11
"2025",2025,"smile","cdi_words","1","produces",NA,0,245,2026-04-29 06:56:14,"VVI196",450,"f","4/14/26",45,10
"2026",2026,"smile","cdi_words","1","understands",1,1,245,2026-04-29 06:56:14,"VVI196",450,"f","4/14/26",45,10
"2027",2027,"smile","cdi_words","1","produces",NA,0,104,2026-03-29 15:34:33,"VVI183",420,"m","3/29/26",5,0
"2028",2028,"smile","cdi_words","1","understands",NA,0,104,2026-03-29 15:34:33,"VVI183",420,"m","3/29/26",5,0
"2029",2029,"smile","cdi_words","1","produces",NA,0,125,2026-04-30 08:46:28,"VVI197",450,"m","4/14/26",5,0
"2030",2030,"smile","cdi_words","1","understands",1,1,125,2026-04-30 08:46:28,"VVI197",450,"m","4/14/26",5,0
"2031",2031,"smile","cdi_words","1","produces",NA,0,213,2026-02-15 21:07:24,"VVI142",450,"f","2/16/26",20,3
"2032",2032,"smile","cdi_words","1","understands",NA,0,213,2026-02-15 21:07:24,"VVI142",450,"f","2/16/26",20,3
"2033",2033,"smile","cdi_words","1","produces",NA,0,76,2026-04-02 15:03:35,"VVI186",450,"m","2/26/04",15,2
"2034",2034,"smile","cdi_words","1","understands",NA,0,76,2026-04-02 15:03:35,"VVI186",450,"m","2/26/04",15,2
"2035",2035,"smile","cdi_words","1","produces",NA,0,223,2026-03-09 15:51:32,"VVI162",510,"f","2/24/26",30,11
"2036",2036,"smile","cdi_words","1","understands",NA,0,223,2026-03-09 15:51:32,"VVI162",510,"f","2/24/26",30,11
"2037",2037,"smile","cdi_words","1","produces",NA,0,207,2026-04-08 10:48:19,"VVI193",450,"f","8/26/04",5,0
"2038",2038,"smile","cdi_words","1","understands",NA,0,207,2026-04-08 10:48:19,"VVI193",450,"f","8/26/04",5,0
"2039",2039,"smile","cdi_words","1","produces",NA,0,131,2026-04-28 16:52:20,"VVI201",420,"m","4/27/26",15,1
"2040",2040,"smile","cdi_words","1","understands",1,1,131,2026-04-28 16:52:20,"VVI201",420,"m","4/27/26",15,1
"2041",2041,"smile","cdi_words","1","produces",NA,0,216,2026-03-08 20:15:37,"VVI146",510,"f","2/17/26",50,25
"2042",2042,"smile","cdi_words","1","understands",1,1,216,2026-03-08 20:15:37,"VVI146",510,"f","2/17/26",50,25
"2043",2043,"smile","cdi_words","1","produces",NA,0,179,2026-03-09 12:13:10,"VVI160",510,"m","2/23/26",15,6
"2044",2044,"smile","cdi_words","1","understands",NA,0,179,2026-03-09 12:13:10,"VVI160",510,"m","2/23/26",15,6
"2045",2045,"smile","cdi_words","1","produces",NA,0,102,2026-03-08 18:49:54,"VVI164",480,"m","2/25/26",40,11
"2046",2046,"smile","cdi_words","1","understands",NA,0,102,2026-03-08 18:49:54,"VVI164",480,"m","2/25/26",40,11
"2047",2047,"night","cdi_words","1","produces",NA,0,245,2026-04-29 06:56:14,"VVI196",450,"f","4/14/26",45,10
"2048",2048,"night","cdi_words","1","understands",1,1,245,2026-04-29 06:56:14,"VVI196",450,"f","4/14/26",45,10
"2049",2049,"night","cdi_words","1","produces",NA,0,104,2026-03-29 15:34:33,"VVI183",420,"m","3/29/26",5,0
"2050",2050,"night","cdi_words","1","understands",NA,0,104,2026-03-29 15:34:33,"VVI183",420,"m","3/29/26",5,0
"2051",2051,"night","cdi_words","1","produces",NA,0,125,2026-04-30 08:46:28,"VVI197",450,"m","4/14/26",5,0
"2052",2052,"night","cdi_words","1","understands",1,1,125,2026-04-30 08:46:28,"VVI197",450,"m","4/14/26",5,0
"2053",2053,"night","cdi_words","1","produces",NA,0,213,2026-02-15 21:07:24,"VVI142",450,"f","2/16/26",20,3
"2054",2054,"night","cdi_words","1","understands",NA,0,213,2026-02-15 21:07:24,"VVI142",450,"f","2/16/26",20,3
"2055",2055,"night","cdi_words","1","produces",NA,0,76,2026-04-02 15:03:35,"VVI186",450,"m","2/26/04",15,2
"2056",2056,"night","cdi_words","1","understands",1,1,76,2026-04-02 15:03:35,"VVI186",450,"m","2/26/04",15,2
"2057",2057,"night","cdi_words","1","produces",NA,0,223,2026-03-09 15:51:32,"VVI162",510,"f","2/24/26",30,11
"2058",2058,"night","cdi_words","1","understands",NA,0,223,2026-03-09 15:51:32,"VVI162",510,"f","2/24/26",30,11
"2059",2059,"night","cdi_words","1","produces",NA,0,207,2026-04-08 10:48:19,"VVI193",450,"f","8/26/04",5,0
"2060",2060,"night","cdi_words","1","understands",1,1,207,2026-04-08 10:48:19,"VVI193",450,"f","8/26/04",5,0
"2061",2061,"night","cdi_words","1","produces",NA,0,131,2026-04-28 16:52:20,"VVI201",420,"m","4/27/26",15,1
"2062",2062,"night","cdi_words","1","understands",1,1,131,2026-04-28 16:52:20,"VVI201",420,"m","4/27/26",15,1
"2063",2063,"night","cdi_words","1","produces",NA,0,216,2026-03-08 20:15:37,"VVI146",510,"f","2/17/26",50,25
"2064",2064,"night","cdi_words","1","understands",NA,0,216,2026-03-08 20:15:37,"VVI146",510,"f","2/17/26",50,25
"2065",2065,"night","cdi_words","1","produces",NA,0,179,2026-03-09 12:13:10,"VVI160",510,"m","2/23/26",15,6
"2066",2066,"night","cdi_words","1","understands",NA,0,179,2026-03-09 12:13:10,"VVI160",510,"m","2/23/26",15,6
"2067",2067,"night","cdi_words","1","produces",NA,0,102,2026-03-08 18:49:54,"VVI164",480,"m","2/25/26",40,11
"2068",2068,"night","cdi_words","1","understands",NA,0,102,2026-03-08 18:49:54,"VVI164",480,"m","2/25/26",40,11
"2069",2069,"today","cdi_words","1","produces",2,1,245,2026-04-29 06:56:14,"VVI196",450,"f","4/14/26",45,10
"2070",2070,"today","cdi_words","1","understands",2,1,245,2026-04-29 06:56:14,"VVI196",450,"f","4/14/26",45,10
"2071",2071,"today","cdi_words","1","produces",NA,0,104,2026-03-29 15:34:33,"VVI183",420,"m","3/29/26",5,0
"2072",2072,"today","cdi_words","1","understands",NA,0,104,2026-03-29 15:34:33,"VVI183",420,"m","3/29/26",5,0
"2073",2073,"today","cdi_words","1","produces",NA,0,125,2026-04-30 08:46:28,"VVI197",450,"m","4/14/26",5,0
"2074",2074,"today","cdi_words","1","understands",NA,0,125,2026-04-30 08:46:28,"VVI197",450,"m","4/14/26",5,0
"2075",2075,"today","cdi_words","1","produces",NA,0,213,2026-02-15 21:07:24,"VVI142",450,"f","2/16/26",20,3
"2076",2076,"today","cdi_words","1","understands",NA,0,213,2026-02-15 21:07:24,"VVI142",450,"f","2/16/26",20,3
"2077",2077,"today","cdi_words","1","produces",NA,0,76,2026-04-02 15:03:35,"VVI186",450,"m","2/26/04",15,2
"2078",2078,"today","cdi_words","1","understands",NA,0,76,2026-04-02 15:03:35,"VVI186",450,"m","2/26/04",15,2
"2079",2079,"today","cdi_words","1","produces",NA,0,223,2026-03-09 15:51:32,"VVI162",510,"f","2/24/26",30,11
"2080",2080,"today","cdi_words","1","understands",NA,0,223,2026-03-09 15:51:32,"VVI162",510,"f","2/24/26",30,11
"2081",2081,"today","cdi_words","1","produces",NA,0,207,2026-04-08 10:48:19,"VVI193",450,"f","8/26/04",5,0
"2082",2082,"today","cdi_words","1","understands",NA,0,207,2026-04-08 10:48:19,"VVI193",450,"f","8/26/04",5,0
"2083",2083,"today","cdi_words","1","produces",NA,0,131,2026-04-28 16:52:20,"VVI201",420,"m","4/27/26",15,1
"2084",2084,"today","cdi_words","1","understands",1,1,131,2026-04-28 16:52:20,"VVI201",420,"m","4/27/26",15,1
"2085",2085,"today","cdi_words","1","produces",NA,0,216,2026-03-08 20:15:37,"VVI146",510,"f","2/17/26",50,25
"2086",2086,"today","cdi_words","1","understands",NA,0,216,2026-03-08 20:15:37,"VVI146",510,"f","2/17/26",50,25
"2087",2087,"today","cdi_words","1","produces",NA,0,179,2026-03-09 12:13:10,"VVI160",510,"m","2/23/26",15,6
"2088",2088,"today","cdi_words","1","understands",NA,0,179,2026-03-09 12:13:10,"VVI160",510,"m","2/23/26",15,6
"2089",2089,"today","cdi_words","1","produces",NA,0,102,2026-03-08 18:49:54,"VVI164",480,"m","2/25/26",40,11
"2090",2090,"today","cdi_words","1","understands",NA,0,102,2026-03-08 18:49:54,"VVI164",480,"m","2/25/26",40,11
"2091",2091,"all gone","cdi_words","1","produces",2,1,245,2026-04-29 06:56:14,"VVI196",450,"f","4/14/26",45,10
"2092",2092,"all gone","cdi_words","1","understands",2,1,245,2026-04-29 06:56:14,"VVI196",450,"f","4/14/26",45,10
"2093",2093,"all gone","cdi_words","1","produces",NA,0,104,2026-03-29 15:34:33,"VVI183",420,"m","3/29/26",5,0
"2094",2094,"all gone","cdi_words","1","understands",NA,0,104,2026-03-29 15:34:33,"VVI183",420,"m","3/29/26",5,0
"2095",2095,"all gone","cdi_words","1","produces",NA,0,125,2026-04-30 08:46:28,"VVI197",450,"m","4/14/26",5,0
"2096",2096,"all gone","cdi_words","1","understands",1,1,125,2026-04-30 08:46:28,"VVI197",450,"m","4/14/26",5,0
"2097",2097,"all gone","cdi_words","1","produces",NA,0,213,2026-02-15 21:07:24,"VVI142",450,"f","2/16/26",20,3
"2098",2098,"all gone","cdi_words","1","understands",NA,0,213,2026-02-15 21:07:24,"VVI142",450,"f","2/16/26",20,3
"2099",2099,"all gone","cdi_words","1","produces",NA,0,76,2026-04-02 15:03:35,"VVI186",450,"m","2/26/04",15,2
"2100",2100,"all gone","cdi_words","1","understands",1,1,76,2026-04-02 15:03:35,"VVI186",450,"m","2/26/04",15,2
"2101",2101,"all gone","cdi_words","1","produces",2,1,223,2026-03-09 15:51:32,"VVI162",510,"f","2/24/26",30,11
"2102",2102,"all gone","cdi_words","1","understands",2,1,223,2026-03-09 15:51:32,"VVI162",510,"f","2/24/26",30,11
"2103",2103,"all gone","cdi_words","1","produces",NA,0,207,2026-04-08 10:48:19,"VVI193",450,"f","8/26/04",5,0
"2104",2104,"all gone","cdi_words","1","understands",NA,0,207,2026-04-08 10:48:19,"VVI193",450,"f","8/26/04",5,0
"2105",2105,"all gone","cdi_words","1","produces",NA,0,131,2026-04-28 16:52:20,"VVI201",420,"m","4/27/26",15,1
"2106",2106,"all gone","cdi_words","1","understands",1,1,131,2026-04-28 16:52:20,"VVI201",420,"m","4/27/26",15,1
"2107",2107,"all gone","cdi_words","1","produces",NA,0,216,2026-03-08 20:15:37,"VVI146",510,"f","2/17/26",50,25
"2108",2108,"all gone","cdi_words","1","understands",1,1,216,2026-03-08 20:15:37,"VVI146",510,"f","2/17/26",50,25
"2109",2109,"all gone","cdi_words","1","produces",NA,0,179,2026-03-09 12:13:10,"VVI160",510,"m","2/23/26",15,6
"2110",2110,"all gone","cdi_words","1","understands",1,1,179,2026-03-09 12:13:10,"VVI160",510,"m","2/23/26",15,6
"2111",2111,"all gone","cdi_words","1","produces",2,1,102,2026-03-08 18:49:54,"VVI164",480,"m","2/25/26",40,11
"2112",2112,"all gone","cdi_words","1","understands",2,1,102,2026-03-08 18:49:54,"VVI164",480,"m","2/25/26",40,11
"2113",2113,"big","cdi_words","1","produces",NA,0,245,2026-04-29 06:56:14,"VVI196",450,"f","4/14/26",45,10
"2114",2114,"big","cdi_words","1","understands",1,1,245,2026-04-29 06:56:14,"VVI196",450,"f","4/14/26",45,10
"2115",2115,"big","cdi_words","1","produces",NA,0,104,2026-03-29 15:34:33,"VVI183",420,"m","3/29/26",5,0
"2116",2116,"big","cdi_words","1","understands",NA,0,104,2026-03-29 15:34:33,"VVI183",420,"m","3/29/26",5,0
"2117",2117,"big","cdi_words","1","produces",NA,0,125,2026-04-30 08:46:28,"VVI197",450,"m","4/14/26",5,0
"2118",2118,"big","cdi_words","1","understands",1,1,125,2026-04-30 08:46:28,"VVI197",450,"m","4/14/26",5,0
"2119",2119,"big","cdi_words","1","produces",NA,0,213,2026-02-15 21:07:24,"VVI142",450,"f","2/16/26",20,3
"2120",2120,"big","cdi_words","1","understands",1,1,213,2026-02-15 21:07:24,"VVI142",450,"f","2/16/26",20,3
"2121",2121,"big","cdi_words","1","produces",NA,0,76,2026-04-02 15:03:35,"VVI186",450,"m","2/26/04",15,2
"2122",2122,"big","cdi_words","1","understands",NA,0,76,2026-04-02 15:03:35,"VVI186",450,"m","2/26/04",15,2
"2123",2123,"big","cdi_words","1","produces",NA,0,223,2026-03-09 15:51:32,"VVI162",510,"f","2/24/26",30,11
"2124",2124,"big","cdi_words","1","understands",NA,0,223,2026-03-09 15:51:32,"VVI162",510,"f","2/24/26",30,11
"2125",2125,"big","cdi_words","1","produces",NA,0,207,2026-04-08 10:48:19,"VVI193",450,"f","8/26/04",5,0
"2126",2126,"big","cdi_words","1","understands",1,1,207,2026-04-08 10:48:19,"VVI193",450,"f","8/26/04",5,0
"2127",2127,"big","cdi_words","1","produces",NA,0,131,2026-04-28 16:52:20,"VVI201",420,"m","4/27/26",15,1
"2128",2128,"big","cdi_words","1","understands",1,1,131,2026-04-28 16:52:20,"VVI201",420,"m","4/27/26",15,1
"2129",2129,"big","cdi_words","1","produces",NA,0,216,2026-03-08 20:15:37,"VVI146",510,"f","2/17/26",50,25
"2130",2130,"big","cdi_words","1","understands",NA,0,216,2026-03-08 20:15:37,"VVI146",510,"f","2/17/26",50,25
"2131",2131,"big","cdi_words","1","produces",NA,0,179,2026-03-09 12:13:10,"VVI160",510,"m","2/23/26",15,6
"2132",2132,"big","cdi_words","1","understands",1,1,179,2026-03-09 12:13:10,"VVI160",510,"m","2/23/26",15,6
"2133",2133,"big","cdi_words","1","produces",NA,0,102,2026-03-08 18:49:54,"VVI164",480,"m","2/25/26",40,11
"2134",2134,"big","cdi_words","1","understands",NA,0,102,2026-03-08 18:49:54,"VVI164",480,"m","2/25/26",40,11
"2135",2135,"broken","cdi_words","1","produces",NA,0,245,2026-04-29 06:56:14,"VVI196",450,"f","4/14/26",45,10
"2136",2136,"broken","cdi_words","1","understands",1,1,245,2026-04-29 06:56:14,"VVI196",450,"f","4/14/26",45,10
"2137",2137,"broken","cdi_words","1","produces",NA,0,104,2026-03-29 15:34:33,"VVI183",420,"m","3/29/26",5,0
"2138",2138,"broken","cdi_words","1","understands",NA,0,104,2026-03-29 15:34:33,"VVI183",420,"m","3/29/26",5,0
"2139",2139,"broken","cdi_words","1","produces",NA,0,125,2026-04-30 08:46:28,"VVI197",450,"m","4/14/26",5,0
"2140",2140,"broken","cdi_words","1","understands",1,1,125,2026-04-30 08:46:28,"VVI197",450,"m","4/14/26",5,0
"2141",2141,"broken","cdi_words","1","produces",NA,0,213,2026-02-15 21:07:24,"VVI142",450,"f","2/16/26",20,3
"2142",2142,"broken","cdi_words","1","understands",NA,0,213,2026-02-15 21:07:24,"VVI142",450,"f","2/16/26",20,3
"2143",2143,"broken","cdi_words","1","produces",NA,0,76,2026-04-02 15:03:35,"VVI186",450,"m","2/26/04",15,2
"2144",2144,"broken","cdi_words","1","understands",NA,0,76,2026-04-02 15:03:35,"VVI186",450,"m","2/26/04",15,2
"2145",2145,"broken","cdi_words","1","produces",NA,0,223,2026-03-09 15:51:32,"VVI162",510,"f","2/24/26",30,11
"2146",2146,"broken","cdi_words","1","understands",NA,0,223,2026-03-09 15:51:32,"VVI162",510,"f","2/24/26",30,11
"2147",2147,"broken","cdi_words","1","produces",NA,0,207,2026-04-08 10:48:19,"VVI193",450,"f","8/26/04",5,0
"2148",2148,"broken","cdi_words","1","understands",NA,0,207,2026-04-08 10:48:19,"VVI193",450,"f","8/26/04",5,0
"2149",2149,"broken","cdi_words","1","produces",NA,0,131,2026-04-28 16:52:20,"VVI201",420,"m","4/27/26",15,1
"2150",2150,"broken","cdi_words","1","understands",NA,0,131,2026-04-28 16:52:20,"VVI201",420,"m","4/27/26",15,1
"2151",2151,"broken","cdi_words","1","produces",2,1,216,2026-03-08 20:15:37,"VVI146",510,"f","2/17/26",50,25
"2152",2152,"broken","cdi_words","1","understands",2,1,216,2026-03-08 20:15:37,"VVI146",510,"f","2/17/26",50,25
"2153",2153,"broken","cdi_words","1","produces",NA,0,179,2026-03-09 12:13:10,"VVI160",510,"m","2/23/26",15,6
"2154",2154,"broken","cdi_words","1","understands",NA,0,179,2026-03-09 12:13:10,"VVI160",510,"m","2/23/26",15,6
"2155",2155,"broken","cdi_words","1","produces",NA,0,102,2026-03-08 18:49:54,"VVI164",480,"m","2/25/26",40,11
"2156",2156,"broken","cdi_words","1","understands",NA,0,102,2026-03-08 18:49:54,"VVI164",480,"m","2/25/26",40,11
"2157",2157,"dark","cdi_words","1","produces",NA,0,245,2026-04-29 06:56:14,"VVI196",450,"f","4/14/26",45,10
"2158",2158,"dark","cdi_words","1","understands",1,1,245,2026-04-29 06:56:14,"VVI196",450,"f","4/14/26",45,10
"2159",2159,"dark","cdi_words","1","produces",NA,0,104,2026-03-29 15:34:33,"VVI183",420,"m","3/29/26",5,0
"2160",2160,"dark","cdi_words","1","understands",NA,0,104,2026-03-29 15:34:33,"VVI183",420,"m","3/29/26",5,0
"2161",2161,"dark","cdi_words","1","produces",NA,0,125,2026-04-30 08:46:28,"VVI197",450,"m","4/14/26",5,0
"2162",2162,"dark","cdi_words","1","understands",1,1,125,2026-04-30 08:46:28,"VVI197",450,"m","4/14/26",5,0
"2163",2163,"dark","cdi_words","1","produces",NA,0,213,2026-02-15 21:07:24,"VVI142",450,"f","2/16/26",20,3
"2164",2164,"dark","cdi_words","1","understands",NA,0,213,2026-02-15 21:07:24,"VVI142",450,"f","2/16/26",20,3
"2165",2165,"dark","cdi_words","1","produces",NA,0,76,2026-04-02 15:03:35,"VVI186",450,"m","2/26/04",15,2
"2166",2166,"dark","cdi_words","1","understands",NA,0,76,2026-04-02 15:03:35,"VVI186",450,"m","2/26/04",15,2
"2167",2167,"dark","cdi_words","1","produces",NA,0,223,2026-03-09 15:51:32,"VVI162",510,"f","2/24/26",30,11
"2168",2168,"dark","cdi_words","1","understands",NA,0,223,2026-03-09 15:51:32,"VVI162",510,"f","2/24/26",30,11
"2169",2169,"dark","cdi_words","1","produces",NA,0,207,2026-04-08 10:48:19,"VVI193",450,"f","8/26/04",5,0
"2170",2170,"dark","cdi_words","1","understands",NA,0,207,2026-04-08 10:48:19,"VVI193",450,"f","8/26/04",5,0
"2171",2171,"dark","cdi_words","1","produces",NA,0,131,2026-04-28 16:52:20,"VVI201",420,"m","4/27/26",15,1
"2172",2172,"dark","cdi_words","1","understands",NA,0,131,2026-04-28 16:52:20,"VVI201",420,"m","4/27/26",15,1
"2173",2173,"dark","cdi_words","1","produces",NA,0,216,2026-03-08 20:15:37,"VVI146",510,"f","2/17/26",50,25
"2174",2174,"dark","cdi_words","1","understands",NA,0,216,2026-03-08 20:15:37,"VVI146",510,"f","2/17/26",50,25
"2175",2175,"dark","cdi_words","1","produces",NA,0,179,2026-03-09 12:13:10,"VVI160",510,"m","2/23/26",15,6
"2176",2176,"dark","cdi_words","1","understands",NA,0,179,2026-03-09 12:13:10,"VVI160",510,"m","2/23/26",15,6
"2177",2177,"dark","cdi_words","1","produces",NA,0,102,2026-03-08 18:49:54,"VVI164",480,"m","2/25/26",40,11
"2178",2178,"dark","cdi_words","1","understands",NA,0,102,2026-03-08 18:49:54,"VVI164",480,"m","2/25/26",40,11
"2179",2179,"fast","cdi_words","1","produces",2,1,245,2026-04-29 06:56:14,"VVI196",450,"f","4/14/26",45,10
"2180",2180,"fast","cdi_words","1","understands",2,1,245,2026-04-29 06:56:14,"VVI196",450,"f","4/14/26",45,10
"2181",2181,"fast","cdi_words","1","produces",NA,0,104,2026-03-29 15:34:33,"VVI183",420,"m","3/29/26",5,0
"2182",2182,"fast","cdi_words","1","understands",NA,0,104,2026-03-29 15:34:33,"VVI183",420,"m","3/29/26",5,0
"2183",2183,"fast","cdi_words","1","produces",NA,0,125,2026-04-30 08:46:28,"VVI197",450,"m","4/14/26",5,0
"2184",2184,"fast","cdi_words","1","understands",1,1,125,2026-04-30 08:46:28,"VVI197",450,"m","4/14/26",5,0
"2185",2185,"fast","cdi_words","1","produces",NA,0,213,2026-02-15 21:07:24,"VVI142",450,"f","2/16/26",20,3
"2186",2186,"fast","cdi_words","1","understands",NA,0,213,2026-02-15 21:07:24,"VVI142",450,"f","2/16/26",20,3
"2187",2187,"fast","cdi_words","1","produces",NA,0,76,2026-04-02 15:03:35,"VVI186",450,"m","2/26/04",15,2
"2188",2188,"fast","cdi_words","1","understands",NA,0,76,2026-04-02 15:03:35,"VVI186",450,"m","2/26/04",15,2
"2189",2189,"fast","cdi_words","1","produces",NA,0,223,2026-03-09 15:51:32,"VVI162",510,"f","2/24/26",30,11
"2190",2190,"fast","cdi_words","1","understands",NA,0,223,2026-03-09 15:51:32,"VVI162",510,"f","2/24/26",30,11
"2191",2191,"fast","cdi_words","1","produces",NA,0,207,2026-04-08 10:48:19,"VVI193",450,"f","8/26/04",5,0
"2192",2192,"fast","cdi_words","1","understands",NA,0,207,2026-04-08 10:48:19,"VVI193",450,"f","8/26/04",5,0
"2193",2193,"fast","cdi_words","1","produces",NA,0,131,2026-04-28 16:52:20,"VVI201",420,"m","4/27/26",15,1
"2194",2194,"fast","cdi_words","1","understands",NA,0,131,2026-04-28 16:52:20,"VVI201",420,"m","4/27/26",15,1
"2195",2195,"fast","cdi_words","1","produces",NA,0,216,2026-03-08 20:15:37,"VVI146",510,"f","2/17/26",50,25
"2196",2196,"fast","cdi_words","1","understands",NA,0,216,2026-03-08 20:15:37,"VVI146",510,"f","2/17/26",50,25
"2197",2197,"fast","cdi_words","1","produces",NA,0,179,2026-03-09 12:13:10,"VVI160",510,"m","2/23/26",15,6
"2198",2198,"fast","cdi_words","1","understands",NA,0,179,2026-03-09 12:13:10,"VVI160",510,"m","2/23/26",15,6
"2199",2199,"fast","cdi_words","1","produces",NA,0,102,2026-03-08 18:49:54,"VVI164",480,"m","2/25/26",40,11
"2200",2200,"fast","cdi_words","1","understands",NA,0,102,2026-03-08 18:49:54,"VVI164",480,"m","2/25/26",40,11
"2201",2201,"hurt","cdi_words","1","produces",NA,0,245,2026-04-29 06:56:14,"VVI196",450,"f","4/14/26",45,10
"2202",2202,"hurt","cdi_words","1","understands",1,1,245,2026-04-29 06:56:14,"VVI196",450,"f","4/14/26",45,10
"2203",2203,"hurt","cdi_words","1","produces",NA,0,104,2026-03-29 15:34:33,"VVI183",420,"m","3/29/26",5,0
"2204",2204,"hurt","cdi_words","1","understands",NA,0,104,2026-03-29 15:34:33,"VVI183",420,"m","3/29/26",5,0
"2205",2205,"hurt","cdi_words","1","produces",NA,0,125,2026-04-30 08:46:28,"VVI197",450,"m","4/14/26",5,0
"2206",2206,"hurt","cdi_words","1","understands",1,1,125,2026-04-30 08:46:28,"VVI197",450,"m","4/14/26",5,0
"2207",2207,"hurt","cdi_words","1","produces",NA,0,213,2026-02-15 21:07:24,"VVI142",450,"f","2/16/26",20,3
"2208",2208,"hurt","cdi_words","1","understands",1,1,213,2026-02-15 21:07:24,"VVI142",450,"f","2/16/26",20,3
"2209",2209,"hurt","cdi_words","1","produces",NA,0,76,2026-04-02 15:03:35,"VVI186",450,"m","2/26/04",15,2
"2210",2210,"hurt","cdi_words","1","understands",NA,0,76,2026-04-02 15:03:35,"VVI186",450,"m","2/26/04",15,2
"2211",2211,"hurt","cdi_words","1","produces",NA,0,223,2026-03-09 15:51:32,"VVI162",510,"f","2/24/26",30,11
"2212",2212,"hurt","cdi_words","1","understands",NA,0,223,2026-03-09 15:51:32,"VVI162",510,"f","2/24/26",30,11
"2213",2213,"hurt","cdi_words","1","produces",NA,0,207,2026-04-08 10:48:19,"VVI193",450,"f","8/26/04",5,0
"2214",2214,"hurt","cdi_words","1","understands",NA,0,207,2026-04-08 10:48:19,"VVI193",450,"f","8/26/04",5,0
"2215",2215,"hurt","cdi_words","1","produces",NA,0,131,2026-04-28 16:52:20,"VVI201",420,"m","4/27/26",15,1
"2216",2216,"hurt","cdi_words","1","understands",NA,0,131,2026-04-28 16:52:20,"VVI201",420,"m","4/27/26",15,1
"2217",2217,"hurt","cdi_words","1","produces",NA,0,216,2026-03-08 20:15:37,"VVI146",510,"f","2/17/26",50,25
"2218",2218,"hurt","cdi_words","1","understands",NA,0,216,2026-03-08 20:15:37,"VVI146",510,"f","2/17/26",50,25
"2219",2219,"hurt","cdi_words","1","produces",NA,0,179,2026-03-09 12:13:10,"VVI160",510,"m","2/23/26",15,6
"2220",2220,"hurt","cdi_words","1","understands",NA,0,179,2026-03-09 12:13:10,"VVI160",510,"m","2/23/26",15,6
"2221",2221,"hurt","cdi_words","1","produces",NA,0,102,2026-03-08 18:49:54,"VVI164",480,"m","2/25/26",40,11
"2222",2222,"hurt","cdi_words","1","understands",NA,0,102,2026-03-08 18:49:54,"VVI164",480,"m","2/25/26",40,11
"2223",2223,"kitty","cdi_words","1","produces",NA,0,245,2026-04-29 06:56:14,"VVI196",450,"f","4/14/26",45,10
"2224",2224,"kitty","cdi_words","1","understands",1,1,245,2026-04-29 06:56:14,"VVI196",450,"f","4/14/26",45,10
"2225",2225,"kitty","cdi_words","1","produces",NA,0,104,2026-03-29 15:34:33,"VVI183",420,"m","3/29/26",5,0
"2226",2226,"kitty","cdi_words","1","understands",NA,0,104,2026-03-29 15:34:33,"VVI183",420,"m","3/29/26",5,0
"2227",2227,"kitty","cdi_words","1","produces",NA,0,125,2026-04-30 08:46:28,"VVI197",450,"m","4/14/26",5,0
"2228",2228,"kitty","cdi_words","1","understands",1,1,125,2026-04-30 08:46:28,"VVI197",450,"m","4/14/26",5,0
"2229",2229,"kitty","cdi_words","1","produces",NA,0,213,2026-02-15 21:07:24,"VVI142",450,"f","2/16/26",20,3
"2230",2230,"kitty","cdi_words","1","understands",NA,0,213,2026-02-15 21:07:24,"VVI142",450,"f","2/16/26",20,3
"2231",2231,"kitty","cdi_words","1","produces",NA,0,76,2026-04-02 15:03:35,"VVI186",450,"m","2/26/04",15,2
"2232",2232,"kitty","cdi_words","1","understands",NA,0,76,2026-04-02 15:03:35,"VVI186",450,"m","2/26/04",15,2
"2233",2233,"kitty","cdi_words","1","produces",2,1,223,2026-03-09 15:51:32,"VVI162",510,"f","2/24/26",30,11
"2234",2234,"kitty","cdi_words","1","understands",2,1,223,2026-03-09 15:51:32,"VVI162",510,"f","2/24/26",30,11
"2235",2235,"kitty","cdi_words","1","produces",NA,0,207,2026-04-08 10:48:19,"VVI193",450,"f","8/26/04",5,0
"2236",2236,"kitty","cdi_words","1","understands",1,1,207,2026-04-08 10:48:19,"VVI193",450,"f","8/26/04",5,0
"2237",2237,"kitty","cdi_words","1","produces",NA,0,131,2026-04-28 16:52:20,"VVI201",420,"m","4/27/26",15,1
"2238",2238,"kitty","cdi_words","1","understands",NA,0,131,2026-04-28 16:52:20,"VVI201",420,"m","4/27/26",15,1
"2239",2239,"kitty","cdi_words","1","produces",2,1,216,2026-03-08 20:15:37,"VVI146",510,"f","2/17/26",50,25
"2240",2240,"kitty","cdi_words","1","understands",2,1,216,2026-03-08 20:15:37,"VVI146",510,"f","2/17/26",50,25
"2241",2241,"kitty","cdi_words","1","produces",NA,0,179,2026-03-09 12:13:10,"VVI160",510,"m","2/23/26",15,6
"2242",2242,"kitty","cdi_words","1","understands",NA,0,179,2026-03-09 12:13:10,"VVI160",510,"m","2/23/26",15,6
"2243",2243,"kitty","cdi_words","1","produces",NA,0,102,2026-03-08 18:49:54,"VVI164",480,"m","2/25/26",40,11
"2244",2244,"kitty","cdi_words","1","understands",NA,0,102,2026-03-08 18:49:54,"VVI164",480,"m","2/25/26",40,11
"2245",2245,"pretty","cdi_words","1","produces",NA,0,245,2026-04-29 06:56:14,"VVI196",450,"f","4/14/26",45,10
"2246",2246,"pretty","cdi_words","1","understands",1,1,245,2026-04-29 06:56:14,"VVI196",450,"f","4/14/26",45,10
"2247",2247,"pretty","cdi_words","1","produces",NA,0,104,2026-03-29 15:34:33,"VVI183",420,"m","3/29/26",5,0
"2248",2248,"pretty","cdi_words","1","understands",NA,0,104,2026-03-29 15:34:33,"VVI183",420,"m","3/29/26",5,0
"2249",2249,"pretty","cdi_words","1","produces",NA,0,125,2026-04-30 08:46:28,"VVI197",450,"m","4/14/26",5,0
"2250",2250,"pretty","cdi_words","1","understands",NA,0,125,2026-04-30 08:46:28,"VVI197",450,"m","4/14/26",5,0
"2251",2251,"pretty","cdi_words","1","produces",NA,0,213,2026-02-15 21:07:24,"VVI142",450,"f","2/16/26",20,3
"2252",2252,"pretty","cdi_words","1","understands",NA,0,213,2026-02-15 21:07:24,"VVI142",450,"f","2/16/26",20,3
"2253",2253,"pretty","cdi_words","1","produces",NA,0,76,2026-04-02 15:03:35,"VVI186",450,"m","2/26/04",15,2
"2254",2254,"pretty","cdi_words","1","understands",NA,0,76,2026-04-02 15:03:35,"VVI186",450,"m","2/26/04",15,2
"2255",2255,"pretty","cdi_words","1","produces",NA,0,223,2026-03-09 15:51:32,"VVI162",510,"f","2/24/26",30,11
"2256",2256,"pretty","cdi_words","1","understands",NA,0,223,2026-03-09 15:51:32,"VVI162",510,"f","2/24/26",30,11
"2257",2257,"pretty","cdi_words","1","produces",NA,0,207,2026-04-08 10:48:19,"VVI193",450,"f","8/26/04",5,0
"2258",2258,"pretty","cdi_words","1","understands",NA,0,207,2026-04-08 10:48:19,"VVI193",450,"f","8/26/04",5,0
"2259",2259,"pretty","cdi_words","1","produces",NA,0,131,2026-04-28 16:52:20,"VVI201",420,"m","4/27/26",15,1
"2260",2260,"pretty","cdi_words","1","understands",NA,0,131,2026-04-28 16:52:20,"VVI201",420,"m","4/27/26",15,1
"2261",2261,"pretty","cdi_words","1","produces",NA,0,216,2026-03-08 20:15:37,"VVI146",510,"f","2/17/26",50,25
"2262",2262,"pretty","cdi_words","1","understands",NA,0,216,2026-03-08 20:15:37,"VVI146",510,"f","2/17/26",50,25
"2263",2263,"pretty","cdi_words","1","produces",NA,0,179,2026-03-09 12:13:10,"VVI160",510,"m","2/23/26",15,6
"2264",2264,"pretty","cdi_words","1","understands",NA,0,179,2026-03-09 12:13:10,"VVI160",510,"m","2/23/26",15,6
"2265",2265,"pretty","cdi_words","1","produces",NA,0,102,2026-03-08 18:49:54,"VVI164",480,"m","2/25/26",40,11
"2266",2266,"pretty","cdi_words","1","understands",NA,0,102,2026-03-08 18:49:54,"VVI164",480,"m","2/25/26",40,11
"2267",2267,"soft","cdi_words","1","produces",NA,0,245,2026-04-29 06:56:14,"VVI196",450,"f","4/14/26",45,10
"2268",2268,"soft","cdi_words","1","understands",1,1,245,2026-04-29 06:56:14,"VVI196",450,"f","4/14/26",45,10
"2269",2269,"soft","cdi_words","1","produces",NA,0,104,2026-03-29 15:34:33,"VVI183",420,"m","3/29/26",5,0
"2270",2270,"soft","cdi_words","1","understands",NA,0,104,2026-03-29 15:34:33,"VVI183",420,"m","3/29/26",5,0
"2271",2271,"soft","cdi_words","1","produces",NA,0,125,2026-04-30 08:46:28,"VVI197",450,"m","4/14/26",5,0
"2272",2272,"soft","cdi_words","1","understands",1,1,125,2026-04-30 08:46:28,"VVI197",450,"m","4/14/26",5,0
"2273",2273,"soft","cdi_words","1","produces",NA,0,213,2026-02-15 21:07:24,"VVI142",450,"f","2/16/26",20,3
"2274",2274,"soft","cdi_words","1","understands",NA,0,213,2026-02-15 21:07:24,"VVI142",450,"f","2/16/26",20,3
"2275",2275,"soft","cdi_words","1","produces",NA,0,76,2026-04-02 15:03:35,"VVI186",450,"m","2/26/04",15,2
"2276",2276,"soft","cdi_words","1","understands",NA,0,76,2026-04-02 15:03:35,"VVI186",450,"m","2/26/04",15,2
"2277",2277,"soft","cdi_words","1","produces",NA,0,223,2026-03-09 15:51:32,"VVI162",510,"f","2/24/26",30,11
"2278",2278,"soft","cdi_words","1","understands",NA,0,223,2026-03-09 15:51:32,"VVI162",510,"f","2/24/26",30,11
"2279",2279,"soft","cdi_words","1","produces",NA,0,207,2026-04-08 10:48:19,"VVI193",450,"f","8/26/04",5,0
"2280",2280,"soft","cdi_words","1","understands",NA,0,207,2026-04-08 10:48:19,"VVI193",450,"f","8/26/04",5,0
"2281",2281,"soft","cdi_words","1","produces",NA,0,131,2026-04-28 16:52:20,"VVI201",420,"m","4/27/26",15,1
"2282",2282,"soft","cdi_words","1","understands",NA,0,131,2026-04-28 16:52:20,"VVI201",420,"m","4/27/26",15,1
"2283",2283,"soft","cdi_words","1","produces",NA,0,216,2026-03-08 20:15:37,"VVI146",510,"f","2/17/26",50,25
"2284",2284,"soft","cdi_words","1","understands",NA,0,216,2026-03-08 20:15:37,"VVI146",510,"f","2/17/26",50,25
"2285",2285,"soft","cdi_words","1","produces",NA,0,179,2026-03-09 12:13:10,"VVI160",510,"m","2/23/26",15,6
"2286",2286,"soft","cdi_words","1","understands",NA,0,179,2026-03-09 12:13:10,"VVI160",510,"m","2/23/26",15,6
"2287",2287,"soft","cdi_words","1","produces",NA,0,102,2026-03-08 18:49:54,"VVI164",480,"m","2/25/26",40,11
"2288",2288,"soft","cdi_words","1","understands",NA,0,102,2026-03-08 18:49:54,"VVI164",480,"m","2/25/26",40,11
"2289",2289,"I","cdi_words","1","produces",NA,0,245,2026-04-29 06:56:14,"VVI196",450,"f","4/14/26",45,10
"2290",2290,"I","cdi_words","1","understands",1,1,245,2026-04-29 06:56:14,"VVI196",450,"f","4/14/26",45,10
"2291",2291,"I","cdi_words","1","produces",NA,0,104,2026-03-29 15:34:33,"VVI183",420,"m","3/29/26",5,0
"2292",2292,"I","cdi_words","1","understands",NA,0,104,2026-03-29 15:34:33,"VVI183",420,"m","3/29/26",5,0
"2293",2293,"I","cdi_words","1","produces",NA,0,125,2026-04-30 08:46:28,"VVI197",450,"m","4/14/26",5,0
"2294",2294,"I","cdi_words","1","understands",1,1,125,2026-04-30 08:46:28,"VVI197",450,"m","4/14/26",5,0
"2295",2295,"I","cdi_words","1","produces",NA,0,213,2026-02-15 21:07:24,"VVI142",450,"f","2/16/26",20,3
"2296",2296,"I","cdi_words","1","understands",NA,0,213,2026-02-15 21:07:24,"VVI142",450,"f","2/16/26",20,3
"2297",2297,"I","cdi_words","1","produces",NA,0,76,2026-04-02 15:03:35,"VVI186",450,"m","2/26/04",15,2
"2298",2298,"I","cdi_words","1","understands",NA,0,76,2026-04-02 15:03:35,"VVI186",450,"m","2/26/04",15,2
"2299",2299,"I","cdi_words","1","produces",NA,0,223,2026-03-09 15:51:32,"VVI162",510,"f","2/24/26",30,11
"2300",2300,"I","cdi_words","1","understands",NA,0,223,2026-03-09 15:51:32,"VVI162",510,"f","2/24/26",30,11
"2301",2301,"I","cdi_words","1","produces",NA,0,207,2026-04-08 10:48:19,"VVI193",450,"f","8/26/04",5,0
"2302",2302,"I","cdi_words","1","understands",NA,0,207,2026-04-08 10:48:19,"VVI193",450,"f","8/26/04",5,0
"2303",2303,"I","cdi_words","1","produces",NA,0,131,2026-04-28 16:52:20,"VVI201",420,"m","4/27/26",15,1
"2304",2304,"I","cdi_words","1","understands",NA,0,131,2026-04-28 16:52:20,"VVI201",420,"m","4/27/26",15,1
"2305",2305,"I","cdi_words","1","produces",NA,0,216,2026-03-08 20:15:37,"VVI146",510,"f","2/17/26",50,25
"2306",2306,"I","cdi_words","1","understands",NA,0,216,2026-03-08 20:15:37,"VVI146",510,"f","2/17/26",50,25
"2307",2307,"I","cdi_words","1","produces",NA,0,179,2026-03-09 12:13:10,"VVI160",510,"m","2/23/26",15,6
"2308",2308,"I","cdi_words","1","understands",NA,0,179,2026-03-09 12:13:10,"VVI160",510,"m","2/23/26",15,6
"2309",2309,"I","cdi_words","1","produces",NA,0,102,2026-03-08 18:49:54,"VVI164",480,"m","2/25/26",40,11
"2310",2310,"I","cdi_words","1","understands",NA,0,102,2026-03-08 18:49:54,"VVI164",480,"m","2/25/26",40,11
"2311",2311,"me","cdi_words","1","produces",NA,0,245,2026-04-29 06:56:14,"VVI196",450,"f","4/14/26",45,10
"2312",2312,"me","cdi_words","1","understands",1,1,245,2026-04-29 06:56:14,"VVI196",450,"f","4/14/26",45,10
"2313",2313,"me","cdi_words","1","produces",NA,0,104,2026-03-29 15:34:33,"VVI183",420,"m","3/29/26",5,0
"2314",2314,"me","cdi_words","1","understands",NA,0,104,2026-03-29 15:34:33,"VVI183",420,"m","3/29/26",5,0
"2315",2315,"me","cdi_words","1","produces",NA,0,125,2026-04-30 08:46:28,"VVI197",450,"m","4/14/26",5,0
"2316",2316,"me","cdi_words","1","understands",1,1,125,2026-04-30 08:46:28,"VVI197",450,"m","4/14/26",5,0
"2317",2317,"me","cdi_words","1","produces",NA,0,213,2026-02-15 21:07:24,"VVI142",450,"f","2/16/26",20,3
"2318",2318,"me","cdi_words","1","understands",1,1,213,2026-02-15 21:07:24,"VVI142",450,"f","2/16/26",20,3
"2319",2319,"me","cdi_words","1","produces",NA,0,76,2026-04-02 15:03:35,"VVI186",450,"m","2/26/04",15,2
"2320",2320,"me","cdi_words","1","understands",NA,0,76,2026-04-02 15:03:35,"VVI186",450,"m","2/26/04",15,2
"2321",2321,"me","cdi_words","1","produces",NA,0,223,2026-03-09 15:51:32,"VVI162",510,"f","2/24/26",30,11
"2322",2322,"me","cdi_words","1","understands",NA,0,223,2026-03-09 15:51:32,"VVI162",510,"f","2/24/26",30,11
"2323",2323,"me","cdi_words","1","produces",NA,0,207,2026-04-08 10:48:19,"VVI193",450,"f","8/26/04",5,0
"2324",2324,"me","cdi_words","1","understands",NA,0,207,2026-04-08 10:48:19,"VVI193",450,"f","8/26/04",5,0
"2325",2325,"me","cdi_words","1","produces",NA,0,131,2026-04-28 16:52:20,"VVI201",420,"m","4/27/26",15,1
"2326",2326,"me","cdi_words","1","understands",NA,0,131,2026-04-28 16:52:20,"VVI201",420,"m","4/27/26",15,1
"2327",2327,"me","cdi_words","1","produces",NA,0,216,2026-03-08 20:15:37,"VVI146",510,"f","2/17/26",50,25
"2328",2328,"me","cdi_words","1","understands",NA,0,216,2026-03-08 20:15:37,"VVI146",510,"f","2/17/26",50,25
"2329",2329,"me","cdi_words","1","produces",2,1,179,2026-03-09 12:13:10,"VVI160",510,"m","2/23/26",15,6
"2330",2330,"me","cdi_words","1","understands",2,1,179,2026-03-09 12:13:10,"VVI160",510,"m","2/23/26",15,6
"2331",2331,"me","cdi_words","1","produces",NA,0,102,2026-03-08 18:49:54,"VVI164",480,"m","2/25/26",40,11
"2332",2332,"me","cdi_words","1","understands",NA,0,102,2026-03-08 18:49:54,"VVI164",480,"m","2/25/26",40,11
"2333",2333,"how","cdi_words","1","produces",NA,0,245,2026-04-29 06:56:14,"VVI196",450,"f","4/14/26",45,10
"2334",2334,"how","cdi_words","1","understands",1,1,245,2026-04-29 06:56:14,"VVI196",450,"f","4/14/26",45,10
"2335",2335,"how","cdi_words","1","produces",NA,0,104,2026-03-29 15:34:33,"VVI183",420,"m","3/29/26",5,0
"2336",2336,"how","cdi_words","1","understands",NA,0,104,2026-03-29 15:34:33,"VVI183",420,"m","3/29/26",5,0
"2337",2337,"how","cdi_words","1","produces",NA,0,125,2026-04-30 08:46:28,"VVI197",450,"m","4/14/26",5,0
"2338",2338,"how","cdi_words","1","understands",1,1,125,2026-04-30 08:46:28,"VVI197",450,"m","4/14/26",5,0
"2339",2339,"how","cdi_words","1","produces",NA,0,213,2026-02-15 21:07:24,"VVI142",450,"f","2/16/26",20,3
"2340",2340,"how","cdi_words","1","understands",NA,0,213,2026-02-15 21:07:24,"VVI142",450,"f","2/16/26",20,3
"2341",2341,"how","cdi_words","1","produces",NA,0,76,2026-04-02 15:03:35,"VVI186",450,"m","2/26/04",15,2
"2342",2342,"how","cdi_words","1","understands",NA,0,76,2026-04-02 15:03:35,"VVI186",450,"m","2/26/04",15,2
"2343",2343,"how","cdi_words","1","produces",NA,0,223,2026-03-09 15:51:32,"VVI162",510,"f","2/24/26",30,11
"2344",2344,"how","cdi_words","1","understands",NA,0,223,2026-03-09 15:51:32,"VVI162",510,"f","2/24/26",30,11
"2345",2345,"how","cdi_words","1","produces",NA,0,207,2026-04-08 10:48:19,"VVI193",450,"f","8/26/04",5,0
"2346",2346,"how","cdi_words","1","understands",NA,0,207,2026-04-08 10:48:19,"VVI193",450,"f","8/26/04",5,0
"2347",2347,"how","cdi_words","1","produces",NA,0,131,2026-04-28 16:52:20,"VVI201",420,"m","4/27/26",15,1
"2348",2348,"how","cdi_words","1","understands",NA,0,131,2026-04-28 16:52:20,"VVI201",420,"m","4/27/26",15,1
"2349",2349,"how","cdi_words","1","produces",NA,0,216,2026-03-08 20:15:37,"VVI146",510,"f","2/17/26",50,25
"2350",2350,"how","cdi_words","1","understands",NA,0,216,2026-03-08 20:15:37,"VVI146",510,"f","2/17/26",50,25
"2351",2351,"how","cdi_words","1","produces",NA,0,179,2026-03-09 12:13:10,"VVI160",510,"m","2/23/26",15,6
"2352",2352,"how","cdi_words","1","understands",NA,0,179,2026-03-09 12:13:10,"VVI160",510,"m","2/23/26",15,6
"2353",2353,"how","cdi_words","1","produces",NA,0,102,2026-03-08 18:49:54,"VVI164",480,"m","2/25/26",40,11
"2354",2354,"how","cdi_words","1","understands",NA,0,102,2026-03-08 18:49:54,"VVI164",480,"m","2/25/26",40,11
"2355",2355,"who","cdi_words","1","produces",NA,0,245,2026-04-29 06:56:14,"VVI196",450,"f","4/14/26",45,10
"2356",2356,"who","cdi_words","1","understands",1,1,245,2026-04-29 06:56:14,"VVI196",450,"f","4/14/26",45,10
"2357",2357,"who","cdi_words","1","produces",NA,0,104,2026-03-29 15:34:33,"VVI183",420,"m","3/29/26",5,0
"2358",2358,"who","cdi_words","1","understands",NA,0,104,2026-03-29 15:34:33,"VVI183",420,"m","3/29/26",5,0
"2359",2359,"who","cdi_words","1","produces",NA,0,125,2026-04-30 08:46:28,"VVI197",450,"m","4/14/26",5,0
"2360",2360,"who","cdi_words","1","understands",1,1,125,2026-04-30 08:46:28,"VVI197",450,"m","4/14/26",5,0
"2361",2361,"who","cdi_words","1","produces",NA,0,213,2026-02-15 21:07:24,"VVI142",450,"f","2/16/26",20,3
"2362",2362,"who","cdi_words","1","understands",NA,0,213,2026-02-15 21:07:24,"VVI142",450,"f","2/16/26",20,3
"2363",2363,"who","cdi_words","1","produces",NA,0,76,2026-04-02 15:03:35,"VVI186",450,"m","2/26/04",15,2
"2364",2364,"who","cdi_words","1","understands",NA,0,76,2026-04-02 15:03:35,"VVI186",450,"m","2/26/04",15,2
"2365",2365,"who","cdi_words","1","produces",NA,0,223,2026-03-09 15:51:32,"VVI162",510,"f","2/24/26",30,11
"2366",2366,"who","cdi_words","1","understands",NA,0,223,2026-03-09 15:51:32,"VVI162",510,"f","2/24/26",30,11
"2367",2367,"who","cdi_words","1","produces",NA,0,207,2026-04-08 10:48:19,"VVI193",450,"f","8/26/04",5,0
"2368",2368,"who","cdi_words","1","understands",NA,0,207,2026-04-08 10:48:19,"VVI193",450,"f","8/26/04",5,0
"2369",2369,"who","cdi_words","1","produces",NA,0,131,2026-04-28 16:52:20,"VVI201",420,"m","4/27/26",15,1
"2370",2370,"who","cdi_words","1","understands",NA,0,131,2026-04-28 16:52:20,"VVI201",420,"m","4/27/26",15,1
"2371",2371,"who","cdi_words","1","produces",NA,0,216,2026-03-08 20:15:37,"VVI146",510,"f","2/17/26",50,25
"2372",2372,"who","cdi_words","1","understands",NA,0,216,2026-03-08 20:15:37,"VVI146",510,"f","2/17/26",50,25
"2373",2373,"who","cdi_words","1","produces",NA,0,179,2026-03-09 12:13:10,"VVI160",510,"m","2/23/26",15,6
"2374",2374,"who","cdi_words","1","understands",NA,0,179,2026-03-09 12:13:10,"VVI160",510,"m","2/23/26",15,6
"2375",2375,"who","cdi_words","1","produces",NA,0,102,2026-03-08 18:49:54,"VVI164",480,"m","2/25/26",40,11
"2376",2376,"who","cdi_words","1","understands",NA,0,102,2026-03-08 18:49:54,"VVI164",480,"m","2/25/26",40,11
"2377",2377,"away","cdi_words","1","produces",NA,0,245,2026-04-29 06:56:14,"VVI196",450,"f","4/14/26",45,10
"2378",2378,"away","cdi_words","1","understands",1,1,245,2026-04-29 06:56:14,"VVI196",450,"f","4/14/26",45,10
"2379",2379,"away","cdi_words","1","produces",NA,0,104,2026-03-29 15:34:33,"VVI183",420,"m","3/29/26",5,0
"2380",2380,"away","cdi_words","1","understands",NA,0,104,2026-03-29 15:34:33,"VVI183",420,"m","3/29/26",5,0
"2381",2381,"away","cdi_words","1","produces",NA,0,125,2026-04-30 08:46:28,"VVI197",450,"m","4/14/26",5,0
"2382",2382,"away","cdi_words","1","understands",1,1,125,2026-04-30 08:46:28,"VVI197",450,"m","4/14/26",5,0
"2383",2383,"away","cdi_words","1","produces",NA,0,213,2026-02-15 21:07:24,"VVI142",450,"f","2/16/26",20,3
"2384",2384,"away","cdi_words","1","understands",NA,0,213,2026-02-15 21:07:24,"VVI142",450,"f","2/16/26",20,3
"2385",2385,"away","cdi_words","1","produces",NA,0,76,2026-04-02 15:03:35,"VVI186",450,"m","2/26/04",15,2
"2386",2386,"away","cdi_words","1","understands",NA,0,76,2026-04-02 15:03:35,"VVI186",450,"m","2/26/04",15,2
"2387",2387,"away","cdi_words","1","produces",NA,0,223,2026-03-09 15:51:32,"VVI162",510,"f","2/24/26",30,11
"2388",2388,"away","cdi_words","1","understands",NA,0,223,2026-03-09 15:51:32,"VVI162",510,"f","2/24/26",30,11
"2389",2389,"away","cdi_words","1","produces",NA,0,207,2026-04-08 10:48:19,"VVI193",450,"f","8/26/04",5,0
"2390",2390,"away","cdi_words","1","understands",NA,0,207,2026-04-08 10:48:19,"VVI193",450,"f","8/26/04",5,0
"2391",2391,"away","cdi_words","1","produces",NA,0,131,2026-04-28 16:52:20,"VVI201",420,"m","4/27/26",15,1
"2392",2392,"away","cdi_words","1","understands",NA,0,131,2026-04-28 16:52:20,"VVI201",420,"m","4/27/26",15,1
"2393",2393,"away","cdi_words","1","produces",NA,0,216,2026-03-08 20:15:37,"VVI146",510,"f","2/17/26",50,25
"2394",2394,"away","cdi_words","1","understands",NA,0,216,2026-03-08 20:15:37,"VVI146",510,"f","2/17/26",50,25
"2395",2395,"away","cdi_words","1","produces",NA,0,179,2026-03-09 12:13:10,"VVI160",510,"m","2/23/26",15,6
"2396",2396,"away","cdi_words","1","understands",NA,0,179,2026-03-09 12:13:10,"VVI160",510,"m","2/23/26",15,6
"2397",2397,"away","cdi_words","1","produces",NA,0,102,2026-03-08 18:49:54,"VVI164",480,"m","2/25/26",40,11
"2398",2398,"away","cdi_words","1","understands",NA,0,102,2026-03-08 18:49:54,"VVI164",480,"m","2/25/26",40,11
"2399",2399,"out","cdi_words","1","produces",NA,0,245,2026-04-29 06:56:14,"VVI196",450,"f","4/14/26",45,10
"2400",2400,"out","cdi_words","1","understands",1,1,245,2026-04-29 06:56:14,"VVI196",450,"f","4/14/26",45,10
"2401",2401,"out","cdi_words","1","produces",NA,0,104,2026-03-29 15:34:33,"VVI183",420,"m","3/29/26",5,0
"2402",2402,"out","cdi_words","1","understands",NA,0,104,2026-03-29 15:34:33,"VVI183",420,"m","3/29/26",5,0
"2403",2403,"out","cdi_words","1","produces",NA,0,125,2026-04-30 08:46:28,"VVI197",450,"m","4/14/26",5,0
"2404",2404,"out","cdi_words","1","understands",1,1,125,2026-04-30 08:46:28,"VVI197",450,"m","4/14/26",5,0
"2405",2405,"out","cdi_words","1","produces",NA,0,213,2026-02-15 21:07:24,"VVI142",450,"f","2/16/26",20,3
"2406",2406,"out","cdi_words","1","understands",NA,0,213,2026-02-15 21:07:24,"VVI142",450,"f","2/16/26",20,3
"2407",2407,"out","cdi_words","1","produces",NA,0,76,2026-04-02 15:03:35,"VVI186",450,"m","2/26/04",15,2
"2408",2408,"out","cdi_words","1","understands",NA,0,76,2026-04-02 15:03:35,"VVI186",450,"m","2/26/04",15,2
"2409",2409,"out","cdi_words","1","produces",NA,0,223,2026-03-09 15:51:32,"VVI162",510,"f","2/24/26",30,11
"2410",2410,"out","cdi_words","1","understands",NA,0,223,2026-03-09 15:51:32,"VVI162",510,"f","2/24/26",30,11
"2411",2411,"out","cdi_words","1","produces",NA,0,207,2026-04-08 10:48:19,"VVI193",450,"f","8/26/04",5,0
"2412",2412,"out","cdi_words","1","understands",NA,0,207,2026-04-08 10:48:19,"VVI193",450,"f","8/26/04",5,0
"2413",2413,"out","cdi_words","1","produces",NA,0,131,2026-04-28 16:52:20,"VVI201",420,"m","4/27/26",15,1
"2414",2414,"out","cdi_words","1","understands",NA,0,131,2026-04-28 16:52:20,"VVI201",420,"m","4/27/26",15,1
"2415",2415,"out","cdi_words","1","produces",NA,0,216,2026-03-08 20:15:37,"VVI146",510,"f","2/17/26",50,25
"2416",2416,"out","cdi_words","1","understands",1,1,216,2026-03-08 20:15:37,"VVI146",510,"f","2/17/26",50,25
"2417",2417,"out","cdi_words","1","produces",NA,0,179,2026-03-09 12:13:10,"VVI160",510,"m","2/23/26",15,6
"2418",2418,"out","cdi_words","1","understands",1,1,179,2026-03-09 12:13:10,"VVI160",510,"m","2/23/26",15,6
"2419",2419,"out","cdi_words","1","produces",NA,0,102,2026-03-08 18:49:54,"VVI164",480,"m","2/25/26",40,11
"2420",2420,"out","cdi_words","1","understands",NA,0,102,2026-03-08 18:49:54,"VVI164",480,"m","2/25/26",40,11
"2421",2421,"other","cdi_words","1","produces",2,1,245,2026-04-29 06:56:14,"VVI196",450,"f","4/14/26",45,10
"2422",2422,"other","cdi_words","1","understands",2,1,245,2026-04-29 06:56:14,"VVI196",450,"f","4/14/26",45,10
"2423",2423,"other","cdi_words","1","produces",NA,0,104,2026-03-29 15:34:33,"VVI183",420,"m","3/29/26",5,0
"2424",2424,"other","cdi_words","1","understands",NA,0,104,2026-03-29 15:34:33,"VVI183",420,"m","3/29/26",5,0
"2425",2425,"other","cdi_words","1","produces",NA,0,125,2026-04-30 08:46:28,"VVI197",450,"m","4/14/26",5,0
"2426",2426,"other","cdi_words","1","understands",NA,0,125,2026-04-30 08:46:28,"VVI197",450,"m","4/14/26",5,0
"2427",2427,"other","cdi_words","1","produces",NA,0,213,2026-02-15 21:07:24,"VVI142",450,"f","2/16/26",20,3
"2428",2428,"other","cdi_words","1","understands",NA,0,213,2026-02-15 21:07:24,"VVI142",450,"f","2/16/26",20,3
"2429",2429,"other","cdi_words","1","produces",NA,0,76,2026-04-02 15:03:35,"VVI186",450,"m","2/26/04",15,2
"2430",2430,"other","cdi_words","1","understands",NA,0,76,2026-04-02 15:03:35,"VVI186",450,"m","2/26/04",15,2
"2431",2431,"other","cdi_words","1","produces",NA,0,223,2026-03-09 15:51:32,"VVI162",510,"f","2/24/26",30,11
"2432",2432,"other","cdi_words","1","understands",NA,0,223,2026-03-09 15:51:32,"VVI162",510,"f","2/24/26",30,11
"2433",2433,"other","cdi_words","1","produces",NA,0,207,2026-04-08 10:48:19,"VVI193",450,"f","8/26/04",5,0
"2434",2434,"other","cdi_words","1","understands",NA,0,207,2026-04-08 10:48:19,"VVI193",450,"f","8/26/04",5,0
"2435",2435,"other","cdi_words","1","produces",NA,0,131,2026-04-28 16:52:20,"VVI201",420,"m","4/27/26",15,1
"2436",2436,"other","cdi_words","1","understands",1,1,131,2026-04-28 16:52:20,"VVI201",420,"m","4/27/26",15,1
"2437",2437,"other","cdi_words","1","produces",NA,0,216,2026-03-08 20:15:37,"VVI146",510,"f","2/17/26",50,25
"2438",2438,"other","cdi_words","1","understands",NA,0,216,2026-03-08 20:15:37,"VVI146",510,"f","2/17/26",50,25
"2439",2439,"other","cdi_words","1","produces",NA,0,179,2026-03-09 12:13:10,"VVI160",510,"m","2/23/26",15,6
"2440",2440,"other","cdi_words","1","understands",NA,0,179,2026-03-09 12:13:10,"VVI160",510,"m","2/23/26",15,6
"2441",2441,"other","cdi_words","1","produces",NA,0,102,2026-03-08 18:49:54,"VVI164",480,"m","2/25/26",40,11
"2442",2442,"other","cdi_words","1","understands",NA,0,102,2026-03-08 18:49:54,"VVI164",480,"m","2/25/26",40,11
"2443",2443,"some","cdi_words","1","produces",NA,0,245,2026-04-29 06:56:14,"VVI196",450,"f","4/14/26",45,10
"2444",2444,"some","cdi_words","1","understands",1,1,245,2026-04-29 06:56:14,"VVI196",450,"f","4/14/26",45,10
"2445",2445,"some","cdi_words","1","produces",NA,0,104,2026-03-29 15:34:33,"VVI183",420,"m","3/29/26",5,0
"2446",2446,"some","cdi_words","1","understands",NA,0,104,2026-03-29 15:34:33,"VVI183",420,"m","3/29/26",5,0
"2447",2447,"some","cdi_words","1","produces",NA,0,125,2026-04-30 08:46:28,"VVI197",450,"m","4/14/26",5,0
"2448",2448,"some","cdi_words","1","understands",1,1,125,2026-04-30 08:46:28,"VVI197",450,"m","4/14/26",5,0
"2449",2449,"some","cdi_words","1","produces",NA,0,213,2026-02-15 21:07:24,"VVI142",450,"f","2/16/26",20,3
"2450",2450,"some","cdi_words","1","understands",NA,0,213,2026-02-15 21:07:24,"VVI142",450,"f","2/16/26",20,3
"2451",2451,"some","cdi_words","1","produces",NA,0,76,2026-04-02 15:03:35,"VVI186",450,"m","2/26/04",15,2
"2452",2452,"some","cdi_words","1","understands",NA,0,76,2026-04-02 15:03:35,"VVI186",450,"m","2/26/04",15,2
"2453",2453,"some","cdi_words","1","produces",NA,0,223,2026-03-09 15:51:32,"VVI162",510,"f","2/24/26",30,11
"2454",2454,"some","cdi_words","1","understands",NA,0,223,2026-03-09 15:51:32,"VVI162",510,"f","2/24/26",30,11
"2455",2455,"some","cdi_words","1","produces",NA,0,207,2026-04-08 10:48:19,"VVI193",450,"f","8/26/04",5,0
"2456",2456,"some","cdi_words","1","understands",NA,0,207,2026-04-08 10:48:19,"VVI193",450,"f","8/26/04",5,0
"2457",2457,"some","cdi_words","1","produces",NA,0,131,2026-04-28 16:52:20,"VVI201",420,"m","4/27/26",15,1
"2458",2458,"some","cdi_words","1","understands",NA,0,131,2026-04-28 16:52:20,"VVI201",420,"m","4/27/26",15,1
"2459",2459,"some","cdi_words","1","produces",NA,0,216,2026-03-08 20:15:37,"VVI146",510,"f","2/17/26",50,25
"2460",2460,"some","cdi_words","1","understands",NA,0,216,2026-03-08 20:15:37,"VVI146",510,"f","2/17/26",50,25
"2461",2461,"some","cdi_words","1","produces",NA,0,179,2026-03-09 12:13:10,"VVI160",510,"m","2/23/26",15,6
"2462",2462,"some","cdi_words","1","understands",NA,0,179,2026-03-09 12:13:10,"VVI160",510,"m","2/23/26",15,6
"2463",2463,"some","cdi_words","1","produces",NA,0,102,2026-03-08 18:49:54,"VVI164",480,"m","2/25/26",40,11
"2464",2464,"some","cdi_words","1","understands",NA,0,102,2026-03-08 18:49:54,"VVI164",480,"m","2/25/26",40,11
"2465",2465,"lion","cdi_words","1","produces",NA,0,245,2026-04-29 06:56:14,"VVI196",450,"f","4/14/26",45,10
"2466",2466,"lion","cdi_words","1","understands",1,1,245,2026-04-29 06:56:14,"VVI196",450,"f","4/14/26",45,10
"2467",2467,"lion","cdi_words","1","produces",NA,0,104,2026-03-29 15:34:33,"VVI183",420,"m","3/29/26",5,0
"2468",2468,"lion","cdi_words","1","understands",NA,0,104,2026-03-29 15:34:33,"VVI183",420,"m","3/29/26",5,0
"2469",2469,"lion","cdi_words","1","produces",NA,0,125,2026-04-30 08:46:28,"VVI197",450,"m","4/14/26",5,0
"2470",2470,"lion","cdi_words","1","understands",NA,0,125,2026-04-30 08:46:28,"VVI197",450,"m","4/14/26",5,0
"2471",2471,"lion","cdi_words","1","produces",NA,0,213,2026-02-15 21:07:24,"VVI142",450,"f","2/16/26",20,3
"2472",2472,"lion","cdi_words","1","understands",1,1,213,2026-02-15 21:07:24,"VVI142",450,"f","2/16/26",20,3
"2473",2473,"lion","cdi_words","1","produces",NA,0,76,2026-04-02 15:03:35,"VVI186",450,"m","2/26/04",15,2
"2474",2474,"lion","cdi_words","1","understands",NA,0,76,2026-04-02 15:03:35,"VVI186",450,"m","2/26/04",15,2
"2475",2475,"lion","cdi_words","1","produces",NA,0,223,2026-03-09 15:51:32,"VVI162",510,"f","2/24/26",30,11
"2476",2476,"lion","cdi_words","1","understands",NA,0,223,2026-03-09 15:51:32,"VVI162",510,"f","2/24/26",30,11
"2477",2477,"lion","cdi_words","1","produces",NA,0,207,2026-04-08 10:48:19,"VVI193",450,"f","8/26/04",5,0
"2478",2478,"lion","cdi_words","1","understands",1,1,207,2026-04-08 10:48:19,"VVI193",450,"f","8/26/04",5,0
"2479",2479,"lion","cdi_words","1","produces",NA,0,131,2026-04-28 16:52:20,"VVI201",420,"m","4/27/26",15,1
"2480",2480,"lion","cdi_words","1","understands",NA,0,131,2026-04-28 16:52:20,"VVI201",420,"m","4/27/26",15,1
"2481",2481,"lion","cdi_words","1","produces",NA,0,216,2026-03-08 20:15:37,"VVI146",510,"f","2/17/26",50,25
"2482",2482,"lion","cdi_words","1","understands",NA,0,216,2026-03-08 20:15:37,"VVI146",510,"f","2/17/26",50,25
"2483",2483,"lion","cdi_words","1","produces",NA,0,179,2026-03-09 12:13:10,"VVI160",510,"m","2/23/26",15,6
"2484",2484,"lion","cdi_words","1","understands",1,1,179,2026-03-09 12:13:10,"VVI160",510,"m","2/23/26",15,6
"2485",2485,"lion","cdi_words","1","produces",NA,0,102,2026-03-08 18:49:54,"VVI164",480,"m","2/25/26",40,11
"2486",2486,"lion","cdi_words","1","understands",NA,0,102,2026-03-08 18:49:54,"VVI164",480,"m","2/25/26",40,11
"2487",2487,"sock","extra_words","2A","produces",1,1,157,2026-04-09 08:59:38,"VVI172",690,"f","5/26/03",25,45
"2488",2488,"bathtub","extra_words","2A","produces",1,1,157,2026-04-09 08:59:38,"VVI172",690,"f","5/26/03",25,45
"2489",2489,"shower","extra_words","2A","produces",NA,0,157,2026-04-09 08:59:38,"VVI172",690,"f","5/26/03",25,45
"2490",2490,"balloon","extra_words","2A","produces",1,1,157,2026-04-09 08:59:38,"VVI172",690,"f","5/26/03",25,45
"2491",2491,"dresser","extra_words","2A","produces",NA,0,157,2026-04-09 08:59:38,"VVI172",690,"f","5/26/03",25,45
"2492",2492,"kite","extra_words","2A","produces",NA,0,157,2026-04-09 08:59:38,"VVI172",690,"f","5/26/03",25,45
"2493",2493,"camel","extra_words","2A","produces",NA,0,157,2026-04-09 08:59:38,"VVI172",690,"f","5/26/03",25,45
"2494",2494,"elephant","extra_words","2A","produces",NA,0,157,2026-04-09 08:59:38,"VVI172",690,"f","5/26/03",25,45
"2495",2495,"ladybug","extra_words","2A","produces",NA,0,157,2026-04-09 08:59:38,"VVI172",690,"f","5/26/03",25,45
"2496",2496,"cloud","extra_words","2A","produces",NA,0,157,2026-04-09 08:59:38,"VVI172",690,"f","5/26/03",25,45
"2497",2497,"tree","extra_words","2A","produces",1,1,157,2026-04-09 08:59:38,"VVI172",690,"f","5/26/03",25,45
"2498",2498,"zipper","extra_words","2A","produces",NA,0,157,2026-04-09 08:59:38,"VVI172",690,"f","5/26/03",25,45
"2499",2499,"crow","extra_words","2A","produces",NA,0,157,2026-04-09 08:59:38,"VVI172",690,"f","5/26/03",25,45
"2500",2500,"penguin","extra_words","2A","produces",NA,0,157,2026-04-09 08:59:38,"VVI172",690,"f","5/26/03",25,45
"2501",2501,"seahorse","extra_words","2A","produces",NA,0,157,2026-04-09 08:59:38,"VVI172",690,"f","5/26/03",25,45
"2502",2502,"duck","extra_words","2A","produces",1,1,157,2026-04-09 08:59:38,"VVI172",690,"f","5/26/03",25,45
"2503",2503,"chicken","extra_words","2A","produces",NA,0,157,2026-04-09 08:59:38,"VVI172",690,"f","5/26/03",25,45
"2504",2504,"butterfly","extra_words","2A","produces",NA,0,157,2026-04-09 08:59:38,"VVI172",690,"f","5/26/03",25,45
"2505",2505,"lizard","extra_words","2A","produces",NA,0,157,2026-04-09 08:59:38,"VVI172",690,"f","5/26/03",25,45
"2506",2506,"walrus","extra_words","2A","produces",NA,0,157,2026-04-09 08:59:38,"VVI172",690,"f","5/26/03",25,45
"2507",2507,"snake","extra_words","2A","produces",NA,0,157,2026-04-09 08:59:38,"VVI172",690,"f","5/26/03",25,45
"2508",2508,"truck","extra_words","2A","produces",NA,0,157,2026-04-09 08:59:38,"VVI172",690,"f","5/26/03",25,45
"2509",2509,"car","extra_words","2A","produces",1,1,157,2026-04-09 08:59:38,"VVI172",690,"f","5/26/03",25,45
"2510",2510,"airplane","extra_words","2A","produces",1,1,157,2026-04-09 08:59:38,"VVI172",690,"f","5/26/03",25,45
"2511",2511,"baa baa","cdi_words","2A","produces",1,1,157,2026-04-09 08:59:38,"VVI172",690,"f","5/26/03",25,45
"2512",2512,"meow","cdi_words","2A","produces",1,1,157,2026-04-09 08:59:38,"VVI172",690,"f","5/26/03",25,45
"2513",2513,"ouch","cdi_words","2A","produces",1,1,157,2026-04-09 08:59:38,"VVI172",690,"f","5/26/03",25,45
"2514",2514,"uh oh","cdi_words","2A","produces",1,1,157,2026-04-09 08:59:38,"VVI172",690,"f","5/26/03",25,45
"2515",2515,"woof woof","cdi_words","2A","produces",1,1,157,2026-04-09 08:59:38,"VVI172",690,"f","5/26/03",25,45
"2516",2516,"bear","cdi_words","2A","produces",NA,0,157,2026-04-09 08:59:38,"VVI172",690,"f","5/26/03",25,45
"2517",2517,"bird","cdi_words","2A","produces",1,1,157,2026-04-09 08:59:38,"VVI172",690,"f","5/26/03",25,45
"2518",2518,"cat","cdi_words","2A","produces",1,1,157,2026-04-09 08:59:38,"VVI172",690,"f","5/26/03",25,45
"2519",2519,"dog","cdi_words","2A","produces",1,1,157,2026-04-09 08:59:38,"VVI172",690,"f","5/26/03",25,45
"2520",2520,"duck","cdi_words","2A","produces",1,1,157,2026-04-09 08:59:38,"VVI172",690,"f","5/26/03",25,45
"2521",2521,"horse","cdi_words","2A","produces",1,1,157,2026-04-09 08:59:38,"VVI172",690,"f","5/26/03",25,45
"2522",2522,"airplane","cdi_words","2A","produces",1,1,157,2026-04-09 08:59:38,"VVI172",690,"f","5/26/03",25,45
"2523",2523,"boat","cdi_words","2A","produces",1,1,157,2026-04-09 08:59:38,"VVI172",690,"f","5/26/03",25,45
"2524",2524,"car","cdi_words","2A","produces",1,1,157,2026-04-09 08:59:38,"VVI172",690,"f","5/26/03",25,45
"2525",2525,"ball","cdi_words","2A","produces",1,1,157,2026-04-09 08:59:38,"VVI172",690,"f","5/26/03",25,45
"2526",2526,"book","cdi_words","2A","produces",1,1,157,2026-04-09 08:59:38,"VVI172",690,"f","5/26/03",25,45
"2527",2527,"game","cdi_words","2A","produces",NA,0,157,2026-04-09 08:59:38,"VVI172",690,"f","5/26/03",25,45
"2528",2528,"applesauce","cdi_words","2A","produces",NA,0,157,2026-04-09 08:59:38,"VVI172",690,"f","5/26/03",25,45
"2529",2529,"candy","cdi_words","2A","produces",1,1,157,2026-04-09 08:59:38,"VVI172",690,"f","5/26/03",25,45
"2530",2530,"coke","cdi_words","2A","produces",1,1,157,2026-04-09 08:59:38,"VVI172",690,"f","5/26/03",25,45
"2531",2531,"cracker","cdi_words","2A","produces",1,1,157,2026-04-09 08:59:38,"VVI172",690,"f","5/26/03",25,45
"2532",2532,"juice","cdi_words","2A","produces",1,1,157,2026-04-09 08:59:38,"VVI172",690,"f","5/26/03",25,45
"2533",2533,"meat","cdi_words","2A","produces",NA,0,157,2026-04-09 08:59:38,"VVI172",690,"f","5/26/03",25,45
"2534",2534,"milk","cdi_words","2A","produces",1,1,157,2026-04-09 08:59:38,"VVI172",690,"f","5/26/03",25,45
"2535",2535,"peas","cdi_words","2A","produces",NA,0,157,2026-04-09 08:59:38,"VVI172",690,"f","5/26/03",25,45
"2536",2536,"hat","cdi_words","2A","produces",1,1,157,2026-04-09 08:59:38,"VVI172",690,"f","5/26/03",25,45
"2537",2537,"necklace","cdi_words","2A","produces",NA,0,157,2026-04-09 08:59:38,"VVI172",690,"f","5/26/03",25,45
"2538",2538,"shoe","cdi_words","2A","produces",1,1,157,2026-04-09 08:59:38,"VVI172",690,"f","5/26/03",25,45
"2539",2539,"sock","cdi_words","2A","produces",1,1,157,2026-04-09 08:59:38,"VVI172",690,"f","5/26/03",25,45
"2540",2540,"chin","cdi_words","2A","produces",1,1,157,2026-04-09 08:59:38,"VVI172",690,"f","5/26/03",25,45
"2541",2541,"ear","cdi_words","2A","produces",1,1,157,2026-04-09 08:59:38,"VVI172",690,"f","5/26/03",25,45
"2542",2542,"hand","cdi_words","2A","produces",1,1,157,2026-04-09 08:59:38,"VVI172",690,"f","5/26/03",25,45
"2543",2543,"leg","cdi_words","2A","produces",1,1,157,2026-04-09 08:59:38,"VVI172",690,"f","5/26/03",25,45
"2544",2544,"broom","cdi_words","2A","produces",NA,0,157,2026-04-09 08:59:38,"VVI172",690,"f","5/26/03",25,45
"2545",2545,"comb","cdi_words","2A","produces",NA,0,157,2026-04-09 08:59:38,"VVI172",690,"f","5/26/03",25,45
"2546",2546,"mop","cdi_words","2A","produces",NA,0,157,2026-04-09 08:59:38,"VVI172",690,"f","5/26/03",25,45
"2547",2547,"plate","cdi_words","2A","produces",1,1,157,2026-04-09 08:59:38,"VVI172",690,"f","5/26/03",25,45
"2548",2548,"trash","cdi_words","2A","produces",NA,0,157,2026-04-09 08:59:38,"VVI172",690,"f","5/26/03",25,45
"2549",2549,"tray","cdi_words","2A","produces",NA,0,157,2026-04-09 08:59:38,"VVI172",690,"f","5/26/03",25,45
"2550",2550,"towel","cdi_words","2A","produces",NA,0,157,2026-04-09 08:59:38,"VVI172",690,"f","5/26/03",25,45
"2551",2551,"bed","cdi_words","2A","produces",1,1,157,2026-04-09 08:59:38,"VVI172",690,"f","5/26/03",25,45
"2552",2552,"bedroom","cdi_words","2A","produces",NA,0,157,2026-04-09 08:59:38,"VVI172",690,"f","5/26/03",25,45
"2553",2553,"bench","cdi_words","2A","produces",NA,0,157,2026-04-09 08:59:38,"VVI172",690,"f","5/26/03",25,45
"2554",2554,"oven","cdi_words","2A","produces",NA,0,157,2026-04-09 08:59:38,"VVI172",690,"f","5/26/03",25,45
"2555",2555,"stairs","cdi_words","2A","produces",1,1,157,2026-04-09 08:59:38,"VVI172",690,"f","5/26/03",25,45
"2556",2556,"flag","cdi_words","2A","produces",NA,0,157,2026-04-09 08:59:38,"VVI172",690,"f","5/26/03",25,45
"2557",2557,"rain","cdi_words","2A","produces",NA,0,157,2026-04-09 08:59:38,"VVI172",690,"f","5/26/03",25,45
"2558",2558,"star","cdi_words","2A","produces",NA,0,157,2026-04-09 08:59:38,"VVI172",690,"f","5/26/03",25,45
"2559",2559,"swing","cdi_words","2A","produces",NA,0,157,2026-04-09 08:59:38,"VVI172",690,"f","5/26/03",25,45
"2560",2560,"school","cdi_words","2A","produces",NA,0,157,2026-04-09 08:59:38,"VVI172",690,"f","5/26/03",25,45
"2561",2561,"sky","cdi_words","2A","produces",NA,0,157,2026-04-09 08:59:38,"VVI172",690,"f","5/26/03",25,45
"2562",2562,"party","cdi_words","2A","produces",NA,0,157,2026-04-09 08:59:38,"VVI172",690,"f","5/26/03",25,45
"2563",2563,"friend","cdi_words","2A","produces",NA,0,157,2026-04-09 08:59:38,"VVI172",690,"f","5/26/03",25,45
"2564",2564,"mommy","cdi_words","2A","produces",1,1,157,2026-04-09 08:59:38,"VVI172",690,"f","5/26/03",25,45
"2565",2565,"person","cdi_words","2A","produces",NA,0,157,2026-04-09 08:59:38,"VVI172",690,"f","5/26/03",25,45
"2566",2566,"bye","cdi_words","2A","produces",1,1,157,2026-04-09 08:59:38,"VVI172",690,"f","5/26/03",25,45
"2567",2567,"hi","cdi_words","2A","produces",1,1,157,2026-04-09 08:59:38,"VVI172",690,"f","5/26/03",25,45
"2568",2568,"no","cdi_words","2A","produces",1,1,157,2026-04-09 08:59:38,"VVI172",690,"f","5/26/03",25,45
"2569",2569,"shopping","cdi_words","2A","produces",NA,0,157,2026-04-09 08:59:38,"VVI172",690,"f","5/26/03",25,45
"2570",2570,"thank you","cdi_words","2A","produces",1,1,157,2026-04-09 08:59:38,"VVI172",690,"f","5/26/03",25,45
"2571",2571,"carry","cdi_words","2A","produces",NA,0,157,2026-04-09 08:59:38,"VVI172",690,"f","5/26/03",25,45
"2572",2572,"chase","cdi_words","2A","produces",NA,0,157,2026-04-09 08:59:38,"VVI172",690,"f","5/26/03",25,45
"2573",2573,"dump","cdi_words","2A","produces",NA,0,157,2026-04-09 08:59:38,"VVI172",690,"f","5/26/03",25,45
"2574",2574,"finish","cdi_words","2A","produces",1,1,157,2026-04-09 08:59:38,"VVI172",690,"f","5/26/03",25,45
"2575",2575,"fit","cdi_words","2A","produces",NA,0,157,2026-04-09 08:59:38,"VVI172",690,"f","5/26/03",25,45
"2576",2576,"hug","cdi_words","2A","produces",1,1,157,2026-04-09 08:59:38,"VVI172",690,"f","5/26/03",25,45
"2577",2577,"listen","cdi_words","2A","produces",NA,0,157,2026-04-09 08:59:38,"VVI172",690,"f","5/26/03",25,45
"2578",2578,"like","cdi_words","2A","produces",NA,0,157,2026-04-09 08:59:38,"VVI172",690,"f","5/26/03",25,45
"2579",2579,"pretend","cdi_words","2A","produces",NA,0,157,2026-04-09 08:59:38,"VVI172",690,"f","5/26/03",25,45
"2580",2580,"rip","cdi_words","2A","produces",NA,0,157,2026-04-09 08:59:38,"VVI172",690,"f","5/26/03",25,45
"2581",2581,"shake","cdi_words","2A","produces",NA,0,157,2026-04-09 08:59:38,"VVI172",690,"f","5/26/03",25,45
"2582",2582,"taste","cdi_words","2A","produces",NA,0,157,2026-04-09 08:59:38,"VVI172",690,"f","5/26/03",25,45
"2583",2583,"gentle","cdi_words","2A","produces",NA,0,157,2026-04-09 08:59:38,"VVI172",690,"f","5/26/03",25,45
"2584",2584,"think","cdi_words","2A","produces",NA,0,157,2026-04-09 08:59:38,"VVI172",690,"f","5/26/03",25,45
"2585",2585,"wish","cdi_words","2A","produces",NA,0,157,2026-04-09 08:59:38,"VVI172",690,"f","5/26/03",25,45
"2586",2586,"all gone","cdi_words","2A","produces",1,1,157,2026-04-09 08:59:38,"VVI172",690,"f","5/26/03",25,45
"2587",2587,"cold","cdi_words","2A","produces",1,1,157,2026-04-09 08:59:38,"VVI172",690,"f","5/26/03",25,45
"2588",2588,"fast","cdi_words","2A","produces",1,1,157,2026-04-09 08:59:38,"VVI172",690,"f","5/26/03",25,45
"2589",2589,"happy","cdi_words","2A","produces",1,1,157,2026-04-09 08:59:38,"VVI172",690,"f","5/26/03",25,45
"2590",2590,"hot","cdi_words","2A","produces",1,1,157,2026-04-09 08:59:38,"VVI172",690,"f","5/26/03",25,45
"2591",2591,"last","cdi_words","2A","produces",NA,0,157,2026-04-09 08:59:38,"VVI172",690,"f","5/26/03",25,45
"2592",2592,"tiny","cdi_words","2A","produces",NA,0,157,2026-04-09 08:59:38,"VVI172",690,"f","5/26/03",25,45
"2593",2593,"wet","cdi_words","2A","produces",1,1,157,2026-04-09 08:59:38,"VVI172",690,"f","5/26/03",25,45
"2594",2594,"after","cdi_words","2A","produces",NA,0,157,2026-04-09 08:59:38,"VVI172",690,"f","5/26/03",25,45
"2595",2595,"day","cdi_words","2A","produces",NA,0,157,2026-04-09 08:59:38,"VVI172",690,"f","5/26/03",25,45
"2596",2596,"tonight","cdi_words","2A","produces",NA,0,157,2026-04-09 08:59:38,"VVI172",690,"f","5/26/03",25,45
"2597",2597,"our","cdi_words","2A","produces",NA,0,157,2026-04-09 08:59:38,"VVI172",690,"f","5/26/03",25,45
"2598",2598,"them","cdi_words","2A","produces",NA,0,157,2026-04-09 08:59:38,"VVI172",690,"f","5/26/03",25,45
"2599",2599,"this","cdi_words","2A","produces",1,1,157,2026-04-09 08:59:38,"VVI172",690,"f","5/26/03",25,45
"2600",2600,"us","cdi_words","2A","produces",NA,0,157,2026-04-09 08:59:38,"VVI172",690,"f","5/26/03",25,45
"2601",2601,"where","cdi_words","2A","produces",NA,0,157,2026-04-09 08:59:38,"VVI172",690,"f","5/26/03",25,45
"2602",2602,"beside","cdi_words","2A","produces",NA,0,157,2026-04-09 08:59:38,"VVI172",690,"f","5/26/03",25,45
"2603",2603,"down","cdi_words","2A","produces",1,1,157,2026-04-09 08:59:38,"VVI172",690,"f","5/26/03",25,45
"2604",2604,"under","cdi_words","2A","produces",NA,0,157,2026-04-09 08:59:38,"VVI172",690,"f","5/26/03",25,45
"2605",2605,"all","cdi_words","2A","produces",NA,0,157,2026-04-09 08:59:38,"VVI172",690,"f","5/26/03",25,45
"2606",2606,"much","cdi_words","2A","produces",NA,0,157,2026-04-09 08:59:38,"VVI172",690,"f","5/26/03",25,45
"2607",2607,"could","cdi_words","2A","produces",NA,0,157,2026-04-09 08:59:38,"VVI172",690,"f","5/26/03",25,45
"2608",2608,"need","cdi_words","2A","produces",NA,0,157,2026-04-09 08:59:38,"VVI172",690,"f","5/26/03",25,45
"2609",2609,"would","cdi_words","2A","produces",NA,0,157,2026-04-09 08:59:38,"VVI172",690,"f","5/26/03",25,45
"2610",2610,"if","cdi_words","2A","produces",NA,0,157,2026-04-09 08:59:38,"VVI172",690,"f","5/26/03",25,45
"2611",2611,"sock","extra_words","2A","produces",1,1,140,2026-03-08 19:06:56,"VVI141",750,"f","2/14/26",55,77
"2612",2612,"bathtub","extra_words","2A","produces",1,1,140,2026-03-08 19:06:56,"VVI141",750,"f","2/14/26",55,77
"2613",2613,"shower","extra_words","2A","produces",1,1,140,2026-03-08 19:06:56,"VVI141",750,"f","2/14/26",55,77
"2614",2614,"balloon","extra_words","2A","produces",1,1,140,2026-03-08 19:06:56,"VVI141",750,"f","2/14/26",55,77
"2615",2615,"dresser","extra_words","2A","produces",1,1,140,2026-03-08 19:06:56,"VVI141",750,"f","2/14/26",55,77
"2616",2616,"kite","extra_words","2A","produces",1,1,140,2026-03-08 19:06:56,"VVI141",750,"f","2/14/26",55,77
"2617",2617,"camel","extra_words","2A","produces",1,1,140,2026-03-08 19:06:56,"VVI141",750,"f","2/14/26",55,77
"2618",2618,"elephant","extra_words","2A","produces",1,1,140,2026-03-08 19:06:56,"VVI141",750,"f","2/14/26",55,77
"2619",2619,"ladybug","extra_words","2A","produces",1,1,140,2026-03-08 19:06:56,"VVI141",750,"f","2/14/26",55,77
"2620",2620,"cloud","extra_words","2A","produces",1,1,140,2026-03-08 19:06:56,"VVI141",750,"f","2/14/26",55,77
"2621",2621,"tree","extra_words","2A","produces",1,1,140,2026-03-08 19:06:56,"VVI141",750,"f","2/14/26",55,77
"2622",2622,"zipper","extra_words","2A","produces",1,1,140,2026-03-08 19:06:56,"VVI141",750,"f","2/14/26",55,77
"2623",2623,"crow","extra_words","2A","produces",1,1,140,2026-03-08 19:06:56,"VVI141",750,"f","2/14/26",55,77
"2624",2624,"penguin","extra_words","2A","produces",1,1,140,2026-03-08 19:06:56,"VVI141",750,"f","2/14/26",55,77
"2625",2625,"seahorse","extra_words","2A","produces",NA,0,140,2026-03-08 19:06:56,"VVI141",750,"f","2/14/26",55,77
"2626",2626,"duck","extra_words","2A","produces",1,1,140,2026-03-08 19:06:56,"VVI141",750,"f","2/14/26",55,77
"2627",2627,"chicken","extra_words","2A","produces",1,1,140,2026-03-08 19:06:56,"VVI141",750,"f","2/14/26",55,77
"2628",2628,"butterfly","extra_words","2A","produces",1,1,140,2026-03-08 19:06:56,"VVI141",750,"f","2/14/26",55,77
"2629",2629,"lizard","extra_words","2A","produces",NA,0,140,2026-03-08 19:06:56,"VVI141",750,"f","2/14/26",55,77
"2630",2630,"walrus","extra_words","2A","produces",NA,0,140,2026-03-08 19:06:56,"VVI141",750,"f","2/14/26",55,77
"2631",2631,"snake","extra_words","2A","produces",1,1,140,2026-03-08 19:06:56,"VVI141",750,"f","2/14/26",55,77
"2632",2632,"truck","extra_words","2A","produces",1,1,140,2026-03-08 19:06:56,"VVI141",750,"f","2/14/26",55,77
"2633",2633,"car","extra_words","2A","produces",1,1,140,2026-03-08 19:06:56,"VVI141",750,"f","2/14/26",55,77
"2634",2634,"airplane","extra_words","2A","produces",1,1,140,2026-03-08 19:06:56,"VVI141",750,"f","2/14/26",55,77
"2635",2635,"baa baa","cdi_words","2A","produces",1,1,140,2026-03-08 19:06:56,"VVI141",750,"f","2/14/26",55,77
"2636",2636,"meow","cdi_words","2A","produces",1,1,140,2026-03-08 19:06:56,"VVI141",750,"f","2/14/26",55,77
"2637",2637,"ouch","cdi_words","2A","produces",1,1,140,2026-03-08 19:06:56,"VVI141",750,"f","2/14/26",55,77
"2638",2638,"uh oh","cdi_words","2A","produces",1,1,140,2026-03-08 19:06:56,"VVI141",750,"f","2/14/26",55,77
"2639",2639,"woof woof","cdi_words","2A","produces",1,1,140,2026-03-08 19:06:56,"VVI141",750,"f","2/14/26",55,77
"2640",2640,"bear","cdi_words","2A","produces",1,1,140,2026-03-08 19:06:56,"VVI141",750,"f","2/14/26",55,77
"2641",2641,"bird","cdi_words","2A","produces",1,1,140,2026-03-08 19:06:56,"VVI141",750,"f","2/14/26",55,77
"2642",2642,"cat","cdi_words","2A","produces",1,1,140,2026-03-08 19:06:56,"VVI141",750,"f","2/14/26",55,77
"2643",2643,"dog","cdi_words","2A","produces",1,1,140,2026-03-08 19:06:56,"VVI141",750,"f","2/14/26",55,77
"2644",2644,"duck","cdi_words","2A","produces",1,1,140,2026-03-08 19:06:56,"VVI141",750,"f","2/14/26",55,77
"2645",2645,"horse","cdi_words","2A","produces",1,1,140,2026-03-08 19:06:56,"VVI141",750,"f","2/14/26",55,77
"2646",2646,"airplane","cdi_words","2A","produces",1,1,140,2026-03-08 19:06:56,"VVI141",750,"f","2/14/26",55,77
"2647",2647,"boat","cdi_words","2A","produces",1,1,140,2026-03-08 19:06:56,"VVI141",750,"f","2/14/26",55,77
"2648",2648,"car","cdi_words","2A","produces",1,1,140,2026-03-08 19:06:56,"VVI141",750,"f","2/14/26",55,77
"2649",2649,"ball","cdi_words","2A","produces",1,1,140,2026-03-08 19:06:56,"VVI141",750,"f","2/14/26",55,77
"2650",2650,"book","cdi_words","2A","produces",1,1,140,2026-03-08 19:06:56,"VVI141",750,"f","2/14/26",55,77
"2651",2651,"game","cdi_words","2A","produces",1,1,140,2026-03-08 19:06:56,"VVI141",750,"f","2/14/26",55,77
"2652",2652,"applesauce","cdi_words","2A","produces",1,1,140,2026-03-08 19:06:56,"VVI141",750,"f","2/14/26",55,77
"2653",2653,"candy","cdi_words","2A","produces",1,1,140,2026-03-08 19:06:56,"VVI141",750,"f","2/14/26",55,77
"2654",2654,"coke","cdi_words","2A","produces",1,1,140,2026-03-08 19:06:56,"VVI141",750,"f","2/14/26",55,77
"2655",2655,"cracker","cdi_words","2A","produces",1,1,140,2026-03-08 19:06:56,"VVI141",750,"f","2/14/26",55,77
"2656",2656,"juice","cdi_words","2A","produces",1,1,140,2026-03-08 19:06:56,"VVI141",750,"f","2/14/26",55,77
"2657",2657,"meat","cdi_words","2A","produces",1,1,140,2026-03-08 19:06:56,"VVI141",750,"f","2/14/26",55,77
"2658",2658,"milk","cdi_words","2A","produces",1,1,140,2026-03-08 19:06:56,"VVI141",750,"f","2/14/26",55,77
"2659",2659,"peas","cdi_words","2A","produces",1,1,140,2026-03-08 19:06:56,"VVI141",750,"f","2/14/26",55,77
"2660",2660,"hat","cdi_words","2A","produces",1,1,140,2026-03-08 19:06:56,"VVI141",750,"f","2/14/26",55,77
"2661",2661,"necklace","cdi_words","2A","produces",1,1,140,2026-03-08 19:06:56,"VVI141",750,"f","2/14/26",55,77
"2662",2662,"shoe","cdi_words","2A","produces",1,1,140,2026-03-08 19:06:56,"VVI141",750,"f","2/14/26",55,77
"2663",2663,"sock","cdi_words","2A","produces",1,1,140,2026-03-08 19:06:56,"VVI141",750,"f","2/14/26",55,77
"2664",2664,"chin","cdi_words","2A","produces",1,1,140,2026-03-08 19:06:56,"VVI141",750,"f","2/14/26",55,77
"2665",2665,"ear","cdi_words","2A","produces",1,1,140,2026-03-08 19:06:56,"VVI141",750,"f","2/14/26",55,77
"2666",2666,"hand","cdi_words","2A","produces",1,1,140,2026-03-08 19:06:56,"VVI141",750,"f","2/14/26",55,77
"2667",2667,"leg","cdi_words","2A","produces",1,1,140,2026-03-08 19:06:56,"VVI141",750,"f","2/14/26",55,77
"2668",2668,"broom","cdi_words","2A","produces",1,1,140,2026-03-08 19:06:56,"VVI141",750,"f","2/14/26",55,77
"2669",2669,"comb","cdi_words","2A","produces",NA,0,140,2026-03-08 19:06:56,"VVI141",750,"f","2/14/26",55,77
"2670",2670,"mop","cdi_words","2A","produces",1,1,140,2026-03-08 19:06:56,"VVI141",750,"f","2/14/26",55,77
"2671",2671,"plate","cdi_words","2A","produces",1,1,140,2026-03-08 19:06:56,"VVI141",750,"f","2/14/26",55,77
"2672",2672,"trash","cdi_words","2A","produces",1,1,140,2026-03-08 19:06:56,"VVI141",750,"f","2/14/26",55,77
"2673",2673,"tray","cdi_words","2A","produces",1,1,140,2026-03-08 19:06:56,"VVI141",750,"f","2/14/26",55,77
"2674",2674,"towel","cdi_words","2A","produces",1,1,140,2026-03-08 19:06:56,"VVI141",750,"f","2/14/26",55,77
"2675",2675,"bed","cdi_words","2A","produces",1,1,140,2026-03-08 19:06:56,"VVI141",750,"f","2/14/26",55,77
"2676",2676,"bedroom","cdi_words","2A","produces",1,1,140,2026-03-08 19:06:56,"VVI141",750,"f","2/14/26",55,77
"2677",2677,"bench","cdi_words","2A","produces",1,1,140,2026-03-08 19:06:56,"VVI141",750,"f","2/14/26",55,77
"2678",2678,"oven","cdi_words","2A","produces",1,1,140,2026-03-08 19:06:56,"VVI141",750,"f","2/14/26",55,77
"2679",2679,"stairs","cdi_words","2A","produces",1,1,140,2026-03-08 19:06:56,"VVI141",750,"f","2/14/26",55,77
"2680",2680,"flag","cdi_words","2A","produces",1,1,140,2026-03-08 19:06:56,"VVI141",750,"f","2/14/26",55,77
"2681",2681,"rain","cdi_words","2A","produces",1,1,140,2026-03-08 19:06:56,"VVI141",750,"f","2/14/26",55,77
"2682",2682,"star","cdi_words","2A","produces",1,1,140,2026-03-08 19:06:56,"VVI141",750,"f","2/14/26",55,77
"2683",2683,"swing","cdi_words","2A","produces",1,1,140,2026-03-08 19:06:56,"VVI141",750,"f","2/14/26",55,77
"2684",2684,"school","cdi_words","2A","produces",1,1,140,2026-03-08 19:06:56,"VVI141",750,"f","2/14/26",55,77
"2685",2685,"sky","cdi_words","2A","produces",1,1,140,2026-03-08 19:06:56,"VVI141",750,"f","2/14/26",55,77
"2686",2686,"party","cdi_words","2A","produces",1,1,140,2026-03-08 19:06:56,"VVI141",750,"f","2/14/26",55,77
"2687",2687,"friend","cdi_words","2A","produces",1,1,140,2026-03-08 19:06:56,"VVI141",750,"f","2/14/26",55,77
"2688",2688,"mommy","cdi_words","2A","produces",1,1,140,2026-03-08 19:06:56,"VVI141",750,"f","2/14/26",55,77
"2689",2689,"person","cdi_words","2A","produces",1,1,140,2026-03-08 19:06:56,"VVI141",750,"f","2/14/26",55,77
"2690",2690,"bye","cdi_words","2A","produces",1,1,140,2026-03-08 19:06:56,"VVI141",750,"f","2/14/26",55,77
"2691",2691,"hi","cdi_words","2A","produces",1,1,140,2026-03-08 19:06:56,"VVI141",750,"f","2/14/26",55,77
"2692",2692,"no","cdi_words","2A","produces",1,1,140,2026-03-08 19:06:56,"VVI141",750,"f","2/14/26",55,77
"2693",2693,"shopping","cdi_words","2A","produces",1,1,140,2026-03-08 19:06:56,"VVI141",750,"f","2/14/26",55,77
"2694",2694,"thank you","cdi_words","2A","produces",1,1,140,2026-03-08 19:06:56,"VVI141",750,"f","2/14/26",55,77
"2695",2695,"carry","cdi_words","2A","produces",1,1,140,2026-03-08 19:06:56,"VVI141",750,"f","2/14/26",55,77
"2696",2696,"chase","cdi_words","2A","produces",NA,0,140,2026-03-08 19:06:56,"VVI141",750,"f","2/14/26",55,77
"2697",2697,"dump","cdi_words","2A","produces",1,1,140,2026-03-08 19:06:56,"VVI141",750,"f","2/14/26",55,77
"2698",2698,"finish","cdi_words","2A","produces",1,1,140,2026-03-08 19:06:56,"VVI141",750,"f","2/14/26",55,77
"2699",2699,"fit","cdi_words","2A","produces",NA,0,140,2026-03-08 19:06:56,"VVI141",750,"f","2/14/26",55,77
"2700",2700,"hug","cdi_words","2A","produces",1,1,140,2026-03-08 19:06:56,"VVI141",750,"f","2/14/26",55,77
"2701",2701,"listen","cdi_words","2A","produces",1,1,140,2026-03-08 19:06:56,"VVI141",750,"f","2/14/26",55,77
"2702",2702,"like","cdi_words","2A","produces",1,1,140,2026-03-08 19:06:56,"VVI141",750,"f","2/14/26",55,77
"2703",2703,"pretend","cdi_words","2A","produces",NA,0,140,2026-03-08 19:06:56,"VVI141",750,"f","2/14/26",55,77
"2704",2704,"rip","cdi_words","2A","produces",NA,0,140,2026-03-08 19:06:56,"VVI141",750,"f","2/14/26",55,77
"2705",2705,"shake","cdi_words","2A","produces",NA,0,140,2026-03-08 19:06:56,"VVI141",750,"f","2/14/26",55,77
"2706",2706,"taste","cdi_words","2A","produces",1,1,140,2026-03-08 19:06:56,"VVI141",750,"f","2/14/26",55,77
"2707",2707,"gentle","cdi_words","2A","produces",1,1,140,2026-03-08 19:06:56,"VVI141",750,"f","2/14/26",55,77
"2708",2708,"think","cdi_words","2A","produces",NA,0,140,2026-03-08 19:06:56,"VVI141",750,"f","2/14/26",55,77
"2709",2709,"wish","cdi_words","2A","produces",NA,0,140,2026-03-08 19:06:56,"VVI141",750,"f","2/14/26",55,77
"2710",2710,"all gone","cdi_words","2A","produces",1,1,140,2026-03-08 19:06:56,"VVI141",750,"f","2/14/26",55,77
"2711",2711,"cold","cdi_words","2A","produces",1,1,140,2026-03-08 19:06:56,"VVI141",750,"f","2/14/26",55,77
"2712",2712,"fast","cdi_words","2A","produces",1,1,140,2026-03-08 19:06:56,"VVI141",750,"f","2/14/26",55,77
"2713",2713,"happy","cdi_words","2A","produces",1,1,140,2026-03-08 19:06:56,"VVI141",750,"f","2/14/26",55,77
"2714",2714,"hot","cdi_words","2A","produces",1,1,140,2026-03-08 19:06:56,"VVI141",750,"f","2/14/26",55,77
"2715",2715,"last","cdi_words","2A","produces",1,1,140,2026-03-08 19:06:56,"VVI141",750,"f","2/14/26",55,77
"2716",2716,"tiny","cdi_words","2A","produces",NA,0,140,2026-03-08 19:06:56,"VVI141",750,"f","2/14/26",55,77
"2717",2717,"wet","cdi_words","2A","produces",1,1,140,2026-03-08 19:06:56,"VVI141",750,"f","2/14/26",55,77
"2718",2718,"after","cdi_words","2A","produces",NA,0,140,2026-03-08 19:06:56,"VVI141",750,"f","2/14/26",55,77
"2719",2719,"day","cdi_words","2A","produces",NA,0,140,2026-03-08 19:06:56,"VVI141",750,"f","2/14/26",55,77
"2720",2720,"tonight","cdi_words","2A","produces",NA,0,140,2026-03-08 19:06:56,"VVI141",750,"f","2/14/26",55,77
"2721",2721,"our","cdi_words","2A","produces",NA,0,140,2026-03-08 19:06:56,"VVI141",750,"f","2/14/26",55,77
"2722",2722,"them","cdi_words","2A","produces",NA,0,140,2026-03-08 19:06:56,"VVI141",750,"f","2/14/26",55,77
"2723",2723,"this","cdi_words","2A","produces",NA,0,140,2026-03-08 19:06:56,"VVI141",750,"f","2/14/26",55,77
"2724",2724,"us","cdi_words","2A","produces",NA,0,140,2026-03-08 19:06:56,"VVI141",750,"f","2/14/26",55,77
"2725",2725,"where","cdi_words","2A","produces",1,1,140,2026-03-08 19:06:56,"VVI141",750,"f","2/14/26",55,77
"2726",2726,"beside","cdi_words","2A","produces",NA,0,140,2026-03-08 19:06:56,"VVI141",750,"f","2/14/26",55,77
"2727",2727,"down","cdi_words","2A","produces",NA,0,140,2026-03-08 19:06:56,"VVI141",750,"f","2/14/26",55,77
"2728",2728,"under","cdi_words","2A","produces",1,1,140,2026-03-08 19:06:56,"VVI141",750,"f","2/14/26",55,77
"2729",2729,"all","cdi_words","2A","produces",NA,0,140,2026-03-08 19:06:56,"VVI141",750,"f","2/14/26",55,77
"2730",2730,"much","cdi_words","2A","produces",NA,0,140,2026-03-08 19:06:56,"VVI141",750,"f","2/14/26",55,77
"2731",2731,"could","cdi_words","2A","produces",NA,0,140,2026-03-08 19:06:56,"VVI141",750,"f","2/14/26",55,77
"2732",2732,"need","cdi_words","2A","produces",1,1,140,2026-03-08 19:06:56,"VVI141",750,"f","2/14/26",55,77
"2733",2733,"would","cdi_words","2A","produces",NA,0,140,2026-03-08 19:06:56,"VVI141",750,"f","2/14/26",55,77
"2734",2734,"if","cdi_words","2A","produces",NA,0,140,2026-03-08 19:06:56,"VVI141",750,"f","2/14/26",55,77
"2735",2735,"sock","extra_words","2A","produces",1,1,248,2026-02-18 10:40:52,"VVI148",630,"f","2/18/26",75,67
"2736",2736,"bathtub","extra_words","2A","produces",1,1,248,2026-02-18 10:40:52,"VVI148",630,"f","2/18/26",75,67
"2737",2737,"shower","extra_words","2A","produces",1,1,248,2026-02-18 10:40:52,"VVI148",630,"f","2/18/26",75,67
"2738",2738,"balloon","extra_words","2A","produces",1,1,248,2026-02-18 10:40:52,"VVI148",630,"f","2/18/26",75,67
"2739",2739,"dresser","extra_words","2A","produces",NA,0,248,2026-02-18 10:40:52,"VVI148",630,"f","2/18/26",75,67
"2740",2740,"kite","extra_words","2A","produces",NA,0,248,2026-02-18 10:40:52,"VVI148",630,"f","2/18/26",75,67
"2741",2741,"camel","extra_words","2A","produces",NA,0,248,2026-02-18 10:40:52,"VVI148",630,"f","2/18/26",75,67
"2742",2742,"elephant","extra_words","2A","produces",1,1,248,2026-02-18 10:40:52,"VVI148",630,"f","2/18/26",75,67
"2743",2743,"ladybug","extra_words","2A","produces",1,1,248,2026-02-18 10:40:52,"VVI148",630,"f","2/18/26",75,67
"2744",2744,"cloud","extra_words","2A","produces",1,1,248,2026-02-18 10:40:52,"VVI148",630,"f","2/18/26",75,67
"2745",2745,"tree","extra_words","2A","produces",1,1,248,2026-02-18 10:40:52,"VVI148",630,"f","2/18/26",75,67
"2746",2746,"zipper","extra_words","2A","produces",1,1,248,2026-02-18 10:40:52,"VVI148",630,"f","2/18/26",75,67
"2747",2747,"crow","extra_words","2A","produces",NA,0,248,2026-02-18 10:40:52,"VVI148",630,"f","2/18/26",75,67
"2748",2748,"penguin","extra_words","2A","produces",1,1,248,2026-02-18 10:40:52,"VVI148",630,"f","2/18/26",75,67
"2749",2749,"seahorse","extra_words","2A","produces",NA,0,248,2026-02-18 10:40:52,"VVI148",630,"f","2/18/26",75,67
"2750",2750,"duck","extra_words","2A","produces",1,1,248,2026-02-18 10:40:52,"VVI148",630,"f","2/18/26",75,67
"2751",2751,"chicken","extra_words","2A","produces",1,1,248,2026-02-18 10:40:52,"VVI148",630,"f","2/18/26",75,67
"2752",2752,"butterfly","extra_words","2A","produces",1,1,248,2026-02-18 10:40:52,"VVI148",630,"f","2/18/26",75,67
"2753",2753,"lizard","extra_words","2A","produces",NA,0,248,2026-02-18 10:40:52,"VVI148",630,"f","2/18/26",75,67
"2754",2754,"walrus","extra_words","2A","produces",1,1,248,2026-02-18 10:40:52,"VVI148",630,"f","2/18/26",75,67
"2755",2755,"snake","extra_words","2A","produces",1,1,248,2026-02-18 10:40:52,"VVI148",630,"f","2/18/26",75,67
"2756",2756,"truck","extra_words","2A","produces",1,1,248,2026-02-18 10:40:52,"VVI148",630,"f","2/18/26",75,67
"2757",2757,"car","extra_words","2A","produces",1,1,248,2026-02-18 10:40:52,"VVI148",630,"f","2/18/26",75,67
"2758",2758,"airplane","extra_words","2A","produces",1,1,248,2026-02-18 10:40:52,"VVI148",630,"f","2/18/26",75,67
"2759",2759,"baa baa","cdi_words","2A","produces",1,1,248,2026-02-18 10:40:52,"VVI148",630,"f","2/18/26",75,67
"2760",2760,"meow","cdi_words","2A","produces",1,1,248,2026-02-18 10:40:52,"VVI148",630,"f","2/18/26",75,67
"2761",2761,"ouch","cdi_words","2A","produces",1,1,248,2026-02-18 10:40:52,"VVI148",630,"f","2/18/26",75,67
"2762",2762,"uh oh","cdi_words","2A","produces",1,1,248,2026-02-18 10:40:52,"VVI148",630,"f","2/18/26",75,67
"2763",2763,"woof woof","cdi_words","2A","produces",1,1,248,2026-02-18 10:40:52,"VVI148",630,"f","2/18/26",75,67
"2764",2764,"bear","cdi_words","2A","produces",1,1,248,2026-02-18 10:40:52,"VVI148",630,"f","2/18/26",75,67
"2765",2765,"bird","cdi_words","2A","produces",1,1,248,2026-02-18 10:40:52,"VVI148",630,"f","2/18/26",75,67
"2766",2766,"cat","cdi_words","2A","produces",1,1,248,2026-02-18 10:40:52,"VVI148",630,"f","2/18/26",75,67
"2767",2767,"dog","cdi_words","2A","produces",1,1,248,2026-02-18 10:40:52,"VVI148",630,"f","2/18/26",75,67
"2768",2768,"duck","cdi_words","2A","produces",1,1,248,2026-02-18 10:40:52,"VVI148",630,"f","2/18/26",75,67
"2769",2769,"horse","cdi_words","2A","produces",1,1,248,2026-02-18 10:40:52,"VVI148",630,"f","2/18/26",75,67
"2770",2770,"airplane","cdi_words","2A","produces",1,1,248,2026-02-18 10:40:52,"VVI148",630,"f","2/18/26",75,67
"2771",2771,"boat","cdi_words","2A","produces",1,1,248,2026-02-18 10:40:52,"VVI148",630,"f","2/18/26",75,67
"2772",2772,"car","cdi_words","2A","produces",1,1,248,2026-02-18 10:40:52,"VVI148",630,"f","2/18/26",75,67
"2773",2773,"ball","cdi_words","2A","produces",1,1,248,2026-02-18 10:40:52,"VVI148",630,"f","2/18/26",75,67
"2774",2774,"book","cdi_words","2A","produces",1,1,248,2026-02-18 10:40:52,"VVI148",630,"f","2/18/26",75,67
"2775",2775,"game","cdi_words","2A","produces",1,1,248,2026-02-18 10:40:52,"VVI148",630,"f","2/18/26",75,67
"2776",2776,"applesauce","cdi_words","2A","produces",1,1,248,2026-02-18 10:40:52,"VVI148",630,"f","2/18/26",75,67
"2777",2777,"candy","cdi_words","2A","produces",1,1,248,2026-02-18 10:40:52,"VVI148",630,"f","2/18/26",75,67
"2778",2778,"coke","cdi_words","2A","produces",NA,0,248,2026-02-18 10:40:52,"VVI148",630,"f","2/18/26",75,67
"2779",2779,"cracker","cdi_words","2A","produces",1,1,248,2026-02-18 10:40:52,"VVI148",630,"f","2/18/26",75,67
"2780",2780,"juice","cdi_words","2A","produces",1,1,248,2026-02-18 10:40:52,"VVI148",630,"f","2/18/26",75,67
"2781",2781,"meat","cdi_words","2A","produces",NA,0,248,2026-02-18 10:40:52,"VVI148",630,"f","2/18/26",75,67
"2782",2782,"milk","cdi_words","2A","produces",1,1,248,2026-02-18 10:40:52,"VVI148",630,"f","2/18/26",75,67
"2783",2783,"peas","cdi_words","2A","produces",1,1,248,2026-02-18 10:40:52,"VVI148",630,"f","2/18/26",75,67
"2784",2784,"hat","cdi_words","2A","produces",1,1,248,2026-02-18 10:40:52,"VVI148",630,"f","2/18/26",75,67
"2785",2785,"necklace","cdi_words","2A","produces",1,1,248,2026-02-18 10:40:52,"VVI148",630,"f","2/18/26",75,67
"2786",2786,"shoe","cdi_words","2A","produces",1,1,248,2026-02-18 10:40:52,"VVI148",630,"f","2/18/26",75,67
"2787",2787,"sock","cdi_words","2A","produces",1,1,248,2026-02-18 10:40:52,"VVI148",630,"f","2/18/26",75,67
"2788",2788,"chin","cdi_words","2A","produces",1,1,248,2026-02-18 10:40:52,"VVI148",630,"f","2/18/26",75,67
"2789",2789,"ear","cdi_words","2A","produces",1,1,248,2026-02-18 10:40:52,"VVI148",630,"f","2/18/26",75,67
"2790",2790,"hand","cdi_words","2A","produces",1,1,248,2026-02-18 10:40:52,"VVI148",630,"f","2/18/26",75,67
"2791",2791,"leg","cdi_words","2A","produces",1,1,248,2026-02-18 10:40:52,"VVI148",630,"f","2/18/26",75,67
"2792",2792,"broom","cdi_words","2A","produces",1,1,248,2026-02-18 10:40:52,"VVI148",630,"f","2/18/26",75,67
"2793",2793,"comb","cdi_words","2A","produces",NA,0,248,2026-02-18 10:40:52,"VVI148",630,"f","2/18/26",75,67
"2794",2794,"mop","cdi_words","2A","produces",1,1,248,2026-02-18 10:40:52,"VVI148",630,"f","2/18/26",75,67
"2795",2795,"plate","cdi_words","2A","produces",1,1,248,2026-02-18 10:40:52,"VVI148",630,"f","2/18/26",75,67
"2796",2796,"trash","cdi_words","2A","produces",1,1,248,2026-02-18 10:40:52,"VVI148",630,"f","2/18/26",75,67
"2797",2797,"tray","cdi_words","2A","produces",NA,0,248,2026-02-18 10:40:52,"VVI148",630,"f","2/18/26",75,67
"2798",2798,"towel","cdi_words","2A","produces",1,1,248,2026-02-18 10:40:52,"VVI148",630,"f","2/18/26",75,67
"2799",2799,"bed","cdi_words","2A","produces",1,1,248,2026-02-18 10:40:52,"VVI148",630,"f","2/18/26",75,67
"2800",2800,"bedroom","cdi_words","2A","produces",NA,0,248,2026-02-18 10:40:52,"VVI148",630,"f","2/18/26",75,67
"2801",2801,"bench","cdi_words","2A","produces",NA,0,248,2026-02-18 10:40:52,"VVI148",630,"f","2/18/26",75,67
"2802",2802,"oven","cdi_words","2A","produces",1,1,248,2026-02-18 10:40:52,"VVI148",630,"f","2/18/26",75,67
"2803",2803,"stairs","cdi_words","2A","produces",1,1,248,2026-02-18 10:40:52,"VVI148",630,"f","2/18/26",75,67
"2804",2804,"flag","cdi_words","2A","produces",1,1,248,2026-02-18 10:40:52,"VVI148",630,"f","2/18/26",75,67
"2805",2805,"rain","cdi_words","2A","produces",1,1,248,2026-02-18 10:40:52,"VVI148",630,"f","2/18/26",75,67
"2806",2806,"star","cdi_words","2A","produces",1,1,248,2026-02-18 10:40:52,"VVI148",630,"f","2/18/26",75,67
"2807",2807,"swing","cdi_words","2A","produces",1,1,248,2026-02-18 10:40:52,"VVI148",630,"f","2/18/26",75,67
"2808",2808,"school","cdi_words","2A","produces",NA,0,248,2026-02-18 10:40:52,"VVI148",630,"f","2/18/26",75,67
"2809",2809,"sky","cdi_words","2A","produces",1,1,248,2026-02-18 10:40:52,"VVI148",630,"f","2/18/26",75,67
"2810",2810,"party","cdi_words","2A","produces",1,1,248,2026-02-18 10:40:52,"VVI148",630,"f","2/18/26",75,67
"2811",2811,"friend","cdi_words","2A","produces",1,1,248,2026-02-18 10:40:52,"VVI148",630,"f","2/18/26",75,67
"2812",2812,"mommy","cdi_words","2A","produces",1,1,248,2026-02-18 10:40:52,"VVI148",630,"f","2/18/26",75,67
"2813",2813,"person","cdi_words","2A","produces",1,1,248,2026-02-18 10:40:52,"VVI148",630,"f","2/18/26",75,67
"2814",2814,"bye","cdi_words","2A","produces",1,1,248,2026-02-18 10:40:52,"VVI148",630,"f","2/18/26",75,67
"2815",2815,"hi","cdi_words","2A","produces",1,1,248,2026-02-18 10:40:52,"VVI148",630,"f","2/18/26",75,67
"2816",2816,"no","cdi_words","2A","produces",1,1,248,2026-02-18 10:40:52,"VVI148",630,"f","2/18/26",75,67
"2817",2817,"shopping","cdi_words","2A","produces",1,1,248,2026-02-18 10:40:52,"VVI148",630,"f","2/18/26",75,67
"2818",2818,"thank you","cdi_words","2A","produces",1,1,248,2026-02-18 10:40:52,"VVI148",630,"f","2/18/26",75,67
"2819",2819,"carry","cdi_words","2A","produces",NA,0,248,2026-02-18 10:40:52,"VVI148",630,"f","2/18/26",75,67
"2820",2820,"chase","cdi_words","2A","produces",NA,0,248,2026-02-18 10:40:52,"VVI148",630,"f","2/18/26",75,67
"2821",2821,"dump","cdi_words","2A","produces",1,1,248,2026-02-18 10:40:52,"VVI148",630,"f","2/18/26",75,67
"2822",2822,"finish","cdi_words","2A","produces",NA,0,248,2026-02-18 10:40:52,"VVI148",630,"f","2/18/26",75,67
"2823",2823,"fit","cdi_words","2A","produces",1,1,248,2026-02-18 10:40:52,"VVI148",630,"f","2/18/26",75,67
"2824",2824,"hug","cdi_words","2A","produces",1,1,248,2026-02-18 10:40:52,"VVI148",630,"f","2/18/26",75,67
"2825",2825,"listen","cdi_words","2A","produces",1,1,248,2026-02-18 10:40:52,"VVI148",630,"f","2/18/26",75,67
"2826",2826,"like","cdi_words","2A","produces",NA,0,248,2026-02-18 10:40:52,"VVI148",630,"f","2/18/26",75,67
"2827",2827,"pretend","cdi_words","2A","produces",NA,0,248,2026-02-18 10:40:52,"VVI148",630,"f","2/18/26",75,67
"2828",2828,"rip","cdi_words","2A","produces",NA,0,248,2026-02-18 10:40:52,"VVI148",630,"f","2/18/26",75,67
"2829",2829,"shake","cdi_words","2A","produces",1,1,248,2026-02-18 10:40:52,"VVI148",630,"f","2/18/26",75,67
"2830",2830,"taste","cdi_words","2A","produces",NA,0,248,2026-02-18 10:40:52,"VVI148",630,"f","2/18/26",75,67
"2831",2831,"gentle","cdi_words","2A","produces",NA,0,248,2026-02-18 10:40:52,"VVI148",630,"f","2/18/26",75,67
"2832",2832,"think","cdi_words","2A","produces",NA,0,248,2026-02-18 10:40:52,"VVI148",630,"f","2/18/26",75,67
"2833",2833,"wish","cdi_words","2A","produces",NA,0,248,2026-02-18 10:40:52,"VVI148",630,"f","2/18/26",75,67
"2834",2834,"all gone","cdi_words","2A","produces",1,1,248,2026-02-18 10:40:52,"VVI148",630,"f","2/18/26",75,67
"2835",2835,"cold","cdi_words","2A","produces",1,1,248,2026-02-18 10:40:52,"VVI148",630,"f","2/18/26",75,67
"2836",2836,"fast","cdi_words","2A","produces",1,1,248,2026-02-18 10:40:52,"VVI148",630,"f","2/18/26",75,67
"2837",2837,"happy","cdi_words","2A","produces",1,1,248,2026-02-18 10:40:52,"VVI148",630,"f","2/18/26",75,67
"2838",2838,"hot","cdi_words","2A","produces",1,1,248,2026-02-18 10:40:52,"VVI148",630,"f","2/18/26",75,67
"2839",2839,"last","cdi_words","2A","produces",NA,0,248,2026-02-18 10:40:52,"VVI148",630,"f","2/18/26",75,67
"2840",2840,"tiny","cdi_words","2A","produces",NA,0,248,2026-02-18 10:40:52,"VVI148",630,"f","2/18/26",75,67
"2841",2841,"wet","cdi_words","2A","produces",1,1,248,2026-02-18 10:40:52,"VVI148",630,"f","2/18/26",75,67
"2842",2842,"after","cdi_words","2A","produces",NA,0,248,2026-02-18 10:40:52,"VVI148",630,"f","2/18/26",75,67
"2843",2843,"day","cdi_words","2A","produces",NA,0,248,2026-02-18 10:40:52,"VVI148",630,"f","2/18/26",75,67
"2844",2844,"tonight","cdi_words","2A","produces",NA,0,248,2026-02-18 10:40:52,"VVI148",630,"f","2/18/26",75,67
"2845",2845,"our","cdi_words","2A","produces",NA,0,248,2026-02-18 10:40:52,"VVI148",630,"f","2/18/26",75,67
"2846",2846,"them","cdi_words","2A","produces",NA,0,248,2026-02-18 10:40:52,"VVI148",630,"f","2/18/26",75,67
"2847",2847,"this","cdi_words","2A","produces",NA,0,248,2026-02-18 10:40:52,"VVI148",630,"f","2/18/26",75,67
"2848",2848,"us","cdi_words","2A","produces",NA,0,248,2026-02-18 10:40:52,"VVI148",630,"f","2/18/26",75,67
"2849",2849,"where","cdi_words","2A","produces",1,1,248,2026-02-18 10:40:52,"VVI148",630,"f","2/18/26",75,67
"2850",2850,"beside","cdi_words","2A","produces",NA,0,248,2026-02-18 10:40:52,"VVI148",630,"f","2/18/26",75,67
"2851",2851,"down","cdi_words","2A","produces",1,1,248,2026-02-18 10:40:52,"VVI148",630,"f","2/18/26",75,67
"2852",2852,"under","cdi_words","2A","produces",NA,0,248,2026-02-18 10:40:52,"VVI148",630,"f","2/18/26",75,67
"2853",2853,"all","cdi_words","2A","produces",1,1,248,2026-02-18 10:40:52,"VVI148",630,"f","2/18/26",75,67
"2854",2854,"much","cdi_words","2A","produces",NA,0,248,2026-02-18 10:40:52,"VVI148",630,"f","2/18/26",75,67
"2855",2855,"could","cdi_words","2A","produces",NA,0,248,2026-02-18 10:40:52,"VVI148",630,"f","2/18/26",75,67
"2856",2856,"need","cdi_words","2A","produces",NA,0,248,2026-02-18 10:40:52,"VVI148",630,"f","2/18/26",75,67
"2857",2857,"would","cdi_words","2A","produces",NA,0,248,2026-02-18 10:40:52,"VVI148",630,"f","2/18/26",75,67
"2858",2858,"if","cdi_words","2A","produces",NA,0,248,2026-02-18 10:40:52,"VVI148",630,"f","2/18/26",75,67
"2859",2859,"sock","extra_words","2A","produces",NA,0,105,2026-04-17 16:36:07,"VVI190",570,"m","6/26/04",10,6
"2860",2860,"bathtub","extra_words","2A","produces",NA,0,105,2026-04-17 16:36:07,"VVI190",570,"m","6/26/04",10,6
"2861",2861,"shower","extra_words","2A","produces",NA,0,105,2026-04-17 16:36:07,"VVI190",570,"m","6/26/04",10,6
"2862",2862,"balloon","extra_words","2A","produces",NA,0,105,2026-04-17 16:36:07,"VVI190",570,"m","6/26/04",10,6
"2863",2863,"dresser","extra_words","2A","produces",NA,0,105,2026-04-17 16:36:07,"VVI190",570,"m","6/26/04",10,6
"2864",2864,"kite","extra_words","2A","produces",NA,0,105,2026-04-17 16:36:07,"VVI190",570,"m","6/26/04",10,6
"2865",2865,"camel","extra_words","2A","produces",NA,0,105,2026-04-17 16:36:07,"VVI190",570,"m","6/26/04",10,6
"2866",2866,"elephant","extra_words","2A","produces",NA,0,105,2026-04-17 16:36:07,"VVI190",570,"m","6/26/04",10,6
"2867",2867,"ladybug","extra_words","2A","produces",NA,0,105,2026-04-17 16:36:07,"VVI190",570,"m","6/26/04",10,6
"2868",2868,"cloud","extra_words","2A","produces",NA,0,105,2026-04-17 16:36:07,"VVI190",570,"m","6/26/04",10,6
"2869",2869,"tree","extra_words","2A","produces",NA,0,105,2026-04-17 16:36:07,"VVI190",570,"m","6/26/04",10,6
"2870",2870,"zipper","extra_words","2A","produces",NA,0,105,2026-04-17 16:36:07,"VVI190",570,"m","6/26/04",10,6
"2871",2871,"crow","extra_words","2A","produces",NA,0,105,2026-04-17 16:36:07,"VVI190",570,"m","6/26/04",10,6
"2872",2872,"penguin","extra_words","2A","produces",NA,0,105,2026-04-17 16:36:07,"VVI190",570,"m","6/26/04",10,6
"2873",2873,"seahorse","extra_words","2A","produces",NA,0,105,2026-04-17 16:36:07,"VVI190",570,"m","6/26/04",10,6
"2874",2874,"duck","extra_words","2A","produces",NA,0,105,2026-04-17 16:36:07,"VVI190",570,"m","6/26/04",10,6
"2875",2875,"chicken","extra_words","2A","produces",NA,0,105,2026-04-17 16:36:07,"VVI190",570,"m","6/26/04",10,6
"2876",2876,"butterfly","extra_words","2A","produces",NA,0,105,2026-04-17 16:36:07,"VVI190",570,"m","6/26/04",10,6
"2877",2877,"lizard","extra_words","2A","produces",NA,0,105,2026-04-17 16:36:07,"VVI190",570,"m","6/26/04",10,6
"2878",2878,"walrus","extra_words","2A","produces",NA,0,105,2026-04-17 16:36:07,"VVI190",570,"m","6/26/04",10,6
"2879",2879,"snake","extra_words","2A","produces",NA,0,105,2026-04-17 16:36:07,"VVI190",570,"m","6/26/04",10,6
"2880",2880,"truck","extra_words","2A","produces",NA,0,105,2026-04-17 16:36:07,"VVI190",570,"m","6/26/04",10,6
"2881",2881,"car","extra_words","2A","produces",1,1,105,2026-04-17 16:36:07,"VVI190",570,"m","6/26/04",10,6
"2882",2882,"airplane","extra_words","2A","produces",NA,0,105,2026-04-17 16:36:07,"VVI190",570,"m","6/26/04",10,6
"2883",2883,"baa baa","cdi_words","2A","produces",1,1,105,2026-04-17 16:36:07,"VVI190",570,"m","6/26/04",10,6
"2884",2884,"meow","cdi_words","2A","produces",NA,0,105,2026-04-17 16:36:07,"VVI190",570,"m","6/26/04",10,6
"2885",2885,"ouch","cdi_words","2A","produces",NA,0,105,2026-04-17 16:36:07,"VVI190",570,"m","6/26/04",10,6
"2886",2886,"uh oh","cdi_words","2A","produces",NA,0,105,2026-04-17 16:36:07,"VVI190",570,"m","6/26/04",10,6
"2887",2887,"woof woof","cdi_words","2A","produces",NA,0,105,2026-04-17 16:36:07,"VVI190",570,"m","6/26/04",10,6
"2888",2888,"bear","cdi_words","2A","produces",NA,0,105,2026-04-17 16:36:07,"VVI190",570,"m","6/26/04",10,6
"2889",2889,"bird","cdi_words","2A","produces",NA,0,105,2026-04-17 16:36:07,"VVI190",570,"m","6/26/04",10,6
"2890",2890,"cat","cdi_words","2A","produces",NA,0,105,2026-04-17 16:36:07,"VVI190",570,"m","6/26/04",10,6
"2891",2891,"dog","cdi_words","2A","produces",1,1,105,2026-04-17 16:36:07,"VVI190",570,"m","6/26/04",10,6
"2892",2892,"duck","cdi_words","2A","produces",NA,0,105,2026-04-17 16:36:07,"VVI190",570,"m","6/26/04",10,6
"2893",2893,"horse","cdi_words","2A","produces",NA,0,105,2026-04-17 16:36:07,"VVI190",570,"m","6/26/04",10,6
"2894",2894,"airplane","cdi_words","2A","produces",NA,0,105,2026-04-17 16:36:07,"VVI190",570,"m","6/26/04",10,6
"2895",2895,"boat","cdi_words","2A","produces",NA,0,105,2026-04-17 16:36:07,"VVI190",570,"m","6/26/04",10,6
"2896",2896,"car","cdi_words","2A","produces",1,1,105,2026-04-17 16:36:07,"VVI190",570,"m","6/26/04",10,6
"2897",2897,"ball","cdi_words","2A","produces",NA,0,105,2026-04-17 16:36:07,"VVI190",570,"m","6/26/04",10,6
"2898",2898,"book","cdi_words","2A","produces",NA,0,105,2026-04-17 16:36:07,"VVI190",570,"m","6/26/04",10,6
"2899",2899,"game","cdi_words","2A","produces",NA,0,105,2026-04-17 16:36:07,"VVI190",570,"m","6/26/04",10,6
"2900",2900,"applesauce","cdi_words","2A","produces",NA,0,105,2026-04-17 16:36:07,"VVI190",570,"m","6/26/04",10,6
"2901",2901,"candy","cdi_words","2A","produces",NA,0,105,2026-04-17 16:36:07,"VVI190",570,"m","6/26/04",10,6
"2902",2902,"coke","cdi_words","2A","produces",NA,0,105,2026-04-17 16:36:07,"VVI190",570,"m","6/26/04",10,6
"2903",2903,"cracker","cdi_words","2A","produces",NA,0,105,2026-04-17 16:36:07,"VVI190",570,"m","6/26/04",10,6
"2904",2904,"juice","cdi_words","2A","produces",NA,0,105,2026-04-17 16:36:07,"VVI190",570,"m","6/26/04",10,6
"2905",2905,"meat","cdi_words","2A","produces",NA,0,105,2026-04-17 16:36:07,"VVI190",570,"m","6/26/04",10,6
"2906",2906,"milk","cdi_words","2A","produces",NA,0,105,2026-04-17 16:36:07,"VVI190",570,"m","6/26/04",10,6
"2907",2907,"peas","cdi_words","2A","produces",NA,0,105,2026-04-17 16:36:07,"VVI190",570,"m","6/26/04",10,6
"2908",2908,"hat","cdi_words","2A","produces",NA,0,105,2026-04-17 16:36:07,"VVI190",570,"m","6/26/04",10,6
"2909",2909,"necklace","cdi_words","2A","produces",NA,0,105,2026-04-17 16:36:07,"VVI190",570,"m","6/26/04",10,6
"2910",2910,"shoe","cdi_words","2A","produces",NA,0,105,2026-04-17 16:36:07,"VVI190",570,"m","6/26/04",10,6
"2911",2911,"sock","cdi_words","2A","produces",NA,0,105,2026-04-17 16:36:07,"VVI190",570,"m","6/26/04",10,6
"2912",2912,"chin","cdi_words","2A","produces",NA,0,105,2026-04-17 16:36:07,"VVI190",570,"m","6/26/04",10,6
"2913",2913,"ear","cdi_words","2A","produces",NA,0,105,2026-04-17 16:36:07,"VVI190",570,"m","6/26/04",10,6
"2914",2914,"hand","cdi_words","2A","produces",NA,0,105,2026-04-17 16:36:07,"VVI190",570,"m","6/26/04",10,6
"2915",2915,"leg","cdi_words","2A","produces",NA,0,105,2026-04-17 16:36:07,"VVI190",570,"m","6/26/04",10,6
"2916",2916,"broom","cdi_words","2A","produces",NA,0,105,2026-04-17 16:36:07,"VVI190",570,"m","6/26/04",10,6
"2917",2917,"comb","cdi_words","2A","produces",NA,0,105,2026-04-17 16:36:07,"VVI190",570,"m","6/26/04",10,6
"2918",2918,"mop","cdi_words","2A","produces",NA,0,105,2026-04-17 16:36:07,"VVI190",570,"m","6/26/04",10,6
"2919",2919,"plate","cdi_words","2A","produces",NA,0,105,2026-04-17 16:36:07,"VVI190",570,"m","6/26/04",10,6
"2920",2920,"trash","cdi_words","2A","produces",NA,0,105,2026-04-17 16:36:07,"VVI190",570,"m","6/26/04",10,6
"2921",2921,"tray","cdi_words","2A","produces",NA,0,105,2026-04-17 16:36:07,"VVI190",570,"m","6/26/04",10,6
"2922",2922,"towel","cdi_words","2A","produces",NA,0,105,2026-04-17 16:36:07,"VVI190",570,"m","6/26/04",10,6
"2923",2923,"bed","cdi_words","2A","produces",NA,0,105,2026-04-17 16:36:07,"VVI190",570,"m","6/26/04",10,6
"2924",2924,"bedroom","cdi_words","2A","produces",NA,0,105,2026-04-17 16:36:07,"VVI190",570,"m","6/26/04",10,6
"2925",2925,"bench","cdi_words","2A","produces",NA,0,105,2026-04-17 16:36:07,"VVI190",570,"m","6/26/04",10,6
"2926",2926,"oven","cdi_words","2A","produces",NA,0,105,2026-04-17 16:36:07,"VVI190",570,"m","6/26/04",10,6
"2927",2927,"stairs","cdi_words","2A","produces",NA,0,105,2026-04-17 16:36:07,"VVI190",570,"m","6/26/04",10,6
"2928",2928,"flag","cdi_words","2A","produces",NA,0,105,2026-04-17 16:36:07,"VVI190",570,"m","6/26/04",10,6
"2929",2929,"rain","cdi_words","2A","produces",NA,0,105,2026-04-17 16:36:07,"VVI190",570,"m","6/26/04",10,6
"2930",2930,"star","cdi_words","2A","produces",NA,0,105,2026-04-17 16:36:07,"VVI190",570,"m","6/26/04",10,6
"2931",2931,"swing","cdi_words","2A","produces",NA,0,105,2026-04-17 16:36:07,"VVI190",570,"m","6/26/04",10,6
"2932",2932,"school","cdi_words","2A","produces",NA,0,105,2026-04-17 16:36:07,"VVI190",570,"m","6/26/04",10,6
"2933",2933,"sky","cdi_words","2A","produces",NA,0,105,2026-04-17 16:36:07,"VVI190",570,"m","6/26/04",10,6
"2934",2934,"party","cdi_words","2A","produces",NA,0,105,2026-04-17 16:36:07,"VVI190",570,"m","6/26/04",10,6
"2935",2935,"friend","cdi_words","2A","produces",NA,0,105,2026-04-17 16:36:07,"VVI190",570,"m","6/26/04",10,6
"2936",2936,"mommy","cdi_words","2A","produces",NA,0,105,2026-04-17 16:36:07,"VVI190",570,"m","6/26/04",10,6
"2937",2937,"person","cdi_words","2A","produces",NA,0,105,2026-04-17 16:36:07,"VVI190",570,"m","6/26/04",10,6
"2938",2938,"bye","cdi_words","2A","produces",1,1,105,2026-04-17 16:36:07,"VVI190",570,"m","6/26/04",10,6
"2939",2939,"hi","cdi_words","2A","produces",1,1,105,2026-04-17 16:36:07,"VVI190",570,"m","6/26/04",10,6
"2940",2940,"no","cdi_words","2A","produces",1,1,105,2026-04-17 16:36:07,"VVI190",570,"m","6/26/04",10,6
"2941",2941,"shopping","cdi_words","2A","produces",NA,0,105,2026-04-17 16:36:07,"VVI190",570,"m","6/26/04",10,6
"2942",2942,"thank you","cdi_words","2A","produces",NA,0,105,2026-04-17 16:36:07,"VVI190",570,"m","6/26/04",10,6
"2943",2943,"carry","cdi_words","2A","produces",NA,0,105,2026-04-17 16:36:07,"VVI190",570,"m","6/26/04",10,6
"2944",2944,"chase","cdi_words","2A","produces",NA,0,105,2026-04-17 16:36:07,"VVI190",570,"m","6/26/04",10,6
"2945",2945,"dump","cdi_words","2A","produces",NA,0,105,2026-04-17 16:36:07,"VVI190",570,"m","6/26/04",10,6
"2946",2946,"finish","cdi_words","2A","produces",NA,0,105,2026-04-17 16:36:07,"VVI190",570,"m","6/26/04",10,6
"2947",2947,"fit","cdi_words","2A","produces",NA,0,105,2026-04-17 16:36:07,"VVI190",570,"m","6/26/04",10,6
"2948",2948,"hug","cdi_words","2A","produces",NA,0,105,2026-04-17 16:36:07,"VVI190",570,"m","6/26/04",10,6
"2949",2949,"listen","cdi_words","2A","produces",NA,0,105,2026-04-17 16:36:07,"VVI190",570,"m","6/26/04",10,6
"2950",2950,"like","cdi_words","2A","produces",NA,0,105,2026-04-17 16:36:07,"VVI190",570,"m","6/26/04",10,6
"2951",2951,"pretend","cdi_words","2A","produces",NA,0,105,2026-04-17 16:36:07,"VVI190",570,"m","6/26/04",10,6
"2952",2952,"rip","cdi_words","2A","produces",NA,0,105,2026-04-17 16:36:07,"VVI190",570,"m","6/26/04",10,6
"2953",2953,"shake","cdi_words","2A","produces",NA,0,105,2026-04-17 16:36:07,"VVI190",570,"m","6/26/04",10,6
"2954",2954,"taste","cdi_words","2A","produces",NA,0,105,2026-04-17 16:36:07,"VVI190",570,"m","6/26/04",10,6
"2955",2955,"gentle","cdi_words","2A","produces",NA,0,105,2026-04-17 16:36:07,"VVI190",570,"m","6/26/04",10,6
"2956",2956,"think","cdi_words","2A","produces",NA,0,105,2026-04-17 16:36:07,"VVI190",570,"m","6/26/04",10,6
"2957",2957,"wish","cdi_words","2A","produces",NA,0,105,2026-04-17 16:36:07,"VVI190",570,"m","6/26/04",10,6
"2958",2958,"all gone","cdi_words","2A","produces",NA,0,105,2026-04-17 16:36:07,"VVI190",570,"m","6/26/04",10,6
"2959",2959,"cold","cdi_words","2A","produces",NA,0,105,2026-04-17 16:36:07,"VVI190",570,"m","6/26/04",10,6
"2960",2960,"fast","cdi_words","2A","produces",NA,0,105,2026-04-17 16:36:07,"VVI190",570,"m","6/26/04",10,6
"2961",2961,"happy","cdi_words","2A","produces",NA,0,105,2026-04-17 16:36:07,"VVI190",570,"m","6/26/04",10,6
"2962",2962,"hot","cdi_words","2A","produces",NA,0,105,2026-04-17 16:36:07,"VVI190",570,"m","6/26/04",10,6
"2963",2963,"last","cdi_words","2A","produces",NA,0,105,2026-04-17 16:36:07,"VVI190",570,"m","6/26/04",10,6
"2964",2964,"tiny","cdi_words","2A","produces",NA,0,105,2026-04-17 16:36:07,"VVI190",570,"m","6/26/04",10,6
"2965",2965,"wet","cdi_words","2A","produces",NA,0,105,2026-04-17 16:36:07,"VVI190",570,"m","6/26/04",10,6
"2966",2966,"after","cdi_words","2A","produces",NA,0,105,2026-04-17 16:36:07,"VVI190",570,"m","6/26/04",10,6
"2967",2967,"day","cdi_words","2A","produces",NA,0,105,2026-04-17 16:36:07,"VVI190",570,"m","6/26/04",10,6
"2968",2968,"tonight","cdi_words","2A","produces",NA,0,105,2026-04-17 16:36:07,"VVI190",570,"m","6/26/04",10,6
"2969",2969,"our","cdi_words","2A","produces",NA,0,105,2026-04-17 16:36:07,"VVI190",570,"m","6/26/04",10,6
"2970",2970,"them","cdi_words","2A","produces",NA,0,105,2026-04-17 16:36:07,"VVI190",570,"m","6/26/04",10,6
"2971",2971,"this","cdi_words","2A","produces",NA,0,105,2026-04-17 16:36:07,"VVI190",570,"m","6/26/04",10,6
"2972",2972,"us","cdi_words","2A","produces",NA,0,105,2026-04-17 16:36:07,"VVI190",570,"m","6/26/04",10,6
"2973",2973,"where","cdi_words","2A","produces",NA,0,105,2026-04-17 16:36:07,"VVI190",570,"m","6/26/04",10,6
"2974",2974,"beside","cdi_words","2A","produces",NA,0,105,2026-04-17 16:36:07,"VVI190",570,"m","6/26/04",10,6
"2975",2975,"down","cdi_words","2A","produces",NA,0,105,2026-04-17 16:36:07,"VVI190",570,"m","6/26/04",10,6
"2976",2976,"under","cdi_words","2A","produces",NA,0,105,2026-04-17 16:36:07,"VVI190",570,"m","6/26/04",10,6
"2977",2977,"all","cdi_words","2A","produces",NA,0,105,2026-04-17 16:36:07,"VVI190",570,"m","6/26/04",10,6
"2978",2978,"much","cdi_words","2A","produces",NA,0,105,2026-04-17 16:36:07,"VVI190",570,"m","6/26/04",10,6
"2979",2979,"could","cdi_words","2A","produces",NA,0,105,2026-04-17 16:36:07,"VVI190",570,"m","6/26/04",10,6
"2980",2980,"need","cdi_words","2A","produces",NA,0,105,2026-04-17 16:36:07,"VVI190",570,"m","6/26/04",10,6
"2981",2981,"would","cdi_words","2A","produces",NA,0,105,2026-04-17 16:36:07,"VVI190",570,"m","6/26/04",10,6
"2982",2982,"if","cdi_words","2A","produces",NA,0,105,2026-04-17 16:36:07,"VVI190",570,"m","6/26/04",10,6
"2983",2983,"sock","extra_words","2A","produces",NA,0,92,2026-03-07 09:16:09,"VVI174",690,"m","7/26/03",5,10
"2984",2984,"bathtub","extra_words","2A","produces",NA,0,92,2026-03-07 09:16:09,"VVI174",690,"m","7/26/03",5,10
"2985",2985,"shower","extra_words","2A","produces",NA,0,92,2026-03-07 09:16:09,"VVI174",690,"m","7/26/03",5,10
"2986",2986,"balloon","extra_words","2A","produces",1,1,92,2026-03-07 09:16:09,"VVI174",690,"m","7/26/03",5,10
"2987",2987,"dresser","extra_words","2A","produces",NA,0,92,2026-03-07 09:16:09,"VVI174",690,"m","7/26/03",5,10
"2988",2988,"kite","extra_words","2A","produces",NA,0,92,2026-03-07 09:16:09,"VVI174",690,"m","7/26/03",5,10
"2989",2989,"camel","extra_words","2A","produces",NA,0,92,2026-03-07 09:16:09,"VVI174",690,"m","7/26/03",5,10
"2990",2990,"elephant","extra_words","2A","produces",NA,0,92,2026-03-07 09:16:09,"VVI174",690,"m","7/26/03",5,10
"2991",2991,"ladybug","extra_words","2A","produces",NA,0,92,2026-03-07 09:16:09,"VVI174",690,"m","7/26/03",5,10
"2992",2992,"cloud","extra_words","2A","produces",NA,0,92,2026-03-07 09:16:09,"VVI174",690,"m","7/26/03",5,10
"2993",2993,"tree","extra_words","2A","produces",NA,0,92,2026-03-07 09:16:09,"VVI174",690,"m","7/26/03",5,10
"2994",2994,"zipper","extra_words","2A","produces",NA,0,92,2026-03-07 09:16:09,"VVI174",690,"m","7/26/03",5,10
"2995",2995,"crow","extra_words","2A","produces",NA,0,92,2026-03-07 09:16:09,"VVI174",690,"m","7/26/03",5,10
"2996",2996,"penguin","extra_words","2A","produces",NA,0,92,2026-03-07 09:16:09,"VVI174",690,"m","7/26/03",5,10
"2997",2997,"seahorse","extra_words","2A","produces",NA,0,92,2026-03-07 09:16:09,"VVI174",690,"m","7/26/03",5,10
"2998",2998,"duck","extra_words","2A","produces",1,1,92,2026-03-07 09:16:09,"VVI174",690,"m","7/26/03",5,10
"2999",2999,"chicken","extra_words","2A","produces",NA,0,92,2026-03-07 09:16:09,"VVI174",690,"m","7/26/03",5,10
"3000",3000,"butterfly","extra_words","2A","produces",NA,0,92,2026-03-07 09:16:09,"VVI174",690,"m","7/26/03",5,10
"3001",3001,"lizard","extra_words","2A","produces",NA,0,92,2026-03-07 09:16:09,"VVI174",690,"m","7/26/03",5,10
"3002",3002,"walrus","extra_words","2A","produces",NA,0,92,2026-03-07 09:16:09,"VVI174",690,"m","7/26/03",5,10
"3003",3003,"snake","extra_words","2A","produces",NA,0,92,2026-03-07 09:16:09,"VVI174",690,"m","7/26/03",5,10
"3004",3004,"truck","extra_words","2A","produces",NA,0,92,2026-03-07 09:16:09,"VVI174",690,"m","7/26/03",5,10
"3005",3005,"car","extra_words","2A","produces",NA,0,92,2026-03-07 09:16:09,"VVI174",690,"m","7/26/03",5,10
"3006",3006,"airplane","extra_words","2A","produces",1,1,92,2026-03-07 09:16:09,"VVI174",690,"m","7/26/03",5,10
"3007",3007,"baa baa","cdi_words","2A","produces",NA,0,92,2026-03-07 09:16:09,"VVI174",690,"m","7/26/03",5,10
"3008",3008,"meow","cdi_words","2A","produces",NA,0,92,2026-03-07 09:16:09,"VVI174",690,"m","7/26/03",5,10
"3009",3009,"ouch","cdi_words","2A","produces",NA,0,92,2026-03-07 09:16:09,"VVI174",690,"m","7/26/03",5,10
"3010",3010,"uh oh","cdi_words","2A","produces",NA,0,92,2026-03-07 09:16:09,"VVI174",690,"m","7/26/03",5,10
"3011",3011,"woof woof","cdi_words","2A","produces",NA,0,92,2026-03-07 09:16:09,"VVI174",690,"m","7/26/03",5,10
"3012",3012,"bear","cdi_words","2A","produces",NA,0,92,2026-03-07 09:16:09,"VVI174",690,"m","7/26/03",5,10
"3013",3013,"bird","cdi_words","2A","produces",NA,0,92,2026-03-07 09:16:09,"VVI174",690,"m","7/26/03",5,10
"3014",3014,"cat","cdi_words","2A","produces",NA,0,92,2026-03-07 09:16:09,"VVI174",690,"m","7/26/03",5,10
"3015",3015,"dog","cdi_words","2A","produces",NA,0,92,2026-03-07 09:16:09,"VVI174",690,"m","7/26/03",5,10
"3016",3016,"duck","cdi_words","2A","produces",1,1,92,2026-03-07 09:16:09,"VVI174",690,"m","7/26/03",5,10
"3017",3017,"horse","cdi_words","2A","produces",NA,0,92,2026-03-07 09:16:09,"VVI174",690,"m","7/26/03",5,10
"3018",3018,"airplane","cdi_words","2A","produces",1,1,92,2026-03-07 09:16:09,"VVI174",690,"m","7/26/03",5,10
"3019",3019,"boat","cdi_words","2A","produces",NA,0,92,2026-03-07 09:16:09,"VVI174",690,"m","7/26/03",5,10
"3020",3020,"car","cdi_words","2A","produces",NA,0,92,2026-03-07 09:16:09,"VVI174",690,"m","7/26/03",5,10
"3021",3021,"ball","cdi_words","2A","produces",1,1,92,2026-03-07 09:16:09,"VVI174",690,"m","7/26/03",5,10
"3022",3022,"book","cdi_words","2A","produces",NA,0,92,2026-03-07 09:16:09,"VVI174",690,"m","7/26/03",5,10
"3023",3023,"game","cdi_words","2A","produces",NA,0,92,2026-03-07 09:16:09,"VVI174",690,"m","7/26/03",5,10
"3024",3024,"applesauce","cdi_words","2A","produces",NA,0,92,2026-03-07 09:16:09,"VVI174",690,"m","7/26/03",5,10
"3025",3025,"candy","cdi_words","2A","produces",NA,0,92,2026-03-07 09:16:09,"VVI174",690,"m","7/26/03",5,10
"3026",3026,"coke","cdi_words","2A","produces",NA,0,92,2026-03-07 09:16:09,"VVI174",690,"m","7/26/03",5,10
"3027",3027,"cracker","cdi_words","2A","produces",NA,0,92,2026-03-07 09:16:09,"VVI174",690,"m","7/26/03",5,10
"3028",3028,"juice","cdi_words","2A","produces",NA,0,92,2026-03-07 09:16:09,"VVI174",690,"m","7/26/03",5,10
"3029",3029,"meat","cdi_words","2A","produces",NA,0,92,2026-03-07 09:16:09,"VVI174",690,"m","7/26/03",5,10
"3030",3030,"milk","cdi_words","2A","produces",1,1,92,2026-03-07 09:16:09,"VVI174",690,"m","7/26/03",5,10
"3031",3031,"peas","cdi_words","2A","produces",NA,0,92,2026-03-07 09:16:09,"VVI174",690,"m","7/26/03",5,10
"3032",3032,"hat","cdi_words","2A","produces",1,1,92,2026-03-07 09:16:09,"VVI174",690,"m","7/26/03",5,10
"3033",3033,"necklace","cdi_words","2A","produces",NA,0,92,2026-03-07 09:16:09,"VVI174",690,"m","7/26/03",5,10
"3034",3034,"shoe","cdi_words","2A","produces",NA,0,92,2026-03-07 09:16:09,"VVI174",690,"m","7/26/03",5,10
"3035",3035,"sock","cdi_words","2A","produces",NA,0,92,2026-03-07 09:16:09,"VVI174",690,"m","7/26/03",5,10
"3036",3036,"chin","cdi_words","2A","produces",NA,0,92,2026-03-07 09:16:09,"VVI174",690,"m","7/26/03",5,10
"3037",3037,"ear","cdi_words","2A","produces",NA,0,92,2026-03-07 09:16:09,"VVI174",690,"m","7/26/03",5,10
"3038",3038,"hand","cdi_words","2A","produces",NA,0,92,2026-03-07 09:16:09,"VVI174",690,"m","7/26/03",5,10
"3039",3039,"leg","cdi_words","2A","produces",NA,0,92,2026-03-07 09:16:09,"VVI174",690,"m","7/26/03",5,10
"3040",3040,"broom","cdi_words","2A","produces",NA,0,92,2026-03-07 09:16:09,"VVI174",690,"m","7/26/03",5,10
"3041",3041,"comb","cdi_words","2A","produces",NA,0,92,2026-03-07 09:16:09,"VVI174",690,"m","7/26/03",5,10
"3042",3042,"mop","cdi_words","2A","produces",NA,0,92,2026-03-07 09:16:09,"VVI174",690,"m","7/26/03",5,10
"3043",3043,"plate","cdi_words","2A","produces",NA,0,92,2026-03-07 09:16:09,"VVI174",690,"m","7/26/03",5,10
"3044",3044,"trash","cdi_words","2A","produces",NA,0,92,2026-03-07 09:16:09,"VVI174",690,"m","7/26/03",5,10
"3045",3045,"tray","cdi_words","2A","produces",NA,0,92,2026-03-07 09:16:09,"VVI174",690,"m","7/26/03",5,10
"3046",3046,"towel","cdi_words","2A","produces",NA,0,92,2026-03-07 09:16:09,"VVI174",690,"m","7/26/03",5,10
"3047",3047,"bed","cdi_words","2A","produces",NA,0,92,2026-03-07 09:16:09,"VVI174",690,"m","7/26/03",5,10
"3048",3048,"bedroom","cdi_words","2A","produces",NA,0,92,2026-03-07 09:16:09,"VVI174",690,"m","7/26/03",5,10
"3049",3049,"bench","cdi_words","2A","produces",NA,0,92,2026-03-07 09:16:09,"VVI174",690,"m","7/26/03",5,10
"3050",3050,"oven","cdi_words","2A","produces",NA,0,92,2026-03-07 09:16:09,"VVI174",690,"m","7/26/03",5,10
"3051",3051,"stairs","cdi_words","2A","produces",NA,0,92,2026-03-07 09:16:09,"VVI174",690,"m","7/26/03",5,10
"3052",3052,"flag","cdi_words","2A","produces",NA,0,92,2026-03-07 09:16:09,"VVI174",690,"m","7/26/03",5,10
"3053",3053,"rain","cdi_words","2A","produces",NA,0,92,2026-03-07 09:16:09,"VVI174",690,"m","7/26/03",5,10
"3054",3054,"star","cdi_words","2A","produces",NA,0,92,2026-03-07 09:16:09,"VVI174",690,"m","7/26/03",5,10
"3055",3055,"swing","cdi_words","2A","produces",NA,0,92,2026-03-07 09:16:09,"VVI174",690,"m","7/26/03",5,10
"3056",3056,"school","cdi_words","2A","produces",NA,0,92,2026-03-07 09:16:09,"VVI174",690,"m","7/26/03",5,10
"3057",3057,"sky","cdi_words","2A","produces",NA,0,92,2026-03-07 09:16:09,"VVI174",690,"m","7/26/03",5,10
"3058",3058,"party","cdi_words","2A","produces",NA,0,92,2026-03-07 09:16:09,"VVI174",690,"m","7/26/03",5,10
"3059",3059,"friend","cdi_words","2A","produces",NA,0,92,2026-03-07 09:16:09,"VVI174",690,"m","7/26/03",5,10
"3060",3060,"mommy","cdi_words","2A","produces",1,1,92,2026-03-07 09:16:09,"VVI174",690,"m","7/26/03",5,10
"3061",3061,"person","cdi_words","2A","produces",NA,0,92,2026-03-07 09:16:09,"VVI174",690,"m","7/26/03",5,10
"3062",3062,"bye","cdi_words","2A","produces",1,1,92,2026-03-07 09:16:09,"VVI174",690,"m","7/26/03",5,10
"3063",3063,"hi","cdi_words","2A","produces",1,1,92,2026-03-07 09:16:09,"VVI174",690,"m","7/26/03",5,10
"3064",3064,"no","cdi_words","2A","produces",NA,0,92,2026-03-07 09:16:09,"VVI174",690,"m","7/26/03",5,10
"3065",3065,"shopping","cdi_words","2A","produces",NA,0,92,2026-03-07 09:16:09,"VVI174",690,"m","7/26/03",5,10
"3066",3066,"thank you","cdi_words","2A","produces",NA,0,92,2026-03-07 09:16:09,"VVI174",690,"m","7/26/03",5,10
"3067",3067,"carry","cdi_words","2A","produces",NA,0,92,2026-03-07 09:16:09,"VVI174",690,"m","7/26/03",5,10
"3068",3068,"chase","cdi_words","2A","produces",NA,0,92,2026-03-07 09:16:09,"VVI174",690,"m","7/26/03",5,10
"3069",3069,"dump","cdi_words","2A","produces",NA,0,92,2026-03-07 09:16:09,"VVI174",690,"m","7/26/03",5,10
"3070",3070,"finish","cdi_words","2A","produces",NA,0,92,2026-03-07 09:16:09,"VVI174",690,"m","7/26/03",5,10
"3071",3071,"fit","cdi_words","2A","produces",NA,0,92,2026-03-07 09:16:09,"VVI174",690,"m","7/26/03",5,10
"3072",3072,"hug","cdi_words","2A","produces",1,1,92,2026-03-07 09:16:09,"VVI174",690,"m","7/26/03",5,10
"3073",3073,"listen","cdi_words","2A","produces",NA,0,92,2026-03-07 09:16:09,"VVI174",690,"m","7/26/03",5,10
"3074",3074,"like","cdi_words","2A","produces",NA,0,92,2026-03-07 09:16:09,"VVI174",690,"m","7/26/03",5,10
"3075",3075,"pretend","cdi_words","2A","produces",NA,0,92,2026-03-07 09:16:09,"VVI174",690,"m","7/26/03",5,10
"3076",3076,"rip","cdi_words","2A","produces",NA,0,92,2026-03-07 09:16:09,"VVI174",690,"m","7/26/03",5,10
"3077",3077,"shake","cdi_words","2A","produces",NA,0,92,2026-03-07 09:16:09,"VVI174",690,"m","7/26/03",5,10
"3078",3078,"taste","cdi_words","2A","produces",NA,0,92,2026-03-07 09:16:09,"VVI174",690,"m","7/26/03",5,10
"3079",3079,"gentle","cdi_words","2A","produces",NA,0,92,2026-03-07 09:16:09,"VVI174",690,"m","7/26/03",5,10
"3080",3080,"think","cdi_words","2A","produces",NA,0,92,2026-03-07 09:16:09,"VVI174",690,"m","7/26/03",5,10
"3081",3081,"wish","cdi_words","2A","produces",NA,0,92,2026-03-07 09:16:09,"VVI174",690,"m","7/26/03",5,10
"3082",3082,"all gone","cdi_words","2A","produces",NA,0,92,2026-03-07 09:16:09,"VVI174",690,"m","7/26/03",5,10
"3083",3083,"cold","cdi_words","2A","produces",NA,0,92,2026-03-07 09:16:09,"VVI174",690,"m","7/26/03",5,10
"3084",3084,"fast","cdi_words","2A","produces",NA,0,92,2026-03-07 09:16:09,"VVI174",690,"m","7/26/03",5,10
"3085",3085,"happy","cdi_words","2A","produces",NA,0,92,2026-03-07 09:16:09,"VVI174",690,"m","7/26/03",5,10
"3086",3086,"hot","cdi_words","2A","produces",1,1,92,2026-03-07 09:16:09,"VVI174",690,"m","7/26/03",5,10
"3087",3087,"last","cdi_words","2A","produces",NA,0,92,2026-03-07 09:16:09,"VVI174",690,"m","7/26/03",5,10
"3088",3088,"tiny","cdi_words","2A","produces",NA,0,92,2026-03-07 09:16:09,"VVI174",690,"m","7/26/03",5,10
"3089",3089,"wet","cdi_words","2A","produces",NA,0,92,2026-03-07 09:16:09,"VVI174",690,"m","7/26/03",5,10
"3090",3090,"after","cdi_words","2A","produces",NA,0,92,2026-03-07 09:16:09,"VVI174",690,"m","7/26/03",5,10
"3091",3091,"day","cdi_words","2A","produces",NA,0,92,2026-03-07 09:16:09,"VVI174",690,"m","7/26/03",5,10
"3092",3092,"tonight","cdi_words","2A","produces",NA,0,92,2026-03-07 09:16:09,"VVI174",690,"m","7/26/03",5,10
"3093",3093,"our","cdi_words","2A","produces",NA,0,92,2026-03-07 09:16:09,"VVI174",690,"m","7/26/03",5,10
"3094",3094,"them","cdi_words","2A","produces",NA,0,92,2026-03-07 09:16:09,"VVI174",690,"m","7/26/03",5,10
"3095",3095,"this","cdi_words","2A","produces",NA,0,92,2026-03-07 09:16:09,"VVI174",690,"m","7/26/03",5,10
"3096",3096,"us","cdi_words","2A","produces",NA,0,92,2026-03-07 09:16:09,"VVI174",690,"m","7/26/03",5,10
"3097",3097,"where","cdi_words","2A","produces",NA,0,92,2026-03-07 09:16:09,"VVI174",690,"m","7/26/03",5,10
"3098",3098,"beside","cdi_words","2A","produces",NA,0,92,2026-03-07 09:16:09,"VVI174",690,"m","7/26/03",5,10
"3099",3099,"down","cdi_words","2A","produces",NA,0,92,2026-03-07 09:16:09,"VVI174",690,"m","7/26/03",5,10
"3100",3100,"under","cdi_words","2A","produces",NA,0,92,2026-03-07 09:16:09,"VVI174",690,"m","7/26/03",5,10
"3101",3101,"all","cdi_words","2A","produces",NA,0,92,2026-03-07 09:16:09,"VVI174",690,"m","7/26/03",5,10
"3102",3102,"much","cdi_words","2A","produces",NA,0,92,2026-03-07 09:16:09,"VVI174",690,"m","7/26/03",5,10
"3103",3103,"could","cdi_words","2A","produces",NA,0,92,2026-03-07 09:16:09,"VVI174",690,"m","7/26/03",5,10
"3104",3104,"need","cdi_words","2A","produces",NA,0,92,2026-03-07 09:16:09,"VVI174",690,"m","7/26/03",5,10
"3105",3105,"would","cdi_words","2A","produces",NA,0,92,2026-03-07 09:16:09,"VVI174",690,"m","7/26/03",5,10
"3106",3106,"if","cdi_words","2A","produces",NA,0,92,2026-03-07 09:16:09,"VVI174",690,"m","7/26/03",5,10
"3107",3107,"sock","extra_words","2A","produces",NA,0,66,2026-03-05 17:04:08,"VVI173",690,"f","5/26/03",0,6
"3108",3108,"bathtub","extra_words","2A","produces",NA,0,66,2026-03-05 17:04:08,"VVI173",690,"f","5/26/03",0,6
"3109",3109,"shower","extra_words","2A","produces",NA,0,66,2026-03-05 17:04:08,"VVI173",690,"f","5/26/03",0,6
"3110",3110,"balloon","extra_words","2A","produces",NA,0,66,2026-03-05 17:04:08,"VVI173",690,"f","5/26/03",0,6
"3111",3111,"dresser","extra_words","2A","produces",NA,0,66,2026-03-05 17:04:08,"VVI173",690,"f","5/26/03",0,6
"3112",3112,"kite","extra_words","2A","produces",NA,0,66,2026-03-05 17:04:08,"VVI173",690,"f","5/26/03",0,6
"3113",3113,"camel","extra_words","2A","produces",NA,0,66,2026-03-05 17:04:08,"VVI173",690,"f","5/26/03",0,6
"3114",3114,"elephant","extra_words","2A","produces",NA,0,66,2026-03-05 17:04:08,"VVI173",690,"f","5/26/03",0,6
"3115",3115,"ladybug","extra_words","2A","produces",NA,0,66,2026-03-05 17:04:08,"VVI173",690,"f","5/26/03",0,6
"3116",3116,"cloud","extra_words","2A","produces",NA,0,66,2026-03-05 17:04:08,"VVI173",690,"f","5/26/03",0,6
"3117",3117,"tree","extra_words","2A","produces",NA,0,66,2026-03-05 17:04:08,"VVI173",690,"f","5/26/03",0,6
"3118",3118,"zipper","extra_words","2A","produces",NA,0,66,2026-03-05 17:04:08,"VVI173",690,"f","5/26/03",0,6
"3119",3119,"crow","extra_words","2A","produces",NA,0,66,2026-03-05 17:04:08,"VVI173",690,"f","5/26/03",0,6
"3120",3120,"penguin","extra_words","2A","produces",NA,0,66,2026-03-05 17:04:08,"VVI173",690,"f","5/26/03",0,6
"3121",3121,"seahorse","extra_words","2A","produces",NA,0,66,2026-03-05 17:04:08,"VVI173",690,"f","5/26/03",0,6
"3122",3122,"duck","extra_words","2A","produces",NA,0,66,2026-03-05 17:04:08,"VVI173",690,"f","5/26/03",0,6
"3123",3123,"chicken","extra_words","2A","produces",NA,0,66,2026-03-05 17:04:08,"VVI173",690,"f","5/26/03",0,6
"3124",3124,"butterfly","extra_words","2A","produces",NA,0,66,2026-03-05 17:04:08,"VVI173",690,"f","5/26/03",0,6
"3125",3125,"lizard","extra_words","2A","produces",NA,0,66,2026-03-05 17:04:08,"VVI173",690,"f","5/26/03",0,6
"3126",3126,"walrus","extra_words","2A","produces",NA,0,66,2026-03-05 17:04:08,"VVI173",690,"f","5/26/03",0,6
"3127",3127,"snake","extra_words","2A","produces",NA,0,66,2026-03-05 17:04:08,"VVI173",690,"f","5/26/03",0,6
"3128",3128,"truck","extra_words","2A","produces",NA,0,66,2026-03-05 17:04:08,"VVI173",690,"f","5/26/03",0,6
"3129",3129,"car","extra_words","2A","produces",NA,0,66,2026-03-05 17:04:08,"VVI173",690,"f","5/26/03",0,6
"3130",3130,"airplane","extra_words","2A","produces",NA,0,66,2026-03-05 17:04:08,"VVI173",690,"f","5/26/03",0,6
"3131",3131,"baa baa","cdi_words","2A","produces",1,1,66,2026-03-05 17:04:08,"VVI173",690,"f","5/26/03",0,6
"3132",3132,"meow","cdi_words","2A","produces",1,1,66,2026-03-05 17:04:08,"VVI173",690,"f","5/26/03",0,6
"3133",3133,"ouch","cdi_words","2A","produces",1,1,66,2026-03-05 17:04:08,"VVI173",690,"f","5/26/03",0,6
"3134",3134,"uh oh","cdi_words","2A","produces",1,1,66,2026-03-05 17:04:08,"VVI173",690,"f","5/26/03",0,6
"3135",3135,"woof woof","cdi_words","2A","produces",1,1,66,2026-03-05 17:04:08,"VVI173",690,"f","5/26/03",0,6
"3136",3136,"bear","cdi_words","2A","produces",NA,0,66,2026-03-05 17:04:08,"VVI173",690,"f","5/26/03",0,6
"3137",3137,"bird","cdi_words","2A","produces",NA,0,66,2026-03-05 17:04:08,"VVI173",690,"f","5/26/03",0,6
"3138",3138,"cat","cdi_words","2A","produces",NA,0,66,2026-03-05 17:04:08,"VVI173",690,"f","5/26/03",0,6
"3139",3139,"dog","cdi_words","2A","produces",NA,0,66,2026-03-05 17:04:08,"VVI173",690,"f","5/26/03",0,6
"3140",3140,"duck","cdi_words","2A","produces",NA,0,66,2026-03-05 17:04:08,"VVI173",690,"f","5/26/03",0,6
"3141",3141,"horse","cdi_words","2A","produces",NA,0,66,2026-03-05 17:04:08,"VVI173",690,"f","5/26/03",0,6
"3142",3142,"airplane","cdi_words","2A","produces",NA,0,66,2026-03-05 17:04:08,"VVI173",690,"f","5/26/03",0,6
"3143",3143,"boat","cdi_words","2A","produces",NA,0,66,2026-03-05 17:04:08,"VVI173",690,"f","5/26/03",0,6
"3144",3144,"car","cdi_words","2A","produces",NA,0,66,2026-03-05 17:04:08,"VVI173",690,"f","5/26/03",0,6
"3145",3145,"ball","cdi_words","2A","produces",NA,0,66,2026-03-05 17:04:08,"VVI173",690,"f","5/26/03",0,6
"3146",3146,"book","cdi_words","2A","produces",NA,0,66,2026-03-05 17:04:08,"VVI173",690,"f","5/26/03",0,6
"3147",3147,"game","cdi_words","2A","produces",NA,0,66,2026-03-05 17:04:08,"VVI173",690,"f","5/26/03",0,6
"3148",3148,"applesauce","cdi_words","2A","produces",NA,0,66,2026-03-05 17:04:08,"VVI173",690,"f","5/26/03",0,6
"3149",3149,"candy","cdi_words","2A","produces",NA,0,66,2026-03-05 17:04:08,"VVI173",690,"f","5/26/03",0,6
"3150",3150,"coke","cdi_words","2A","produces",NA,0,66,2026-03-05 17:04:08,"VVI173",690,"f","5/26/03",0,6
"3151",3151,"cracker","cdi_words","2A","produces",NA,0,66,2026-03-05 17:04:08,"VVI173",690,"f","5/26/03",0,6
"3152",3152,"juice","cdi_words","2A","produces",NA,0,66,2026-03-05 17:04:08,"VVI173",690,"f","5/26/03",0,6
"3153",3153,"meat","cdi_words","2A","produces",NA,0,66,2026-03-05 17:04:08,"VVI173",690,"f","5/26/03",0,6
"3154",3154,"milk","cdi_words","2A","produces",NA,0,66,2026-03-05 17:04:08,"VVI173",690,"f","5/26/03",0,6
"3155",3155,"peas","cdi_words","2A","produces",NA,0,66,2026-03-05 17:04:08,"VVI173",690,"f","5/26/03",0,6
"3156",3156,"hat","cdi_words","2A","produces",NA,0,66,2026-03-05 17:04:08,"VVI173",690,"f","5/26/03",0,6
"3157",3157,"necklace","cdi_words","2A","produces",NA,0,66,2026-03-05 17:04:08,"VVI173",690,"f","5/26/03",0,6
"3158",3158,"shoe","cdi_words","2A","produces",NA,0,66,2026-03-05 17:04:08,"VVI173",690,"f","5/26/03",0,6
"3159",3159,"sock","cdi_words","2A","produces",NA,0,66,2026-03-05 17:04:08,"VVI173",690,"f","5/26/03",0,6
"3160",3160,"chin","cdi_words","2A","produces",NA,0,66,2026-03-05 17:04:08,"VVI173",690,"f","5/26/03",0,6
"3161",3161,"ear","cdi_words","2A","produces",NA,0,66,2026-03-05 17:04:08,"VVI173",690,"f","5/26/03",0,6
"3162",3162,"hand","cdi_words","2A","produces",NA,0,66,2026-03-05 17:04:08,"VVI173",690,"f","5/26/03",0,6
"3163",3163,"leg","cdi_words","2A","produces",NA,0,66,2026-03-05 17:04:08,"VVI173",690,"f","5/26/03",0,6
"3164",3164,"broom","cdi_words","2A","produces",NA,0,66,2026-03-05 17:04:08,"VVI173",690,"f","5/26/03",0,6
"3165",3165,"comb","cdi_words","2A","produces",NA,0,66,2026-03-05 17:04:08,"VVI173",690,"f","5/26/03",0,6
"3166",3166,"mop","cdi_words","2A","produces",NA,0,66,2026-03-05 17:04:08,"VVI173",690,"f","5/26/03",0,6
"3167",3167,"plate","cdi_words","2A","produces",NA,0,66,2026-03-05 17:04:08,"VVI173",690,"f","5/26/03",0,6
"3168",3168,"trash","cdi_words","2A","produces",NA,0,66,2026-03-05 17:04:08,"VVI173",690,"f","5/26/03",0,6
"3169",3169,"tray","cdi_words","2A","produces",NA,0,66,2026-03-05 17:04:08,"VVI173",690,"f","5/26/03",0,6
"3170",3170,"towel","cdi_words","2A","produces",NA,0,66,2026-03-05 17:04:08,"VVI173",690,"f","5/26/03",0,6
"3171",3171,"bed","cdi_words","2A","produces",NA,0,66,2026-03-05 17:04:08,"VVI173",690,"f","5/26/03",0,6
"3172",3172,"bedroom","cdi_words","2A","produces",NA,0,66,2026-03-05 17:04:08,"VVI173",690,"f","5/26/03",0,6
"3173",3173,"bench","cdi_words","2A","produces",NA,0,66,2026-03-05 17:04:08,"VVI173",690,"f","5/26/03",0,6
"3174",3174,"oven","cdi_words","2A","produces",NA,0,66,2026-03-05 17:04:08,"VVI173",690,"f","5/26/03",0,6
"3175",3175,"stairs","cdi_words","2A","produces",NA,0,66,2026-03-05 17:04:08,"VVI173",690,"f","5/26/03",0,6
"3176",3176,"flag","cdi_words","2A","produces",NA,0,66,2026-03-05 17:04:08,"VVI173",690,"f","5/26/03",0,6
"3177",3177,"rain","cdi_words","2A","produces",NA,0,66,2026-03-05 17:04:08,"VVI173",690,"f","5/26/03",0,6
"3178",3178,"star","cdi_words","2A","produces",NA,0,66,2026-03-05 17:04:08,"VVI173",690,"f","5/26/03",0,6
"3179",3179,"swing","cdi_words","2A","produces",NA,0,66,2026-03-05 17:04:08,"VVI173",690,"f","5/26/03",0,6
"3180",3180,"school","cdi_words","2A","produces",NA,0,66,2026-03-05 17:04:08,"VVI173",690,"f","5/26/03",0,6
"3181",3181,"sky","cdi_words","2A","produces",NA,0,66,2026-03-05 17:04:08,"VVI173",690,"f","5/26/03",0,6
"3182",3182,"party","cdi_words","2A","produces",NA,0,66,2026-03-05 17:04:08,"VVI173",690,"f","5/26/03",0,6
"3183",3183,"friend","cdi_words","2A","produces",NA,0,66,2026-03-05 17:04:08,"VVI173",690,"f","5/26/03",0,6
"3184",3184,"mommy","cdi_words","2A","produces",NA,0,66,2026-03-05 17:04:08,"VVI173",690,"f","5/26/03",0,6
"3185",3185,"person","cdi_words","2A","produces",NA,0,66,2026-03-05 17:04:08,"VVI173",690,"f","5/26/03",0,6
"3186",3186,"bye","cdi_words","2A","produces",NA,0,66,2026-03-05 17:04:08,"VVI173",690,"f","5/26/03",0,6
"3187",3187,"hi","cdi_words","2A","produces",NA,0,66,2026-03-05 17:04:08,"VVI173",690,"f","5/26/03",0,6
"3188",3188,"no","cdi_words","2A","produces",1,1,66,2026-03-05 17:04:08,"VVI173",690,"f","5/26/03",0,6
"3189",3189,"shopping","cdi_words","2A","produces",NA,0,66,2026-03-05 17:04:08,"VVI173",690,"f","5/26/03",0,6
"3190",3190,"thank you","cdi_words","2A","produces",NA,0,66,2026-03-05 17:04:08,"VVI173",690,"f","5/26/03",0,6
"3191",3191,"carry","cdi_words","2A","produces",NA,0,66,2026-03-05 17:04:08,"VVI173",690,"f","5/26/03",0,6
"3192",3192,"chase","cdi_words","2A","produces",NA,0,66,2026-03-05 17:04:08,"VVI173",690,"f","5/26/03",0,6
"3193",3193,"dump","cdi_words","2A","produces",NA,0,66,2026-03-05 17:04:08,"VVI173",690,"f","5/26/03",0,6
"3194",3194,"finish","cdi_words","2A","produces",NA,0,66,2026-03-05 17:04:08,"VVI173",690,"f","5/26/03",0,6
"3195",3195,"fit","cdi_words","2A","produces",NA,0,66,2026-03-05 17:04:08,"VVI173",690,"f","5/26/03",0,6
"3196",3196,"hug","cdi_words","2A","produces",NA,0,66,2026-03-05 17:04:08,"VVI173",690,"f","5/26/03",0,6
"3197",3197,"listen","cdi_words","2A","produces",NA,0,66,2026-03-05 17:04:08,"VVI173",690,"f","5/26/03",0,6
"3198",3198,"like","cdi_words","2A","produces",NA,0,66,2026-03-05 17:04:08,"VVI173",690,"f","5/26/03",0,6
"3199",3199,"pretend","cdi_words","2A","produces",NA,0,66,2026-03-05 17:04:08,"VVI173",690,"f","5/26/03",0,6
"3200",3200,"rip","cdi_words","2A","produces",NA,0,66,2026-03-05 17:04:08,"VVI173",690,"f","5/26/03",0,6
"3201",3201,"shake","cdi_words","2A","produces",NA,0,66,2026-03-05 17:04:08,"VVI173",690,"f","5/26/03",0,6
"3202",3202,"taste","cdi_words","2A","produces",NA,0,66,2026-03-05 17:04:08,"VVI173",690,"f","5/26/03",0,6
"3203",3203,"gentle","cdi_words","2A","produces",NA,0,66,2026-03-05 17:04:08,"VVI173",690,"f","5/26/03",0,6
"3204",3204,"think","cdi_words","2A","produces",NA,0,66,2026-03-05 17:04:08,"VVI173",690,"f","5/26/03",0,6
"3205",3205,"wish","cdi_words","2A","produces",NA,0,66,2026-03-05 17:04:08,"VVI173",690,"f","5/26/03",0,6
"3206",3206,"all gone","cdi_words","2A","produces",NA,0,66,2026-03-05 17:04:08,"VVI173",690,"f","5/26/03",0,6
"3207",3207,"cold","cdi_words","2A","produces",NA,0,66,2026-03-05 17:04:08,"VVI173",690,"f","5/26/03",0,6
"3208",3208,"fast","cdi_words","2A","produces",NA,0,66,2026-03-05 17:04:08,"VVI173",690,"f","5/26/03",0,6
"3209",3209,"happy","cdi_words","2A","produces",NA,0,66,2026-03-05 17:04:08,"VVI173",690,"f","5/26/03",0,6
"3210",3210,"hot","cdi_words","2A","produces",NA,0,66,2026-03-05 17:04:08,"VVI173",690,"f","5/26/03",0,6
"3211",3211,"last","cdi_words","2A","produces",NA,0,66,2026-03-05 17:04:08,"VVI173",690,"f","5/26/03",0,6
"3212",3212,"tiny","cdi_words","2A","produces",NA,0,66,2026-03-05 17:04:08,"VVI173",690,"f","5/26/03",0,6
"3213",3213,"wet","cdi_words","2A","produces",NA,0,66,2026-03-05 17:04:08,"VVI173",690,"f","5/26/03",0,6
"3214",3214,"after","cdi_words","2A","produces",NA,0,66,2026-03-05 17:04:08,"VVI173",690,"f","5/26/03",0,6
"3215",3215,"day","cdi_words","2A","produces",NA,0,66,2026-03-05 17:04:08,"VVI173",690,"f","5/26/03",0,6
"3216",3216,"tonight","cdi_words","2A","produces",NA,0,66,2026-03-05 17:04:08,"VVI173",690,"f","5/26/03",0,6
"3217",3217,"our","cdi_words","2A","produces",NA,0,66,2026-03-05 17:04:08,"VVI173",690,"f","5/26/03",0,6
"3218",3218,"them","cdi_words","2A","produces",NA,0,66,2026-03-05 17:04:08,"VVI173",690,"f","5/26/03",0,6
"3219",3219,"this","cdi_words","2A","produces",NA,0,66,2026-03-05 17:04:08,"VVI173",690,"f","5/26/03",0,6
"3220",3220,"us","cdi_words","2A","produces",NA,0,66,2026-03-05 17:04:08,"VVI173",690,"f","5/26/03",0,6
"3221",3221,"where","cdi_words","2A","produces",NA,0,66,2026-03-05 17:04:08,"VVI173",690,"f","5/26/03",0,6
"3222",3222,"beside","cdi_words","2A","produces",NA,0,66,2026-03-05 17:04:08,"VVI173",690,"f","5/26/03",0,6
"3223",3223,"down","cdi_words","2A","produces",NA,0,66,2026-03-05 17:04:08,"VVI173",690,"f","5/26/03",0,6
"3224",3224,"under","cdi_words","2A","produces",NA,0,66,2026-03-05 17:04:08,"VVI173",690,"f","5/26/03",0,6
"3225",3225,"all","cdi_words","2A","produces",NA,0,66,2026-03-05 17:04:08,"VVI173",690,"f","5/26/03",0,6
"3226",3226,"much","cdi_words","2A","produces",NA,0,66,2026-03-05 17:04:08,"VVI173",690,"f","5/26/03",0,6
"3227",3227,"could","cdi_words","2A","produces",NA,0,66,2026-03-05 17:04:08,"VVI173",690,"f","5/26/03",0,6
"3228",3228,"need","cdi_words","2A","produces",NA,0,66,2026-03-05 17:04:08,"VVI173",690,"f","5/26/03",0,6
"3229",3229,"would","cdi_words","2A","produces",NA,0,66,2026-03-05 17:04:08,"VVI173",690,"f","5/26/03",0,6
"3230",3230,"if","cdi_words","2A","produces",NA,0,66,2026-03-05 17:04:08,"VVI173",690,"f","5/26/03",0,6
"3231",3231,"sock","extra_words","2A","produces",NA,0,178,2026-05-18 20:50:22,"VVI212",840,"f","5/19/26",10,54
"3232",3232,"bathtub","extra_words","2A","produces",1,1,178,2026-05-18 20:50:22,"VVI212",840,"f","5/19/26",10,54
"3233",3233,"shower","extra_words","2A","produces",1,1,178,2026-05-18 20:50:22,"VVI212",840,"f","5/19/26",10,54
"3234",3234,"balloon","extra_words","2A","produces",1,1,178,2026-05-18 20:50:22,"VVI212",840,"f","5/19/26",10,54
"3235",3235,"dresser","extra_words","2A","produces",NA,0,178,2026-05-18 20:50:22,"VVI212",840,"f","5/19/26",10,54
"3236",3236,"kite","extra_words","2A","produces",1,1,178,2026-05-18 20:50:22,"VVI212",840,"f","5/19/26",10,54
"3237",3237,"camel","extra_words","2A","produces",NA,0,178,2026-05-18 20:50:22,"VVI212",840,"f","5/19/26",10,54
"3238",3238,"elephant","extra_words","2A","produces",1,1,178,2026-05-18 20:50:22,"VVI212",840,"f","5/19/26",10,54
"3239",3239,"ladybug","extra_words","2A","produces",1,1,178,2026-05-18 20:50:22,"VVI212",840,"f","5/19/26",10,54
"3240",3240,"cloud","extra_words","2A","produces",NA,0,178,2026-05-18 20:50:22,"VVI212",840,"f","5/19/26",10,54
"3241",3241,"tree","extra_words","2A","produces",1,1,178,2026-05-18 20:50:22,"VVI212",840,"f","5/19/26",10,54
"3242",3242,"zipper","extra_words","2A","produces",1,1,178,2026-05-18 20:50:22,"VVI212",840,"f","5/19/26",10,54
"3243",3243,"crow","extra_words","2A","produces",NA,0,178,2026-05-18 20:50:22,"VVI212",840,"f","5/19/26",10,54
"3244",3244,"penguin","extra_words","2A","produces",1,1,178,2026-05-18 20:50:22,"VVI212",840,"f","5/19/26",10,54
"3245",3245,"seahorse","extra_words","2A","produces",NA,0,178,2026-05-18 20:50:22,"VVI212",840,"f","5/19/26",10,54
"3246",3246,"duck","extra_words","2A","produces",1,1,178,2026-05-18 20:50:22,"VVI212",840,"f","5/19/26",10,54
"3247",3247,"chicken","extra_words","2A","produces",1,1,178,2026-05-18 20:50:22,"VVI212",840,"f","5/19/26",10,54
"3248",3248,"butterfly","extra_words","2A","produces",1,1,178,2026-05-18 20:50:22,"VVI212",840,"f","5/19/26",10,54
"3249",3249,"lizard","extra_words","2A","produces",1,1,178,2026-05-18 20:50:22,"VVI212",840,"f","5/19/26",10,54
"3250",3250,"walrus","extra_words","2A","produces",NA,0,178,2026-05-18 20:50:22,"VVI212",840,"f","5/19/26",10,54
"3251",3251,"snake","extra_words","2A","produces",1,1,178,2026-05-18 20:50:22,"VVI212",840,"f","5/19/26",10,54
"3252",3252,"truck","extra_words","2A","produces",1,1,178,2026-05-18 20:50:22,"VVI212",840,"f","5/19/26",10,54
"3253",3253,"car","extra_words","2A","produces",1,1,178,2026-05-18 20:50:22,"VVI212",840,"f","5/19/26",10,54
"3254",3254,"airplane","extra_words","2A","produces",1,1,178,2026-05-18 20:50:22,"VVI212",840,"f","5/19/26",10,54
"3255",3255,"baa baa","cdi_words","2A","produces",1,1,178,2026-05-18 20:50:22,"VVI212",840,"f","5/19/26",10,54
"3256",3256,"meow","cdi_words","2A","produces",1,1,178,2026-05-18 20:50:22,"VVI212",840,"f","5/19/26",10,54
"3257",3257,"ouch","cdi_words","2A","produces",1,1,178,2026-05-18 20:50:22,"VVI212",840,"f","5/19/26",10,54
"3258",3258,"uh oh","cdi_words","2A","produces",1,1,178,2026-05-18 20:50:22,"VVI212",840,"f","5/19/26",10,54
"3259",3259,"woof woof","cdi_words","2A","produces",1,1,178,2026-05-18 20:50:22,"VVI212",840,"f","5/19/26",10,54
"3260",3260,"bear","cdi_words","2A","produces",1,1,178,2026-05-18 20:50:22,"VVI212",840,"f","5/19/26",10,54
"3261",3261,"bird","cdi_words","2A","produces",1,1,178,2026-05-18 20:50:22,"VVI212",840,"f","5/19/26",10,54
"3262",3262,"cat","cdi_words","2A","produces",1,1,178,2026-05-18 20:50:22,"VVI212",840,"f","5/19/26",10,54
"3263",3263,"dog","cdi_words","2A","produces",1,1,178,2026-05-18 20:50:22,"VVI212",840,"f","5/19/26",10,54
"3264",3264,"duck","cdi_words","2A","produces",1,1,178,2026-05-18 20:50:22,"VVI212",840,"f","5/19/26",10,54
"3265",3265,"horse","cdi_words","2A","produces",1,1,178,2026-05-18 20:50:22,"VVI212",840,"f","5/19/26",10,54
"3266",3266,"airplane","cdi_words","2A","produces",1,1,178,2026-05-18 20:50:22,"VVI212",840,"f","5/19/26",10,54
"3267",3267,"boat","cdi_words","2A","produces",1,1,178,2026-05-18 20:50:22,"VVI212",840,"f","5/19/26",10,54
"3268",3268,"car","cdi_words","2A","produces",1,1,178,2026-05-18 20:50:22,"VVI212",840,"f","5/19/26",10,54
"3269",3269,"ball","cdi_words","2A","produces",1,1,178,2026-05-18 20:50:22,"VVI212",840,"f","5/19/26",10,54
"3270",3270,"book","cdi_words","2A","produces",1,1,178,2026-05-18 20:50:22,"VVI212",840,"f","5/19/26",10,54
"3271",3271,"game","cdi_words","2A","produces",NA,0,178,2026-05-18 20:50:22,"VVI212",840,"f","5/19/26",10,54
"3272",3272,"applesauce","cdi_words","2A","produces",NA,0,178,2026-05-18 20:50:22,"VVI212",840,"f","5/19/26",10,54
"3273",3273,"candy","cdi_words","2A","produces",1,1,178,2026-05-18 20:50:22,"VVI212",840,"f","5/19/26",10,54
"3274",3274,"coke","cdi_words","2A","produces",1,1,178,2026-05-18 20:50:22,"VVI212",840,"f","5/19/26",10,54
"3275",3275,"cracker","cdi_words","2A","produces",NA,0,178,2026-05-18 20:50:22,"VVI212",840,"f","5/19/26",10,54
"3276",3276,"juice","cdi_words","2A","produces",1,1,178,2026-05-18 20:50:22,"VVI212",840,"f","5/19/26",10,54
"3277",3277,"meat","cdi_words","2A","produces",NA,0,178,2026-05-18 20:50:22,"VVI212",840,"f","5/19/26",10,54
"3278",3278,"milk","cdi_words","2A","produces",1,1,178,2026-05-18 20:50:22,"VVI212",840,"f","5/19/26",10,54
"3279",3279,"peas","cdi_words","2A","produces",NA,0,178,2026-05-18 20:50:22,"VVI212",840,"f","5/19/26",10,54
"3280",3280,"hat","cdi_words","2A","produces",1,1,178,2026-05-18 20:50:22,"VVI212",840,"f","5/19/26",10,54
"3281",3281,"necklace","cdi_words","2A","produces",NA,0,178,2026-05-18 20:50:22,"VVI212",840,"f","5/19/26",10,54
"3282",3282,"shoe","cdi_words","2A","produces",1,1,178,2026-05-18 20:50:22,"VVI212",840,"f","5/19/26",10,54
"3283",3283,"sock","cdi_words","2A","produces",1,1,178,2026-05-18 20:50:22,"VVI212",840,"f","5/19/26",10,54
"3284",3284,"chin","cdi_words","2A","produces",1,1,178,2026-05-18 20:50:22,"VVI212",840,"f","5/19/26",10,54
"3285",3285,"ear","cdi_words","2A","produces",1,1,178,2026-05-18 20:50:22,"VVI212",840,"f","5/19/26",10,54
"3286",3286,"hand","cdi_words","2A","produces",1,1,178,2026-05-18 20:50:22,"VVI212",840,"f","5/19/26",10,54
"3287",3287,"leg","cdi_words","2A","produces",1,1,178,2026-05-18 20:50:22,"VVI212",840,"f","5/19/26",10,54
"3288",3288,"broom","cdi_words","2A","produces",NA,0,178,2026-05-18 20:50:22,"VVI212",840,"f","5/19/26",10,54
"3289",3289,"comb","cdi_words","2A","produces",1,1,178,2026-05-18 20:50:22,"VVI212",840,"f","5/19/26",10,54
"3290",3290,"mop","cdi_words","2A","produces",NA,0,178,2026-05-18 20:50:22,"VVI212",840,"f","5/19/26",10,54
"3291",3291,"plate","cdi_words","2A","produces",1,1,178,2026-05-18 20:50:22,"VVI212",840,"f","5/19/26",10,54
"3292",3292,"trash","cdi_words","2A","produces",NA,0,178,2026-05-18 20:50:22,"VVI212",840,"f","5/19/26",10,54
"3293",3293,"tray","cdi_words","2A","produces",NA,0,178,2026-05-18 20:50:22,"VVI212",840,"f","5/19/26",10,54
"3294",3294,"towel","cdi_words","2A","produces",NA,0,178,2026-05-18 20:50:22,"VVI212",840,"f","5/19/26",10,54
"3295",3295,"bed","cdi_words","2A","produces",1,1,178,2026-05-18 20:50:22,"VVI212",840,"f","5/19/26",10,54
"3296",3296,"bedroom","cdi_words","2A","produces",NA,0,178,2026-05-18 20:50:22,"VVI212",840,"f","5/19/26",10,54
"3297",3297,"bench","cdi_words","2A","produces",NA,0,178,2026-05-18 20:50:22,"VVI212",840,"f","5/19/26",10,54
"3298",3298,"oven","cdi_words","2A","produces",NA,0,178,2026-05-18 20:50:22,"VVI212",840,"f","5/19/26",10,54
"3299",3299,"stairs","cdi_words","2A","produces",NA,0,178,2026-05-18 20:50:22,"VVI212",840,"f","5/19/26",10,54
"3300",3300,"flag","cdi_words","2A","produces",NA,0,178,2026-05-18 20:50:22,"VVI212",840,"f","5/19/26",10,54
"3301",3301,"rain","cdi_words","2A","produces",1,1,178,2026-05-18 20:50:22,"VVI212",840,"f","5/19/26",10,54
"3302",3302,"star","cdi_words","2A","produces",1,1,178,2026-05-18 20:50:22,"VVI212",840,"f","5/19/26",10,54
"3303",3303,"swing","cdi_words","2A","produces",1,1,178,2026-05-18 20:50:22,"VVI212",840,"f","5/19/26",10,54
"3304",3304,"school","cdi_words","2A","produces",1,1,178,2026-05-18 20:50:22,"VVI212",840,"f","5/19/26",10,54
"3305",3305,"sky","cdi_words","2A","produces",NA,0,178,2026-05-18 20:50:22,"VVI212",840,"f","5/19/26",10,54
"3306",3306,"party","cdi_words","2A","produces",NA,0,178,2026-05-18 20:50:22,"VVI212",840,"f","5/19/26",10,54
"3307",3307,"friend","cdi_words","2A","produces",1,1,178,2026-05-18 20:50:22,"VVI212",840,"f","5/19/26",10,54
"3308",3308,"mommy","cdi_words","2A","produces",1,1,178,2026-05-18 20:50:22,"VVI212",840,"f","5/19/26",10,54
"3309",3309,"person","cdi_words","2A","produces",NA,0,178,2026-05-18 20:50:22,"VVI212",840,"f","5/19/26",10,54
"3310",3310,"bye","cdi_words","2A","produces",1,1,178,2026-05-18 20:50:22,"VVI212",840,"f","5/19/26",10,54
"3311",3311,"hi","cdi_words","2A","produces",1,1,178,2026-05-18 20:50:22,"VVI212",840,"f","5/19/26",10,54
"3312",3312,"no","cdi_words","2A","produces",1,1,178,2026-05-18 20:50:22,"VVI212",840,"f","5/19/26",10,54
"3313",3313,"shopping","cdi_words","2A","produces",NA,0,178,2026-05-18 20:50:22,"VVI212",840,"f","5/19/26",10,54
"3314",3314,"thank you","cdi_words","2A","produces",1,1,178,2026-05-18 20:50:22,"VVI212",840,"f","5/19/26",10,54
"3315",3315,"carry","cdi_words","2A","produces",NA,0,178,2026-05-18 20:50:22,"VVI212",840,"f","5/19/26",10,54
"3316",3316,"chase","cdi_words","2A","produces",NA,0,178,2026-05-18 20:50:22,"VVI212",840,"f","5/19/26",10,54
"3317",3317,"dump","cdi_words","2A","produces",NA,0,178,2026-05-18 20:50:22,"VVI212",840,"f","5/19/26",10,54
"3318",3318,"finish","cdi_words","2A","produces",NA,0,178,2026-05-18 20:50:22,"VVI212",840,"f","5/19/26",10,54
"3319",3319,"fit","cdi_words","2A","produces",NA,0,178,2026-05-18 20:50:22,"VVI212",840,"f","5/19/26",10,54
"3320",3320,"hug","cdi_words","2A","produces",1,1,178,2026-05-18 20:50:22,"VVI212",840,"f","5/19/26",10,54
"3321",3321,"listen","cdi_words","2A","produces",NA,0,178,2026-05-18 20:50:22,"VVI212",840,"f","5/19/26",10,54
"3322",3322,"like","cdi_words","2A","produces",1,1,178,2026-05-18 20:50:22,"VVI212",840,"f","5/19/26",10,54
"3323",3323,"pretend","cdi_words","2A","produces",NA,0,178,2026-05-18 20:50:22,"VVI212",840,"f","5/19/26",10,54
"3324",3324,"rip","cdi_words","2A","produces",NA,0,178,2026-05-18 20:50:22,"VVI212",840,"f","5/19/26",10,54
"3325",3325,"shake","cdi_words","2A","produces",NA,0,178,2026-05-18 20:50:22,"VVI212",840,"f","5/19/26",10,54
"3326",3326,"taste","cdi_words","2A","produces",NA,0,178,2026-05-18 20:50:22,"VVI212",840,"f","5/19/26",10,54
"3327",3327,"gentle","cdi_words","2A","produces",NA,0,178,2026-05-18 20:50:22,"VVI212",840,"f","5/19/26",10,54
"3328",3328,"think","cdi_words","2A","produces",NA,0,178,2026-05-18 20:50:22,"VVI212",840,"f","5/19/26",10,54
"3329",3329,"wish","cdi_words","2A","produces",NA,0,178,2026-05-18 20:50:22,"VVI212",840,"f","5/19/26",10,54
"3330",3330,"all gone","cdi_words","2A","produces",1,1,178,2026-05-18 20:50:22,"VVI212",840,"f","5/19/26",10,54
"3331",3331,"cold","cdi_words","2A","produces",1,1,178,2026-05-18 20:50:22,"VVI212",840,"f","5/19/26",10,54
"3332",3332,"fast","cdi_words","2A","produces",1,1,178,2026-05-18 20:50:22,"VVI212",840,"f","5/19/26",10,54
"3333",3333,"happy","cdi_words","2A","produces",1,1,178,2026-05-18 20:50:22,"VVI212",840,"f","5/19/26",10,54
"3334",3334,"hot","cdi_words","2A","produces",1,1,178,2026-05-18 20:50:22,"VVI212",840,"f","5/19/26",10,54
"3335",3335,"last","cdi_words","2A","produces",NA,0,178,2026-05-18 20:50:22,"VVI212",840,"f","5/19/26",10,54
"3336",3336,"tiny","cdi_words","2A","produces",NA,0,178,2026-05-18 20:50:22,"VVI212",840,"f","5/19/26",10,54
"3337",3337,"wet","cdi_words","2A","produces",1,1,178,2026-05-18 20:50:22,"VVI212",840,"f","5/19/26",10,54
"3338",3338,"after","cdi_words","2A","produces",NA,0,178,2026-05-18 20:50:22,"VVI212",840,"f","5/19/26",10,54
"3339",3339,"day","cdi_words","2A","produces",NA,0,178,2026-05-18 20:50:22,"VVI212",840,"f","5/19/26",10,54
"3340",3340,"tonight","cdi_words","2A","produces",NA,0,178,2026-05-18 20:50:22,"VVI212",840,"f","5/19/26",10,54
"3341",3341,"our","cdi_words","2A","produces",NA,0,178,2026-05-18 20:50:22,"VVI212",840,"f","5/19/26",10,54
"3342",3342,"them","cdi_words","2A","produces",NA,0,178,2026-05-18 20:50:22,"VVI212",840,"f","5/19/26",10,54
"3343",3343,"this","cdi_words","2A","produces",1,1,178,2026-05-18 20:50:22,"VVI212",840,"f","5/19/26",10,54
"3344",3344,"us","cdi_words","2A","produces",NA,0,178,2026-05-18 20:50:22,"VVI212",840,"f","5/19/26",10,54
"3345",3345,"where","cdi_words","2A","produces",1,1,178,2026-05-18 20:50:22,"VVI212",840,"f","5/19/26",10,54
"3346",3346,"beside","cdi_words","2A","produces",NA,0,178,2026-05-18 20:50:22,"VVI212",840,"f","5/19/26",10,54
"3347",3347,"down","cdi_words","2A","produces",1,1,178,2026-05-18 20:50:22,"VVI212",840,"f","5/19/26",10,54
"3348",3348,"under","cdi_words","2A","produces",1,1,178,2026-05-18 20:50:22,"VVI212",840,"f","5/19/26",10,54
"3349",3349,"all","cdi_words","2A","produces",1,1,178,2026-05-18 20:50:22,"VVI212",840,"f","5/19/26",10,54
"3350",3350,"much","cdi_words","2A","produces",1,1,178,2026-05-18 20:50:22,"VVI212",840,"f","5/19/26",10,54
"3351",3351,"could","cdi_words","2A","produces",NA,0,178,2026-05-18 20:50:22,"VVI212",840,"f","5/19/26",10,54
"3352",3352,"need","cdi_words","2A","produces",NA,0,178,2026-05-18 20:50:22,"VVI212",840,"f","5/19/26",10,54
"3353",3353,"would","cdi_words","2A","produces",NA,0,178,2026-05-18 20:50:22,"VVI212",840,"f","5/19/26",10,54
"3354",3354,"if","cdi_words","2A","produces",NA,0,178,2026-05-18 20:50:22,"VVI212",840,"f","5/19/26",10,54
"3355",3355,"sock","extra_words","2A","produces",1,1,97,2026-03-08 18:23:32,"VVI165",720,"m","2/26/26",5,13
"3356",3356,"bathtub","extra_words","2A","produces",NA,0,97,2026-03-08 18:23:32,"VVI165",720,"m","2/26/26",5,13
"3357",3357,"shower","extra_words","2A","produces",NA,0,97,2026-03-08 18:23:32,"VVI165",720,"m","2/26/26",5,13
"3358",3358,"balloon","extra_words","2A","produces",1,1,97,2026-03-08 18:23:32,"VVI165",720,"m","2/26/26",5,13
"3359",3359,"dresser","extra_words","2A","produces",NA,0,97,2026-03-08 18:23:32,"VVI165",720,"m","2/26/26",5,13
"3360",3360,"kite","extra_words","2A","produces",NA,0,97,2026-03-08 18:23:32,"VVI165",720,"m","2/26/26",5,13
"3361",3361,"camel","extra_words","2A","produces",NA,0,97,2026-03-08 18:23:32,"VVI165",720,"m","2/26/26",5,13
"3362",3362,"elephant","extra_words","2A","produces",NA,0,97,2026-03-08 18:23:32,"VVI165",720,"m","2/26/26",5,13
"3363",3363,"ladybug","extra_words","2A","produces",NA,0,97,2026-03-08 18:23:32,"VVI165",720,"m","2/26/26",5,13
"3364",3364,"cloud","extra_words","2A","produces",NA,0,97,2026-03-08 18:23:32,"VVI165",720,"m","2/26/26",5,13
"3365",3365,"tree","extra_words","2A","produces",1,1,97,2026-03-08 18:23:32,"VVI165",720,"m","2/26/26",5,13
"3366",3366,"zipper","extra_words","2A","produces",NA,0,97,2026-03-08 18:23:32,"VVI165",720,"m","2/26/26",5,13
"3367",3367,"crow","extra_words","2A","produces",NA,0,97,2026-03-08 18:23:32,"VVI165",720,"m","2/26/26",5,13
"3368",3368,"penguin","extra_words","2A","produces",NA,0,97,2026-03-08 18:23:32,"VVI165",720,"m","2/26/26",5,13
"3369",3369,"seahorse","extra_words","2A","produces",NA,0,97,2026-03-08 18:23:32,"VVI165",720,"m","2/26/26",5,13
"3370",3370,"duck","extra_words","2A","produces",NA,0,97,2026-03-08 18:23:32,"VVI165",720,"m","2/26/26",5,13
"3371",3371,"chicken","extra_words","2A","produces",NA,0,97,2026-03-08 18:23:32,"VVI165",720,"m","2/26/26",5,13
"3372",3372,"butterfly","extra_words","2A","produces",NA,0,97,2026-03-08 18:23:32,"VVI165",720,"m","2/26/26",5,13
"3373",3373,"lizard","extra_words","2A","produces",NA,0,97,2026-03-08 18:23:32,"VVI165",720,"m","2/26/26",5,13
"3374",3374,"walrus","extra_words","2A","produces",NA,0,97,2026-03-08 18:23:32,"VVI165",720,"m","2/26/26",5,13
"3375",3375,"snake","extra_words","2A","produces",NA,0,97,2026-03-08 18:23:32,"VVI165",720,"m","2/26/26",5,13
"3376",3376,"truck","extra_words","2A","produces",1,1,97,2026-03-08 18:23:32,"VVI165",720,"m","2/26/26",5,13
"3377",3377,"car","extra_words","2A","produces",1,1,97,2026-03-08 18:23:32,"VVI165",720,"m","2/26/26",5,13
"3378",3378,"airplane","extra_words","2A","produces",NA,0,97,2026-03-08 18:23:32,"VVI165",720,"m","2/26/26",5,13
"3379",3379,"baa baa","cdi_words","2A","produces",NA,0,97,2026-03-08 18:23:32,"VVI165",720,"m","2/26/26",5,13
"3380",3380,"meow","cdi_words","2A","produces",NA,0,97,2026-03-08 18:23:32,"VVI165",720,"m","2/26/26",5,13
"3381",3381,"ouch","cdi_words","2A","produces",1,1,97,2026-03-08 18:23:32,"VVI165",720,"m","2/26/26",5,13
"3382",3382,"uh oh","cdi_words","2A","produces",1,1,97,2026-03-08 18:23:32,"VVI165",720,"m","2/26/26",5,13
"3383",3383,"woof woof","cdi_words","2A","produces",1,1,97,2026-03-08 18:23:32,"VVI165",720,"m","2/26/26",5,13
"3384",3384,"bear","cdi_words","2A","produces",NA,0,97,2026-03-08 18:23:32,"VVI165",720,"m","2/26/26",5,13
"3385",3385,"bird","cdi_words","2A","produces",NA,0,97,2026-03-08 18:23:32,"VVI165",720,"m","2/26/26",5,13
"3386",3386,"cat","cdi_words","2A","produces",NA,0,97,2026-03-08 18:23:32,"VVI165",720,"m","2/26/26",5,13
"3387",3387,"dog","cdi_words","2A","produces",1,1,97,2026-03-08 18:23:32,"VVI165",720,"m","2/26/26",5,13
"3388",3388,"duck","cdi_words","2A","produces",NA,0,97,2026-03-08 18:23:32,"VVI165",720,"m","2/26/26",5,13
"3389",3389,"horse","cdi_words","2A","produces",NA,0,97,2026-03-08 18:23:32,"VVI165",720,"m","2/26/26",5,13
"3390",3390,"airplane","cdi_words","2A","produces",NA,0,97,2026-03-08 18:23:32,"VVI165",720,"m","2/26/26",5,13
"3391",3391,"boat","cdi_words","2A","produces",NA,0,97,2026-03-08 18:23:32,"VVI165",720,"m","2/26/26",5,13
"3392",3392,"car","cdi_words","2A","produces",1,1,97,2026-03-08 18:23:32,"VVI165",720,"m","2/26/26",5,13
"3393",3393,"ball","cdi_words","2A","produces",NA,0,97,2026-03-08 18:23:32,"VVI165",720,"m","2/26/26",5,13
"3394",3394,"book","cdi_words","2A","produces",1,1,97,2026-03-08 18:23:32,"VVI165",720,"m","2/26/26",5,13
"3395",3395,"game","cdi_words","2A","produces",NA,0,97,2026-03-08 18:23:32,"VVI165",720,"m","2/26/26",5,13
"3396",3396,"applesauce","cdi_words","2A","produces",NA,0,97,2026-03-08 18:23:32,"VVI165",720,"m","2/26/26",5,13
"3397",3397,"candy","cdi_words","2A","produces",NA,0,97,2026-03-08 18:23:32,"VVI165",720,"m","2/26/26",5,13
"3398",3398,"coke","cdi_words","2A","produces",1,1,97,2026-03-08 18:23:32,"VVI165",720,"m","2/26/26",5,13
"3399",3399,"cracker","cdi_words","2A","produces",1,1,97,2026-03-08 18:23:32,"VVI165",720,"m","2/26/26",5,13
"3400",3400,"juice","cdi_words","2A","produces",NA,0,97,2026-03-08 18:23:32,"VVI165",720,"m","2/26/26",5,13
"3401",3401,"meat","cdi_words","2A","produces",NA,0,97,2026-03-08 18:23:32,"VVI165",720,"m","2/26/26",5,13
"3402",3402,"milk","cdi_words","2A","produces",NA,0,97,2026-03-08 18:23:32,"VVI165",720,"m","2/26/26",5,13
"3403",3403,"peas","cdi_words","2A","produces",NA,0,97,2026-03-08 18:23:32,"VVI165",720,"m","2/26/26",5,13
"3404",3404,"hat","cdi_words","2A","produces",1,1,97,2026-03-08 18:23:32,"VVI165",720,"m","2/26/26",5,13
"3405",3405,"necklace","cdi_words","2A","produces",NA,0,97,2026-03-08 18:23:32,"VVI165",720,"m","2/26/26",5,13
"3406",3406,"shoe","cdi_words","2A","produces",1,1,97,2026-03-08 18:23:32,"VVI165",720,"m","2/26/26",5,13
"3407",3407,"sock","cdi_words","2A","produces",NA,0,97,2026-03-08 18:23:32,"VVI165",720,"m","2/26/26",5,13
"3408",3408,"chin","cdi_words","2A","produces",NA,0,97,2026-03-08 18:23:32,"VVI165",720,"m","2/26/26",5,13
"3409",3409,"ear","cdi_words","2A","produces",NA,0,97,2026-03-08 18:23:32,"VVI165",720,"m","2/26/26",5,13
"3410",3410,"hand","cdi_words","2A","produces",1,1,97,2026-03-08 18:23:32,"VVI165",720,"m","2/26/26",5,13
"3411",3411,"leg","cdi_words","2A","produces",NA,0,97,2026-03-08 18:23:32,"VVI165",720,"m","2/26/26",5,13
"3412",3412,"broom","cdi_words","2A","produces",NA,0,97,2026-03-08 18:23:32,"VVI165",720,"m","2/26/26",5,13
"3413",3413,"comb","cdi_words","2A","produces",NA,0,97,2026-03-08 18:23:32,"VVI165",720,"m","2/26/26",5,13
"3414",3414,"mop","cdi_words","2A","produces",NA,0,97,2026-03-08 18:23:32,"VVI165",720,"m","2/26/26",5,13
"3415",3415,"plate","cdi_words","2A","produces",NA,0,97,2026-03-08 18:23:32,"VVI165",720,"m","2/26/26",5,13
"3416",3416,"trash","cdi_words","2A","produces",NA,0,97,2026-03-08 18:23:32,"VVI165",720,"m","2/26/26",5,13
"3417",3417,"tray","cdi_words","2A","produces",NA,0,97,2026-03-08 18:23:32,"VVI165",720,"m","2/26/26",5,13
"3418",3418,"towel","cdi_words","2A","produces",NA,0,97,2026-03-08 18:23:32,"VVI165",720,"m","2/26/26",5,13
"3419",3419,"bed","cdi_words","2A","produces",NA,0,97,2026-03-08 18:23:32,"VVI165",720,"m","2/26/26",5,13
"3420",3420,"bedroom","cdi_words","2A","produces",NA,0,97,2026-03-08 18:23:32,"VVI165",720,"m","2/26/26",5,13
"3421",3421,"bench","cdi_words","2A","produces",NA,0,97,2026-03-08 18:23:32,"VVI165",720,"m","2/26/26",5,13
"3422",3422,"oven","cdi_words","2A","produces",NA,0,97,2026-03-08 18:23:32,"VVI165",720,"m","2/26/26",5,13
"3423",3423,"stairs","cdi_words","2A","produces",NA,0,97,2026-03-08 18:23:32,"VVI165",720,"m","2/26/26",5,13
"3424",3424,"flag","cdi_words","2A","produces",NA,0,97,2026-03-08 18:23:32,"VVI165",720,"m","2/26/26",5,13
"3425",3425,"rain","cdi_words","2A","produces",NA,0,97,2026-03-08 18:23:32,"VVI165",720,"m","2/26/26",5,13
"3426",3426,"star","cdi_words","2A","produces",NA,0,97,2026-03-08 18:23:32,"VVI165",720,"m","2/26/26",5,13
"3427",3427,"swing","cdi_words","2A","produces",NA,0,97,2026-03-08 18:23:32,"VVI165",720,"m","2/26/26",5,13
"3428",3428,"school","cdi_words","2A","produces",NA,0,97,2026-03-08 18:23:32,"VVI165",720,"m","2/26/26",5,13
"3429",3429,"sky","cdi_words","2A","produces",NA,0,97,2026-03-08 18:23:32,"VVI165",720,"m","2/26/26",5,13
"3430",3430,"party","cdi_words","2A","produces",NA,0,97,2026-03-08 18:23:32,"VVI165",720,"m","2/26/26",5,13
"3431",3431,"friend","cdi_words","2A","produces",NA,0,97,2026-03-08 18:23:32,"VVI165",720,"m","2/26/26",5,13
"3432",3432,"mommy","cdi_words","2A","produces",1,1,97,2026-03-08 18:23:32,"VVI165",720,"m","2/26/26",5,13
"3433",3433,"person","cdi_words","2A","produces",NA,0,97,2026-03-08 18:23:32,"VVI165",720,"m","2/26/26",5,13
"3434",3434,"bye","cdi_words","2A","produces",NA,0,97,2026-03-08 18:23:32,"VVI165",720,"m","2/26/26",5,13
"3435",3435,"hi","cdi_words","2A","produces",NA,0,97,2026-03-08 18:23:32,"VVI165",720,"m","2/26/26",5,13
"3436",3436,"no","cdi_words","2A","produces",NA,0,97,2026-03-08 18:23:32,"VVI165",720,"m","2/26/26",5,13
"3437",3437,"shopping","cdi_words","2A","produces",NA,0,97,2026-03-08 18:23:32,"VVI165",720,"m","2/26/26",5,13
"3438",3438,"thank you","cdi_words","2A","produces",NA,0,97,2026-03-08 18:23:32,"VVI165",720,"m","2/26/26",5,13
"3439",3439,"carry","cdi_words","2A","produces",NA,0,97,2026-03-08 18:23:32,"VVI165",720,"m","2/26/26",5,13
"3440",3440,"chase","cdi_words","2A","produces",NA,0,97,2026-03-08 18:23:32,"VVI165",720,"m","2/26/26",5,13
"3441",3441,"dump","cdi_words","2A","produces",NA,0,97,2026-03-08 18:23:32,"VVI165",720,"m","2/26/26",5,13
"3442",3442,"finish","cdi_words","2A","produces",NA,0,97,2026-03-08 18:23:32,"VVI165",720,"m","2/26/26",5,13
"3443",3443,"fit","cdi_words","2A","produces",NA,0,97,2026-03-08 18:23:32,"VVI165",720,"m","2/26/26",5,13
"3444",3444,"hug","cdi_words","2A","produces",NA,0,97,2026-03-08 18:23:32,"VVI165",720,"m","2/26/26",5,13
"3445",3445,"listen","cdi_words","2A","produces",NA,0,97,2026-03-08 18:23:32,"VVI165",720,"m","2/26/26",5,13
"3446",3446,"like","cdi_words","2A","produces",NA,0,97,2026-03-08 18:23:32,"VVI165",720,"m","2/26/26",5,13
"3447",3447,"pretend","cdi_words","2A","produces",NA,0,97,2026-03-08 18:23:32,"VVI165",720,"m","2/26/26",5,13
"3448",3448,"rip","cdi_words","2A","produces",NA,0,97,2026-03-08 18:23:32,"VVI165",720,"m","2/26/26",5,13
"3449",3449,"shake","cdi_words","2A","produces",NA,0,97,2026-03-08 18:23:32,"VVI165",720,"m","2/26/26",5,13
"3450",3450,"taste","cdi_words","2A","produces",NA,0,97,2026-03-08 18:23:32,"VVI165",720,"m","2/26/26",5,13
"3451",3451,"gentle","cdi_words","2A","produces",NA,0,97,2026-03-08 18:23:32,"VVI165",720,"m","2/26/26",5,13
"3452",3452,"think","cdi_words","2A","produces",NA,0,97,2026-03-08 18:23:32,"VVI165",720,"m","2/26/26",5,13
"3453",3453,"wish","cdi_words","2A","produces",NA,0,97,2026-03-08 18:23:32,"VVI165",720,"m","2/26/26",5,13
"3454",3454,"all gone","cdi_words","2A","produces",NA,0,97,2026-03-08 18:23:32,"VVI165",720,"m","2/26/26",5,13
"3455",3455,"cold","cdi_words","2A","produces",NA,0,97,2026-03-08 18:23:32,"VVI165",720,"m","2/26/26",5,13
"3456",3456,"fast","cdi_words","2A","produces",1,1,97,2026-03-08 18:23:32,"VVI165",720,"m","2/26/26",5,13
"3457",3457,"happy","cdi_words","2A","produces",NA,0,97,2026-03-08 18:23:32,"VVI165",720,"m","2/26/26",5,13
"3458",3458,"hot","cdi_words","2A","produces",NA,0,97,2026-03-08 18:23:32,"VVI165",720,"m","2/26/26",5,13
"3459",3459,"last","cdi_words","2A","produces",NA,0,97,2026-03-08 18:23:32,"VVI165",720,"m","2/26/26",5,13
"3460",3460,"tiny","cdi_words","2A","produces",NA,0,97,2026-03-08 18:23:32,"VVI165",720,"m","2/26/26",5,13
"3461",3461,"wet","cdi_words","2A","produces",NA,0,97,2026-03-08 18:23:32,"VVI165",720,"m","2/26/26",5,13
"3462",3462,"after","cdi_words","2A","produces",NA,0,97,2026-03-08 18:23:32,"VVI165",720,"m","2/26/26",5,13
"3463",3463,"day","cdi_words","2A","produces",NA,0,97,2026-03-08 18:23:32,"VVI165",720,"m","2/26/26",5,13
"3464",3464,"tonight","cdi_words","2A","produces",NA,0,97,2026-03-08 18:23:32,"VVI165",720,"m","2/26/26",5,13
"3465",3465,"our","cdi_words","2A","produces",NA,0,97,2026-03-08 18:23:32,"VVI165",720,"m","2/26/26",5,13
"3466",3466,"them","cdi_words","2A","produces",NA,0,97,2026-03-08 18:23:32,"VVI165",720,"m","2/26/26",5,13
"3467",3467,"this","cdi_words","2A","produces",NA,0,97,2026-03-08 18:23:32,"VVI165",720,"m","2/26/26",5,13
"3468",3468,"us","cdi_words","2A","produces",NA,0,97,2026-03-08 18:23:32,"VVI165",720,"m","2/26/26",5,13
"3469",3469,"where","cdi_words","2A","produces",NA,0,97,2026-03-08 18:23:32,"VVI165",720,"m","2/26/26",5,13
"3470",3470,"beside","cdi_words","2A","produces",NA,0,97,2026-03-08 18:23:32,"VVI165",720,"m","2/26/26",5,13
"3471",3471,"down","cdi_words","2A","produces",NA,0,97,2026-03-08 18:23:32,"VVI165",720,"m","2/26/26",5,13
"3472",3472,"under","cdi_words","2A","produces",NA,0,97,2026-03-08 18:23:32,"VVI165",720,"m","2/26/26",5,13
"3473",3473,"all","cdi_words","2A","produces",NA,0,97,2026-03-08 18:23:32,"VVI165",720,"m","2/26/26",5,13
"3474",3474,"much","cdi_words","2A","produces",NA,0,97,2026-03-08 18:23:32,"VVI165",720,"m","2/26/26",5,13
"3475",3475,"could","cdi_words","2A","produces",NA,0,97,2026-03-08 18:23:32,"VVI165",720,"m","2/26/26",5,13
"3476",3476,"need","cdi_words","2A","produces",NA,0,97,2026-03-08 18:23:32,"VVI165",720,"m","2/26/26",5,13
"3477",3477,"would","cdi_words","2A","produces",NA,0,97,2026-03-08 18:23:32,"VVI165",720,"m","2/26/26",5,13
"3478",3478,"if","cdi_words","2A","produces",NA,0,97,2026-03-08 18:23:32,"VVI165",720,"m","2/26/26",5,13
"3479",3479,"sock","extra_words","2A","produces",1,1,123,2026-03-09 13:10:25,"VVI143",690,"f","2/16/26",45,58
"3480",3480,"bathtub","extra_words","2A","produces",1,1,123,2026-03-09 13:10:25,"VVI143",690,"f","2/16/26",45,58
"3481",3481,"shower","extra_words","2A","produces",1,1,123,2026-03-09 13:10:25,"VVI143",690,"f","2/16/26",45,58
"3482",3482,"balloon","extra_words","2A","produces",1,1,123,2026-03-09 13:10:25,"VVI143",690,"f","2/16/26",45,58
"3483",3483,"dresser","extra_words","2A","produces",NA,0,123,2026-03-09 13:10:25,"VVI143",690,"f","2/16/26",45,58
"3484",3484,"kite","extra_words","2A","produces",NA,0,123,2026-03-09 13:10:25,"VVI143",690,"f","2/16/26",45,58
"3485",3485,"camel","extra_words","2A","produces",NA,0,123,2026-03-09 13:10:25,"VVI143",690,"f","2/16/26",45,58
"3486",3486,"elephant","extra_words","2A","produces",1,1,123,2026-03-09 13:10:25,"VVI143",690,"f","2/16/26",45,58
"3487",3487,"ladybug","extra_words","2A","produces",NA,0,123,2026-03-09 13:10:25,"VVI143",690,"f","2/16/26",45,58
"3488",3488,"cloud","extra_words","2A","produces",1,1,123,2026-03-09 13:10:25,"VVI143",690,"f","2/16/26",45,58
"3489",3489,"tree","extra_words","2A","produces",1,1,123,2026-03-09 13:10:25,"VVI143",690,"f","2/16/26",45,58
"3490",3490,"zipper","extra_words","2A","produces",1,1,123,2026-03-09 13:10:25,"VVI143",690,"f","2/16/26",45,58
"3491",3491,"crow","extra_words","2A","produces",NA,0,123,2026-03-09 13:10:25,"VVI143",690,"f","2/16/26",45,58
"3492",3492,"penguin","extra_words","2A","produces",1,1,123,2026-03-09 13:10:25,"VVI143",690,"f","2/16/26",45,58
"3493",3493,"seahorse","extra_words","2A","produces",NA,0,123,2026-03-09 13:10:25,"VVI143",690,"f","2/16/26",45,58
"3494",3494,"duck","extra_words","2A","produces",1,1,123,2026-03-09 13:10:25,"VVI143",690,"f","2/16/26",45,58
"3495",3495,"chicken","extra_words","2A","produces",1,1,123,2026-03-09 13:10:25,"VVI143",690,"f","2/16/26",45,58
"3496",3496,"butterfly","extra_words","2A","produces",1,1,123,2026-03-09 13:10:25,"VVI143",690,"f","2/16/26",45,58
"3497",3497,"lizard","extra_words","2A","produces",NA,0,123,2026-03-09 13:10:25,"VVI143",690,"f","2/16/26",45,58
"3498",3498,"walrus","extra_words","2A","produces",NA,0,123,2026-03-09 13:10:25,"VVI143",690,"f","2/16/26",45,58
"3499",3499,"snake","extra_words","2A","produces",1,1,123,2026-03-09 13:10:25,"VVI143",690,"f","2/16/26",45,58
"3500",3500,"truck","extra_words","2A","produces",1,1,123,2026-03-09 13:10:25,"VVI143",690,"f","2/16/26",45,58
"3501",3501,"car","extra_words","2A","produces",1,1,123,2026-03-09 13:10:25,"VVI143",690,"f","2/16/26",45,58
"3502",3502,"airplane","extra_words","2A","produces",1,1,123,2026-03-09 13:10:25,"VVI143",690,"f","2/16/26",45,58
"3503",3503,"baa baa","cdi_words","2A","produces",NA,0,123,2026-03-09 13:10:25,"VVI143",690,"f","2/16/26",45,58
"3504",3504,"meow","cdi_words","2A","produces",1,1,123,2026-03-09 13:10:25,"VVI143",690,"f","2/16/26",45,58
"3505",3505,"ouch","cdi_words","2A","produces",1,1,123,2026-03-09 13:10:25,"VVI143",690,"f","2/16/26",45,58
"3506",3506,"uh oh","cdi_words","2A","produces",1,1,123,2026-03-09 13:10:25,"VVI143",690,"f","2/16/26",45,58
"3507",3507,"woof woof","cdi_words","2A","produces",1,1,123,2026-03-09 13:10:25,"VVI143",690,"f","2/16/26",45,58
"3508",3508,"bear","cdi_words","2A","produces",1,1,123,2026-03-09 13:10:25,"VVI143",690,"f","2/16/26",45,58
"3509",3509,"bird","cdi_words","2A","produces",1,1,123,2026-03-09 13:10:25,"VVI143",690,"f","2/16/26",45,58
"3510",3510,"cat","cdi_words","2A","produces",1,1,123,2026-03-09 13:10:25,"VVI143",690,"f","2/16/26",45,58
"3511",3511,"dog","cdi_words","2A","produces",1,1,123,2026-03-09 13:10:25,"VVI143",690,"f","2/16/26",45,58
"3512",3512,"duck","cdi_words","2A","produces",1,1,123,2026-03-09 13:10:25,"VVI143",690,"f","2/16/26",45,58
"3513",3513,"horse","cdi_words","2A","produces",NA,0,123,2026-03-09 13:10:25,"VVI143",690,"f","2/16/26",45,58
"3514",3514,"airplane","cdi_words","2A","produces",1,1,123,2026-03-09 13:10:25,"VVI143",690,"f","2/16/26",45,58
"3515",3515,"boat","cdi_words","2A","produces",1,1,123,2026-03-09 13:10:25,"VVI143",690,"f","2/16/26",45,58
"3516",3516,"car","cdi_words","2A","produces",1,1,123,2026-03-09 13:10:25,"VVI143",690,"f","2/16/26",45,58
"3517",3517,"ball","cdi_words","2A","produces",1,1,123,2026-03-09 13:10:25,"VVI143",690,"f","2/16/26",45,58
"3518",3518,"book","cdi_words","2A","produces",1,1,123,2026-03-09 13:10:25,"VVI143",690,"f","2/16/26",45,58
"3519",3519,"game","cdi_words","2A","produces",1,1,123,2026-03-09 13:10:25,"VVI143",690,"f","2/16/26",45,58
"3520",3520,"applesauce","cdi_words","2A","produces",1,1,123,2026-03-09 13:10:25,"VVI143",690,"f","2/16/26",45,58
"3521",3521,"candy","cdi_words","2A","produces",1,1,123,2026-03-09 13:10:25,"VVI143",690,"f","2/16/26",45,58
"3522",3522,"coke","cdi_words","2A","produces",NA,0,123,2026-03-09 13:10:25,"VVI143",690,"f","2/16/26",45,58
"3523",3523,"cracker","cdi_words","2A","produces",1,1,123,2026-03-09 13:10:25,"VVI143",690,"f","2/16/26",45,58
"3524",3524,"juice","cdi_words","2A","produces",1,1,123,2026-03-09 13:10:25,"VVI143",690,"f","2/16/26",45,58
"3525",3525,"meat","cdi_words","2A","produces",NA,0,123,2026-03-09 13:10:25,"VVI143",690,"f","2/16/26",45,58
"3526",3526,"milk","cdi_words","2A","produces",1,1,123,2026-03-09 13:10:25,"VVI143",690,"f","2/16/26",45,58
"3527",3527,"peas","cdi_words","2A","produces",NA,0,123,2026-03-09 13:10:25,"VVI143",690,"f","2/16/26",45,58
"3528",3528,"hat","cdi_words","2A","produces",1,1,123,2026-03-09 13:10:25,"VVI143",690,"f","2/16/26",45,58
"3529",3529,"necklace","cdi_words","2A","produces",1,1,123,2026-03-09 13:10:25,"VVI143",690,"f","2/16/26",45,58
"3530",3530,"shoe","cdi_words","2A","produces",1,1,123,2026-03-09 13:10:25,"VVI143",690,"f","2/16/26",45,58
"3531",3531,"sock","cdi_words","2A","produces",1,1,123,2026-03-09 13:10:25,"VVI143",690,"f","2/16/26",45,58
"3532",3532,"chin","cdi_words","2A","produces",1,1,123,2026-03-09 13:10:25,"VVI143",690,"f","2/16/26",45,58
"3533",3533,"ear","cdi_words","2A","produces",1,1,123,2026-03-09 13:10:25,"VVI143",690,"f","2/16/26",45,58
"3534",3534,"hand","cdi_words","2A","produces",1,1,123,2026-03-09 13:10:25,"VVI143",690,"f","2/16/26",45,58
"3535",3535,"leg","cdi_words","2A","produces",1,1,123,2026-03-09 13:10:25,"VVI143",690,"f","2/16/26",45,58
"3536",3536,"broom","cdi_words","2A","produces",NA,0,123,2026-03-09 13:10:25,"VVI143",690,"f","2/16/26",45,58
"3537",3537,"comb","cdi_words","2A","produces",NA,0,123,2026-03-09 13:10:25,"VVI143",690,"f","2/16/26",45,58
"3538",3538,"mop","cdi_words","2A","produces",NA,0,123,2026-03-09 13:10:25,"VVI143",690,"f","2/16/26",45,58
"3539",3539,"plate","cdi_words","2A","produces",NA,0,123,2026-03-09 13:10:25,"VVI143",690,"f","2/16/26",45,58
"3540",3540,"trash","cdi_words","2A","produces",1,1,123,2026-03-09 13:10:25,"VVI143",690,"f","2/16/26",45,58
"3541",3541,"tray","cdi_words","2A","produces",NA,0,123,2026-03-09 13:10:25,"VVI143",690,"f","2/16/26",45,58
"3542",3542,"towel","cdi_words","2A","produces",1,1,123,2026-03-09 13:10:25,"VVI143",690,"f","2/16/26",45,58
"3543",3543,"bed","cdi_words","2A","produces",1,1,123,2026-03-09 13:10:25,"VVI143",690,"f","2/16/26",45,58
"3544",3544,"bedroom","cdi_words","2A","produces",NA,0,123,2026-03-09 13:10:25,"VVI143",690,"f","2/16/26",45,58
"3545",3545,"bench","cdi_words","2A","produces",NA,0,123,2026-03-09 13:10:25,"VVI143",690,"f","2/16/26",45,58
"3546",3546,"oven","cdi_words","2A","produces",1,1,123,2026-03-09 13:10:25,"VVI143",690,"f","2/16/26",45,58
"3547",3547,"stairs","cdi_words","2A","produces",NA,0,123,2026-03-09 13:10:25,"VVI143",690,"f","2/16/26",45,58
"3548",3548,"flag","cdi_words","2A","produces",1,1,123,2026-03-09 13:10:25,"VVI143",690,"f","2/16/26",45,58
"3549",3549,"rain","cdi_words","2A","produces",1,1,123,2026-03-09 13:10:25,"VVI143",690,"f","2/16/26",45,58
"3550",3550,"star","cdi_words","2A","produces",1,1,123,2026-03-09 13:10:25,"VVI143",690,"f","2/16/26",45,58
"3551",3551,"swing","cdi_words","2A","produces",1,1,123,2026-03-09 13:10:25,"VVI143",690,"f","2/16/26",45,58
"3552",3552,"school","cdi_words","2A","produces",NA,0,123,2026-03-09 13:10:25,"VVI143",690,"f","2/16/26",45,58
"3553",3553,"sky","cdi_words","2A","produces",1,1,123,2026-03-09 13:10:25,"VVI143",690,"f","2/16/26",45,58
"3554",3554,"party","cdi_words","2A","produces",1,1,123,2026-03-09 13:10:25,"VVI143",690,"f","2/16/26",45,58
"3555",3555,"friend","cdi_words","2A","produces",1,1,123,2026-03-09 13:10:25,"VVI143",690,"f","2/16/26",45,58
"3556",3556,"mommy","cdi_words","2A","produces",1,1,123,2026-03-09 13:10:25,"VVI143",690,"f","2/16/26",45,58
"3557",3557,"person","cdi_words","2A","produces",NA,0,123,2026-03-09 13:10:25,"VVI143",690,"f","2/16/26",45,58
"3558",3558,"bye","cdi_words","2A","produces",1,1,123,2026-03-09 13:10:25,"VVI143",690,"f","2/16/26",45,58
"3559",3559,"hi","cdi_words","2A","produces",1,1,123,2026-03-09 13:10:25,"VVI143",690,"f","2/16/26",45,58
"3560",3560,"no","cdi_words","2A","produces",1,1,123,2026-03-09 13:10:25,"VVI143",690,"f","2/16/26",45,58
"3561",3561,"shopping","cdi_words","2A","produces",NA,0,123,2026-03-09 13:10:25,"VVI143",690,"f","2/16/26",45,58
"3562",3562,"thank you","cdi_words","2A","produces",1,1,123,2026-03-09 13:10:25,"VVI143",690,"f","2/16/26",45,58
"3563",3563,"carry","cdi_words","2A","produces",1,1,123,2026-03-09 13:10:25,"VVI143",690,"f","2/16/26",45,58
"3564",3564,"chase","cdi_words","2A","produces",NA,0,123,2026-03-09 13:10:25,"VVI143",690,"f","2/16/26",45,58
"3565",3565,"dump","cdi_words","2A","produces",NA,0,123,2026-03-09 13:10:25,"VVI143",690,"f","2/16/26",45,58
"3566",3566,"finish","cdi_words","2A","produces",1,1,123,2026-03-09 13:10:25,"VVI143",690,"f","2/16/26",45,58
"3567",3567,"fit","cdi_words","2A","produces",NA,0,123,2026-03-09 13:10:25,"VVI143",690,"f","2/16/26",45,58
"3568",3568,"hug","cdi_words","2A","produces",1,1,123,2026-03-09 13:10:25,"VVI143",690,"f","2/16/26",45,58
"3569",3569,"listen","cdi_words","2A","produces",1,1,123,2026-03-09 13:10:25,"VVI143",690,"f","2/16/26",45,58
"3570",3570,"like","cdi_words","2A","produces",NA,0,123,2026-03-09 13:10:25,"VVI143",690,"f","2/16/26",45,58
"3571",3571,"pretend","cdi_words","2A","produces",NA,0,123,2026-03-09 13:10:25,"VVI143",690,"f","2/16/26",45,58
"3572",3572,"rip","cdi_words","2A","produces",1,1,123,2026-03-09 13:10:25,"VVI143",690,"f","2/16/26",45,58
"3573",3573,"shake","cdi_words","2A","produces",NA,0,123,2026-03-09 13:10:25,"VVI143",690,"f","2/16/26",45,58
"3574",3574,"taste","cdi_words","2A","produces",1,1,123,2026-03-09 13:10:25,"VVI143",690,"f","2/16/26",45,58
"3575",3575,"gentle","cdi_words","2A","produces",NA,0,123,2026-03-09 13:10:25,"VVI143",690,"f","2/16/26",45,58
"3576",3576,"think","cdi_words","2A","produces",NA,0,123,2026-03-09 13:10:25,"VVI143",690,"f","2/16/26",45,58
"3577",3577,"wish","cdi_words","2A","produces",NA,0,123,2026-03-09 13:10:25,"VVI143",690,"f","2/16/26",45,58
"3578",3578,"all gone","cdi_words","2A","produces",1,1,123,2026-03-09 13:10:25,"VVI143",690,"f","2/16/26",45,58
"3579",3579,"cold","cdi_words","2A","produces",1,1,123,2026-03-09 13:10:25,"VVI143",690,"f","2/16/26",45,58
"3580",3580,"fast","cdi_words","2A","produces",1,1,123,2026-03-09 13:10:25,"VVI143",690,"f","2/16/26",45,58
"3581",3581,"happy","cdi_words","2A","produces",1,1,123,2026-03-09 13:10:25,"VVI143",690,"f","2/16/26",45,58
"3582",3582,"hot","cdi_words","2A","produces",1,1,123,2026-03-09 13:10:25,"VVI143",690,"f","2/16/26",45,58
"3583",3583,"last","cdi_words","2A","produces",NA,0,123,2026-03-09 13:10:25,"VVI143",690,"f","2/16/26",45,58
"3584",3584,"tiny","cdi_words","2A","produces",NA,0,123,2026-03-09 13:10:25,"VVI143",690,"f","2/16/26",45,58
"3585",3585,"wet","cdi_words","2A","produces",1,1,123,2026-03-09 13:10:25,"VVI143",690,"f","2/16/26",45,58
"3586",3586,"after","cdi_words","2A","produces",NA,0,123,2026-03-09 13:10:25,"VVI143",690,"f","2/16/26",45,58
"3587",3587,"day","cdi_words","2A","produces",1,1,123,2026-03-09 13:10:25,"VVI143",690,"f","2/16/26",45,58
"3588",3588,"tonight","cdi_words","2A","produces",NA,0,123,2026-03-09 13:10:25,"VVI143",690,"f","2/16/26",45,58
"3589",3589,"our","cdi_words","2A","produces",NA,0,123,2026-03-09 13:10:25,"VVI143",690,"f","2/16/26",45,58
"3590",3590,"them","cdi_words","2A","produces",NA,0,123,2026-03-09 13:10:25,"VVI143",690,"f","2/16/26",45,58
"3591",3591,"this","cdi_words","2A","produces",NA,0,123,2026-03-09 13:10:25,"VVI143",690,"f","2/16/26",45,58
"3592",3592,"us","cdi_words","2A","produces",NA,0,123,2026-03-09 13:10:25,"VVI143",690,"f","2/16/26",45,58
"3593",3593,"where","cdi_words","2A","produces",NA,0,123,2026-03-09 13:10:25,"VVI143",690,"f","2/16/26",45,58
"3594",3594,"beside","cdi_words","2A","produces",NA,0,123,2026-03-09 13:10:25,"VVI143",690,"f","2/16/26",45,58
"3595",3595,"down","cdi_words","2A","produces",NA,0,123,2026-03-09 13:10:25,"VVI143",690,"f","2/16/26",45,58
"3596",3596,"under","cdi_words","2A","produces",NA,0,123,2026-03-09 13:10:25,"VVI143",690,"f","2/16/26",45,58
"3597",3597,"all","cdi_words","2A","produces",NA,0,123,2026-03-09 13:10:25,"VVI143",690,"f","2/16/26",45,58
"3598",3598,"much","cdi_words","2A","produces",NA,0,123,2026-03-09 13:10:25,"VVI143",690,"f","2/16/26",45,58
"3599",3599,"could","cdi_words","2A","produces",NA,0,123,2026-03-09 13:10:25,"VVI143",690,"f","2/16/26",45,58
"3600",3600,"need","cdi_words","2A","produces",1,1,123,2026-03-09 13:10:25,"VVI143",690,"f","2/16/26",45,58
"3601",3601,"would","cdi_words","2A","produces",NA,0,123,2026-03-09 13:10:25,"VVI143",690,"f","2/16/26",45,58
"3602",3602,"if","cdi_words","2A","produces",NA,0,123,2026-03-09 13:10:25,"VVI143",690,"f","2/16/26",45,58
"3603",3603,"sock","extra_words","2A","produces",1,1,159,2026-03-09 16:05:40,"VVI161",630,"m","2/23/26",50,40
"3604",3604,"bathtub","extra_words","2A","produces",1,1,159,2026-03-09 16:05:40,"VVI161",630,"m","2/23/26",50,40
"3605",3605,"shower","extra_words","2A","produces",NA,0,159,2026-03-09 16:05:40,"VVI161",630,"m","2/23/26",50,40
"3606",3606,"balloon","extra_words","2A","produces",1,1,159,2026-03-09 16:05:40,"VVI161",630,"m","2/23/26",50,40
"3607",3607,"dresser","extra_words","2A","produces",NA,0,159,2026-03-09 16:05:40,"VVI161",630,"m","2/23/26",50,40
"3608",3608,"kite","extra_words","2A","produces",NA,0,159,2026-03-09 16:05:40,"VVI161",630,"m","2/23/26",50,40
"3609",3609,"camel","extra_words","2A","produces",NA,0,159,2026-03-09 16:05:40,"VVI161",630,"m","2/23/26",50,40
"3610",3610,"elephant","extra_words","2A","produces",1,1,159,2026-03-09 16:05:40,"VVI161",630,"m","2/23/26",50,40
"3611",3611,"ladybug","extra_words","2A","produces",1,1,159,2026-03-09 16:05:40,"VVI161",630,"m","2/23/26",50,40
"3612",3612,"cloud","extra_words","2A","produces",1,1,159,2026-03-09 16:05:40,"VVI161",630,"m","2/23/26",50,40
"3613",3613,"tree","extra_words","2A","produces",1,1,159,2026-03-09 16:05:40,"VVI161",630,"m","2/23/26",50,40
"3614",3614,"zipper","extra_words","2A","produces",1,1,159,2026-03-09 16:05:40,"VVI161",630,"m","2/23/26",50,40
"3615",3615,"crow","extra_words","2A","produces",NA,0,159,2026-03-09 16:05:40,"VVI161",630,"m","2/23/26",50,40
"3616",3616,"penguin","extra_words","2A","produces",NA,0,159,2026-03-09 16:05:40,"VVI161",630,"m","2/23/26",50,40
"3617",3617,"seahorse","extra_words","2A","produces",NA,0,159,2026-03-09 16:05:40,"VVI161",630,"m","2/23/26",50,40
"3618",3618,"duck","extra_words","2A","produces",1,1,159,2026-03-09 16:05:40,"VVI161",630,"m","2/23/26",50,40
"3619",3619,"chicken","extra_words","2A","produces",NA,0,159,2026-03-09 16:05:40,"VVI161",630,"m","2/23/26",50,40
"3620",3620,"butterfly","extra_words","2A","produces",1,1,159,2026-03-09 16:05:40,"VVI161",630,"m","2/23/26",50,40
"3621",3621,"lizard","extra_words","2A","produces",NA,0,159,2026-03-09 16:05:40,"VVI161",630,"m","2/23/26",50,40
"3622",3622,"walrus","extra_words","2A","produces",NA,0,159,2026-03-09 16:05:40,"VVI161",630,"m","2/23/26",50,40
"3623",3623,"snake","extra_words","2A","produces",NA,0,159,2026-03-09 16:05:40,"VVI161",630,"m","2/23/26",50,40
"3624",3624,"truck","extra_words","2A","produces",1,1,159,2026-03-09 16:05:40,"VVI161",630,"m","2/23/26",50,40
"3625",3625,"car","extra_words","2A","produces",1,1,159,2026-03-09 16:05:40,"VVI161",630,"m","2/23/26",50,40
"3626",3626,"airplane","extra_words","2A","produces",1,1,159,2026-03-09 16:05:40,"VVI161",630,"m","2/23/26",50,40
"3627",3627,"baa baa","cdi_words","2A","produces",NA,0,159,2026-03-09 16:05:40,"VVI161",630,"m","2/23/26",50,40
"3628",3628,"meow","cdi_words","2A","produces",NA,0,159,2026-03-09 16:05:40,"VVI161",630,"m","2/23/26",50,40
"3629",3629,"ouch","cdi_words","2A","produces",NA,0,159,2026-03-09 16:05:40,"VVI161",630,"m","2/23/26",50,40
"3630",3630,"uh oh","cdi_words","2A","produces",1,1,159,2026-03-09 16:05:40,"VVI161",630,"m","2/23/26",50,40
"3631",3631,"woof woof","cdi_words","2A","produces",1,1,159,2026-03-09 16:05:40,"VVI161",630,"m","2/23/26",50,40
"3632",3632,"bear","cdi_words","2A","produces",1,1,159,2026-03-09 16:05:40,"VVI161",630,"m","2/23/26",50,40
"3633",3633,"bird","cdi_words","2A","produces",1,1,159,2026-03-09 16:05:40,"VVI161",630,"m","2/23/26",50,40
"3634",3634,"cat","cdi_words","2A","produces",1,1,159,2026-03-09 16:05:40,"VVI161",630,"m","2/23/26",50,40
"3635",3635,"dog","cdi_words","2A","produces",1,1,159,2026-03-09 16:05:40,"VVI161",630,"m","2/23/26",50,40
"3636",3636,"duck","cdi_words","2A","produces",1,1,159,2026-03-09 16:05:40,"VVI161",630,"m","2/23/26",50,40
"3637",3637,"horse","cdi_words","2A","produces",1,1,159,2026-03-09 16:05:40,"VVI161",630,"m","2/23/26",50,40
"3638",3638,"airplane","cdi_words","2A","produces",1,1,159,2026-03-09 16:05:40,"VVI161",630,"m","2/23/26",50,40
"3639",3639,"boat","cdi_words","2A","produces",1,1,159,2026-03-09 16:05:40,"VVI161",630,"m","2/23/26",50,40
"3640",3640,"car","cdi_words","2A","produces",1,1,159,2026-03-09 16:05:40,"VVI161",630,"m","2/23/26",50,40
"3641",3641,"ball","cdi_words","2A","produces",1,1,159,2026-03-09 16:05:40,"VVI161",630,"m","2/23/26",50,40
"3642",3642,"book","cdi_words","2A","produces",1,1,159,2026-03-09 16:05:40,"VVI161",630,"m","2/23/26",50,40
"3643",3643,"game","cdi_words","2A","produces",NA,0,159,2026-03-09 16:05:40,"VVI161",630,"m","2/23/26",50,40
"3644",3644,"applesauce","cdi_words","2A","produces",NA,0,159,2026-03-09 16:05:40,"VVI161",630,"m","2/23/26",50,40
"3645",3645,"candy","cdi_words","2A","produces",1,1,159,2026-03-09 16:05:40,"VVI161",630,"m","2/23/26",50,40
"3646",3646,"coke","cdi_words","2A","produces",NA,0,159,2026-03-09 16:05:40,"VVI161",630,"m","2/23/26",50,40
"3647",3647,"cracker","cdi_words","2A","produces",NA,0,159,2026-03-09 16:05:40,"VVI161",630,"m","2/23/26",50,40
"3648",3648,"juice","cdi_words","2A","produces",NA,0,159,2026-03-09 16:05:40,"VVI161",630,"m","2/23/26",50,40
"3649",3649,"meat","cdi_words","2A","produces",NA,0,159,2026-03-09 16:05:40,"VVI161",630,"m","2/23/26",50,40
"3650",3650,"milk","cdi_words","2A","produces",1,1,159,2026-03-09 16:05:40,"VVI161",630,"m","2/23/26",50,40
"3651",3651,"peas","cdi_words","2A","produces",NA,0,159,2026-03-09 16:05:40,"VVI161",630,"m","2/23/26",50,40
"3652",3652,"hat","cdi_words","2A","produces",1,1,159,2026-03-09 16:05:40,"VVI161",630,"m","2/23/26",50,40
"3653",3653,"necklace","cdi_words","2A","produces",NA,0,159,2026-03-09 16:05:40,"VVI161",630,"m","2/23/26",50,40
"3654",3654,"shoe","cdi_words","2A","produces",1,1,159,2026-03-09 16:05:40,"VVI161",630,"m","2/23/26",50,40
"3655",3655,"sock","cdi_words","2A","produces",1,1,159,2026-03-09 16:05:40,"VVI161",630,"m","2/23/26",50,40
"3656",3656,"chin","cdi_words","2A","produces",1,1,159,2026-03-09 16:05:40,"VVI161",630,"m","2/23/26",50,40
"3657",3657,"ear","cdi_words","2A","produces",1,1,159,2026-03-09 16:05:40,"VVI161",630,"m","2/23/26",50,40
"3658",3658,"hand","cdi_words","2A","produces",1,1,159,2026-03-09 16:05:40,"VVI161",630,"m","2/23/26",50,40
"3659",3659,"leg","cdi_words","2A","produces",1,1,159,2026-03-09 16:05:40,"VVI161",630,"m","2/23/26",50,40
"3660",3660,"broom","cdi_words","2A","produces",1,1,159,2026-03-09 16:05:40,"VVI161",630,"m","2/23/26",50,40
"3661",3661,"comb","cdi_words","2A","produces",NA,0,159,2026-03-09 16:05:40,"VVI161",630,"m","2/23/26",50,40
"3662",3662,"mop","cdi_words","2A","produces",NA,0,159,2026-03-09 16:05:40,"VVI161",630,"m","2/23/26",50,40
"3663",3663,"plate","cdi_words","2A","produces",1,1,159,2026-03-09 16:05:40,"VVI161",630,"m","2/23/26",50,40
"3664",3664,"trash","cdi_words","2A","produces",NA,0,159,2026-03-09 16:05:40,"VVI161",630,"m","2/23/26",50,40
"3665",3665,"tray","cdi_words","2A","produces",NA,0,159,2026-03-09 16:05:40,"VVI161",630,"m","2/23/26",50,40
"3666",3666,"towel","cdi_words","2A","produces",NA,0,159,2026-03-09 16:05:40,"VVI161",630,"m","2/23/26",50,40
"3667",3667,"bed","cdi_words","2A","produces",1,1,159,2026-03-09 16:05:40,"VVI161",630,"m","2/23/26",50,40
"3668",3668,"bedroom","cdi_words","2A","produces",1,1,159,2026-03-09 16:05:40,"VVI161",630,"m","2/23/26",50,40
"3669",3669,"bench","cdi_words","2A","produces",NA,0,159,2026-03-09 16:05:40,"VVI161",630,"m","2/23/26",50,40
"3670",3670,"oven","cdi_words","2A","produces",NA,0,159,2026-03-09 16:05:40,"VVI161",630,"m","2/23/26",50,40
"3671",3671,"stairs","cdi_words","2A","produces",1,1,159,2026-03-09 16:05:40,"VVI161",630,"m","2/23/26",50,40
"3672",3672,"flag","cdi_words","2A","produces",NA,0,159,2026-03-09 16:05:40,"VVI161",630,"m","2/23/26",50,40
"3673",3673,"rain","cdi_words","2A","produces",NA,0,159,2026-03-09 16:05:40,"VVI161",630,"m","2/23/26",50,40
"3674",3674,"star","cdi_words","2A","produces",1,1,159,2026-03-09 16:05:40,"VVI161",630,"m","2/23/26",50,40
"3675",3675,"swing","cdi_words","2A","produces",NA,0,159,2026-03-09 16:05:40,"VVI161",630,"m","2/23/26",50,40
"3676",3676,"school","cdi_words","2A","produces",NA,0,159,2026-03-09 16:05:40,"VVI161",630,"m","2/23/26",50,40
"3677",3677,"sky","cdi_words","2A","produces",NA,0,159,2026-03-09 16:05:40,"VVI161",630,"m","2/23/26",50,40
"3678",3678,"party","cdi_words","2A","produces",NA,0,159,2026-03-09 16:05:40,"VVI161",630,"m","2/23/26",50,40
"3679",3679,"friend","cdi_words","2A","produces",NA,0,159,2026-03-09 16:05:40,"VVI161",630,"m","2/23/26",50,40
"3680",3680,"mommy","cdi_words","2A","produces",1,1,159,2026-03-09 16:05:40,"VVI161",630,"m","2/23/26",50,40
"3681",3681,"person","cdi_words","2A","produces",NA,0,159,2026-03-09 16:05:40,"VVI161",630,"m","2/23/26",50,40
"3682",3682,"bye","cdi_words","2A","produces",1,1,159,2026-03-09 16:05:40,"VVI161",630,"m","2/23/26",50,40
"3683",3683,"hi","cdi_words","2A","produces",1,1,159,2026-03-09 16:05:40,"VVI161",630,"m","2/23/26",50,40
"3684",3684,"no","cdi_words","2A","produces",1,1,159,2026-03-09 16:05:40,"VVI161",630,"m","2/23/26",50,40
"3685",3685,"shopping","cdi_words","2A","produces",NA,0,159,2026-03-09 16:05:40,"VVI161",630,"m","2/23/26",50,40
"3686",3686,"thank you","cdi_words","2A","produces",NA,0,159,2026-03-09 16:05:40,"VVI161",630,"m","2/23/26",50,40
"3687",3687,"carry","cdi_words","2A","produces",NA,0,159,2026-03-09 16:05:40,"VVI161",630,"m","2/23/26",50,40
"3688",3688,"chase","cdi_words","2A","produces",NA,0,159,2026-03-09 16:05:40,"VVI161",630,"m","2/23/26",50,40
"3689",3689,"dump","cdi_words","2A","produces",NA,0,159,2026-03-09 16:05:40,"VVI161",630,"m","2/23/26",50,40
"3690",3690,"finish","cdi_words","2A","produces",NA,0,159,2026-03-09 16:05:40,"VVI161",630,"m","2/23/26",50,40
"3691",3691,"fit","cdi_words","2A","produces",1,1,159,2026-03-09 16:05:40,"VVI161",630,"m","2/23/26",50,40
"3692",3692,"hug","cdi_words","2A","produces",1,1,159,2026-03-09 16:05:40,"VVI161",630,"m","2/23/26",50,40
"3693",3693,"listen","cdi_words","2A","produces",NA,0,159,2026-03-09 16:05:40,"VVI161",630,"m","2/23/26",50,40
"3694",3694,"like","cdi_words","2A","produces",NA,0,159,2026-03-09 16:05:40,"VVI161",630,"m","2/23/26",50,40
"3695",3695,"pretend","cdi_words","2A","produces",NA,0,159,2026-03-09 16:05:40,"VVI161",630,"m","2/23/26",50,40
"3696",3696,"rip","cdi_words","2A","produces",NA,0,159,2026-03-09 16:05:40,"VVI161",630,"m","2/23/26",50,40
"3697",3697,"shake","cdi_words","2A","produces",NA,0,159,2026-03-09 16:05:40,"VVI161",630,"m","2/23/26",50,40
"3698",3698,"taste","cdi_words","2A","produces",NA,0,159,2026-03-09 16:05:40,"VVI161",630,"m","2/23/26",50,40
"3699",3699,"gentle","cdi_words","2A","produces",NA,0,159,2026-03-09 16:05:40,"VVI161",630,"m","2/23/26",50,40
"3700",3700,"think","cdi_words","2A","produces",NA,0,159,2026-03-09 16:05:40,"VVI161",630,"m","2/23/26",50,40
"3701",3701,"wish","cdi_words","2A","produces",NA,0,159,2026-03-09 16:05:40,"VVI161",630,"m","2/23/26",50,40
"3702",3702,"all gone","cdi_words","2A","produces",1,1,159,2026-03-09 16:05:40,"VVI161",630,"m","2/23/26",50,40
"3703",3703,"cold","cdi_words","2A","produces",NA,0,159,2026-03-09 16:05:40,"VVI161",630,"m","2/23/26",50,40
"3704",3704,"fast","cdi_words","2A","produces",NA,0,159,2026-03-09 16:05:40,"VVI161",630,"m","2/23/26",50,40
"3705",3705,"happy","cdi_words","2A","produces",NA,0,159,2026-03-09 16:05:40,"VVI161",630,"m","2/23/26",50,40
"3706",3706,"hot","cdi_words","2A","produces",1,1,159,2026-03-09 16:05:40,"VVI161",630,"m","2/23/26",50,40
"3707",3707,"last","cdi_words","2A","produces",NA,0,159,2026-03-09 16:05:40,"VVI161",630,"m","2/23/26",50,40
"3708",3708,"tiny","cdi_words","2A","produces",NA,0,159,2026-03-09 16:05:40,"VVI161",630,"m","2/23/26",50,40
"3709",3709,"wet","cdi_words","2A","produces",NA,0,159,2026-03-09 16:05:40,"VVI161",630,"m","2/23/26",50,40
"3710",3710,"after","cdi_words","2A","produces",NA,0,159,2026-03-09 16:05:40,"VVI161",630,"m","2/23/26",50,40
"3711",3711,"day","cdi_words","2A","produces",NA,0,159,2026-03-09 16:05:40,"VVI161",630,"m","2/23/26",50,40
"3712",3712,"tonight","cdi_words","2A","produces",NA,0,159,2026-03-09 16:05:40,"VVI161",630,"m","2/23/26",50,40
"3713",3713,"our","cdi_words","2A","produces",NA,0,159,2026-03-09 16:05:40,"VVI161",630,"m","2/23/26",50,40
"3714",3714,"them","cdi_words","2A","produces",NA,0,159,2026-03-09 16:05:40,"VVI161",630,"m","2/23/26",50,40
"3715",3715,"this","cdi_words","2A","produces",1,1,159,2026-03-09 16:05:40,"VVI161",630,"m","2/23/26",50,40
"3716",3716,"us","cdi_words","2A","produces",NA,0,159,2026-03-09 16:05:40,"VVI161",630,"m","2/23/26",50,40
"3717",3717,"where","cdi_words","2A","produces",1,1,159,2026-03-09 16:05:40,"VVI161",630,"m","2/23/26",50,40
"3718",3718,"beside","cdi_words","2A","produces",NA,0,159,2026-03-09 16:05:40,"VVI161",630,"m","2/23/26",50,40
"3719",3719,"down","cdi_words","2A","produces",1,1,159,2026-03-09 16:05:40,"VVI161",630,"m","2/23/26",50,40
"3720",3720,"under","cdi_words","2A","produces",1,1,159,2026-03-09 16:05:40,"VVI161",630,"m","2/23/26",50,40
"3721",3721,"all","cdi_words","2A","produces",NA,0,159,2026-03-09 16:05:40,"VVI161",630,"m","2/23/26",50,40
"3722",3722,"much","cdi_words","2A","produces",NA,0,159,2026-03-09 16:05:40,"VVI161",630,"m","2/23/26",50,40
"3723",3723,"could","cdi_words","2A","produces",NA,0,159,2026-03-09 16:05:40,"VVI161",630,"m","2/23/26",50,40
"3724",3724,"need","cdi_words","2A","produces",NA,0,159,2026-03-09 16:05:40,"VVI161",630,"m","2/23/26",50,40
"3725",3725,"would","cdi_words","2A","produces",NA,0,159,2026-03-09 16:05:40,"VVI161",630,"m","2/23/26",50,40
"3726",3726,"if","cdi_words","2A","produces",NA,0,159,2026-03-09 16:05:40,"VVI161",630,"m","2/23/26",50,40
"3727",3727,"sock","extra_words","2A","produces",1,1,357,2026-04-28 18:46:17,"VVI199",570,"f","4/22/26",60,44
"3728",3728,"bathtub","extra_words","2A","produces",1,1,357,2026-04-28 18:46:17,"VVI199",570,"f","4/22/26",60,44
"3729",3729,"shower","extra_words","2A","produces",1,1,357,2026-04-28 18:46:17,"VVI199",570,"f","4/22/26",60,44
"3730",3730,"balloon","extra_words","2A","produces",NA,0,357,2026-04-28 18:46:17,"VVI199",570,"f","4/22/26",60,44
"3731",3731,"dresser","extra_words","2A","produces",NA,0,357,2026-04-28 18:46:17,"VVI199",570,"f","4/22/26",60,44
"3732",3732,"kite","extra_words","2A","produces",NA,0,357,2026-04-28 18:46:17,"VVI199",570,"f","4/22/26",60,44
"3733",3733,"camel","extra_words","2A","produces",NA,0,357,2026-04-28 18:46:17,"VVI199",570,"f","4/22/26",60,44
"3734",3734,"elephant","extra_words","2A","produces",NA,0,357,2026-04-28 18:46:17,"VVI199",570,"f","4/22/26",60,44
"3735",3735,"ladybug","extra_words","2A","produces",NA,0,357,2026-04-28 18:46:17,"VVI199",570,"f","4/22/26",60,44
"3736",3736,"cloud","extra_words","2A","produces",NA,0,357,2026-04-28 18:46:17,"VVI199",570,"f","4/22/26",60,44
"3737",3737,"tree","extra_words","2A","produces",1,1,357,2026-04-28 18:46:17,"VVI199",570,"f","4/22/26",60,44
"3738",3738,"zipper","extra_words","2A","produces",NA,0,357,2026-04-28 18:46:17,"VVI199",570,"f","4/22/26",60,44
"3739",3739,"crow","extra_words","2A","produces",NA,0,357,2026-04-28 18:46:17,"VVI199",570,"f","4/22/26",60,44
"3740",3740,"penguin","extra_words","2A","produces",1,1,357,2026-04-28 18:46:17,"VVI199",570,"f","4/22/26",60,44
"3741",3741,"seahorse","extra_words","2A","produces",NA,0,357,2026-04-28 18:46:17,"VVI199",570,"f","4/22/26",60,44
"3742",3742,"duck","extra_words","2A","produces",1,1,357,2026-04-28 18:46:17,"VVI199",570,"f","4/22/26",60,44
"3743",3743,"chicken","extra_words","2A","produces",1,1,357,2026-04-28 18:46:17,"VVI199",570,"f","4/22/26",60,44
"3744",3744,"butterfly","extra_words","2A","produces",1,1,357,2026-04-28 18:46:17,"VVI199",570,"f","4/22/26",60,44
"3745",3745,"lizard","extra_words","2A","produces",NA,0,357,2026-04-28 18:46:17,"VVI199",570,"f","4/22/26",60,44
"3746",3746,"walrus","extra_words","2A","produces",1,1,357,2026-04-28 18:46:17,"VVI199",570,"f","4/22/26",60,44
"3747",3747,"snake","extra_words","2A","produces",NA,0,357,2026-04-28 18:46:17,"VVI199",570,"f","4/22/26",60,44
"3748",3748,"truck","extra_words","2A","produces",1,1,357,2026-04-28 18:46:17,"VVI199",570,"f","4/22/26",60,44
"3749",3749,"car","extra_words","2A","produces",1,1,357,2026-04-28 18:46:17,"VVI199",570,"f","4/22/26",60,44
"3750",3750,"airplane","extra_words","2A","produces",1,1,357,2026-04-28 18:46:17,"VVI199",570,"f","4/22/26",60,44
"3751",3751,"baa baa","cdi_words","2A","produces",1,1,357,2026-04-28 18:46:17,"VVI199",570,"f","4/22/26",60,44
"3752",3752,"meow","cdi_words","2A","produces",1,1,357,2026-04-28 18:46:17,"VVI199",570,"f","4/22/26",60,44
"3753",3753,"ouch","cdi_words","2A","produces",1,1,357,2026-04-28 18:46:17,"VVI199",570,"f","4/22/26",60,44
"3754",3754,"uh oh","cdi_words","2A","produces",1,1,357,2026-04-28 18:46:17,"VVI199",570,"f","4/22/26",60,44
"3755",3755,"woof woof","cdi_words","2A","produces",1,1,357,2026-04-28 18:46:17,"VVI199",570,"f","4/22/26",60,44
"3756",3756,"bear","cdi_words","2A","produces",1,1,357,2026-04-28 18:46:17,"VVI199",570,"f","4/22/26",60,44
"3757",3757,"bird","cdi_words","2A","produces",1,1,357,2026-04-28 18:46:17,"VVI199",570,"f","4/22/26",60,44
"3758",3758,"cat","cdi_words","2A","produces",1,1,357,2026-04-28 18:46:17,"VVI199",570,"f","4/22/26",60,44
"3759",3759,"dog","cdi_words","2A","produces",1,1,357,2026-04-28 18:46:17,"VVI199",570,"f","4/22/26",60,44
"3760",3760,"duck","cdi_words","2A","produces",1,1,357,2026-04-28 18:46:17,"VVI199",570,"f","4/22/26",60,44
"3761",3761,"horse","cdi_words","2A","produces",NA,0,357,2026-04-28 18:46:17,"VVI199",570,"f","4/22/26",60,44
"3762",3762,"airplane","cdi_words","2A","produces",1,1,357,2026-04-28 18:46:17,"VVI199",570,"f","4/22/26",60,44
"3763",3763,"boat","cdi_words","2A","produces",NA,0,357,2026-04-28 18:46:17,"VVI199",570,"f","4/22/26",60,44
"3764",3764,"car","cdi_words","2A","produces",1,1,357,2026-04-28 18:46:17,"VVI199",570,"f","4/22/26",60,44
"3765",3765,"ball","cdi_words","2A","produces",1,1,357,2026-04-28 18:46:17,"VVI199",570,"f","4/22/26",60,44
"3766",3766,"book","cdi_words","2A","produces",1,1,357,2026-04-28 18:46:17,"VVI199",570,"f","4/22/26",60,44
"3767",3767,"game","cdi_words","2A","produces",NA,0,357,2026-04-28 18:46:17,"VVI199",570,"f","4/22/26",60,44
"3768",3768,"applesauce","cdi_words","2A","produces",NA,0,357,2026-04-28 18:46:17,"VVI199",570,"f","4/22/26",60,44
"3769",3769,"candy","cdi_words","2A","produces",NA,0,357,2026-04-28 18:46:17,"VVI199",570,"f","4/22/26",60,44
"3770",3770,"coke","cdi_words","2A","produces",NA,0,357,2026-04-28 18:46:17,"VVI199",570,"f","4/22/26",60,44
"3771",3771,"cracker","cdi_words","2A","produces",1,1,357,2026-04-28 18:46:17,"VVI199",570,"f","4/22/26",60,44
"3772",3772,"juice","cdi_words","2A","produces",1,1,357,2026-04-28 18:46:17,"VVI199",570,"f","4/22/26",60,44
"3773",3773,"meat","cdi_words","2A","produces",NA,0,357,2026-04-28 18:46:17,"VVI199",570,"f","4/22/26",60,44
"3774",3774,"milk","cdi_words","2A","produces",1,1,357,2026-04-28 18:46:17,"VVI199",570,"f","4/22/26",60,44
"3775",3775,"peas","cdi_words","2A","produces",NA,0,357,2026-04-28 18:46:17,"VVI199",570,"f","4/22/26",60,44
"3776",3776,"hat","cdi_words","2A","produces",1,1,357,2026-04-28 18:46:17,"VVI199",570,"f","4/22/26",60,44
"3777",3777,"necklace","cdi_words","2A","produces",NA,0,357,2026-04-28 18:46:17,"VVI199",570,"f","4/22/26",60,44
"3778",3778,"shoe","cdi_words","2A","produces",1,1,357,2026-04-28 18:46:17,"VVI199",570,"f","4/22/26",60,44
"3779",3779,"sock","cdi_words","2A","produces",1,1,357,2026-04-28 18:46:17,"VVI199",570,"f","4/22/26",60,44
"3780",3780,"chin","cdi_words","2A","produces",NA,0,357,2026-04-28 18:46:17,"VVI199",570,"f","4/22/26",60,44
"3781",3781,"ear","cdi_words","2A","produces",1,1,357,2026-04-28 18:46:17,"VVI199",570,"f","4/22/26",60,44
"3782",3782,"hand","cdi_words","2A","produces",1,1,357,2026-04-28 18:46:17,"VVI199",570,"f","4/22/26",60,44
"3783",3783,"leg","cdi_words","2A","produces",1,1,357,2026-04-28 18:46:17,"VVI199",570,"f","4/22/26",60,44
"3784",3784,"broom","cdi_words","2A","produces",NA,0,357,2026-04-28 18:46:17,"VVI199",570,"f","4/22/26",60,44
"3785",3785,"comb","cdi_words","2A","produces",NA,0,357,2026-04-28 18:46:17,"VVI199",570,"f","4/22/26",60,44
"3786",3786,"mop","cdi_words","2A","produces",NA,0,357,2026-04-28 18:46:17,"VVI199",570,"f","4/22/26",60,44
"3787",3787,"plate","cdi_words","2A","produces",1,1,357,2026-04-28 18:46:17,"VVI199",570,"f","4/22/26",60,44
"3788",3788,"trash","cdi_words","2A","produces",1,1,357,2026-04-28 18:46:17,"VVI199",570,"f","4/22/26",60,44
"3789",3789,"tray","cdi_words","2A","produces",NA,0,357,2026-04-28 18:46:17,"VVI199",570,"f","4/22/26",60,44
"3790",3790,"towel","cdi_words","2A","produces",1,1,357,2026-04-28 18:46:17,"VVI199",570,"f","4/22/26",60,44
"3791",3791,"bed","cdi_words","2A","produces",1,1,357,2026-04-28 18:46:17,"VVI199",570,"f","4/22/26",60,44
"3792",3792,"bedroom","cdi_words","2A","produces",NA,0,357,2026-04-28 18:46:17,"VVI199",570,"f","4/22/26",60,44
"3793",3793,"bench","cdi_words","2A","produces",NA,0,357,2026-04-28 18:46:17,"VVI199",570,"f","4/22/26",60,44
"3794",3794,"oven","cdi_words","2A","produces",NA,0,357,2026-04-28 18:46:17,"VVI199",570,"f","4/22/26",60,44
"3795",3795,"stairs","cdi_words","2A","produces",NA,0,357,2026-04-28 18:46:17,"VVI199",570,"f","4/22/26",60,44
"3796",3796,"flag","cdi_words","2A","produces",NA,0,357,2026-04-28 18:46:17,"VVI199",570,"f","4/22/26",60,44
"3797",3797,"rain","cdi_words","2A","produces",1,1,357,2026-04-28 18:46:17,"VVI199",570,"f","4/22/26",60,44
"3798",3798,"star","cdi_words","2A","produces",NA,0,357,2026-04-28 18:46:17,"VVI199",570,"f","4/22/26",60,44
"3799",3799,"swing","cdi_words","2A","produces",1,1,357,2026-04-28 18:46:17,"VVI199",570,"f","4/22/26",60,44
"3800",3800,"school","cdi_words","2A","produces",NA,0,357,2026-04-28 18:46:17,"VVI199",570,"f","4/22/26",60,44
"3801",3801,"sky","cdi_words","2A","produces",NA,0,357,2026-04-28 18:46:17,"VVI199",570,"f","4/22/26",60,44
"3802",3802,"party","cdi_words","2A","produces",NA,0,357,2026-04-28 18:46:17,"VVI199",570,"f","4/22/26",60,44
"3803",3803,"friend","cdi_words","2A","produces",NA,0,357,2026-04-28 18:46:17,"VVI199",570,"f","4/22/26",60,44
"3804",3804,"mommy","cdi_words","2A","produces",1,1,357,2026-04-28 18:46:17,"VVI199",570,"f","4/22/26",60,44
"3805",3805,"person","cdi_words","2A","produces",NA,0,357,2026-04-28 18:46:17,"VVI199",570,"f","4/22/26",60,44
"3806",3806,"bye","cdi_words","2A","produces",1,1,357,2026-04-28 18:46:17,"VVI199",570,"f","4/22/26",60,44
"3807",3807,"hi","cdi_words","2A","produces",1,1,357,2026-04-28 18:46:17,"VVI199",570,"f","4/22/26",60,44
"3808",3808,"no","cdi_words","2A","produces",1,1,357,2026-04-28 18:46:17,"VVI199",570,"f","4/22/26",60,44
"3809",3809,"shopping","cdi_words","2A","produces",NA,0,357,2026-04-28 18:46:17,"VVI199",570,"f","4/22/26",60,44
"3810",3810,"thank you","cdi_words","2A","produces",1,1,357,2026-04-28 18:46:17,"VVI199",570,"f","4/22/26",60,44
"3811",3811,"carry","cdi_words","2A","produces",NA,0,357,2026-04-28 18:46:17,"VVI199",570,"f","4/22/26",60,44
"3812",3812,"chase","cdi_words","2A","produces",NA,0,357,2026-04-28 18:46:17,"VVI199",570,"f","4/22/26",60,44
"3813",3813,"dump","cdi_words","2A","produces",NA,0,357,2026-04-28 18:46:17,"VVI199",570,"f","4/22/26",60,44
"3814",3814,"finish","cdi_words","2A","produces",NA,0,357,2026-04-28 18:46:17,"VVI199",570,"f","4/22/26",60,44
"3815",3815,"fit","cdi_words","2A","produces",NA,0,357,2026-04-28 18:46:17,"VVI199",570,"f","4/22/26",60,44
"3816",3816,"hug","cdi_words","2A","produces",1,1,357,2026-04-28 18:46:17,"VVI199",570,"f","4/22/26",60,44
"3817",3817,"listen","cdi_words","2A","produces",NA,0,357,2026-04-28 18:46:17,"VVI199",570,"f","4/22/26",60,44
"3818",3818,"like","cdi_words","2A","produces",NA,0,357,2026-04-28 18:46:17,"VVI199",570,"f","4/22/26",60,44
"3819",3819,"pretend","cdi_words","2A","produces",NA,0,357,2026-04-28 18:46:17,"VVI199",570,"f","4/22/26",60,44
"3820",3820,"rip","cdi_words","2A","produces",NA,0,357,2026-04-28 18:46:17,"VVI199",570,"f","4/22/26",60,44
"3821",3821,"shake","cdi_words","2A","produces",1,1,357,2026-04-28 18:46:17,"VVI199",570,"f","4/22/26",60,44
"3822",3822,"taste","cdi_words","2A","produces",NA,0,357,2026-04-28 18:46:17,"VVI199",570,"f","4/22/26",60,44
"3823",3823,"gentle","cdi_words","2A","produces",1,1,357,2026-04-28 18:46:17,"VVI199",570,"f","4/22/26",60,44
"3824",3824,"think","cdi_words","2A","produces",NA,0,357,2026-04-28 18:46:17,"VVI199",570,"f","4/22/26",60,44
"3825",3825,"wish","cdi_words","2A","produces",NA,0,357,2026-04-28 18:46:17,"VVI199",570,"f","4/22/26",60,44
"3826",3826,"all gone","cdi_words","2A","produces",1,1,357,2026-04-28 18:46:17,"VVI199",570,"f","4/22/26",60,44
"3827",3827,"cold","cdi_words","2A","produces",1,1,357,2026-04-28 18:46:17,"VVI199",570,"f","4/22/26",60,44
"3828",3828,"fast","cdi_words","2A","produces",1,1,357,2026-04-28 18:46:17,"VVI199",570,"f","4/22/26",60,44
"3829",3829,"happy","cdi_words","2A","produces",NA,0,357,2026-04-28 18:46:17,"VVI199",570,"f","4/22/26",60,44
"3830",3830,"hot","cdi_words","2A","produces",1,1,357,2026-04-28 18:46:17,"VVI199",570,"f","4/22/26",60,44
"3831",3831,"last","cdi_words","2A","produces",NA,0,357,2026-04-28 18:46:17,"VVI199",570,"f","4/22/26",60,44
"3832",3832,"tiny","cdi_words","2A","produces",NA,0,357,2026-04-28 18:46:17,"VVI199",570,"f","4/22/26",60,44
"3833",3833,"wet","cdi_words","2A","produces",1,1,357,2026-04-28 18:46:17,"VVI199",570,"f","4/22/26",60,44
"3834",3834,"after","cdi_words","2A","produces",NA,0,357,2026-04-28 18:46:17,"VVI199",570,"f","4/22/26",60,44
"3835",3835,"day","cdi_words","2A","produces",NA,0,357,2026-04-28 18:46:17,"VVI199",570,"f","4/22/26",60,44
"3836",3836,"tonight","cdi_words","2A","produces",NA,0,357,2026-04-28 18:46:17,"VVI199",570,"f","4/22/26",60,44
"3837",3837,"our","cdi_words","2A","produces",NA,0,357,2026-04-28 18:46:17,"VVI199",570,"f","4/22/26",60,44
"3838",3838,"them","cdi_words","2A","produces",NA,0,357,2026-04-28 18:46:17,"VVI199",570,"f","4/22/26",60,44
"3839",3839,"this","cdi_words","2A","produces",1,1,357,2026-04-28 18:46:17,"VVI199",570,"f","4/22/26",60,44
"3840",3840,"us","cdi_words","2A","produces",NA,0,357,2026-04-28 18:46:17,"VVI199",570,"f","4/22/26",60,44
"3841",3841,"where","cdi_words","2A","produces",NA,0,357,2026-04-28 18:46:17,"VVI199",570,"f","4/22/26",60,44
"3842",3842,"beside","cdi_words","2A","produces",NA,0,357,2026-04-28 18:46:17,"VVI199",570,"f","4/22/26",60,44
"3843",3843,"down","cdi_words","2A","produces",1,1,357,2026-04-28 18:46:17,"VVI199",570,"f","4/22/26",60,44
"3844",3844,"under","cdi_words","2A","produces",NA,0,357,2026-04-28 18:46:17,"VVI199",570,"f","4/22/26",60,44
"3845",3845,"all","cdi_words","2A","produces",NA,0,357,2026-04-28 18:46:17,"VVI199",570,"f","4/22/26",60,44
"3846",3846,"much","cdi_words","2A","produces",NA,0,357,2026-04-28 18:46:17,"VVI199",570,"f","4/22/26",60,44
"3847",3847,"could","cdi_words","2A","produces",NA,0,357,2026-04-28 18:46:17,"VVI199",570,"f","4/22/26",60,44
"3848",3848,"need","cdi_words","2A","produces",NA,0,357,2026-04-28 18:46:17,"VVI199",570,"f","4/22/26",60,44
"3849",3849,"would","cdi_words","2A","produces",NA,0,357,2026-04-28 18:46:17,"VVI199",570,"f","4/22/26",60,44
"3850",3850,"if","cdi_words","2A","produces",NA,0,357,2026-04-28 18:46:17,"VVI199",570,"f","4/22/26",60,44
"3851",3851,"sock","extra_words","2A","produces",1,1,178,2026-02-19 14:13:41,"VVI152",600,"f","2/19/26",45,42
"3852",3852,"bathtub","extra_words","2A","produces",1,1,178,2026-02-19 14:13:41,"VVI152",600,"f","2/19/26",45,42
"3853",3853,"shower","extra_words","2A","produces",NA,0,178,2026-02-19 14:13:41,"VVI152",600,"f","2/19/26",45,42
"3854",3854,"balloon","extra_words","2A","produces",1,1,178,2026-02-19 14:13:41,"VVI152",600,"f","2/19/26",45,42
"3855",3855,"dresser","extra_words","2A","produces",NA,0,178,2026-02-19 14:13:41,"VVI152",600,"f","2/19/26",45,42
"3856",3856,"kite","extra_words","2A","produces",NA,0,178,2026-02-19 14:13:41,"VVI152",600,"f","2/19/26",45,42
"3857",3857,"camel","extra_words","2A","produces",NA,0,178,2026-02-19 14:13:41,"VVI152",600,"f","2/19/26",45,42
"3858",3858,"elephant","extra_words","2A","produces",1,1,178,2026-02-19 14:13:41,"VVI152",600,"f","2/19/26",45,42
"3859",3859,"ladybug","extra_words","2A","produces",1,1,178,2026-02-19 14:13:41,"VVI152",600,"f","2/19/26",45,42
"3860",3860,"cloud","extra_words","2A","produces",NA,0,178,2026-02-19 14:13:41,"VVI152",600,"f","2/19/26",45,42
"3861",3861,"tree","extra_words","2A","produces",NA,0,178,2026-02-19 14:13:41,"VVI152",600,"f","2/19/26",45,42
"3862",3862,"zipper","extra_words","2A","produces",NA,0,178,2026-02-19 14:13:41,"VVI152",600,"f","2/19/26",45,42
"3863",3863,"crow","extra_words","2A","produces",1,1,178,2026-02-19 14:13:41,"VVI152",600,"f","2/19/26",45,42
"3864",3864,"penguin","extra_words","2A","produces",NA,0,178,2026-02-19 14:13:41,"VVI152",600,"f","2/19/26",45,42
"3865",3865,"seahorse","extra_words","2A","produces",NA,0,178,2026-02-19 14:13:41,"VVI152",600,"f","2/19/26",45,42
"3866",3866,"duck","extra_words","2A","produces",1,1,178,2026-02-19 14:13:41,"VVI152",600,"f","2/19/26",45,42
"3867",3867,"chicken","extra_words","2A","produces",1,1,178,2026-02-19 14:13:41,"VVI152",600,"f","2/19/26",45,42
"3868",3868,"butterfly","extra_words","2A","produces",1,1,178,2026-02-19 14:13:41,"VVI152",600,"f","2/19/26",45,42
"3869",3869,"lizard","extra_words","2A","produces",1,1,178,2026-02-19 14:13:41,"VVI152",600,"f","2/19/26",45,42
"3870",3870,"walrus","extra_words","2A","produces",NA,0,178,2026-02-19 14:13:41,"VVI152",600,"f","2/19/26",45,42
"3871",3871,"snake","extra_words","2A","produces",1,1,178,2026-02-19 14:13:41,"VVI152",600,"f","2/19/26",45,42
"3872",3872,"truck","extra_words","2A","produces",1,1,178,2026-02-19 14:13:41,"VVI152",600,"f","2/19/26",45,42
"3873",3873,"car","extra_words","2A","produces",1,1,178,2026-02-19 14:13:41,"VVI152",600,"f","2/19/26",45,42
"3874",3874,"airplane","extra_words","2A","produces",1,1,178,2026-02-19 14:13:41,"VVI152",600,"f","2/19/26",45,42
"3875",3875,"baa baa","cdi_words","2A","produces",1,1,178,2026-02-19 14:13:41,"VVI152",600,"f","2/19/26",45,42
"3876",3876,"meow","cdi_words","2A","produces",1,1,178,2026-02-19 14:13:41,"VVI152",600,"f","2/19/26",45,42
"3877",3877,"ouch","cdi_words","2A","produces",1,1,178,2026-02-19 14:13:41,"VVI152",600,"f","2/19/26",45,42
"3878",3878,"uh oh","cdi_words","2A","produces",1,1,178,2026-02-19 14:13:41,"VVI152",600,"f","2/19/26",45,42
"3879",3879,"woof woof","cdi_words","2A","produces",1,1,178,2026-02-19 14:13:41,"VVI152",600,"f","2/19/26",45,42
"3880",3880,"bear","cdi_words","2A","produces",1,1,178,2026-02-19 14:13:41,"VVI152",600,"f","2/19/26",45,42
"3881",3881,"bird","cdi_words","2A","produces",1,1,178,2026-02-19 14:13:41,"VVI152",600,"f","2/19/26",45,42
"3882",3882,"cat","cdi_words","2A","produces",1,1,178,2026-02-19 14:13:41,"VVI152",600,"f","2/19/26",45,42
"3883",3883,"dog","cdi_words","2A","produces",1,1,178,2026-02-19 14:13:41,"VVI152",600,"f","2/19/26",45,42
"3884",3884,"duck","cdi_words","2A","produces",1,1,178,2026-02-19 14:13:41,"VVI152",600,"f","2/19/26",45,42
"3885",3885,"horse","cdi_words","2A","produces",1,1,178,2026-02-19 14:13:41,"VVI152",600,"f","2/19/26",45,42
"3886",3886,"airplane","cdi_words","2A","produces",1,1,178,2026-02-19 14:13:41,"VVI152",600,"f","2/19/26",45,42
"3887",3887,"boat","cdi_words","2A","produces",NA,0,178,2026-02-19 14:13:41,"VVI152",600,"f","2/19/26",45,42
"3888",3888,"car","cdi_words","2A","produces",1,1,178,2026-02-19 14:13:41,"VVI152",600,"f","2/19/26",45,42
"3889",3889,"ball","cdi_words","2A","produces",1,1,178,2026-02-19 14:13:41,"VVI152",600,"f","2/19/26",45,42
"3890",3890,"book","cdi_words","2A","produces",1,1,178,2026-02-19 14:13:41,"VVI152",600,"f","2/19/26",45,42
"3891",3891,"game","cdi_words","2A","produces",NA,0,178,2026-02-19 14:13:41,"VVI152",600,"f","2/19/26",45,42
"3892",3892,"applesauce","cdi_words","2A","produces",NA,0,178,2026-02-19 14:13:41,"VVI152",600,"f","2/19/26",45,42
"3893",3893,"candy","cdi_words","2A","produces",NA,0,178,2026-02-19 14:13:41,"VVI152",600,"f","2/19/26",45,42
"3894",3894,"coke","cdi_words","2A","produces",NA,0,178,2026-02-19 14:13:41,"VVI152",600,"f","2/19/26",45,42
"3895",3895,"cracker","cdi_words","2A","produces",1,1,178,2026-02-19 14:13:41,"VVI152",600,"f","2/19/26",45,42
"3896",3896,"juice","cdi_words","2A","produces",NA,0,178,2026-02-19 14:13:41,"VVI152",600,"f","2/19/26",45,42
"3897",3897,"meat","cdi_words","2A","produces",NA,0,178,2026-02-19 14:13:41,"VVI152",600,"f","2/19/26",45,42
"3898",3898,"milk","cdi_words","2A","produces",1,1,178,2026-02-19 14:13:41,"VVI152",600,"f","2/19/26",45,42
"3899",3899,"peas","cdi_words","2A","produces",NA,0,178,2026-02-19 14:13:41,"VVI152",600,"f","2/19/26",45,42
"3900",3900,"hat","cdi_words","2A","produces",1,1,178,2026-02-19 14:13:41,"VVI152",600,"f","2/19/26",45,42
"3901",3901,"necklace","cdi_words","2A","produces",NA,0,178,2026-02-19 14:13:41,"VVI152",600,"f","2/19/26",45,42
"3902",3902,"shoe","cdi_words","2A","produces",1,1,178,2026-02-19 14:13:41,"VVI152",600,"f","2/19/26",45,42
"3903",3903,"sock","cdi_words","2A","produces",1,1,178,2026-02-19 14:13:41,"VVI152",600,"f","2/19/26",45,42
"3904",3904,"chin","cdi_words","2A","produces",NA,0,178,2026-02-19 14:13:41,"VVI152",600,"f","2/19/26",45,42
"3905",3905,"ear","cdi_words","2A","produces",NA,0,178,2026-02-19 14:13:41,"VVI152",600,"f","2/19/26",45,42
"3906",3906,"hand","cdi_words","2A","produces",NA,0,178,2026-02-19 14:13:41,"VVI152",600,"f","2/19/26",45,42
"3907",3907,"leg","cdi_words","2A","produces",NA,0,178,2026-02-19 14:13:41,"VVI152",600,"f","2/19/26",45,42
"3908",3908,"broom","cdi_words","2A","produces",NA,0,178,2026-02-19 14:13:41,"VVI152",600,"f","2/19/26",45,42
"3909",3909,"comb","cdi_words","2A","produces",NA,0,178,2026-02-19 14:13:41,"VVI152",600,"f","2/19/26",45,42
"3910",3910,"mop","cdi_words","2A","produces",NA,0,178,2026-02-19 14:13:41,"VVI152",600,"f","2/19/26",45,42
"3911",3911,"plate","cdi_words","2A","produces",1,1,178,2026-02-19 14:13:41,"VVI152",600,"f","2/19/26",45,42
"3912",3912,"trash","cdi_words","2A","produces",NA,0,178,2026-02-19 14:13:41,"VVI152",600,"f","2/19/26",45,42
"3913",3913,"tray","cdi_words","2A","produces",NA,0,178,2026-02-19 14:13:41,"VVI152",600,"f","2/19/26",45,42
"3914",3914,"towel","cdi_words","2A","produces",NA,0,178,2026-02-19 14:13:41,"VVI152",600,"f","2/19/26",45,42
"3915",3915,"bed","cdi_words","2A","produces",NA,0,178,2026-02-19 14:13:41,"VVI152",600,"f","2/19/26",45,42
"3916",3916,"bedroom","cdi_words","2A","produces",NA,0,178,2026-02-19 14:13:41,"VVI152",600,"f","2/19/26",45,42
"3917",3917,"bench","cdi_words","2A","produces",NA,0,178,2026-02-19 14:13:41,"VVI152",600,"f","2/19/26",45,42
"3918",3918,"oven","cdi_words","2A","produces",NA,0,178,2026-02-19 14:13:41,"VVI152",600,"f","2/19/26",45,42
"3919",3919,"stairs","cdi_words","2A","produces",NA,0,178,2026-02-19 14:13:41,"VVI152",600,"f","2/19/26",45,42
"3920",3920,"flag","cdi_words","2A","produces",1,1,178,2026-02-19 14:13:41,"VVI152",600,"f","2/19/26",45,42
"3921",3921,"rain","cdi_words","2A","produces",1,1,178,2026-02-19 14:13:41,"VVI152",600,"f","2/19/26",45,42
"3922",3922,"star","cdi_words","2A","produces",1,1,178,2026-02-19 14:13:41,"VVI152",600,"f","2/19/26",45,42
"3923",3923,"swing","cdi_words","2A","produces",NA,0,178,2026-02-19 14:13:41,"VVI152",600,"f","2/19/26",45,42
"3924",3924,"school","cdi_words","2A","produces",NA,0,178,2026-02-19 14:13:41,"VVI152",600,"f","2/19/26",45,42
"3925",3925,"sky","cdi_words","2A","produces",NA,0,178,2026-02-19 14:13:41,"VVI152",600,"f","2/19/26",45,42
"3926",3926,"party","cdi_words","2A","produces",NA,0,178,2026-02-19 14:13:41,"VVI152",600,"f","2/19/26",45,42
"3927",3927,"friend","cdi_words","2A","produces",NA,0,178,2026-02-19 14:13:41,"VVI152",600,"f","2/19/26",45,42
"3928",3928,"mommy","cdi_words","2A","produces",1,1,178,2026-02-19 14:13:41,"VVI152",600,"f","2/19/26",45,42
"3929",3929,"person","cdi_words","2A","produces",NA,0,178,2026-02-19 14:13:41,"VVI152",600,"f","2/19/26",45,42
"3930",3930,"bye","cdi_words","2A","produces",1,1,178,2026-02-19 14:13:41,"VVI152",600,"f","2/19/26",45,42
"3931",3931,"hi","cdi_words","2A","produces",1,1,178,2026-02-19 14:13:41,"VVI152",600,"f","2/19/26",45,42
"3932",3932,"no","cdi_words","2A","produces",1,1,178,2026-02-19 14:13:41,"VVI152",600,"f","2/19/26",45,42
"3933",3933,"shopping","cdi_words","2A","produces",NA,0,178,2026-02-19 14:13:41,"VVI152",600,"f","2/19/26",45,42
"3934",3934,"thank you","cdi_words","2A","produces",1,1,178,2026-02-19 14:13:41,"VVI152",600,"f","2/19/26",45,42
"3935",3935,"carry","cdi_words","2A","produces",NA,0,178,2026-02-19 14:13:41,"VVI152",600,"f","2/19/26",45,42
"3936",3936,"chase","cdi_words","2A","produces",NA,0,178,2026-02-19 14:13:41,"VVI152",600,"f","2/19/26",45,42
"3937",3937,"dump","cdi_words","2A","produces",NA,0,178,2026-02-19 14:13:41,"VVI152",600,"f","2/19/26",45,42
"3938",3938,"finish","cdi_words","2A","produces",1,1,178,2026-02-19 14:13:41,"VVI152",600,"f","2/19/26",45,42
"3939",3939,"fit","cdi_words","2A","produces",NA,0,178,2026-02-19 14:13:41,"VVI152",600,"f","2/19/26",45,42
"3940",3940,"hug","cdi_words","2A","produces",NA,0,178,2026-02-19 14:13:41,"VVI152",600,"f","2/19/26",45,42
"3941",3941,"listen","cdi_words","2A","produces",NA,0,178,2026-02-19 14:13:41,"VVI152",600,"f","2/19/26",45,42
"3942",3942,"like","cdi_words","2A","produces",NA,0,178,2026-02-19 14:13:41,"VVI152",600,"f","2/19/26",45,42
"3943",3943,"pretend","cdi_words","2A","produces",NA,0,178,2026-02-19 14:13:41,"VVI152",600,"f","2/19/26",45,42
"3944",3944,"rip","cdi_words","2A","produces",NA,0,178,2026-02-19 14:13:41,"VVI152",600,"f","2/19/26",45,42
"3945",3945,"shake","cdi_words","2A","produces",1,1,178,2026-02-19 14:13:41,"VVI152",600,"f","2/19/26",45,42
"3946",3946,"taste","cdi_words","2A","produces",NA,0,178,2026-02-19 14:13:41,"VVI152",600,"f","2/19/26",45,42
"3947",3947,"gentle","cdi_words","2A","produces",1,1,178,2026-02-19 14:13:41,"VVI152",600,"f","2/19/26",45,42
"3948",3948,"think","cdi_words","2A","produces",NA,0,178,2026-02-19 14:13:41,"VVI152",600,"f","2/19/26",45,42
"3949",3949,"wish","cdi_words","2A","produces",NA,0,178,2026-02-19 14:13:41,"VVI152",600,"f","2/19/26",45,42
"3950",3950,"all gone","cdi_words","2A","produces",1,1,178,2026-02-19 14:13:41,"VVI152",600,"f","2/19/26",45,42
"3951",3951,"cold","cdi_words","2A","produces",1,1,178,2026-02-19 14:13:41,"VVI152",600,"f","2/19/26",45,42
"3952",3952,"fast","cdi_words","2A","produces",1,1,178,2026-02-19 14:13:41,"VVI152",600,"f","2/19/26",45,42
"3953",3953,"happy","cdi_words","2A","produces",1,1,178,2026-02-19 14:13:41,"VVI152",600,"f","2/19/26",45,42
"3954",3954,"hot","cdi_words","2A","produces",1,1,178,2026-02-19 14:13:41,"VVI152",600,"f","2/19/26",45,42
"3955",3955,"last","cdi_words","2A","produces",NA,0,178,2026-02-19 14:13:41,"VVI152",600,"f","2/19/26",45,42
"3956",3956,"tiny","cdi_words","2A","produces",1,1,178,2026-02-19 14:13:41,"VVI152",600,"f","2/19/26",45,42
"3957",3957,"wet","cdi_words","2A","produces",NA,0,178,2026-02-19 14:13:41,"VVI152",600,"f","2/19/26",45,42
"3958",3958,"after","cdi_words","2A","produces",NA,0,178,2026-02-19 14:13:41,"VVI152",600,"f","2/19/26",45,42
"3959",3959,"day","cdi_words","2A","produces",NA,0,178,2026-02-19 14:13:41,"VVI152",600,"f","2/19/26",45,42
"3960",3960,"tonight","cdi_words","2A","produces",NA,0,178,2026-02-19 14:13:41,"VVI152",600,"f","2/19/26",45,42
"3961",3961,"our","cdi_words","2A","produces",NA,0,178,2026-02-19 14:13:41,"VVI152",600,"f","2/19/26",45,42
"3962",3962,"them","cdi_words","2A","produces",NA,0,178,2026-02-19 14:13:41,"VVI152",600,"f","2/19/26",45,42
"3963",3963,"this","cdi_words","2A","produces",1,1,178,2026-02-19 14:13:41,"VVI152",600,"f","2/19/26",45,42
"3964",3964,"us","cdi_words","2A","produces",NA,0,178,2026-02-19 14:13:41,"VVI152",600,"f","2/19/26",45,42
"3965",3965,"where","cdi_words","2A","produces",1,1,178,2026-02-19 14:13:41,"VVI152",600,"f","2/19/26",45,42
"3966",3966,"beside","cdi_words","2A","produces",NA,0,178,2026-02-19 14:13:41,"VVI152",600,"f","2/19/26",45,42
"3967",3967,"down","cdi_words","2A","produces",1,1,178,2026-02-19 14:13:41,"VVI152",600,"f","2/19/26",45,42
"3968",3968,"under","cdi_words","2A","produces",NA,0,178,2026-02-19 14:13:41,"VVI152",600,"f","2/19/26",45,42
"3969",3969,"all","cdi_words","2A","produces",1,1,178,2026-02-19 14:13:41,"VVI152",600,"f","2/19/26",45,42
"3970",3970,"much","cdi_words","2A","produces",NA,0,178,2026-02-19 14:13:41,"VVI152",600,"f","2/19/26",45,42
"3971",3971,"could","cdi_words","2A","produces",NA,0,178,2026-02-19 14:13:41,"VVI152",600,"f","2/19/26",45,42
"3972",3972,"need","cdi_words","2A","produces",NA,0,178,2026-02-19 14:13:41,"VVI152",600,"f","2/19/26",45,42
"3973",3973,"would","cdi_words","2A","produces",NA,0,178,2026-02-19 14:13:41,"VVI152",600,"f","2/19/26",45,42
"3974",3974,"if","cdi_words","2A","produces",NA,0,178,2026-02-19 14:13:41,"VVI152",600,"f","2/19/26",45,42
"3975",3975,"sock","extra_words","2A","produces",1,1,165,2026-03-13 08:25:10,"VVI176",750,"f","3/13/26",20,50
"3976",3976,"bathtub","extra_words","2A","produces",1,1,165,2026-03-13 08:25:10,"VVI176",750,"f","3/13/26",20,50
"3977",3977,"shower","extra_words","2A","produces",NA,0,165,2026-03-13 08:25:10,"VVI176",750,"f","3/13/26",20,50
"3978",3978,"balloon","extra_words","2A","produces",1,1,165,2026-03-13 08:25:10,"VVI176",750,"f","3/13/26",20,50
"3979",3979,"dresser","extra_words","2A","produces",NA,0,165,2026-03-13 08:25:10,"VVI176",750,"f","3/13/26",20,50
"3980",3980,"kite","extra_words","2A","produces",NA,0,165,2026-03-13 08:25:10,"VVI176",750,"f","3/13/26",20,50
"3981",3981,"camel","extra_words","2A","produces",NA,0,165,2026-03-13 08:25:10,"VVI176",750,"f","3/13/26",20,50
"3982",3982,"elephant","extra_words","2A","produces",1,1,165,2026-03-13 08:25:10,"VVI176",750,"f","3/13/26",20,50
"3983",3983,"ladybug","extra_words","2A","produces",1,1,165,2026-03-13 08:25:10,"VVI176",750,"f","3/13/26",20,50
"3984",3984,"cloud","extra_words","2A","produces",1,1,165,2026-03-13 08:25:10,"VVI176",750,"f","3/13/26",20,50
"3985",3985,"tree","extra_words","2A","produces",1,1,165,2026-03-13 08:25:10,"VVI176",750,"f","3/13/26",20,50
"3986",3986,"zipper","extra_words","2A","produces",1,1,165,2026-03-13 08:25:10,"VVI176",750,"f","3/13/26",20,50
"3987",3987,"crow","extra_words","2A","produces",NA,0,165,2026-03-13 08:25:10,"VVI176",750,"f","3/13/26",20,50
"3988",3988,"penguin","extra_words","2A","produces",1,1,165,2026-03-13 08:25:10,"VVI176",750,"f","3/13/26",20,50
"3989",3989,"seahorse","extra_words","2A","produces",NA,0,165,2026-03-13 08:25:10,"VVI176",750,"f","3/13/26",20,50
"3990",3990,"duck","extra_words","2A","produces",1,1,165,2026-03-13 08:25:10,"VVI176",750,"f","3/13/26",20,50
"3991",3991,"chicken","extra_words","2A","produces",1,1,165,2026-03-13 08:25:10,"VVI176",750,"f","3/13/26",20,50
"3992",3992,"butterfly","extra_words","2A","produces",1,1,165,2026-03-13 08:25:10,"VVI176",750,"f","3/13/26",20,50
"3993",3993,"lizard","extra_words","2A","produces",NA,0,165,2026-03-13 08:25:10,"VVI176",750,"f","3/13/26",20,50
"3994",3994,"walrus","extra_words","2A","produces",NA,0,165,2026-03-13 08:25:10,"VVI176",750,"f","3/13/26",20,50
"3995",3995,"snake","extra_words","2A","produces",1,1,165,2026-03-13 08:25:10,"VVI176",750,"f","3/13/26",20,50
"3996",3996,"truck","extra_words","2A","produces",1,1,165,2026-03-13 08:25:10,"VVI176",750,"f","3/13/26",20,50
"3997",3997,"car","extra_words","2A","produces",1,1,165,2026-03-13 08:25:10,"VVI176",750,"f","3/13/26",20,50
"3998",3998,"airplane","extra_words","2A","produces",1,1,165,2026-03-13 08:25:10,"VVI176",750,"f","3/13/26",20,50
"3999",3999,"baa baa","cdi_words","2A","produces",1,1,165,2026-03-13 08:25:10,"VVI176",750,"f","3/13/26",20,50
"4000",4000,"meow","cdi_words","2A","produces",1,1,165,2026-03-13 08:25:10,"VVI176",750,"f","3/13/26",20,50
"4001",4001,"ouch","cdi_words","2A","produces",1,1,165,2026-03-13 08:25:10,"VVI176",750,"f","3/13/26",20,50
"4002",4002,"uh oh","cdi_words","2A","produces",1,1,165,2026-03-13 08:25:10,"VVI176",750,"f","3/13/26",20,50
"4003",4003,"woof woof","cdi_words","2A","produces",1,1,165,2026-03-13 08:25:10,"VVI176",750,"f","3/13/26",20,50
"4004",4004,"bear","cdi_words","2A","produces",1,1,165,2026-03-13 08:25:10,"VVI176",750,"f","3/13/26",20,50
"4005",4005,"bird","cdi_words","2A","produces",1,1,165,2026-03-13 08:25:10,"VVI176",750,"f","3/13/26",20,50
"4006",4006,"cat","cdi_words","2A","produces",1,1,165,2026-03-13 08:25:10,"VVI176",750,"f","3/13/26",20,50
"4007",4007,"dog","cdi_words","2A","produces",1,1,165,2026-03-13 08:25:10,"VVI176",750,"f","3/13/26",20,50
"4008",4008,"duck","cdi_words","2A","produces",NA,0,165,2026-03-13 08:25:10,"VVI176",750,"f","3/13/26",20,50
"4009",4009,"horse","cdi_words","2A","produces",1,1,165,2026-03-13 08:25:10,"VVI176",750,"f","3/13/26",20,50
"4010",4010,"airplane","cdi_words","2A","produces",1,1,165,2026-03-13 08:25:10,"VVI176",750,"f","3/13/26",20,50
"4011",4011,"boat","cdi_words","2A","produces",1,1,165,2026-03-13 08:25:10,"VVI176",750,"f","3/13/26",20,50
"4012",4012,"car","cdi_words","2A","produces",1,1,165,2026-03-13 08:25:10,"VVI176",750,"f","3/13/26",20,50
"4013",4013,"ball","cdi_words","2A","produces",1,1,165,2026-03-13 08:25:10,"VVI176",750,"f","3/13/26",20,50
"4014",4014,"book","cdi_words","2A","produces",1,1,165,2026-03-13 08:25:10,"VVI176",750,"f","3/13/26",20,50
"4015",4015,"game","cdi_words","2A","produces",NA,0,165,2026-03-13 08:25:10,"VVI176",750,"f","3/13/26",20,50
"4016",4016,"applesauce","cdi_words","2A","produces",1,1,165,2026-03-13 08:25:10,"VVI176",750,"f","3/13/26",20,50
"4017",4017,"candy","cdi_words","2A","produces",1,1,165,2026-03-13 08:25:10,"VVI176",750,"f","3/13/26",20,50
"4018",4018,"coke","cdi_words","2A","produces",NA,0,165,2026-03-13 08:25:10,"VVI176",750,"f","3/13/26",20,50
"4019",4019,"cracker","cdi_words","2A","produces",NA,0,165,2026-03-13 08:25:10,"VVI176",750,"f","3/13/26",20,50
"4020",4020,"juice","cdi_words","2A","produces",NA,0,165,2026-03-13 08:25:10,"VVI176",750,"f","3/13/26",20,50
"4021",4021,"meat","cdi_words","2A","produces",NA,0,165,2026-03-13 08:25:10,"VVI176",750,"f","3/13/26",20,50
"4022",4022,"milk","cdi_words","2A","produces",1,1,165,2026-03-13 08:25:10,"VVI176",750,"f","3/13/26",20,50
"4023",4023,"peas","cdi_words","2A","produces",NA,0,165,2026-03-13 08:25:10,"VVI176",750,"f","3/13/26",20,50
"4024",4024,"hat","cdi_words","2A","produces",1,1,165,2026-03-13 08:25:10,"VVI176",750,"f","3/13/26",20,50
"4025",4025,"necklace","cdi_words","2A","produces",NA,0,165,2026-03-13 08:25:10,"VVI176",750,"f","3/13/26",20,50
"4026",4026,"shoe","cdi_words","2A","produces",1,1,165,2026-03-13 08:25:10,"VVI176",750,"f","3/13/26",20,50
"4027",4027,"sock","cdi_words","2A","produces",1,1,165,2026-03-13 08:25:10,"VVI176",750,"f","3/13/26",20,50
"4028",4028,"chin","cdi_words","2A","produces",1,1,165,2026-03-13 08:25:10,"VVI176",750,"f","3/13/26",20,50
"4029",4029,"ear","cdi_words","2A","produces",1,1,165,2026-03-13 08:25:10,"VVI176",750,"f","3/13/26",20,50
"4030",4030,"hand","cdi_words","2A","produces",NA,0,165,2026-03-13 08:25:10,"VVI176",750,"f","3/13/26",20,50
"4031",4031,"leg","cdi_words","2A","produces",1,1,165,2026-03-13 08:25:10,"VVI176",750,"f","3/13/26",20,50
"4032",4032,"broom","cdi_words","2A","produces",1,1,165,2026-03-13 08:25:10,"VVI176",750,"f","3/13/26",20,50
"4033",4033,"comb","cdi_words","2A","produces",NA,0,165,2026-03-13 08:25:10,"VVI176",750,"f","3/13/26",20,50
"4034",4034,"mop","cdi_words","2A","produces",1,1,165,2026-03-13 08:25:10,"VVI176",750,"f","3/13/26",20,50
"4035",4035,"plate","cdi_words","2A","produces",1,1,165,2026-03-13 08:25:10,"VVI176",750,"f","3/13/26",20,50
"4036",4036,"trash","cdi_words","2A","produces",1,1,165,2026-03-13 08:25:10,"VVI176",750,"f","3/13/26",20,50
"4037",4037,"tray","cdi_words","2A","produces",NA,0,165,2026-03-13 08:25:10,"VVI176",750,"f","3/13/26",20,50
"4038",4038,"towel","cdi_words","2A","produces",1,1,165,2026-03-13 08:25:10,"VVI176",750,"f","3/13/26",20,50
"4039",4039,"bed","cdi_words","2A","produces",1,1,165,2026-03-13 08:25:10,"VVI176",750,"f","3/13/26",20,50
"4040",4040,"bedroom","cdi_words","2A","produces",1,1,165,2026-03-13 08:25:10,"VVI176",750,"f","3/13/26",20,50
"4041",4041,"bench","cdi_words","2A","produces",1,1,165,2026-03-13 08:25:10,"VVI176",750,"f","3/13/26",20,50
"4042",4042,"oven","cdi_words","2A","produces",1,1,165,2026-03-13 08:25:10,"VVI176",750,"f","3/13/26",20,50
"4043",4043,"stairs","cdi_words","2A","produces",1,1,165,2026-03-13 08:25:10,"VVI176",750,"f","3/13/26",20,50
"4044",4044,"flag","cdi_words","2A","produces",NA,0,165,2026-03-13 08:25:10,"VVI176",750,"f","3/13/26",20,50
"4045",4045,"rain","cdi_words","2A","produces",1,1,165,2026-03-13 08:25:10,"VVI176",750,"f","3/13/26",20,50
"4046",4046,"star","cdi_words","2A","produces",1,1,165,2026-03-13 08:25:10,"VVI176",750,"f","3/13/26",20,50
"4047",4047,"swing","cdi_words","2A","produces",1,1,165,2026-03-13 08:25:10,"VVI176",750,"f","3/13/26",20,50
"4048",4048,"school","cdi_words","2A","produces",1,1,165,2026-03-13 08:25:10,"VVI176",750,"f","3/13/26",20,50
"4049",4049,"sky","cdi_words","2A","produces",1,1,165,2026-03-13 08:25:10,"VVI176",750,"f","3/13/26",20,50
"4050",4050,"party","cdi_words","2A","produces",NA,0,165,2026-03-13 08:25:10,"VVI176",750,"f","3/13/26",20,50
"4051",4051,"friend","cdi_words","2A","produces",NA,0,165,2026-03-13 08:25:10,"VVI176",750,"f","3/13/26",20,50
"4052",4052,"mommy","cdi_words","2A","produces",1,1,165,2026-03-13 08:25:10,"VVI176",750,"f","3/13/26",20,50
"4053",4053,"person","cdi_words","2A","produces",NA,0,165,2026-03-13 08:25:10,"VVI176",750,"f","3/13/26",20,50
"4054",4054,"bye","cdi_words","2A","produces",1,1,165,2026-03-13 08:25:10,"VVI176",750,"f","3/13/26",20,50
"4055",4055,"hi","cdi_words","2A","produces",1,1,165,2026-03-13 08:25:10,"VVI176",750,"f","3/13/26",20,50
"4056",4056,"no","cdi_words","2A","produces",1,1,165,2026-03-13 08:25:10,"VVI176",750,"f","3/13/26",20,50
"4057",4057,"shopping","cdi_words","2A","produces",NA,0,165,2026-03-13 08:25:10,"VVI176",750,"f","3/13/26",20,50
"4058",4058,"thank you","cdi_words","2A","produces",1,1,165,2026-03-13 08:25:10,"VVI176",750,"f","3/13/26",20,50
"4059",4059,"carry","cdi_words","2A","produces",NA,0,165,2026-03-13 08:25:10,"VVI176",750,"f","3/13/26",20,50
"4060",4060,"chase","cdi_words","2A","produces",NA,0,165,2026-03-13 08:25:10,"VVI176",750,"f","3/13/26",20,50
"4061",4061,"dump","cdi_words","2A","produces",NA,0,165,2026-03-13 08:25:10,"VVI176",750,"f","3/13/26",20,50
"4062",4062,"finish","cdi_words","2A","produces",NA,0,165,2026-03-13 08:25:10,"VVI176",750,"f","3/13/26",20,50
"4063",4063,"fit","cdi_words","2A","produces",NA,0,165,2026-03-13 08:25:10,"VVI176",750,"f","3/13/26",20,50
"4064",4064,"hug","cdi_words","2A","produces",1,1,165,2026-03-13 08:25:10,"VVI176",750,"f","3/13/26",20,50
"4065",4065,"listen","cdi_words","2A","produces",NA,0,165,2026-03-13 08:25:10,"VVI176",750,"f","3/13/26",20,50
"4066",4066,"like","cdi_words","2A","produces",NA,0,165,2026-03-13 08:25:10,"VVI176",750,"f","3/13/26",20,50
"4067",4067,"pretend","cdi_words","2A","produces",NA,0,165,2026-03-13 08:25:10,"VVI176",750,"f","3/13/26",20,50
"4068",4068,"rip","cdi_words","2A","produces",NA,0,165,2026-03-13 08:25:10,"VVI176",750,"f","3/13/26",20,50
"4069",4069,"shake","cdi_words","2A","produces",NA,0,165,2026-03-13 08:25:10,"VVI176",750,"f","3/13/26",20,50
"4070",4070,"taste","cdi_words","2A","produces",NA,0,165,2026-03-13 08:25:10,"VVI176",750,"f","3/13/26",20,50
"4071",4071,"gentle","cdi_words","2A","produces",NA,0,165,2026-03-13 08:25:10,"VVI176",750,"f","3/13/26",20,50
"4072",4072,"think","cdi_words","2A","produces",NA,0,165,2026-03-13 08:25:10,"VVI176",750,"f","3/13/26",20,50
"4073",4073,"wish","cdi_words","2A","produces",NA,0,165,2026-03-13 08:25:10,"VVI176",750,"f","3/13/26",20,50
"4074",4074,"all gone","cdi_words","2A","produces",1,1,165,2026-03-13 08:25:10,"VVI176",750,"f","3/13/26",20,50
"4075",4075,"cold","cdi_words","2A","produces",NA,0,165,2026-03-13 08:25:10,"VVI176",750,"f","3/13/26",20,50
"4076",4076,"fast","cdi_words","2A","produces",NA,0,165,2026-03-13 08:25:10,"VVI176",750,"f","3/13/26",20,50
"4077",4077,"happy","cdi_words","2A","produces",1,1,165,2026-03-13 08:25:10,"VVI176",750,"f","3/13/26",20,50
"4078",4078,"hot","cdi_words","2A","produces",NA,0,165,2026-03-13 08:25:10,"VVI176",750,"f","3/13/26",20,50
"4079",4079,"last","cdi_words","2A","produces",NA,0,165,2026-03-13 08:25:10,"VVI176",750,"f","3/13/26",20,50
"4080",4080,"tiny","cdi_words","2A","produces",NA,0,165,2026-03-13 08:25:10,"VVI176",750,"f","3/13/26",20,50
"4081",4081,"wet","cdi_words","2A","produces",1,1,165,2026-03-13 08:25:10,"VVI176",750,"f","3/13/26",20,50
"4082",4082,"after","cdi_words","2A","produces",NA,0,165,2026-03-13 08:25:10,"VVI176",750,"f","3/13/26",20,50
"4083",4083,"day","cdi_words","2A","produces",NA,0,165,2026-03-13 08:25:10,"VVI176",750,"f","3/13/26",20,50
"4084",4084,"tonight","cdi_words","2A","produces",NA,0,165,2026-03-13 08:25:10,"VVI176",750,"f","3/13/26",20,50
"4085",4085,"our","cdi_words","2A","produces",NA,0,165,2026-03-13 08:25:10,"VVI176",750,"f","3/13/26",20,50
"4086",4086,"them","cdi_words","2A","produces",NA,0,165,2026-03-13 08:25:10,"VVI176",750,"f","3/13/26",20,50
"4087",4087,"this","cdi_words","2A","produces",1,1,165,2026-03-13 08:25:10,"VVI176",750,"f","3/13/26",20,50
"4088",4088,"us","cdi_words","2A","produces",NA,0,165,2026-03-13 08:25:10,"VVI176",750,"f","3/13/26",20,50
"4089",4089,"where","cdi_words","2A","produces",NA,0,165,2026-03-13 08:25:10,"VVI176",750,"f","3/13/26",20,50
"4090",4090,"beside","cdi_words","2A","produces",NA,0,165,2026-03-13 08:25:10,"VVI176",750,"f","3/13/26",20,50
"4091",4091,"down","cdi_words","2A","produces",NA,0,165,2026-03-13 08:25:10,"VVI176",750,"f","3/13/26",20,50
"4092",4092,"under","cdi_words","2A","produces",1,1,165,2026-03-13 08:25:10,"VVI176",750,"f","3/13/26",20,50
"4093",4093,"all","cdi_words","2A","produces",NA,0,165,2026-03-13 08:25:10,"VVI176",750,"f","3/13/26",20,50
"4094",4094,"much","cdi_words","2A","produces",NA,0,165,2026-03-13 08:25:10,"VVI176",750,"f","3/13/26",20,50
"4095",4095,"could","cdi_words","2A","produces",NA,0,165,2026-03-13 08:25:10,"VVI176",750,"f","3/13/26",20,50
"4096",4096,"need","cdi_words","2A","produces",NA,0,165,2026-03-13 08:25:10,"VVI176",750,"f","3/13/26",20,50
"4097",4097,"would","cdi_words","2A","produces",NA,0,165,2026-03-13 08:25:10,"VVI176",750,"f","3/13/26",20,50
"4098",4098,"if","cdi_words","2A","produces",NA,0,165,2026-03-13 08:25:10,"VVI176",750,"f","3/13/26",20,50
"4099",4099,"sock","extra_words","2A","produces",NA,0,98,2026-03-08 17:02:49,"VVI153",600,"f","2/19/26",5,15
"4100",4100,"bathtub","extra_words","2A","produces",1,1,98,2026-03-08 17:02:49,"VVI153",600,"f","2/19/26",5,15
"4101",4101,"shower","extra_words","2A","produces",NA,0,98,2026-03-08 17:02:49,"VVI153",600,"f","2/19/26",5,15
"4102",4102,"balloon","extra_words","2A","produces",1,1,98,2026-03-08 17:02:49,"VVI153",600,"f","2/19/26",5,15
"4103",4103,"dresser","extra_words","2A","produces",NA,0,98,2026-03-08 17:02:49,"VVI153",600,"f","2/19/26",5,15
"4104",4104,"kite","extra_words","2A","produces",NA,0,98,2026-03-08 17:02:49,"VVI153",600,"f","2/19/26",5,15
"4105",4105,"camel","extra_words","2A","produces",NA,0,98,2026-03-08 17:02:49,"VVI153",600,"f","2/19/26",5,15
"4106",4106,"elephant","extra_words","2A","produces",NA,0,98,2026-03-08 17:02:49,"VVI153",600,"f","2/19/26",5,15
"4107",4107,"ladybug","extra_words","2A","produces",NA,0,98,2026-03-08 17:02:49,"VVI153",600,"f","2/19/26",5,15
"4108",4108,"cloud","extra_words","2A","produces",NA,0,98,2026-03-08 17:02:49,"VVI153",600,"f","2/19/26",5,15
"4109",4109,"tree","extra_words","2A","produces",NA,0,98,2026-03-08 17:02:49,"VVI153",600,"f","2/19/26",5,15
"4110",4110,"zipper","extra_words","2A","produces",NA,0,98,2026-03-08 17:02:49,"VVI153",600,"f","2/19/26",5,15
"4111",4111,"crow","extra_words","2A","produces",NA,0,98,2026-03-08 17:02:49,"VVI153",600,"f","2/19/26",5,15
"4112",4112,"penguin","extra_words","2A","produces",NA,0,98,2026-03-08 17:02:49,"VVI153",600,"f","2/19/26",5,15
"4113",4113,"seahorse","extra_words","2A","produces",NA,0,98,2026-03-08 17:02:49,"VVI153",600,"f","2/19/26",5,15
"4114",4114,"duck","extra_words","2A","produces",NA,0,98,2026-03-08 17:02:49,"VVI153",600,"f","2/19/26",5,15
"4115",4115,"chicken","extra_words","2A","produces",NA,0,98,2026-03-08 17:02:49,"VVI153",600,"f","2/19/26",5,15
"4116",4116,"butterfly","extra_words","2A","produces",NA,0,98,2026-03-08 17:02:49,"VVI153",600,"f","2/19/26",5,15
"4117",4117,"lizard","extra_words","2A","produces",NA,0,98,2026-03-08 17:02:49,"VVI153",600,"f","2/19/26",5,15
"4118",4118,"walrus","extra_words","2A","produces",NA,0,98,2026-03-08 17:02:49,"VVI153",600,"f","2/19/26",5,15
"4119",4119,"snake","extra_words","2A","produces",1,1,98,2026-03-08 17:02:49,"VVI153",600,"f","2/19/26",5,15
"4120",4120,"truck","extra_words","2A","produces",1,1,98,2026-03-08 17:02:49,"VVI153",600,"f","2/19/26",5,15
"4121",4121,"car","extra_words","2A","produces",1,1,98,2026-03-08 17:02:49,"VVI153",600,"f","2/19/26",5,15
"4122",4122,"airplane","extra_words","2A","produces",NA,0,98,2026-03-08 17:02:49,"VVI153",600,"f","2/19/26",5,15
"4123",4123,"baa baa","cdi_words","2A","produces",1,1,98,2026-03-08 17:02:49,"VVI153",600,"f","2/19/26",5,15
"4124",4124,"meow","cdi_words","2A","produces",1,1,98,2026-03-08 17:02:49,"VVI153",600,"f","2/19/26",5,15
"4125",4125,"ouch","cdi_words","2A","produces",1,1,98,2026-03-08 17:02:49,"VVI153",600,"f","2/19/26",5,15
"4126",4126,"uh oh","cdi_words","2A","produces",1,1,98,2026-03-08 17:02:49,"VVI153",600,"f","2/19/26",5,15
"4127",4127,"woof woof","cdi_words","2A","produces",1,1,98,2026-03-08 17:02:49,"VVI153",600,"f","2/19/26",5,15
"4128",4128,"bear","cdi_words","2A","produces",NA,0,98,2026-03-08 17:02:49,"VVI153",600,"f","2/19/26",5,15
"4129",4129,"bird","cdi_words","2A","produces",NA,0,98,2026-03-08 17:02:49,"VVI153",600,"f","2/19/26",5,15
"4130",4130,"cat","cdi_words","2A","produces",NA,0,98,2026-03-08 17:02:49,"VVI153",600,"f","2/19/26",5,15
"4131",4131,"dog","cdi_words","2A","produces",NA,0,98,2026-03-08 17:02:49,"VVI153",600,"f","2/19/26",5,15
"4132",4132,"duck","cdi_words","2A","produces",1,1,98,2026-03-08 17:02:49,"VVI153",600,"f","2/19/26",5,15
"4133",4133,"horse","cdi_words","2A","produces",NA,0,98,2026-03-08 17:02:49,"VVI153",600,"f","2/19/26",5,15
"4134",4134,"airplane","cdi_words","2A","produces",NA,0,98,2026-03-08 17:02:49,"VVI153",600,"f","2/19/26",5,15
"4135",4135,"boat","cdi_words","2A","produces",NA,0,98,2026-03-08 17:02:49,"VVI153",600,"f","2/19/26",5,15
"4136",4136,"car","cdi_words","2A","produces",1,1,98,2026-03-08 17:02:49,"VVI153",600,"f","2/19/26",5,15
"4137",4137,"ball","cdi_words","2A","produces",NA,0,98,2026-03-08 17:02:49,"VVI153",600,"f","2/19/26",5,15
"4138",4138,"book","cdi_words","2A","produces",NA,0,98,2026-03-08 17:02:49,"VVI153",600,"f","2/19/26",5,15
"4139",4139,"game","cdi_words","2A","produces",NA,0,98,2026-03-08 17:02:49,"VVI153",600,"f","2/19/26",5,15
"4140",4140,"applesauce","cdi_words","2A","produces",NA,0,98,2026-03-08 17:02:49,"VVI153",600,"f","2/19/26",5,15
"4141",4141,"candy","cdi_words","2A","produces",1,1,98,2026-03-08 17:02:49,"VVI153",600,"f","2/19/26",5,15
"4142",4142,"coke","cdi_words","2A","produces",NA,0,98,2026-03-08 17:02:49,"VVI153",600,"f","2/19/26",5,15
"4143",4143,"cracker","cdi_words","2A","produces",NA,0,98,2026-03-08 17:02:49,"VVI153",600,"f","2/19/26",5,15
"4144",4144,"juice","cdi_words","2A","produces",NA,0,98,2026-03-08 17:02:49,"VVI153",600,"f","2/19/26",5,15
"4145",4145,"meat","cdi_words","2A","produces",NA,0,98,2026-03-08 17:02:49,"VVI153",600,"f","2/19/26",5,15
"4146",4146,"milk","cdi_words","2A","produces",1,1,98,2026-03-08 17:02:49,"VVI153",600,"f","2/19/26",5,15
"4147",4147,"peas","cdi_words","2A","produces",NA,0,98,2026-03-08 17:02:49,"VVI153",600,"f","2/19/26",5,15
"4148",4148,"hat","cdi_words","2A","produces",NA,0,98,2026-03-08 17:02:49,"VVI153",600,"f","2/19/26",5,15
"4149",4149,"necklace","cdi_words","2A","produces",NA,0,98,2026-03-08 17:02:49,"VVI153",600,"f","2/19/26",5,15
"4150",4150,"shoe","cdi_words","2A","produces",NA,0,98,2026-03-08 17:02:49,"VVI153",600,"f","2/19/26",5,15
"4151",4151,"sock","cdi_words","2A","produces",NA,0,98,2026-03-08 17:02:49,"VVI153",600,"f","2/19/26",5,15
"4152",4152,"chin","cdi_words","2A","produces",NA,0,98,2026-03-08 17:02:49,"VVI153",600,"f","2/19/26",5,15
"4153",4153,"ear","cdi_words","2A","produces",NA,0,98,2026-03-08 17:02:49,"VVI153",600,"f","2/19/26",5,15
"4154",4154,"hand","cdi_words","2A","produces",NA,0,98,2026-03-08 17:02:49,"VVI153",600,"f","2/19/26",5,15
"4155",4155,"leg","cdi_words","2A","produces",NA,0,98,2026-03-08 17:02:49,"VVI153",600,"f","2/19/26",5,15
"4156",4156,"broom","cdi_words","2A","produces",NA,0,98,2026-03-08 17:02:49,"VVI153",600,"f","2/19/26",5,15
"4157",4157,"comb","cdi_words","2A","produces",NA,0,98,2026-03-08 17:02:49,"VVI153",600,"f","2/19/26",5,15
"4158",4158,"mop","cdi_words","2A","produces",NA,0,98,2026-03-08 17:02:49,"VVI153",600,"f","2/19/26",5,15
"4159",4159,"plate","cdi_words","2A","produces",NA,0,98,2026-03-08 17:02:49,"VVI153",600,"f","2/19/26",5,15
"4160",4160,"trash","cdi_words","2A","produces",NA,0,98,2026-03-08 17:02:49,"VVI153",600,"f","2/19/26",5,15
"4161",4161,"tray","cdi_words","2A","produces",NA,0,98,2026-03-08 17:02:49,"VVI153",600,"f","2/19/26",5,15
"4162",4162,"towel","cdi_words","2A","produces",NA,0,98,2026-03-08 17:02:49,"VVI153",600,"f","2/19/26",5,15
"4163",4163,"bed","cdi_words","2A","produces",NA,0,98,2026-03-08 17:02:49,"VVI153",600,"f","2/19/26",5,15
"4164",4164,"bedroom","cdi_words","2A","produces",NA,0,98,2026-03-08 17:02:49,"VVI153",600,"f","2/19/26",5,15
"4165",4165,"bench","cdi_words","2A","produces",NA,0,98,2026-03-08 17:02:49,"VVI153",600,"f","2/19/26",5,15
"4166",4166,"oven","cdi_words","2A","produces",NA,0,98,2026-03-08 17:02:49,"VVI153",600,"f","2/19/26",5,15
"4167",4167,"stairs","cdi_words","2A","produces",NA,0,98,2026-03-08 17:02:49,"VVI153",600,"f","2/19/26",5,15
"4168",4168,"flag","cdi_words","2A","produces",NA,0,98,2026-03-08 17:02:49,"VVI153",600,"f","2/19/26",5,15
"4169",4169,"rain","cdi_words","2A","produces",NA,0,98,2026-03-08 17:02:49,"VVI153",600,"f","2/19/26",5,15
"4170",4170,"star","cdi_words","2A","produces",NA,0,98,2026-03-08 17:02:49,"VVI153",600,"f","2/19/26",5,15
"4171",4171,"swing","cdi_words","2A","produces",NA,0,98,2026-03-08 17:02:49,"VVI153",600,"f","2/19/26",5,15
"4172",4172,"school","cdi_words","2A","produces",NA,0,98,2026-03-08 17:02:49,"VVI153",600,"f","2/19/26",5,15
"4173",4173,"sky","cdi_words","2A","produces",NA,0,98,2026-03-08 17:02:49,"VVI153",600,"f","2/19/26",5,15
"4174",4174,"party","cdi_words","2A","produces",NA,0,98,2026-03-08 17:02:49,"VVI153",600,"f","2/19/26",5,15
"4175",4175,"friend","cdi_words","2A","produces",NA,0,98,2026-03-08 17:02:49,"VVI153",600,"f","2/19/26",5,15
"4176",4176,"mommy","cdi_words","2A","produces",NA,0,98,2026-03-08 17:02:49,"VVI153",600,"f","2/19/26",5,15
"4177",4177,"person","cdi_words","2A","produces",NA,0,98,2026-03-08 17:02:49,"VVI153",600,"f","2/19/26",5,15
"4178",4178,"bye","cdi_words","2A","produces",1,1,98,2026-03-08 17:02:49,"VVI153",600,"f","2/19/26",5,15
"4179",4179,"hi","cdi_words","2A","produces",1,1,98,2026-03-08 17:02:49,"VVI153",600,"f","2/19/26",5,15
"4180",4180,"no","cdi_words","2A","produces",1,1,98,2026-03-08 17:02:49,"VVI153",600,"f","2/19/26",5,15
"4181",4181,"shopping","cdi_words","2A","produces",NA,0,98,2026-03-08 17:02:49,"VVI153",600,"f","2/19/26",5,15
"4182",4182,"thank you","cdi_words","2A","produces",1,1,98,2026-03-08 17:02:49,"VVI153",600,"f","2/19/26",5,15
"4183",4183,"carry","cdi_words","2A","produces",NA,0,98,2026-03-08 17:02:49,"VVI153",600,"f","2/19/26",5,15
"4184",4184,"chase","cdi_words","2A","produces",NA,0,98,2026-03-08 17:02:49,"VVI153",600,"f","2/19/26",5,15
"4185",4185,"dump","cdi_words","2A","produces",NA,0,98,2026-03-08 17:02:49,"VVI153",600,"f","2/19/26",5,15
"4186",4186,"finish","cdi_words","2A","produces",NA,0,98,2026-03-08 17:02:49,"VVI153",600,"f","2/19/26",5,15
"4187",4187,"fit","cdi_words","2A","produces",NA,0,98,2026-03-08 17:02:49,"VVI153",600,"f","2/19/26",5,15
"4188",4188,"hug","cdi_words","2A","produces",NA,0,98,2026-03-08 17:02:49,"VVI153",600,"f","2/19/26",5,15
"4189",4189,"listen","cdi_words","2A","produces",NA,0,98,2026-03-08 17:02:49,"VVI153",600,"f","2/19/26",5,15
"4190",4190,"like","cdi_words","2A","produces",NA,0,98,2026-03-08 17:02:49,"VVI153",600,"f","2/19/26",5,15
"4191",4191,"pretend","cdi_words","2A","produces",NA,0,98,2026-03-08 17:02:49,"VVI153",600,"f","2/19/26",5,15
"4192",4192,"rip","cdi_words","2A","produces",NA,0,98,2026-03-08 17:02:49,"VVI153",600,"f","2/19/26",5,15
"4193",4193,"shake","cdi_words","2A","produces",NA,0,98,2026-03-08 17:02:49,"VVI153",600,"f","2/19/26",5,15
"4194",4194,"taste","cdi_words","2A","produces",NA,0,98,2026-03-08 17:02:49,"VVI153",600,"f","2/19/26",5,15
"4195",4195,"gentle","cdi_words","2A","produces",NA,0,98,2026-03-08 17:02:49,"VVI153",600,"f","2/19/26",5,15
"4196",4196,"think","cdi_words","2A","produces",NA,0,98,2026-03-08 17:02:49,"VVI153",600,"f","2/19/26",5,15
"4197",4197,"wish","cdi_words","2A","produces",NA,0,98,2026-03-08 17:02:49,"VVI153",600,"f","2/19/26",5,15
"4198",4198,"all gone","cdi_words","2A","produces",NA,0,98,2026-03-08 17:02:49,"VVI153",600,"f","2/19/26",5,15
"4199",4199,"cold","cdi_words","2A","produces",NA,0,98,2026-03-08 17:02:49,"VVI153",600,"f","2/19/26",5,15
"4200",4200,"fast","cdi_words","2A","produces",NA,0,98,2026-03-08 17:02:49,"VVI153",600,"f","2/19/26",5,15
"4201",4201,"happy","cdi_words","2A","produces",NA,0,98,2026-03-08 17:02:49,"VVI153",600,"f","2/19/26",5,15
"4202",4202,"hot","cdi_words","2A","produces",1,1,98,2026-03-08 17:02:49,"VVI153",600,"f","2/19/26",5,15
"4203",4203,"last","cdi_words","2A","produces",NA,0,98,2026-03-08 17:02:49,"VVI153",600,"f","2/19/26",5,15
"4204",4204,"tiny","cdi_words","2A","produces",NA,0,98,2026-03-08 17:02:49,"VVI153",600,"f","2/19/26",5,15
"4205",4205,"wet","cdi_words","2A","produces",NA,0,98,2026-03-08 17:02:49,"VVI153",600,"f","2/19/26",5,15
"4206",4206,"after","cdi_words","2A","produces",NA,0,98,2026-03-08 17:02:49,"VVI153",600,"f","2/19/26",5,15
"4207",4207,"day","cdi_words","2A","produces",1,1,98,2026-03-08 17:02:49,"VVI153",600,"f","2/19/26",5,15
"4208",4208,"tonight","cdi_words","2A","produces",NA,0,98,2026-03-08 17:02:49,"VVI153",600,"f","2/19/26",5,15
"4209",4209,"our","cdi_words","2A","produces",NA,0,98,2026-03-08 17:02:49,"VVI153",600,"f","2/19/26",5,15
"4210",4210,"them","cdi_words","2A","produces",NA,0,98,2026-03-08 17:02:49,"VVI153",600,"f","2/19/26",5,15
"4211",4211,"this","cdi_words","2A","produces",NA,0,98,2026-03-08 17:02:49,"VVI153",600,"f","2/19/26",5,15
"4212",4212,"us","cdi_words","2A","produces",NA,0,98,2026-03-08 17:02:49,"VVI153",600,"f","2/19/26",5,15
"4213",4213,"where","cdi_words","2A","produces",NA,0,98,2026-03-08 17:02:49,"VVI153",600,"f","2/19/26",5,15
"4214",4214,"beside","cdi_words","2A","produces",NA,0,98,2026-03-08 17:02:49,"VVI153",600,"f","2/19/26",5,15
"4215",4215,"down","cdi_words","2A","produces",NA,0,98,2026-03-08 17:02:49,"VVI153",600,"f","2/19/26",5,15
"4216",4216,"under","cdi_words","2A","produces",NA,0,98,2026-03-08 17:02:49,"VVI153",600,"f","2/19/26",5,15
"4217",4217,"all","cdi_words","2A","produces",NA,0,98,2026-03-08 17:02:49,"VVI153",600,"f","2/19/26",5,15
"4218",4218,"much","cdi_words","2A","produces",NA,0,98,2026-03-08 17:02:49,"VVI153",600,"f","2/19/26",5,15
"4219",4219,"could","cdi_words","2A","produces",NA,0,98,2026-03-08 17:02:49,"VVI153",600,"f","2/19/26",5,15
"4220",4220,"need","cdi_words","2A","produces",NA,0,98,2026-03-08 17:02:49,"VVI153",600,"f","2/19/26",5,15
"4221",4221,"would","cdi_words","2A","produces",NA,0,98,2026-03-08 17:02:49,"VVI153",600,"f","2/19/26",5,15
"4222",4222,"if","cdi_words","2A","produces",NA,0,98,2026-03-08 17:02:49,"VVI153",600,"f","2/19/26",5,15
"4223",4223,"sock","extra_words","2A","produces",1,1,209,2026-04-17 16:06:34,"VVI180",720,"m","3/25/26",85,88
"4224",4224,"bathtub","extra_words","2A","produces",1,1,209,2026-04-17 16:06:34,"VVI180",720,"m","3/25/26",85,88
"4225",4225,"shower","extra_words","2A","produces",1,1,209,2026-04-17 16:06:34,"VVI180",720,"m","3/25/26",85,88
"4226",4226,"balloon","extra_words","2A","produces",1,1,209,2026-04-17 16:06:34,"VVI180",720,"m","3/25/26",85,88
"4227",4227,"dresser","extra_words","2A","produces",NA,0,209,2026-04-17 16:06:34,"VVI180",720,"m","3/25/26",85,88
"4228",4228,"kite","extra_words","2A","produces",1,1,209,2026-04-17 16:06:34,"VVI180",720,"m","3/25/26",85,88
"4229",4229,"camel","extra_words","2A","produces",NA,0,209,2026-04-17 16:06:34,"VVI180",720,"m","3/25/26",85,88
"4230",4230,"elephant","extra_words","2A","produces",1,1,209,2026-04-17 16:06:34,"VVI180",720,"m","3/25/26",85,88
"4231",4231,"ladybug","extra_words","2A","produces",1,1,209,2026-04-17 16:06:34,"VVI180",720,"m","3/25/26",85,88
"4232",4232,"cloud","extra_words","2A","produces",1,1,209,2026-04-17 16:06:34,"VVI180",720,"m","3/25/26",85,88
"4233",4233,"tree","extra_words","2A","produces",1,1,209,2026-04-17 16:06:34,"VVI180",720,"m","3/25/26",85,88
"4234",4234,"zipper","extra_words","2A","produces",1,1,209,2026-04-17 16:06:34,"VVI180",720,"m","3/25/26",85,88
"4235",4235,"crow","extra_words","2A","produces",1,1,209,2026-04-17 16:06:34,"VVI180",720,"m","3/25/26",85,88
"4236",4236,"penguin","extra_words","2A","produces",1,1,209,2026-04-17 16:06:34,"VVI180",720,"m","3/25/26",85,88
"4237",4237,"seahorse","extra_words","2A","produces",1,1,209,2026-04-17 16:06:34,"VVI180",720,"m","3/25/26",85,88
"4238",4238,"duck","extra_words","2A","produces",1,1,209,2026-04-17 16:06:34,"VVI180",720,"m","3/25/26",85,88
"4239",4239,"chicken","extra_words","2A","produces",1,1,209,2026-04-17 16:06:34,"VVI180",720,"m","3/25/26",85,88
"4240",4240,"butterfly","extra_words","2A","produces",1,1,209,2026-04-17 16:06:34,"VVI180",720,"m","3/25/26",85,88
"4241",4241,"lizard","extra_words","2A","produces",NA,0,209,2026-04-17 16:06:34,"VVI180",720,"m","3/25/26",85,88
"4242",4242,"walrus","extra_words","2A","produces",NA,0,209,2026-04-17 16:06:34,"VVI180",720,"m","3/25/26",85,88
"4243",4243,"snake","extra_words","2A","produces",1,1,209,2026-04-17 16:06:34,"VVI180",720,"m","3/25/26",85,88
"4244",4244,"truck","extra_words","2A","produces",1,1,209,2026-04-17 16:06:34,"VVI180",720,"m","3/25/26",85,88
"4245",4245,"car","extra_words","2A","produces",1,1,209,2026-04-17 16:06:34,"VVI180",720,"m","3/25/26",85,88
"4246",4246,"airplane","extra_words","2A","produces",1,1,209,2026-04-17 16:06:34,"VVI180",720,"m","3/25/26",85,88
"4247",4247,"baa baa","cdi_words","2A","produces",1,1,209,2026-04-17 16:06:34,"VVI180",720,"m","3/25/26",85,88
"4248",4248,"meow","cdi_words","2A","produces",1,1,209,2026-04-17 16:06:34,"VVI180",720,"m","3/25/26",85,88
"4249",4249,"ouch","cdi_words","2A","produces",1,1,209,2026-04-17 16:06:34,"VVI180",720,"m","3/25/26",85,88
"4250",4250,"uh oh","cdi_words","2A","produces",1,1,209,2026-04-17 16:06:34,"VVI180",720,"m","3/25/26",85,88
"4251",4251,"woof woof","cdi_words","2A","produces",1,1,209,2026-04-17 16:06:34,"VVI180",720,"m","3/25/26",85,88
"4252",4252,"bear","cdi_words","2A","produces",1,1,209,2026-04-17 16:06:34,"VVI180",720,"m","3/25/26",85,88
"4253",4253,"bird","cdi_words","2A","produces",1,1,209,2026-04-17 16:06:34,"VVI180",720,"m","3/25/26",85,88
"4254",4254,"cat","cdi_words","2A","produces",1,1,209,2026-04-17 16:06:34,"VVI180",720,"m","3/25/26",85,88
"4255",4255,"dog","cdi_words","2A","produces",1,1,209,2026-04-17 16:06:34,"VVI180",720,"m","3/25/26",85,88
"4256",4256,"duck","cdi_words","2A","produces",1,1,209,2026-04-17 16:06:34,"VVI180",720,"m","3/25/26",85,88
"4257",4257,"horse","cdi_words","2A","produces",1,1,209,2026-04-17 16:06:34,"VVI180",720,"m","3/25/26",85,88
"4258",4258,"airplane","cdi_words","2A","produces",1,1,209,2026-04-17 16:06:34,"VVI180",720,"m","3/25/26",85,88
"4259",4259,"boat","cdi_words","2A","produces",1,1,209,2026-04-17 16:06:34,"VVI180",720,"m","3/25/26",85,88
"4260",4260,"car","cdi_words","2A","produces",1,1,209,2026-04-17 16:06:34,"VVI180",720,"m","3/25/26",85,88
"4261",4261,"ball","cdi_words","2A","produces",1,1,209,2026-04-17 16:06:34,"VVI180",720,"m","3/25/26",85,88
"4262",4262,"book","cdi_words","2A","produces",1,1,209,2026-04-17 16:06:34,"VVI180",720,"m","3/25/26",85,88
"4263",4263,"game","cdi_words","2A","produces",1,1,209,2026-04-17 16:06:34,"VVI180",720,"m","3/25/26",85,88
"4264",4264,"applesauce","cdi_words","2A","produces",1,1,209,2026-04-17 16:06:34,"VVI180",720,"m","3/25/26",85,88
"4265",4265,"candy","cdi_words","2A","produces",1,1,209,2026-04-17 16:06:34,"VVI180",720,"m","3/25/26",85,88
"4266",4266,"coke","cdi_words","2A","produces",NA,0,209,2026-04-17 16:06:34,"VVI180",720,"m","3/25/26",85,88
"4267",4267,"cracker","cdi_words","2A","produces",1,1,209,2026-04-17 16:06:34,"VVI180",720,"m","3/25/26",85,88
"4268",4268,"juice","cdi_words","2A","produces",1,1,209,2026-04-17 16:06:34,"VVI180",720,"m","3/25/26",85,88
"4269",4269,"meat","cdi_words","2A","produces",1,1,209,2026-04-17 16:06:34,"VVI180",720,"m","3/25/26",85,88
"4270",4270,"milk","cdi_words","2A","produces",1,1,209,2026-04-17 16:06:34,"VVI180",720,"m","3/25/26",85,88
"4271",4271,"peas","cdi_words","2A","produces",1,1,209,2026-04-17 16:06:34,"VVI180",720,"m","3/25/26",85,88
"4272",4272,"hat","cdi_words","2A","produces",1,1,209,2026-04-17 16:06:34,"VVI180",720,"m","3/25/26",85,88
"4273",4273,"necklace","cdi_words","2A","produces",1,1,209,2026-04-17 16:06:34,"VVI180",720,"m","3/25/26",85,88
"4274",4274,"shoe","cdi_words","2A","produces",1,1,209,2026-04-17 16:06:34,"VVI180",720,"m","3/25/26",85,88
"4275",4275,"sock","cdi_words","2A","produces",1,1,209,2026-04-17 16:06:34,"VVI180",720,"m","3/25/26",85,88
"4276",4276,"chin","cdi_words","2A","produces",1,1,209,2026-04-17 16:06:34,"VVI180",720,"m","3/25/26",85,88
"4277",4277,"ear","cdi_words","2A","produces",1,1,209,2026-04-17 16:06:34,"VVI180",720,"m","3/25/26",85,88
"4278",4278,"hand","cdi_words","2A","produces",1,1,209,2026-04-17 16:06:34,"VVI180",720,"m","3/25/26",85,88
"4279",4279,"leg","cdi_words","2A","produces",1,1,209,2026-04-17 16:06:34,"VVI180",720,"m","3/25/26",85,88
"4280",4280,"broom","cdi_words","2A","produces",1,1,209,2026-04-17 16:06:34,"VVI180",720,"m","3/25/26",85,88
"4281",4281,"comb","cdi_words","2A","produces",1,1,209,2026-04-17 16:06:34,"VVI180",720,"m","3/25/26",85,88
"4282",4282,"mop","cdi_words","2A","produces",NA,0,209,2026-04-17 16:06:34,"VVI180",720,"m","3/25/26",85,88
"4283",4283,"plate","cdi_words","2A","produces",1,1,209,2026-04-17 16:06:34,"VVI180",720,"m","3/25/26",85,88
"4284",4284,"trash","cdi_words","2A","produces",1,1,209,2026-04-17 16:06:34,"VVI180",720,"m","3/25/26",85,88
"4285",4285,"tray","cdi_words","2A","produces",NA,0,209,2026-04-17 16:06:34,"VVI180",720,"m","3/25/26",85,88
"4286",4286,"towel","cdi_words","2A","produces",1,1,209,2026-04-17 16:06:34,"VVI180",720,"m","3/25/26",85,88
"4287",4287,"bed","cdi_words","2A","produces",1,1,209,2026-04-17 16:06:34,"VVI180",720,"m","3/25/26",85,88
"4288",4288,"bedroom","cdi_words","2A","produces",1,1,209,2026-04-17 16:06:34,"VVI180",720,"m","3/25/26",85,88
"4289",4289,"bench","cdi_words","2A","produces",1,1,209,2026-04-17 16:06:34,"VVI180",720,"m","3/25/26",85,88
"4290",4290,"oven","cdi_words","2A","produces",1,1,209,2026-04-17 16:06:34,"VVI180",720,"m","3/25/26",85,88
"4291",4291,"stairs","cdi_words","2A","produces",1,1,209,2026-04-17 16:06:34,"VVI180",720,"m","3/25/26",85,88
"4292",4292,"flag","cdi_words","2A","produces",1,1,209,2026-04-17 16:06:34,"VVI180",720,"m","3/25/26",85,88
"4293",4293,"rain","cdi_words","2A","produces",1,1,209,2026-04-17 16:06:34,"VVI180",720,"m","3/25/26",85,88
"4294",4294,"star","cdi_words","2A","produces",1,1,209,2026-04-17 16:06:34,"VVI180",720,"m","3/25/26",85,88
"4295",4295,"swing","cdi_words","2A","produces",1,1,209,2026-04-17 16:06:34,"VVI180",720,"m","3/25/26",85,88
"4296",4296,"school","cdi_words","2A","produces",1,1,209,2026-04-17 16:06:34,"VVI180",720,"m","3/25/26",85,88
"4297",4297,"sky","cdi_words","2A","produces",1,1,209,2026-04-17 16:06:34,"VVI180",720,"m","3/25/26",85,88
"4298",4298,"party","cdi_words","2A","produces",1,1,209,2026-04-17 16:06:34,"VVI180",720,"m","3/25/26",85,88
"4299",4299,"friend","cdi_words","2A","produces",1,1,209,2026-04-17 16:06:34,"VVI180",720,"m","3/25/26",85,88
"4300",4300,"mommy","cdi_words","2A","produces",1,1,209,2026-04-17 16:06:34,"VVI180",720,"m","3/25/26",85,88
"4301",4301,"person","cdi_words","2A","produces",1,1,209,2026-04-17 16:06:34,"VVI180",720,"m","3/25/26",85,88
"4302",4302,"bye","cdi_words","2A","produces",1,1,209,2026-04-17 16:06:34,"VVI180",720,"m","3/25/26",85,88
"4303",4303,"hi","cdi_words","2A","produces",1,1,209,2026-04-17 16:06:34,"VVI180",720,"m","3/25/26",85,88
"4304",4304,"no","cdi_words","2A","produces",1,1,209,2026-04-17 16:06:34,"VVI180",720,"m","3/25/26",85,88
"4305",4305,"shopping","cdi_words","2A","produces",1,1,209,2026-04-17 16:06:34,"VVI180",720,"m","3/25/26",85,88
"4306",4306,"thank you","cdi_words","2A","produces",1,1,209,2026-04-17 16:06:34,"VVI180",720,"m","3/25/26",85,88
"4307",4307,"carry","cdi_words","2A","produces",1,1,209,2026-04-17 16:06:34,"VVI180",720,"m","3/25/26",85,88
"4308",4308,"chase","cdi_words","2A","produces",1,1,209,2026-04-17 16:06:34,"VVI180",720,"m","3/25/26",85,88
"4309",4309,"dump","cdi_words","2A","produces",NA,0,209,2026-04-17 16:06:34,"VVI180",720,"m","3/25/26",85,88
"4310",4310,"finish","cdi_words","2A","produces",1,1,209,2026-04-17 16:06:34,"VVI180",720,"m","3/25/26",85,88
"4311",4311,"fit","cdi_words","2A","produces",1,1,209,2026-04-17 16:06:34,"VVI180",720,"m","3/25/26",85,88
"4312",4312,"hug","cdi_words","2A","produces",1,1,209,2026-04-17 16:06:34,"VVI180",720,"m","3/25/26",85,88
"4313",4313,"listen","cdi_words","2A","produces",1,1,209,2026-04-17 16:06:34,"VVI180",720,"m","3/25/26",85,88
"4314",4314,"like","cdi_words","2A","produces",1,1,209,2026-04-17 16:06:34,"VVI180",720,"m","3/25/26",85,88
"4315",4315,"pretend","cdi_words","2A","produces",NA,0,209,2026-04-17 16:06:34,"VVI180",720,"m","3/25/26",85,88
"4316",4316,"rip","cdi_words","2A","produces",1,1,209,2026-04-17 16:06:34,"VVI180",720,"m","3/25/26",85,88
"4317",4317,"shake","cdi_words","2A","produces",1,1,209,2026-04-17 16:06:34,"VVI180",720,"m","3/25/26",85,88
"4318",4318,"taste","cdi_words","2A","produces",1,1,209,2026-04-17 16:06:34,"VVI180",720,"m","3/25/26",85,88
"4319",4319,"gentle","cdi_words","2A","produces",1,1,209,2026-04-17 16:06:34,"VVI180",720,"m","3/25/26",85,88
"4320",4320,"think","cdi_words","2A","produces",1,1,209,2026-04-17 16:06:34,"VVI180",720,"m","3/25/26",85,88
"4321",4321,"wish","cdi_words","2A","produces",NA,0,209,2026-04-17 16:06:34,"VVI180",720,"m","3/25/26",85,88
"4322",4322,"all gone","cdi_words","2A","produces",1,1,209,2026-04-17 16:06:34,"VVI180",720,"m","3/25/26",85,88
"4323",4323,"cold","cdi_words","2A","produces",1,1,209,2026-04-17 16:06:34,"VVI180",720,"m","3/25/26",85,88
"4324",4324,"fast","cdi_words","2A","produces",1,1,209,2026-04-17 16:06:34,"VVI180",720,"m","3/25/26",85,88
"4325",4325,"happy","cdi_words","2A","produces",1,1,209,2026-04-17 16:06:34,"VVI180",720,"m","3/25/26",85,88
"4326",4326,"hot","cdi_words","2A","produces",1,1,209,2026-04-17 16:06:34,"VVI180",720,"m","3/25/26",85,88
"4327",4327,"last","cdi_words","2A","produces",NA,0,209,2026-04-17 16:06:34,"VVI180",720,"m","3/25/26",85,88
"4328",4328,"tiny","cdi_words","2A","produces",NA,0,209,2026-04-17 16:06:34,"VVI180",720,"m","3/25/26",85,88
"4329",4329,"wet","cdi_words","2A","produces",1,1,209,2026-04-17 16:06:34,"VVI180",720,"m","3/25/26",85,88
"4330",4330,"after","cdi_words","2A","produces",1,1,209,2026-04-17 16:06:34,"VVI180",720,"m","3/25/26",85,88
"4331",4331,"day","cdi_words","2A","produces",1,1,209,2026-04-17 16:06:34,"VVI180",720,"m","3/25/26",85,88
"4332",4332,"tonight","cdi_words","2A","produces",1,1,209,2026-04-17 16:06:34,"VVI180",720,"m","3/25/26",85,88
"4333",4333,"our","cdi_words","2A","produces",1,1,209,2026-04-17 16:06:34,"VVI180",720,"m","3/25/26",85,88
"4334",4334,"them","cdi_words","2A","produces",1,1,209,2026-04-17 16:06:34,"VVI180",720,"m","3/25/26",85,88
"4335",4335,"this","cdi_words","2A","produces",1,1,209,2026-04-17 16:06:34,"VVI180",720,"m","3/25/26",85,88
"4336",4336,"us","cdi_words","2A","produces",NA,0,209,2026-04-17 16:06:34,"VVI180",720,"m","3/25/26",85,88
"4337",4337,"where","cdi_words","2A","produces",1,1,209,2026-04-17 16:06:34,"VVI180",720,"m","3/25/26",85,88
"4338",4338,"beside","cdi_words","2A","produces",NA,0,209,2026-04-17 16:06:34,"VVI180",720,"m","3/25/26",85,88
"4339",4339,"down","cdi_words","2A","produces",1,1,209,2026-04-17 16:06:34,"VVI180",720,"m","3/25/26",85,88
"4340",4340,"under","cdi_words","2A","produces",1,1,209,2026-04-17 16:06:34,"VVI180",720,"m","3/25/26",85,88
"4341",4341,"all","cdi_words","2A","produces",1,1,209,2026-04-17 16:06:34,"VVI180",720,"m","3/25/26",85,88
"4342",4342,"much","cdi_words","2A","produces",1,1,209,2026-04-17 16:06:34,"VVI180",720,"m","3/25/26",85,88
"4343",4343,"could","cdi_words","2A","produces",NA,0,209,2026-04-17 16:06:34,"VVI180",720,"m","3/25/26",85,88
"4344",4344,"need","cdi_words","2A","produces",1,1,209,2026-04-17 16:06:34,"VVI180",720,"m","3/25/26",85,88
"4345",4345,"would","cdi_words","2A","produces",1,1,209,2026-04-17 16:06:34,"VVI180",720,"m","3/25/26",85,88
"4346",4346,"if","cdi_words","2A","produces",NA,0,209,2026-04-17 16:06:34,"VVI180",720,"m","3/25/26",85,88
"4347",4347,"sock","extra_words","2A","produces",NA,0,129,2026-03-08 21:48:11,"VVI159",630,"m","2/22/26",35,27
"4348",4348,"bathtub","extra_words","2A","produces",1,1,129,2026-03-08 21:48:11,"VVI159",630,"m","2/22/26",35,27
"4349",4349,"shower","extra_words","2A","produces",NA,0,129,2026-03-08 21:48:11,"VVI159",630,"m","2/22/26",35,27
"4350",4350,"balloon","extra_words","2A","produces",1,1,129,2026-03-08 21:48:11,"VVI159",630,"m","2/22/26",35,27
"4351",4351,"dresser","extra_words","2A","produces",NA,0,129,2026-03-08 21:48:11,"VVI159",630,"m","2/22/26",35,27
"4352",4352,"kite","extra_words","2A","produces",NA,0,129,2026-03-08 21:48:11,"VVI159",630,"m","2/22/26",35,27
"4353",4353,"camel","extra_words","2A","produces",NA,0,129,2026-03-08 21:48:11,"VVI159",630,"m","2/22/26",35,27
"4354",4354,"elephant","extra_words","2A","produces",NA,0,129,2026-03-08 21:48:11,"VVI159",630,"m","2/22/26",35,27
"4355",4355,"ladybug","extra_words","2A","produces",NA,0,129,2026-03-08 21:48:11,"VVI159",630,"m","2/22/26",35,27
"4356",4356,"cloud","extra_words","2A","produces",NA,0,129,2026-03-08 21:48:11,"VVI159",630,"m","2/22/26",35,27
"4357",4357,"tree","extra_words","2A","produces",1,1,129,2026-03-08 21:48:11,"VVI159",630,"m","2/22/26",35,27
"4358",4358,"zipper","extra_words","2A","produces",NA,0,129,2026-03-08 21:48:11,"VVI159",630,"m","2/22/26",35,27
"4359",4359,"crow","extra_words","2A","produces",NA,0,129,2026-03-08 21:48:11,"VVI159",630,"m","2/22/26",35,27
"4360",4360,"penguin","extra_words","2A","produces",NA,0,129,2026-03-08 21:48:11,"VVI159",630,"m","2/22/26",35,27
"4361",4361,"seahorse","extra_words","2A","produces",NA,0,129,2026-03-08 21:48:11,"VVI159",630,"m","2/22/26",35,27
"4362",4362,"duck","extra_words","2A","produces",1,1,129,2026-03-08 21:48:11,"VVI159",630,"m","2/22/26",35,27
"4363",4363,"chicken","extra_words","2A","produces",NA,0,129,2026-03-08 21:48:11,"VVI159",630,"m","2/22/26",35,27
"4364",4364,"butterfly","extra_words","2A","produces",1,1,129,2026-03-08 21:48:11,"VVI159",630,"m","2/22/26",35,27
"4365",4365,"lizard","extra_words","2A","produces",NA,0,129,2026-03-08 21:48:11,"VVI159",630,"m","2/22/26",35,27
"4366",4366,"walrus","extra_words","2A","produces",NA,0,129,2026-03-08 21:48:11,"VVI159",630,"m","2/22/26",35,27
"4367",4367,"snake","extra_words","2A","produces",NA,0,129,2026-03-08 21:48:11,"VVI159",630,"m","2/22/26",35,27
"4368",4368,"truck","extra_words","2A","produces",1,1,129,2026-03-08 21:48:11,"VVI159",630,"m","2/22/26",35,27
"4369",4369,"car","extra_words","2A","produces",1,1,129,2026-03-08 21:48:11,"VVI159",630,"m","2/22/26",35,27
"4370",4370,"airplane","extra_words","2A","produces",1,1,129,2026-03-08 21:48:11,"VVI159",630,"m","2/22/26",35,27
"4371",4371,"baa baa","cdi_words","2A","produces",1,1,129,2026-03-08 21:48:11,"VVI159",630,"m","2/22/26",35,27
"4372",4372,"meow","cdi_words","2A","produces",1,1,129,2026-03-08 21:48:11,"VVI159",630,"m","2/22/26",35,27
"4373",4373,"ouch","cdi_words","2A","produces",NA,0,129,2026-03-08 21:48:11,"VVI159",630,"m","2/22/26",35,27
"4374",4374,"uh oh","cdi_words","2A","produces",1,1,129,2026-03-08 21:48:11,"VVI159",630,"m","2/22/26",35,27
"4375",4375,"woof woof","cdi_words","2A","produces",1,1,129,2026-03-08 21:48:11,"VVI159",630,"m","2/22/26",35,27
"4376",4376,"bear","cdi_words","2A","produces",1,1,129,2026-03-08 21:48:11,"VVI159",630,"m","2/22/26",35,27
"4377",4377,"bird","cdi_words","2A","produces",1,1,129,2026-03-08 21:48:11,"VVI159",630,"m","2/22/26",35,27
"4378",4378,"cat","cdi_words","2A","produces",1,1,129,2026-03-08 21:48:11,"VVI159",630,"m","2/22/26",35,27
"4379",4379,"dog","cdi_words","2A","produces",1,1,129,2026-03-08 21:48:11,"VVI159",630,"m","2/22/26",35,27
"4380",4380,"duck","cdi_words","2A","produces",1,1,129,2026-03-08 21:48:11,"VVI159",630,"m","2/22/26",35,27
"4381",4381,"horse","cdi_words","2A","produces",NA,0,129,2026-03-08 21:48:11,"VVI159",630,"m","2/22/26",35,27
"4382",4382,"airplane","cdi_words","2A","produces",1,1,129,2026-03-08 21:48:11,"VVI159",630,"m","2/22/26",35,27
"4383",4383,"boat","cdi_words","2A","produces",NA,0,129,2026-03-08 21:48:11,"VVI159",630,"m","2/22/26",35,27
"4384",4384,"car","cdi_words","2A","produces",1,1,129,2026-03-08 21:48:11,"VVI159",630,"m","2/22/26",35,27
"4385",4385,"ball","cdi_words","2A","produces",1,1,129,2026-03-08 21:48:11,"VVI159",630,"m","2/22/26",35,27
"4386",4386,"book","cdi_words","2A","produces",1,1,129,2026-03-08 21:48:11,"VVI159",630,"m","2/22/26",35,27
"4387",4387,"game","cdi_words","2A","produces",NA,0,129,2026-03-08 21:48:11,"VVI159",630,"m","2/22/26",35,27
"4388",4388,"applesauce","cdi_words","2A","produces",NA,0,129,2026-03-08 21:48:11,"VVI159",630,"m","2/22/26",35,27
"4389",4389,"candy","cdi_words","2A","produces",NA,0,129,2026-03-08 21:48:11,"VVI159",630,"m","2/22/26",35,27
"4390",4390,"coke","cdi_words","2A","produces",NA,0,129,2026-03-08 21:48:11,"VVI159",630,"m","2/22/26",35,27
"4391",4391,"cracker","cdi_words","2A","produces",NA,0,129,2026-03-08 21:48:11,"VVI159",630,"m","2/22/26",35,27
"4392",4392,"juice","cdi_words","2A","produces",NA,0,129,2026-03-08 21:48:11,"VVI159",630,"m","2/22/26",35,27
"4393",4393,"meat","cdi_words","2A","produces",NA,0,129,2026-03-08 21:48:11,"VVI159",630,"m","2/22/26",35,27
"4394",4394,"milk","cdi_words","2A","produces",1,1,129,2026-03-08 21:48:11,"VVI159",630,"m","2/22/26",35,27
"4395",4395,"peas","cdi_words","2A","produces",NA,0,129,2026-03-08 21:48:11,"VVI159",630,"m","2/22/26",35,27
"4396",4396,"hat","cdi_words","2A","produces",NA,0,129,2026-03-08 21:48:11,"VVI159",630,"m","2/22/26",35,27
"4397",4397,"necklace","cdi_words","2A","produces",NA,0,129,2026-03-08 21:48:11,"VVI159",630,"m","2/22/26",35,27
"4398",4398,"shoe","cdi_words","2A","produces",1,1,129,2026-03-08 21:48:11,"VVI159",630,"m","2/22/26",35,27
"4399",4399,"sock","cdi_words","2A","produces",1,1,129,2026-03-08 21:48:11,"VVI159",630,"m","2/22/26",35,27
"4400",4400,"chin","cdi_words","2A","produces",NA,0,129,2026-03-08 21:48:11,"VVI159",630,"m","2/22/26",35,27
"4401",4401,"ear","cdi_words","2A","produces",1,1,129,2026-03-08 21:48:11,"VVI159",630,"m","2/22/26",35,27
"4402",4402,"hand","cdi_words","2A","produces",NA,0,129,2026-03-08 21:48:11,"VVI159",630,"m","2/22/26",35,27
"4403",4403,"leg","cdi_words","2A","produces",NA,0,129,2026-03-08 21:48:11,"VVI159",630,"m","2/22/26",35,27
"4404",4404,"broom","cdi_words","2A","produces",NA,0,129,2026-03-08 21:48:11,"VVI159",630,"m","2/22/26",35,27
"4405",4405,"comb","cdi_words","2A","produces",NA,0,129,2026-03-08 21:48:11,"VVI159",630,"m","2/22/26",35,27
"4406",4406,"mop","cdi_words","2A","produces",NA,0,129,2026-03-08 21:48:11,"VVI159",630,"m","2/22/26",35,27
"4407",4407,"plate","cdi_words","2A","produces",NA,0,129,2026-03-08 21:48:11,"VVI159",630,"m","2/22/26",35,27
"4408",4408,"trash","cdi_words","2A","produces",1,1,129,2026-03-08 21:48:11,"VVI159",630,"m","2/22/26",35,27
"4409",4409,"tray","cdi_words","2A","produces",NA,0,129,2026-03-08 21:48:11,"VVI159",630,"m","2/22/26",35,27
"4410",4410,"towel","cdi_words","2A","produces",NA,0,129,2026-03-08 21:48:11,"VVI159",630,"m","2/22/26",35,27
"4411",4411,"bed","cdi_words","2A","produces",NA,0,129,2026-03-08 21:48:11,"VVI159",630,"m","2/22/26",35,27
"4412",4412,"bedroom","cdi_words","2A","produces",NA,0,129,2026-03-08 21:48:11,"VVI159",630,"m","2/22/26",35,27
"4413",4413,"bench","cdi_words","2A","produces",NA,0,129,2026-03-08 21:48:11,"VVI159",630,"m","2/22/26",35,27
"4414",4414,"oven","cdi_words","2A","produces",NA,0,129,2026-03-08 21:48:11,"VVI159",630,"m","2/22/26",35,27
"4415",4415,"stairs","cdi_words","2A","produces",NA,0,129,2026-03-08 21:48:11,"VVI159",630,"m","2/22/26",35,27
"4416",4416,"flag","cdi_words","2A","produces",NA,0,129,2026-03-08 21:48:11,"VVI159",630,"m","2/22/26",35,27
"4417",4417,"rain","cdi_words","2A","produces",NA,0,129,2026-03-08 21:48:11,"VVI159",630,"m","2/22/26",35,27
"4418",4418,"star","cdi_words","2A","produces",1,1,129,2026-03-08 21:48:11,"VVI159",630,"m","2/22/26",35,27
"4419",4419,"swing","cdi_words","2A","produces",1,1,129,2026-03-08 21:48:11,"VVI159",630,"m","2/22/26",35,27
"4420",4420,"school","cdi_words","2A","produces",NA,0,129,2026-03-08 21:48:11,"VVI159",630,"m","2/22/26",35,27
"4421",4421,"sky","cdi_words","2A","produces",NA,0,129,2026-03-08 21:48:11,"VVI159",630,"m","2/22/26",35,27
"4422",4422,"party","cdi_words","2A","produces",NA,0,129,2026-03-08 21:48:11,"VVI159",630,"m","2/22/26",35,27
"4423",4423,"friend","cdi_words","2A","produces",NA,0,129,2026-03-08 21:48:11,"VVI159",630,"m","2/22/26",35,27
"4424",4424,"mommy","cdi_words","2A","produces",1,1,129,2026-03-08 21:48:11,"VVI159",630,"m","2/22/26",35,27
"4425",4425,"person","cdi_words","2A","produces",NA,0,129,2026-03-08 21:48:11,"VVI159",630,"m","2/22/26",35,27
"4426",4426,"bye","cdi_words","2A","produces",1,1,129,2026-03-08 21:48:11,"VVI159",630,"m","2/22/26",35,27
"4427",4427,"hi","cdi_words","2A","produces",1,1,129,2026-03-08 21:48:11,"VVI159",630,"m","2/22/26",35,27
"4428",4428,"no","cdi_words","2A","produces",1,1,129,2026-03-08 21:48:11,"VVI159",630,"m","2/22/26",35,27
"4429",4429,"shopping","cdi_words","2A","produces",NA,0,129,2026-03-08 21:48:11,"VVI159",630,"m","2/22/26",35,27
"4430",4430,"thank you","cdi_words","2A","produces",1,1,129,2026-03-08 21:48:11,"VVI159",630,"m","2/22/26",35,27
"4431",4431,"carry","cdi_words","2A","produces",NA,0,129,2026-03-08 21:48:11,"VVI159",630,"m","2/22/26",35,27
"4432",4432,"chase","cdi_words","2A","produces",NA,0,129,2026-03-08 21:48:11,"VVI159",630,"m","2/22/26",35,27
"4433",4433,"dump","cdi_words","2A","produces",NA,0,129,2026-03-08 21:48:11,"VVI159",630,"m","2/22/26",35,27
"4434",4434,"finish","cdi_words","2A","produces",NA,0,129,2026-03-08 21:48:11,"VVI159",630,"m","2/22/26",35,27
"4435",4435,"fit","cdi_words","2A","produces",NA,0,129,2026-03-08 21:48:11,"VVI159",630,"m","2/22/26",35,27
"4436",4436,"hug","cdi_words","2A","produces",NA,0,129,2026-03-08 21:48:11,"VVI159",630,"m","2/22/26",35,27
"4437",4437,"listen","cdi_words","2A","produces",NA,0,129,2026-03-08 21:48:11,"VVI159",630,"m","2/22/26",35,27
"4438",4438,"like","cdi_words","2A","produces",NA,0,129,2026-03-08 21:48:11,"VVI159",630,"m","2/22/26",35,27
"4439",4439,"pretend","cdi_words","2A","produces",NA,0,129,2026-03-08 21:48:11,"VVI159",630,"m","2/22/26",35,27
"4440",4440,"rip","cdi_words","2A","produces",NA,0,129,2026-03-08 21:48:11,"VVI159",630,"m","2/22/26",35,27
"4441",4441,"shake","cdi_words","2A","produces",NA,0,129,2026-03-08 21:48:11,"VVI159",630,"m","2/22/26",35,27
"4442",4442,"taste","cdi_words","2A","produces",NA,0,129,2026-03-08 21:48:11,"VVI159",630,"m","2/22/26",35,27
"4443",4443,"gentle","cdi_words","2A","produces",NA,0,129,2026-03-08 21:48:11,"VVI159",630,"m","2/22/26",35,27
"4444",4444,"think","cdi_words","2A","produces",NA,0,129,2026-03-08 21:48:11,"VVI159",630,"m","2/22/26",35,27
"4445",4445,"wish","cdi_words","2A","produces",NA,0,129,2026-03-08 21:48:11,"VVI159",630,"m","2/22/26",35,27
"4446",4446,"all gone","cdi_words","2A","produces",NA,0,129,2026-03-08 21:48:11,"VVI159",630,"m","2/22/26",35,27
"4447",4447,"cold","cdi_words","2A","produces",1,1,129,2026-03-08 21:48:11,"VVI159",630,"m","2/22/26",35,27
"4448",4448,"fast","cdi_words","2A","produces",NA,0,129,2026-03-08 21:48:11,"VVI159",630,"m","2/22/26",35,27
"4449",4449,"happy","cdi_words","2A","produces",NA,0,129,2026-03-08 21:48:11,"VVI159",630,"m","2/22/26",35,27
"4450",4450,"hot","cdi_words","2A","produces",1,1,129,2026-03-08 21:48:11,"VVI159",630,"m","2/22/26",35,27
"4451",4451,"last","cdi_words","2A","produces",NA,0,129,2026-03-08 21:48:11,"VVI159",630,"m","2/22/26",35,27
"4452",4452,"tiny","cdi_words","2A","produces",NA,0,129,2026-03-08 21:48:11,"VVI159",630,"m","2/22/26",35,27
"4453",4453,"wet","cdi_words","2A","produces",NA,0,129,2026-03-08 21:48:11,"VVI159",630,"m","2/22/26",35,27
"4454",4454,"after","cdi_words","2A","produces",NA,0,129,2026-03-08 21:48:11,"VVI159",630,"m","2/22/26",35,27
"4455",4455,"day","cdi_words","2A","produces",NA,0,129,2026-03-08 21:48:11,"VVI159",630,"m","2/22/26",35,27
"4456",4456,"tonight","cdi_words","2A","produces",NA,0,129,2026-03-08 21:48:11,"VVI159",630,"m","2/22/26",35,27
"4457",4457,"our","cdi_words","2A","produces",NA,0,129,2026-03-08 21:48:11,"VVI159",630,"m","2/22/26",35,27
"4458",4458,"them","cdi_words","2A","produces",NA,0,129,2026-03-08 21:48:11,"VVI159",630,"m","2/22/26",35,27
"4459",4459,"this","cdi_words","2A","produces",NA,0,129,2026-03-08 21:48:11,"VVI159",630,"m","2/22/26",35,27
"4460",4460,"us","cdi_words","2A","produces",NA,0,129,2026-03-08 21:48:11,"VVI159",630,"m","2/22/26",35,27
"4461",4461,"where","cdi_words","2A","produces",NA,0,129,2026-03-08 21:48:11,"VVI159",630,"m","2/22/26",35,27
"4462",4462,"beside","cdi_words","2A","produces",NA,0,129,2026-03-08 21:48:11,"VVI159",630,"m","2/22/26",35,27
"4463",4463,"down","cdi_words","2A","produces",NA,0,129,2026-03-08 21:48:11,"VVI159",630,"m","2/22/26",35,27
"4464",4464,"under","cdi_words","2A","produces",NA,0,129,2026-03-08 21:48:11,"VVI159",630,"m","2/22/26",35,27
"4465",4465,"all","cdi_words","2A","produces",NA,0,129,2026-03-08 21:48:11,"VVI159",630,"m","2/22/26",35,27
"4466",4466,"much","cdi_words","2A","produces",NA,0,129,2026-03-08 21:48:11,"VVI159",630,"m","2/22/26",35,27
"4467",4467,"could","cdi_words","2A","produces",NA,0,129,2026-03-08 21:48:11,"VVI159",630,"m","2/22/26",35,27
"4468",4468,"need","cdi_words","2A","produces",NA,0,129,2026-03-08 21:48:11,"VVI159",630,"m","2/22/26",35,27
"4469",4469,"would","cdi_words","2A","produces",NA,0,129,2026-03-08 21:48:11,"VVI159",630,"m","2/22/26",35,27
"4470",4470,"if","cdi_words","2A","produces",NA,0,129,2026-03-08 21:48:11,"VVI159",630,"m","2/22/26",35,27
"4471",4471,"sock","extra_words","2A","produces",1,1,128,2026-03-08 17:19:57,"VVI140",630,"m","2/13/26",25,21
"4472",4472,"bathtub","extra_words","2A","produces",NA,0,128,2026-03-08 17:19:57,"VVI140",630,"m","2/13/26",25,21
"4473",4473,"shower","extra_words","2A","produces",NA,0,128,2026-03-08 17:19:57,"VVI140",630,"m","2/13/26",25,21
"4474",4474,"balloon","extra_words","2A","produces",1,1,128,2026-03-08 17:19:57,"VVI140",630,"m","2/13/26",25,21
"4475",4475,"dresser","extra_words","2A","produces",NA,0,128,2026-03-08 17:19:57,"VVI140",630,"m","2/13/26",25,21
"4476",4476,"kite","extra_words","2A","produces",NA,0,128,2026-03-08 17:19:57,"VVI140",630,"m","2/13/26",25,21
"4477",4477,"camel","extra_words","2A","produces",NA,0,128,2026-03-08 17:19:57,"VVI140",630,"m","2/13/26",25,21
"4478",4478,"elephant","extra_words","2A","produces",1,1,128,2026-03-08 17:19:57,"VVI140",630,"m","2/13/26",25,21
"4479",4479,"ladybug","extra_words","2A","produces",NA,0,128,2026-03-08 17:19:57,"VVI140",630,"m","2/13/26",25,21
"4480",4480,"cloud","extra_words","2A","produces",NA,0,128,2026-03-08 17:19:57,"VVI140",630,"m","2/13/26",25,21
"4481",4481,"tree","extra_words","2A","produces",1,1,128,2026-03-08 17:19:57,"VVI140",630,"m","2/13/26",25,21
"4482",4482,"zipper","extra_words","2A","produces",NA,0,128,2026-03-08 17:19:57,"VVI140",630,"m","2/13/26",25,21
"4483",4483,"crow","extra_words","2A","produces",NA,0,128,2026-03-08 17:19:57,"VVI140",630,"m","2/13/26",25,21
"4484",4484,"penguin","extra_words","2A","produces",NA,0,128,2026-03-08 17:19:57,"VVI140",630,"m","2/13/26",25,21
"4485",4485,"seahorse","extra_words","2A","produces",NA,0,128,2026-03-08 17:19:57,"VVI140",630,"m","2/13/26",25,21
"4486",4486,"duck","extra_words","2A","produces",1,1,128,2026-03-08 17:19:57,"VVI140",630,"m","2/13/26",25,21
"4487",4487,"chicken","extra_words","2A","produces",NA,0,128,2026-03-08 17:19:57,"VVI140",630,"m","2/13/26",25,21
"4488",4488,"butterfly","extra_words","2A","produces",NA,0,128,2026-03-08 17:19:57,"VVI140",630,"m","2/13/26",25,21
"4489",4489,"lizard","extra_words","2A","produces",NA,0,128,2026-03-08 17:19:57,"VVI140",630,"m","2/13/26",25,21
"4490",4490,"walrus","extra_words","2A","produces",NA,0,128,2026-03-08 17:19:57,"VVI140",630,"m","2/13/26",25,21
"4491",4491,"snake","extra_words","2A","produces",NA,0,128,2026-03-08 17:19:57,"VVI140",630,"m","2/13/26",25,21
"4492",4492,"truck","extra_words","2A","produces",NA,0,128,2026-03-08 17:19:57,"VVI140",630,"m","2/13/26",25,21
"4493",4493,"car","extra_words","2A","produces",1,1,128,2026-03-08 17:19:57,"VVI140",630,"m","2/13/26",25,21
"4494",4494,"airplane","extra_words","2A","produces",NA,0,128,2026-03-08 17:19:57,"VVI140",630,"m","2/13/26",25,21
"4495",4495,"baa baa","cdi_words","2A","produces",NA,0,128,2026-03-08 17:19:57,"VVI140",630,"m","2/13/26",25,21
"4496",4496,"meow","cdi_words","2A","produces",NA,0,128,2026-03-08 17:19:57,"VVI140",630,"m","2/13/26",25,21
"4497",4497,"ouch","cdi_words","2A","produces",NA,0,128,2026-03-08 17:19:57,"VVI140",630,"m","2/13/26",25,21
"4498",4498,"uh oh","cdi_words","2A","produces",1,1,128,2026-03-08 17:19:57,"VVI140",630,"m","2/13/26",25,21
"4499",4499,"woof woof","cdi_words","2A","produces",NA,0,128,2026-03-08 17:19:57,"VVI140",630,"m","2/13/26",25,21
"4500",4500,"bear","cdi_words","2A","produces",NA,0,128,2026-03-08 17:19:57,"VVI140",630,"m","2/13/26",25,21
"4501",4501,"bird","cdi_words","2A","produces",1,1,128,2026-03-08 17:19:57,"VVI140",630,"m","2/13/26",25,21
"4502",4502,"cat","cdi_words","2A","produces",1,1,128,2026-03-08 17:19:57,"VVI140",630,"m","2/13/26",25,21
"4503",4503,"dog","cdi_words","2A","produces",1,1,128,2026-03-08 17:19:57,"VVI140",630,"m","2/13/26",25,21
"4504",4504,"duck","cdi_words","2A","produces",1,1,128,2026-03-08 17:19:57,"VVI140",630,"m","2/13/26",25,21
"4505",4505,"horse","cdi_words","2A","produces",NA,0,128,2026-03-08 17:19:57,"VVI140",630,"m","2/13/26",25,21
"4506",4506,"airplane","cdi_words","2A","produces",NA,0,128,2026-03-08 17:19:57,"VVI140",630,"m","2/13/26",25,21
"4507",4507,"boat","cdi_words","2A","produces",NA,0,128,2026-03-08 17:19:57,"VVI140",630,"m","2/13/26",25,21
"4508",4508,"car","cdi_words","2A","produces",1,1,128,2026-03-08 17:19:57,"VVI140",630,"m","2/13/26",25,21
"4509",4509,"ball","cdi_words","2A","produces",1,1,128,2026-03-08 17:19:57,"VVI140",630,"m","2/13/26",25,21
"4510",4510,"book","cdi_words","2A","produces",1,1,128,2026-03-08 17:19:57,"VVI140",630,"m","2/13/26",25,21
"4511",4511,"game","cdi_words","2A","produces",NA,0,128,2026-03-08 17:19:57,"VVI140",630,"m","2/13/26",25,21
"4512",4512,"applesauce","cdi_words","2A","produces",NA,0,128,2026-03-08 17:19:57,"VVI140",630,"m","2/13/26",25,21
"4513",4513,"candy","cdi_words","2A","produces",NA,0,128,2026-03-08 17:19:57,"VVI140",630,"m","2/13/26",25,21
"4514",4514,"coke","cdi_words","2A","produces",NA,0,128,2026-03-08 17:19:57,"VVI140",630,"m","2/13/26",25,21
"4515",4515,"cracker","cdi_words","2A","produces",NA,0,128,2026-03-08 17:19:57,"VVI140",630,"m","2/13/26",25,21
"4516",4516,"juice","cdi_words","2A","produces",NA,0,128,2026-03-08 17:19:57,"VVI140",630,"m","2/13/26",25,21
"4517",4517,"meat","cdi_words","2A","produces",NA,0,128,2026-03-08 17:19:57,"VVI140",630,"m","2/13/26",25,21
"4518",4518,"milk","cdi_words","2A","produces",1,1,128,2026-03-08 17:19:57,"VVI140",630,"m","2/13/26",25,21
"4519",4519,"peas","cdi_words","2A","produces",NA,0,128,2026-03-08 17:19:57,"VVI140",630,"m","2/13/26",25,21
"4520",4520,"hat","cdi_words","2A","produces",1,1,128,2026-03-08 17:19:57,"VVI140",630,"m","2/13/26",25,21
"4521",4521,"necklace","cdi_words","2A","produces",NA,0,128,2026-03-08 17:19:57,"VVI140",630,"m","2/13/26",25,21
"4522",4522,"shoe","cdi_words","2A","produces",1,1,128,2026-03-08 17:19:57,"VVI140",630,"m","2/13/26",25,21
"4523",4523,"sock","cdi_words","2A","produces",1,1,128,2026-03-08 17:19:57,"VVI140",630,"m","2/13/26",25,21
"4524",4524,"chin","cdi_words","2A","produces",NA,0,128,2026-03-08 17:19:57,"VVI140",630,"m","2/13/26",25,21
"4525",4525,"ear","cdi_words","2A","produces",NA,0,128,2026-03-08 17:19:57,"VVI140",630,"m","2/13/26",25,21
"4526",4526,"hand","cdi_words","2A","produces",1,1,128,2026-03-08 17:19:57,"VVI140",630,"m","2/13/26",25,21
"4527",4527,"leg","cdi_words","2A","produces",NA,0,128,2026-03-08 17:19:57,"VVI140",630,"m","2/13/26",25,21
"4528",4528,"broom","cdi_words","2A","produces",NA,0,128,2026-03-08 17:19:57,"VVI140",630,"m","2/13/26",25,21
"4529",4529,"comb","cdi_words","2A","produces",NA,0,128,2026-03-08 17:19:57,"VVI140",630,"m","2/13/26",25,21
"4530",4530,"mop","cdi_words","2A","produces",NA,0,128,2026-03-08 17:19:57,"VVI140",630,"m","2/13/26",25,21
"4531",4531,"plate","cdi_words","2A","produces",NA,0,128,2026-03-08 17:19:57,"VVI140",630,"m","2/13/26",25,21
"4532",4532,"trash","cdi_words","2A","produces",NA,0,128,2026-03-08 17:19:57,"VVI140",630,"m","2/13/26",25,21
"4533",4533,"tray","cdi_words","2A","produces",NA,0,128,2026-03-08 17:19:57,"VVI140",630,"m","2/13/26",25,21
"4534",4534,"towel","cdi_words","2A","produces",1,1,128,2026-03-08 17:19:57,"VVI140",630,"m","2/13/26",25,21
"4535",4535,"bed","cdi_words","2A","produces",1,1,128,2026-03-08 17:19:57,"VVI140",630,"m","2/13/26",25,21
"4536",4536,"bedroom","cdi_words","2A","produces",NA,0,128,2026-03-08 17:19:57,"VVI140",630,"m","2/13/26",25,21
"4537",4537,"bench","cdi_words","2A","produces",NA,0,128,2026-03-08 17:19:57,"VVI140",630,"m","2/13/26",25,21
"4538",4538,"oven","cdi_words","2A","produces",NA,0,128,2026-03-08 17:19:57,"VVI140",630,"m","2/13/26",25,21
"4539",4539,"stairs","cdi_words","2A","produces",NA,0,128,2026-03-08 17:19:57,"VVI140",630,"m","2/13/26",25,21
"4540",4540,"flag","cdi_words","2A","produces",NA,0,128,2026-03-08 17:19:57,"VVI140",630,"m","2/13/26",25,21
"4541",4541,"rain","cdi_words","2A","produces",NA,0,128,2026-03-08 17:19:57,"VVI140",630,"m","2/13/26",25,21
"4542",4542,"star","cdi_words","2A","produces",NA,0,128,2026-03-08 17:19:57,"VVI140",630,"m","2/13/26",25,21
"4543",4543,"swing","cdi_words","2A","produces",NA,0,128,2026-03-08 17:19:57,"VVI140",630,"m","2/13/26",25,21
"4544",4544,"school","cdi_words","2A","produces",1,1,128,2026-03-08 17:19:57,"VVI140",630,"m","2/13/26",25,21
"4545",4545,"sky","cdi_words","2A","produces",NA,0,128,2026-03-08 17:19:57,"VVI140",630,"m","2/13/26",25,21
"4546",4546,"party","cdi_words","2A","produces",NA,0,128,2026-03-08 17:19:57,"VVI140",630,"m","2/13/26",25,21
"4547",4547,"friend","cdi_words","2A","produces",NA,0,128,2026-03-08 17:19:57,"VVI140",630,"m","2/13/26",25,21
"4548",4548,"mommy","cdi_words","2A","produces",1,1,128,2026-03-08 17:19:57,"VVI140",630,"m","2/13/26",25,21
"4549",4549,"person","cdi_words","2A","produces",NA,0,128,2026-03-08 17:19:57,"VVI140",630,"m","2/13/26",25,21
"4550",4550,"bye","cdi_words","2A","produces",1,1,128,2026-03-08 17:19:57,"VVI140",630,"m","2/13/26",25,21
"4551",4551,"hi","cdi_words","2A","produces",NA,0,128,2026-03-08 17:19:57,"VVI140",630,"m","2/13/26",25,21
"4552",4552,"no","cdi_words","2A","produces",NA,0,128,2026-03-08 17:19:57,"VVI140",630,"m","2/13/26",25,21
"4553",4553,"shopping","cdi_words","2A","produces",NA,0,128,2026-03-08 17:19:57,"VVI140",630,"m","2/13/26",25,21
"4554",4554,"thank you","cdi_words","2A","produces",NA,0,128,2026-03-08 17:19:57,"VVI140",630,"m","2/13/26",25,21
"4555",4555,"carry","cdi_words","2A","produces",NA,0,128,2026-03-08 17:19:57,"VVI140",630,"m","2/13/26",25,21
"4556",4556,"chase","cdi_words","2A","produces",NA,0,128,2026-03-08 17:19:57,"VVI140",630,"m","2/13/26",25,21
"4557",4557,"dump","cdi_words","2A","produces",NA,0,128,2026-03-08 17:19:57,"VVI140",630,"m","2/13/26",25,21
"4558",4558,"finish","cdi_words","2A","produces",NA,0,128,2026-03-08 17:19:57,"VVI140",630,"m","2/13/26",25,21
"4559",4559,"fit","cdi_words","2A","produces",NA,0,128,2026-03-08 17:19:57,"VVI140",630,"m","2/13/26",25,21
"4560",4560,"hug","cdi_words","2A","produces",NA,0,128,2026-03-08 17:19:57,"VVI140",630,"m","2/13/26",25,21
"4561",4561,"listen","cdi_words","2A","produces",NA,0,128,2026-03-08 17:19:57,"VVI140",630,"m","2/13/26",25,21
"4562",4562,"like","cdi_words","2A","produces",NA,0,128,2026-03-08 17:19:57,"VVI140",630,"m","2/13/26",25,21
"4563",4563,"pretend","cdi_words","2A","produces",NA,0,128,2026-03-08 17:19:57,"VVI140",630,"m","2/13/26",25,21
"4564",4564,"rip","cdi_words","2A","produces",NA,0,128,2026-03-08 17:19:57,"VVI140",630,"m","2/13/26",25,21
"4565",4565,"shake","cdi_words","2A","produces",NA,0,128,2026-03-08 17:19:57,"VVI140",630,"m","2/13/26",25,21
"4566",4566,"taste","cdi_words","2A","produces",NA,0,128,2026-03-08 17:19:57,"VVI140",630,"m","2/13/26",25,21
"4567",4567,"gentle","cdi_words","2A","produces",NA,0,128,2026-03-08 17:19:57,"VVI140",630,"m","2/13/26",25,21
"4568",4568,"think","cdi_words","2A","produces",NA,0,128,2026-03-08 17:19:57,"VVI140",630,"m","2/13/26",25,21
"4569",4569,"wish","cdi_words","2A","produces",NA,0,128,2026-03-08 17:19:57,"VVI140",630,"m","2/13/26",25,21
"4570",4570,"all gone","cdi_words","2A","produces",NA,0,128,2026-03-08 17:19:57,"VVI140",630,"m","2/13/26",25,21
"4571",4571,"cold","cdi_words","2A","produces",1,1,128,2026-03-08 17:19:57,"VVI140",630,"m","2/13/26",25,21
"4572",4572,"fast","cdi_words","2A","produces",NA,0,128,2026-03-08 17:19:57,"VVI140",630,"m","2/13/26",25,21
"4573",4573,"happy","cdi_words","2A","produces",NA,0,128,2026-03-08 17:19:57,"VVI140",630,"m","2/13/26",25,21
"4574",4574,"hot","cdi_words","2A","produces",1,1,128,2026-03-08 17:19:57,"VVI140",630,"m","2/13/26",25,21
"4575",4575,"last","cdi_words","2A","produces",NA,0,128,2026-03-08 17:19:57,"VVI140",630,"m","2/13/26",25,21
"4576",4576,"tiny","cdi_words","2A","produces",NA,0,128,2026-03-08 17:19:57,"VVI140",630,"m","2/13/26",25,21
"4577",4577,"wet","cdi_words","2A","produces",NA,0,128,2026-03-08 17:19:57,"VVI140",630,"m","2/13/26",25,21
"4578",4578,"after","cdi_words","2A","produces",NA,0,128,2026-03-08 17:19:57,"VVI140",630,"m","2/13/26",25,21
"4579",4579,"day","cdi_words","2A","produces",NA,0,128,2026-03-08 17:19:57,"VVI140",630,"m","2/13/26",25,21
"4580",4580,"tonight","cdi_words","2A","produces",NA,0,128,2026-03-08 17:19:57,"VVI140",630,"m","2/13/26",25,21
"4581",4581,"our","cdi_words","2A","produces",NA,0,128,2026-03-08 17:19:57,"VVI140",630,"m","2/13/26",25,21
"4582",4582,"them","cdi_words","2A","produces",NA,0,128,2026-03-08 17:19:57,"VVI140",630,"m","2/13/26",25,21
"4583",4583,"this","cdi_words","2A","produces",NA,0,128,2026-03-08 17:19:57,"VVI140",630,"m","2/13/26",25,21
"4584",4584,"us","cdi_words","2A","produces",NA,0,128,2026-03-08 17:19:57,"VVI140",630,"m","2/13/26",25,21
"4585",4585,"where","cdi_words","2A","produces",NA,0,128,2026-03-08 17:19:57,"VVI140",630,"m","2/13/26",25,21
"4586",4586,"beside","cdi_words","2A","produces",NA,0,128,2026-03-08 17:19:57,"VVI140",630,"m","2/13/26",25,21
"4587",4587,"down","cdi_words","2A","produces",1,1,128,2026-03-08 17:19:57,"VVI140",630,"m","2/13/26",25,21
"4588",4588,"under","cdi_words","2A","produces",NA,0,128,2026-03-08 17:19:57,"VVI140",630,"m","2/13/26",25,21
"4589",4589,"all","cdi_words","2A","produces",NA,0,128,2026-03-08 17:19:57,"VVI140",630,"m","2/13/26",25,21
"4590",4590,"much","cdi_words","2A","produces",NA,0,128,2026-03-08 17:19:57,"VVI140",630,"m","2/13/26",25,21
"4591",4591,"could","cdi_words","2A","produces",NA,0,128,2026-03-08 17:19:57,"VVI140",630,"m","2/13/26",25,21
"4592",4592,"need","cdi_words","2A","produces",NA,0,128,2026-03-08 17:19:57,"VVI140",630,"m","2/13/26",25,21
"4593",4593,"would","cdi_words","2A","produces",NA,0,128,2026-03-08 17:19:57,"VVI140",630,"m","2/13/26",25,21
"4594",4594,"if","cdi_words","2A","produces",NA,0,128,2026-03-08 17:19:57,"VVI140",630,"m","2/13/26",25,21
"4595",4595,"sock","extra_words","2A","produces",1,1,768,2026-05-25 19:45:03,"VVI217",600,"m","5/26/26",45,31
"4596",4596,"bathtub","extra_words","2A","produces",1,1,768,2026-05-25 19:45:03,"VVI217",600,"m","5/26/26",45,31
"4597",4597,"shower","extra_words","2A","produces",NA,0,768,2026-05-25 19:45:03,"VVI217",600,"m","5/26/26",45,31
"4598",4598,"balloon","extra_words","2A","produces",1,1,768,2026-05-25 19:45:03,"VVI217",600,"m","5/26/26",45,31
"4599",4599,"dresser","extra_words","2A","produces",NA,0,768,2026-05-25 19:45:03,"VVI217",600,"m","5/26/26",45,31
"4600",4600,"kite","extra_words","2A","produces",NA,0,768,2026-05-25 19:45:03,"VVI217",600,"m","5/26/26",45,31
"4601",4601,"camel","extra_words","2A","produces",NA,0,768,2026-05-25 19:45:03,"VVI217",600,"m","5/26/26",45,31
"4602",4602,"elephant","extra_words","2A","produces",1,1,768,2026-05-25 19:45:03,"VVI217",600,"m","5/26/26",45,31
"4603",4603,"ladybug","extra_words","2A","produces",1,1,768,2026-05-25 19:45:03,"VVI217",600,"m","5/26/26",45,31
"4604",4604,"cloud","extra_words","2A","produces",NA,0,768,2026-05-25 19:45:03,"VVI217",600,"m","5/26/26",45,31
"4605",4605,"tree","extra_words","2A","produces",1,1,768,2026-05-25 19:45:03,"VVI217",600,"m","5/26/26",45,31
"4606",4606,"zipper","extra_words","2A","produces",1,1,768,2026-05-25 19:45:03,"VVI217",600,"m","5/26/26",45,31
"4607",4607,"crow","extra_words","2A","produces",1,1,768,2026-05-25 19:45:03,"VVI217",600,"m","5/26/26",45,31
"4608",4608,"penguin","extra_words","2A","produces",NA,0,768,2026-05-25 19:45:03,"VVI217",600,"m","5/26/26",45,31
"4609",4609,"seahorse","extra_words","2A","produces",1,1,768,2026-05-25 19:45:03,"VVI217",600,"m","5/26/26",45,31
"4610",4610,"duck","extra_words","2A","produces",NA,0,768,2026-05-25 19:45:03,"VVI217",600,"m","5/26/26",45,31
"4611",4611,"chicken","extra_words","2A","produces",1,1,768,2026-05-25 19:45:03,"VVI217",600,"m","5/26/26",45,31
"4612",4612,"butterfly","extra_words","2A","produces",NA,0,768,2026-05-25 19:45:03,"VVI217",600,"m","5/26/26",45,31
"4613",4613,"lizard","extra_words","2A","produces",NA,0,768,2026-05-25 19:45:03,"VVI217",600,"m","5/26/26",45,31
"4614",4614,"walrus","extra_words","2A","produces",1,1,768,2026-05-25 19:45:03,"VVI217",600,"m","5/26/26",45,31
"4615",4615,"snake","extra_words","2A","produces",1,1,768,2026-05-25 19:45:03,"VVI217",600,"m","5/26/26",45,31
"4616",4616,"truck","extra_words","2A","produces",1,1,768,2026-05-25 19:45:03,"VVI217",600,"m","5/26/26",45,31
"4617",4617,"car","extra_words","2A","produces",1,1,768,2026-05-25 19:45:03,"VVI217",600,"m","5/26/26",45,31
"4618",4618,"airplane","extra_words","2A","produces",1,1,768,2026-05-25 19:45:03,"VVI217",600,"m","5/26/26",45,31
"4619",4619,"baa baa","cdi_words","2A","produces",1,1,768,2026-05-25 19:45:03,"VVI217",600,"m","5/26/26",45,31
"4620",4620,"meow","cdi_words","2A","produces",1,1,768,2026-05-25 19:45:03,"VVI217",600,"m","5/26/26",45,31
"4621",4621,"ouch","cdi_words","2A","produces",1,1,768,2026-05-25 19:45:03,"VVI217",600,"m","5/26/26",45,31
"4622",4622,"uh oh","cdi_words","2A","produces",1,1,768,2026-05-25 19:45:03,"VVI217",600,"m","5/26/26",45,31
"4623",4623,"woof woof","cdi_words","2A","produces",1,1,768,2026-05-25 19:45:03,"VVI217",600,"m","5/26/26",45,31
"4624",4624,"bear","cdi_words","2A","produces",NA,0,768,2026-05-25 19:45:03,"VVI217",600,"m","5/26/26",45,31
"4625",4625,"bird","cdi_words","2A","produces",1,1,768,2026-05-25 19:45:03,"VVI217",600,"m","5/26/26",45,31
"4626",4626,"cat","cdi_words","2A","produces",1,1,768,2026-05-25 19:45:03,"VVI217",600,"m","5/26/26",45,31
"4627",4627,"dog","cdi_words","2A","produces",1,1,768,2026-05-25 19:45:03,"VVI217",600,"m","5/26/26",45,31
"4628",4628,"duck","cdi_words","2A","produces",NA,0,768,2026-05-25 19:45:03,"VVI217",600,"m","5/26/26",45,31
"4629",4629,"horse","cdi_words","2A","produces",1,1,768,2026-05-25 19:45:03,"VVI217",600,"m","5/26/26",45,31
"4630",4630,"airplane","cdi_words","2A","produces",1,1,768,2026-05-25 19:45:03,"VVI217",600,"m","5/26/26",45,31
"4631",4631,"boat","cdi_words","2A","produces",1,1,768,2026-05-25 19:45:03,"VVI217",600,"m","5/26/26",45,31
"4632",4632,"car","cdi_words","2A","produces",1,1,768,2026-05-25 19:45:03,"VVI217",600,"m","5/26/26",45,31
"4633",4633,"ball","cdi_words","2A","produces",1,1,768,2026-05-25 19:45:03,"VVI217",600,"m","5/26/26",45,31
"4634",4634,"book","cdi_words","2A","produces",1,1,768,2026-05-25 19:45:03,"VVI217",600,"m","5/26/26",45,31
"4635",4635,"game","cdi_words","2A","produces",NA,0,768,2026-05-25 19:45:03,"VVI217",600,"m","5/26/26",45,31
"4636",4636,"applesauce","cdi_words","2A","produces",NA,0,768,2026-05-25 19:45:03,"VVI217",600,"m","5/26/26",45,31
"4637",4637,"candy","cdi_words","2A","produces",NA,0,768,2026-05-25 19:45:03,"VVI217",600,"m","5/26/26",45,31
"4638",4638,"coke","cdi_words","2A","produces",NA,0,768,2026-05-25 19:45:03,"VVI217",600,"m","5/26/26",45,31
"4639",4639,"cracker","cdi_words","2A","produces",NA,0,768,2026-05-25 19:45:03,"VVI217",600,"m","5/26/26",45,31
"4640",4640,"juice","cdi_words","2A","produces",NA,0,768,2026-05-25 19:45:03,"VVI217",600,"m","5/26/26",45,31
"4641",4641,"meat","cdi_words","2A","produces",NA,0,768,2026-05-25 19:45:03,"VVI217",600,"m","5/26/26",45,31
"4642",4642,"milk","cdi_words","2A","produces",NA,0,768,2026-05-25 19:45:03,"VVI217",600,"m","5/26/26",45,31
"4643",4643,"peas","cdi_words","2A","produces",NA,0,768,2026-05-25 19:45:03,"VVI217",600,"m","5/26/26",45,31
"4644",4644,"hat","cdi_words","2A","produces",1,1,768,2026-05-25 19:45:03,"VVI217",600,"m","5/26/26",45,31
"4645",4645,"necklace","cdi_words","2A","produces",NA,0,768,2026-05-25 19:45:03,"VVI217",600,"m","5/26/26",45,31
"4646",4646,"shoe","cdi_words","2A","produces",1,1,768,2026-05-25 19:45:03,"VVI217",600,"m","5/26/26",45,31
"4647",4647,"sock","cdi_words","2A","produces",1,1,768,2026-05-25 19:45:03,"VVI217",600,"m","5/26/26",45,31
"4648",4648,"chin","cdi_words","2A","produces",NA,0,768,2026-05-25 19:45:03,"VVI217",600,"m","5/26/26",45,31
"4649",4649,"ear","cdi_words","2A","produces",1,1,768,2026-05-25 19:45:03,"VVI217",600,"m","5/26/26",45,31
"4650",4650,"hand","cdi_words","2A","produces",NA,0,768,2026-05-25 19:45:03,"VVI217",600,"m","5/26/26",45,31
"4651",4651,"leg","cdi_words","2A","produces",1,1,768,2026-05-25 19:45:03,"VVI217",600,"m","5/26/26",45,31
"4652",4652,"broom","cdi_words","2A","produces",1,1,768,2026-05-25 19:45:03,"VVI217",600,"m","5/26/26",45,31
"4653",4653,"comb","cdi_words","2A","produces",1,1,768,2026-05-25 19:45:03,"VVI217",600,"m","5/26/26",45,31
"4654",4654,"mop","cdi_words","2A","produces",1,1,768,2026-05-25 19:45:03,"VVI217",600,"m","5/26/26",45,31
"4655",4655,"plate","cdi_words","2A","produces",NA,0,768,2026-05-25 19:45:03,"VVI217",600,"m","5/26/26",45,31
"4656",4656,"trash","cdi_words","2A","produces",1,1,768,2026-05-25 19:45:03,"VVI217",600,"m","5/26/26",45,31
"4657",4657,"tray","cdi_words","2A","produces",NA,0,768,2026-05-25 19:45:03,"VVI217",600,"m","5/26/26",45,31
"4658",4658,"towel","cdi_words","2A","produces",NA,0,768,2026-05-25 19:45:03,"VVI217",600,"m","5/26/26",45,31
"4659",4659,"bed","cdi_words","2A","produces",1,1,768,2026-05-25 19:45:03,"VVI217",600,"m","5/26/26",45,31
"4660",4660,"bedroom","cdi_words","2A","produces",NA,0,768,2026-05-25 19:45:03,"VVI217",600,"m","5/26/26",45,31
"4661",4661,"bench","cdi_words","2A","produces",NA,0,768,2026-05-25 19:45:03,"VVI217",600,"m","5/26/26",45,31
"4662",4662,"oven","cdi_words","2A","produces",NA,0,768,2026-05-25 19:45:03,"VVI217",600,"m","5/26/26",45,31
"4663",4663,"stairs","cdi_words","2A","produces",NA,0,768,2026-05-25 19:45:03,"VVI217",600,"m","5/26/26",45,31
"4664",4664,"flag","cdi_words","2A","produces",NA,0,768,2026-05-25 19:45:03,"VVI217",600,"m","5/26/26",45,31
"4665",4665,"rain","cdi_words","2A","produces",NA,0,768,2026-05-25 19:45:03,"VVI217",600,"m","5/26/26",45,31
"4666",4666,"star","cdi_words","2A","produces",1,1,768,2026-05-25 19:45:03,"VVI217",600,"m","5/26/26",45,31
"4667",4667,"swing","cdi_words","2A","produces",NA,0,768,2026-05-25 19:45:03,"VVI217",600,"m","5/26/26",45,31
"4668",4668,"school","cdi_words","2A","produces",NA,0,768,2026-05-25 19:45:03,"VVI217",600,"m","5/26/26",45,31
"4669",4669,"sky","cdi_words","2A","produces",NA,0,768,2026-05-25 19:45:03,"VVI217",600,"m","5/26/26",45,31
"4670",4670,"party","cdi_words","2A","produces",NA,0,768,2026-05-25 19:45:03,"VVI217",600,"m","5/26/26",45,31
"4671",4671,"friend","cdi_words","2A","produces",NA,0,768,2026-05-25 19:45:03,"VVI217",600,"m","5/26/26",45,31
"4672",4672,"mommy","cdi_words","2A","produces",1,1,768,2026-05-25 19:45:03,"VVI217",600,"m","5/26/26",45,31
"4673",4673,"person","cdi_words","2A","produces",NA,0,768,2026-05-25 19:45:03,"VVI217",600,"m","5/26/26",45,31
"4674",4674,"bye","cdi_words","2A","produces",1,1,768,2026-05-25 19:45:03,"VVI217",600,"m","5/26/26",45,31
"4675",4675,"hi","cdi_words","2A","produces",1,1,768,2026-05-25 19:45:03,"VVI217",600,"m","5/26/26",45,31
"4676",4676,"no","cdi_words","2A","produces",1,1,768,2026-05-25 19:45:03,"VVI217",600,"m","5/26/26",45,31
"4677",4677,"shopping","cdi_words","2A","produces",NA,0,768,2026-05-25 19:45:03,"VVI217",600,"m","5/26/26",45,31
"4678",4678,"thank you","cdi_words","2A","produces",NA,0,768,2026-05-25 19:45:03,"VVI217",600,"m","5/26/26",45,31
"4679",4679,"carry","cdi_words","2A","produces",NA,0,768,2026-05-25 19:45:03,"VVI217",600,"m","5/26/26",45,31
"4680",4680,"chase","cdi_words","2A","produces",NA,0,768,2026-05-25 19:45:03,"VVI217",600,"m","5/26/26",45,31
"4681",4681,"dump","cdi_words","2A","produces",NA,0,768,2026-05-25 19:45:03,"VVI217",600,"m","5/26/26",45,31
"4682",4682,"finish","cdi_words","2A","produces",NA,0,768,2026-05-25 19:45:03,"VVI217",600,"m","5/26/26",45,31
"4683",4683,"fit","cdi_words","2A","produces",NA,0,768,2026-05-25 19:45:03,"VVI217",600,"m","5/26/26",45,31
"4684",4684,"hug","cdi_words","2A","produces",NA,0,768,2026-05-25 19:45:03,"VVI217",600,"m","5/26/26",45,31
"4685",4685,"listen","cdi_words","2A","produces",NA,0,768,2026-05-25 19:45:03,"VVI217",600,"m","5/26/26",45,31
"4686",4686,"like","cdi_words","2A","produces",NA,0,768,2026-05-25 19:45:03,"VVI217",600,"m","5/26/26",45,31
"4687",4687,"pretend","cdi_words","2A","produces",NA,0,768,2026-05-25 19:45:03,"VVI217",600,"m","5/26/26",45,31
"4688",4688,"rip","cdi_words","2A","produces",NA,0,768,2026-05-25 19:45:03,"VVI217",600,"m","5/26/26",45,31
"4689",4689,"shake","cdi_words","2A","produces",NA,0,768,2026-05-25 19:45:03,"VVI217",600,"m","5/26/26",45,31
"4690",4690,"taste","cdi_words","2A","produces",NA,0,768,2026-05-25 19:45:03,"VVI217",600,"m","5/26/26",45,31
"4691",4691,"gentle","cdi_words","2A","produces",NA,0,768,2026-05-25 19:45:03,"VVI217",600,"m","5/26/26",45,31
"4692",4692,"think","cdi_words","2A","produces",NA,0,768,2026-05-25 19:45:03,"VVI217",600,"m","5/26/26",45,31
"4693",4693,"wish","cdi_words","2A","produces",NA,0,768,2026-05-25 19:45:03,"VVI217",600,"m","5/26/26",45,31
"4694",4694,"all gone","cdi_words","2A","produces",NA,0,768,2026-05-25 19:45:03,"VVI217",600,"m","5/26/26",45,31
"4695",4695,"cold","cdi_words","2A","produces",NA,0,768,2026-05-25 19:45:03,"VVI217",600,"m","5/26/26",45,31
"4696",4696,"fast","cdi_words","2A","produces",1,1,768,2026-05-25 19:45:03,"VVI217",600,"m","5/26/26",45,31
"4697",4697,"happy","cdi_words","2A","produces",NA,0,768,2026-05-25 19:45:03,"VVI217",600,"m","5/26/26",45,31
"4698",4698,"hot","cdi_words","2A","produces",NA,0,768,2026-05-25 19:45:03,"VVI217",600,"m","5/26/26",45,31
"4699",4699,"last","cdi_words","2A","produces",NA,0,768,2026-05-25 19:45:03,"VVI217",600,"m","5/26/26",45,31
"4700",4700,"tiny","cdi_words","2A","produces",NA,0,768,2026-05-25 19:45:03,"VVI217",600,"m","5/26/26",45,31
"4701",4701,"wet","cdi_words","2A","produces",NA,0,768,2026-05-25 19:45:03,"VVI217",600,"m","5/26/26",45,31
"4702",4702,"after","cdi_words","2A","produces",NA,0,768,2026-05-25 19:45:03,"VVI217",600,"m","5/26/26",45,31
"4703",4703,"day","cdi_words","2A","produces",NA,0,768,2026-05-25 19:45:03,"VVI217",600,"m","5/26/26",45,31
"4704",4704,"tonight","cdi_words","2A","produces",NA,0,768,2026-05-25 19:45:03,"VVI217",600,"m","5/26/26",45,31
"4705",4705,"our","cdi_words","2A","produces",NA,0,768,2026-05-25 19:45:03,"VVI217",600,"m","5/26/26",45,31
"4706",4706,"them","cdi_words","2A","produces",NA,0,768,2026-05-25 19:45:03,"VVI217",600,"m","5/26/26",45,31
"4707",4707,"this","cdi_words","2A","produces",NA,0,768,2026-05-25 19:45:03,"VVI217",600,"m","5/26/26",45,31
"4708",4708,"us","cdi_words","2A","produces",NA,0,768,2026-05-25 19:45:03,"VVI217",600,"m","5/26/26",45,31
"4709",4709,"where","cdi_words","2A","produces",NA,0,768,2026-05-25 19:45:03,"VVI217",600,"m","5/26/26",45,31
"4710",4710,"beside","cdi_words","2A","produces",NA,0,768,2026-05-25 19:45:03,"VVI217",600,"m","5/26/26",45,31
"4711",4711,"down","cdi_words","2A","produces",1,1,768,2026-05-25 19:45:03,"VVI217",600,"m","5/26/26",45,31
"4712",4712,"under","cdi_words","2A","produces",NA,0,768,2026-05-25 19:45:03,"VVI217",600,"m","5/26/26",45,31
"4713",4713,"all","cdi_words","2A","produces",NA,0,768,2026-05-25 19:45:03,"VVI217",600,"m","5/26/26",45,31
"4714",4714,"much","cdi_words","2A","produces",NA,0,768,2026-05-25 19:45:03,"VVI217",600,"m","5/26/26",45,31
"4715",4715,"could","cdi_words","2A","produces",NA,0,768,2026-05-25 19:45:03,"VVI217",600,"m","5/26/26",45,31
"4716",4716,"need","cdi_words","2A","produces",NA,0,768,2026-05-25 19:45:03,"VVI217",600,"m","5/26/26",45,31
"4717",4717,"would","cdi_words","2A","produces",NA,0,768,2026-05-25 19:45:03,"VVI217",600,"m","5/26/26",45,31
"4718",4718,"if","cdi_words","2A","produces",NA,0,768,2026-05-25 19:45:03,"VVI217",600,"m","5/26/26",45,31
"4719",4719,"sock","extra_words","2A","produces",1,1,137,2026-03-14 07:58:28,"VVI177",570,"m","3/14/26",20,13
"4720",4720,"bathtub","extra_words","2A","produces",NA,0,137,2026-03-14 07:58:28,"VVI177",570,"m","3/14/26",20,13
"4721",4721,"shower","extra_words","2A","produces",NA,0,137,2026-03-14 07:58:28,"VVI177",570,"m","3/14/26",20,13
"4722",4722,"balloon","extra_words","2A","produces",1,1,137,2026-03-14 07:58:28,"VVI177",570,"m","3/14/26",20,13
"4723",4723,"dresser","extra_words","2A","produces",NA,0,137,2026-03-14 07:58:28,"VVI177",570,"m","3/14/26",20,13
"4724",4724,"kite","extra_words","2A","produces",NA,0,137,2026-03-14 07:58:28,"VVI177",570,"m","3/14/26",20,13
"4725",4725,"camel","extra_words","2A","produces",NA,0,137,2026-03-14 07:58:28,"VVI177",570,"m","3/14/26",20,13
"4726",4726,"elephant","extra_words","2A","produces",NA,0,137,2026-03-14 07:58:28,"VVI177",570,"m","3/14/26",20,13
"4727",4727,"ladybug","extra_words","2A","produces",NA,0,137,2026-03-14 07:58:28,"VVI177",570,"m","3/14/26",20,13
"4728",4728,"cloud","extra_words","2A","produces",NA,0,137,2026-03-14 07:58:28,"VVI177",570,"m","3/14/26",20,13
"4729",4729,"tree","extra_words","2A","produces",1,1,137,2026-03-14 07:58:28,"VVI177",570,"m","3/14/26",20,13
"4730",4730,"zipper","extra_words","2A","produces",NA,0,137,2026-03-14 07:58:28,"VVI177",570,"m","3/14/26",20,13
"4731",4731,"crow","extra_words","2A","produces",NA,0,137,2026-03-14 07:58:28,"VVI177",570,"m","3/14/26",20,13
"4732",4732,"penguin","extra_words","2A","produces",NA,0,137,2026-03-14 07:58:28,"VVI177",570,"m","3/14/26",20,13
"4733",4733,"seahorse","extra_words","2A","produces",NA,0,137,2026-03-14 07:58:28,"VVI177",570,"m","3/14/26",20,13
"4734",4734,"duck","extra_words","2A","produces",1,1,137,2026-03-14 07:58:28,"VVI177",570,"m","3/14/26",20,13
"4735",4735,"chicken","extra_words","2A","produces",NA,0,137,2026-03-14 07:58:28,"VVI177",570,"m","3/14/26",20,13
"4736",4736,"butterfly","extra_words","2A","produces",NA,0,137,2026-03-14 07:58:28,"VVI177",570,"m","3/14/26",20,13
"4737",4737,"lizard","extra_words","2A","produces",NA,0,137,2026-03-14 07:58:28,"VVI177",570,"m","3/14/26",20,13
"4738",4738,"walrus","extra_words","2A","produces",NA,0,137,2026-03-14 07:58:28,"VVI177",570,"m","3/14/26",20,13
"4739",4739,"snake","extra_words","2A","produces",NA,0,137,2026-03-14 07:58:28,"VVI177",570,"m","3/14/26",20,13
"4740",4740,"truck","extra_words","2A","produces",NA,0,137,2026-03-14 07:58:28,"VVI177",570,"m","3/14/26",20,13
"4741",4741,"car","extra_words","2A","produces",NA,0,137,2026-03-14 07:58:28,"VVI177",570,"m","3/14/26",20,13
"4742",4742,"airplane","extra_words","2A","produces",NA,0,137,2026-03-14 07:58:28,"VVI177",570,"m","3/14/26",20,13
"4743",4743,"baa baa","cdi_words","2A","produces",NA,0,137,2026-03-14 07:58:28,"VVI177",570,"m","3/14/26",20,13
"4744",4744,"meow","cdi_words","2A","produces",NA,0,137,2026-03-14 07:58:28,"VVI177",570,"m","3/14/26",20,13
"4745",4745,"ouch","cdi_words","2A","produces",NA,0,137,2026-03-14 07:58:28,"VVI177",570,"m","3/14/26",20,13
"4746",4746,"uh oh","cdi_words","2A","produces",1,1,137,2026-03-14 07:58:28,"VVI177",570,"m","3/14/26",20,13
"4747",4747,"woof woof","cdi_words","2A","produces",1,1,137,2026-03-14 07:58:28,"VVI177",570,"m","3/14/26",20,13
"4748",4748,"bear","cdi_words","2A","produces",1,1,137,2026-03-14 07:58:28,"VVI177",570,"m","3/14/26",20,13
"4749",4749,"bird","cdi_words","2A","produces",NA,0,137,2026-03-14 07:58:28,"VVI177",570,"m","3/14/26",20,13
"4750",4750,"cat","cdi_words","2A","produces",1,1,137,2026-03-14 07:58:28,"VVI177",570,"m","3/14/26",20,13
"4751",4751,"dog","cdi_words","2A","produces",NA,0,137,2026-03-14 07:58:28,"VVI177",570,"m","3/14/26",20,13
"4752",4752,"duck","cdi_words","2A","produces",1,1,137,2026-03-14 07:58:28,"VVI177",570,"m","3/14/26",20,13
"4753",4753,"horse","cdi_words","2A","produces",NA,0,137,2026-03-14 07:58:28,"VVI177",570,"m","3/14/26",20,13
"4754",4754,"airplane","cdi_words","2A","produces",NA,0,137,2026-03-14 07:58:28,"VVI177",570,"m","3/14/26",20,13
"4755",4755,"boat","cdi_words","2A","produces",NA,0,137,2026-03-14 07:58:28,"VVI177",570,"m","3/14/26",20,13
"4756",4756,"car","cdi_words","2A","produces",NA,0,137,2026-03-14 07:58:28,"VVI177",570,"m","3/14/26",20,13
"4757",4757,"ball","cdi_words","2A","produces",1,1,137,2026-03-14 07:58:28,"VVI177",570,"m","3/14/26",20,13
"4758",4758,"book","cdi_words","2A","produces",1,1,137,2026-03-14 07:58:28,"VVI177",570,"m","3/14/26",20,13
"4759",4759,"game","cdi_words","2A","produces",NA,0,137,2026-03-14 07:58:28,"VVI177",570,"m","3/14/26",20,13
"4760",4760,"applesauce","cdi_words","2A","produces",NA,0,137,2026-03-14 07:58:28,"VVI177",570,"m","3/14/26",20,13
"4761",4761,"candy","cdi_words","2A","produces",NA,0,137,2026-03-14 07:58:28,"VVI177",570,"m","3/14/26",20,13
"4762",4762,"coke","cdi_words","2A","produces",NA,0,137,2026-03-14 07:58:28,"VVI177",570,"m","3/14/26",20,13
"4763",4763,"cracker","cdi_words","2A","produces",NA,0,137,2026-03-14 07:58:28,"VVI177",570,"m","3/14/26",20,13
"4764",4764,"juice","cdi_words","2A","produces",NA,0,137,2026-03-14 07:58:28,"VVI177",570,"m","3/14/26",20,13
"4765",4765,"meat","cdi_words","2A","produces",NA,0,137,2026-03-14 07:58:28,"VVI177",570,"m","3/14/26",20,13
"4766",4766,"milk","cdi_words","2A","produces",1,1,137,2026-03-14 07:58:28,"VVI177",570,"m","3/14/26",20,13
"4767",4767,"peas","cdi_words","2A","produces",NA,0,137,2026-03-14 07:58:28,"VVI177",570,"m","3/14/26",20,13
"4768",4768,"hat","cdi_words","2A","produces",1,1,137,2026-03-14 07:58:28,"VVI177",570,"m","3/14/26",20,13
"4769",4769,"necklace","cdi_words","2A","produces",NA,0,137,2026-03-14 07:58:28,"VVI177",570,"m","3/14/26",20,13
"4770",4770,"shoe","cdi_words","2A","produces",1,1,137,2026-03-14 07:58:28,"VVI177",570,"m","3/14/26",20,13
"4771",4771,"sock","cdi_words","2A","produces",NA,0,137,2026-03-14 07:58:28,"VVI177",570,"m","3/14/26",20,13
"4772",4772,"chin","cdi_words","2A","produces",NA,0,137,2026-03-14 07:58:28,"VVI177",570,"m","3/14/26",20,13
"4773",4773,"ear","cdi_words","2A","produces",NA,0,137,2026-03-14 07:58:28,"VVI177",570,"m","3/14/26",20,13
"4774",4774,"hand","cdi_words","2A","produces",NA,0,137,2026-03-14 07:58:28,"VVI177",570,"m","3/14/26",20,13
"4775",4775,"leg","cdi_words","2A","produces",NA,0,137,2026-03-14 07:58:28,"VVI177",570,"m","3/14/26",20,13
"4776",4776,"broom","cdi_words","2A","produces",NA,0,137,2026-03-14 07:58:28,"VVI177",570,"m","3/14/26",20,13
"4777",4777,"comb","cdi_words","2A","produces",NA,0,137,2026-03-14 07:58:28,"VVI177",570,"m","3/14/26",20,13
"4778",4778,"mop","cdi_words","2A","produces",NA,0,137,2026-03-14 07:58:28,"VVI177",570,"m","3/14/26",20,13
"4779",4779,"plate","cdi_words","2A","produces",NA,0,137,2026-03-14 07:58:28,"VVI177",570,"m","3/14/26",20,13
"4780",4780,"trash","cdi_words","2A","produces",NA,0,137,2026-03-14 07:58:28,"VVI177",570,"m","3/14/26",20,13
"4781",4781,"tray","cdi_words","2A","produces",NA,0,137,2026-03-14 07:58:28,"VVI177",570,"m","3/14/26",20,13
"4782",4782,"towel","cdi_words","2A","produces",NA,0,137,2026-03-14 07:58:28,"VVI177",570,"m","3/14/26",20,13
"4783",4783,"bed","cdi_words","2A","produces",NA,0,137,2026-03-14 07:58:28,"VVI177",570,"m","3/14/26",20,13
"4784",4784,"bedroom","cdi_words","2A","produces",NA,0,137,2026-03-14 07:58:28,"VVI177",570,"m","3/14/26",20,13
"4785",4785,"bench","cdi_words","2A","produces",NA,0,137,2026-03-14 07:58:28,"VVI177",570,"m","3/14/26",20,13
"4786",4786,"oven","cdi_words","2A","produces",NA,0,137,2026-03-14 07:58:28,"VVI177",570,"m","3/14/26",20,13
"4787",4787,"stairs","cdi_words","2A","produces",NA,0,137,2026-03-14 07:58:28,"VVI177",570,"m","3/14/26",20,13
"4788",4788,"flag","cdi_words","2A","produces",NA,0,137,2026-03-14 07:58:28,"VVI177",570,"m","3/14/26",20,13
"4789",4789,"rain","cdi_words","2A","produces",NA,0,137,2026-03-14 07:58:28,"VVI177",570,"m","3/14/26",20,13
"4790",4790,"star","cdi_words","2A","produces",NA,0,137,2026-03-14 07:58:28,"VVI177",570,"m","3/14/26",20,13
"4791",4791,"swing","cdi_words","2A","produces",NA,0,137,2026-03-14 07:58:28,"VVI177",570,"m","3/14/26",20,13
"4792",4792,"school","cdi_words","2A","produces",NA,0,137,2026-03-14 07:58:28,"VVI177",570,"m","3/14/26",20,13
"4793",4793,"sky","cdi_words","2A","produces",NA,0,137,2026-03-14 07:58:28,"VVI177",570,"m","3/14/26",20,13
"4794",4794,"party","cdi_words","2A","produces",NA,0,137,2026-03-14 07:58:28,"VVI177",570,"m","3/14/26",20,13
"4795",4795,"friend","cdi_words","2A","produces",NA,0,137,2026-03-14 07:58:28,"VVI177",570,"m","3/14/26",20,13
"4796",4796,"mommy","cdi_words","2A","produces",NA,0,137,2026-03-14 07:58:28,"VVI177",570,"m","3/14/26",20,13
"4797",4797,"person","cdi_words","2A","produces",NA,0,137,2026-03-14 07:58:28,"VVI177",570,"m","3/14/26",20,13
"4798",4798,"bye","cdi_words","2A","produces",NA,0,137,2026-03-14 07:58:28,"VVI177",570,"m","3/14/26",20,13
"4799",4799,"hi","cdi_words","2A","produces",1,1,137,2026-03-14 07:58:28,"VVI177",570,"m","3/14/26",20,13
"4800",4800,"no","cdi_words","2A","produces",NA,0,137,2026-03-14 07:58:28,"VVI177",570,"m","3/14/26",20,13
"4801",4801,"shopping","cdi_words","2A","produces",NA,0,137,2026-03-14 07:58:28,"VVI177",570,"m","3/14/26",20,13
"4802",4802,"thank you","cdi_words","2A","produces",NA,0,137,2026-03-14 07:58:28,"VVI177",570,"m","3/14/26",20,13
"4803",4803,"carry","cdi_words","2A","produces",NA,0,137,2026-03-14 07:58:28,"VVI177",570,"m","3/14/26",20,13
"4804",4804,"chase","cdi_words","2A","produces",NA,0,137,2026-03-14 07:58:28,"VVI177",570,"m","3/14/26",20,13
"4805",4805,"dump","cdi_words","2A","produces",NA,0,137,2026-03-14 07:58:28,"VVI177",570,"m","3/14/26",20,13
"4806",4806,"finish","cdi_words","2A","produces",NA,0,137,2026-03-14 07:58:28,"VVI177",570,"m","3/14/26",20,13
"4807",4807,"fit","cdi_words","2A","produces",NA,0,137,2026-03-14 07:58:28,"VVI177",570,"m","3/14/26",20,13
"4808",4808,"hug","cdi_words","2A","produces",1,1,137,2026-03-14 07:58:28,"VVI177",570,"m","3/14/26",20,13
"4809",4809,"listen","cdi_words","2A","produces",NA,0,137,2026-03-14 07:58:28,"VVI177",570,"m","3/14/26",20,13
"4810",4810,"like","cdi_words","2A","produces",NA,0,137,2026-03-14 07:58:28,"VVI177",570,"m","3/14/26",20,13
"4811",4811,"pretend","cdi_words","2A","produces",NA,0,137,2026-03-14 07:58:28,"VVI177",570,"m","3/14/26",20,13
"4812",4812,"rip","cdi_words","2A","produces",NA,0,137,2026-03-14 07:58:28,"VVI177",570,"m","3/14/26",20,13
"4813",4813,"shake","cdi_words","2A","produces",NA,0,137,2026-03-14 07:58:28,"VVI177",570,"m","3/14/26",20,13
"4814",4814,"taste","cdi_words","2A","produces",NA,0,137,2026-03-14 07:58:28,"VVI177",570,"m","3/14/26",20,13
"4815",4815,"gentle","cdi_words","2A","produces",NA,0,137,2026-03-14 07:58:28,"VVI177",570,"m","3/14/26",20,13
"4816",4816,"think","cdi_words","2A","produces",NA,0,137,2026-03-14 07:58:28,"VVI177",570,"m","3/14/26",20,13
"4817",4817,"wish","cdi_words","2A","produces",NA,0,137,2026-03-14 07:58:28,"VVI177",570,"m","3/14/26",20,13
"4818",4818,"all gone","cdi_words","2A","produces",NA,0,137,2026-03-14 07:58:28,"VVI177",570,"m","3/14/26",20,13
"4819",4819,"cold","cdi_words","2A","produces",NA,0,137,2026-03-14 07:58:28,"VVI177",570,"m","3/14/26",20,13
"4820",4820,"fast","cdi_words","2A","produces",NA,0,137,2026-03-14 07:58:28,"VVI177",570,"m","3/14/26",20,13
"4821",4821,"happy","cdi_words","2A","produces",NA,0,137,2026-03-14 07:58:28,"VVI177",570,"m","3/14/26",20,13
"4822",4822,"hot","cdi_words","2A","produces",1,1,137,2026-03-14 07:58:28,"VVI177",570,"m","3/14/26",20,13
"4823",4823,"last","cdi_words","2A","produces",NA,0,137,2026-03-14 07:58:28,"VVI177",570,"m","3/14/26",20,13
"4824",4824,"tiny","cdi_words","2A","produces",NA,0,137,2026-03-14 07:58:28,"VVI177",570,"m","3/14/26",20,13
"4825",4825,"wet","cdi_words","2A","produces",NA,0,137,2026-03-14 07:58:28,"VVI177",570,"m","3/14/26",20,13
"4826",4826,"after","cdi_words","2A","produces",NA,0,137,2026-03-14 07:58:28,"VVI177",570,"m","3/14/26",20,13
"4827",4827,"day","cdi_words","2A","produces",NA,0,137,2026-03-14 07:58:28,"VVI177",570,"m","3/14/26",20,13
"4828",4828,"tonight","cdi_words","2A","produces",NA,0,137,2026-03-14 07:58:28,"VVI177",570,"m","3/14/26",20,13
"4829",4829,"our","cdi_words","2A","produces",NA,0,137,2026-03-14 07:58:28,"VVI177",570,"m","3/14/26",20,13
"4830",4830,"them","cdi_words","2A","produces",NA,0,137,2026-03-14 07:58:28,"VVI177",570,"m","3/14/26",20,13
"4831",4831,"this","cdi_words","2A","produces",NA,0,137,2026-03-14 07:58:28,"VVI177",570,"m","3/14/26",20,13
"4832",4832,"us","cdi_words","2A","produces",NA,0,137,2026-03-14 07:58:28,"VVI177",570,"m","3/14/26",20,13
"4833",4833,"where","cdi_words","2A","produces",NA,0,137,2026-03-14 07:58:28,"VVI177",570,"m","3/14/26",20,13
"4834",4834,"beside","cdi_words","2A","produces",NA,0,137,2026-03-14 07:58:28,"VVI177",570,"m","3/14/26",20,13
"4835",4835,"down","cdi_words","2A","produces",NA,0,137,2026-03-14 07:58:28,"VVI177",570,"m","3/14/26",20,13
"4836",4836,"under","cdi_words","2A","produces",NA,0,137,2026-03-14 07:58:28,"VVI177",570,"m","3/14/26",20,13
"4837",4837,"all","cdi_words","2A","produces",NA,0,137,2026-03-14 07:58:28,"VVI177",570,"m","3/14/26",20,13
"4838",4838,"much","cdi_words","2A","produces",NA,0,137,2026-03-14 07:58:28,"VVI177",570,"m","3/14/26",20,13
"4839",4839,"could","cdi_words","2A","produces",NA,0,137,2026-03-14 07:58:28,"VVI177",570,"m","3/14/26",20,13
"4840",4840,"need","cdi_words","2A","produces",NA,0,137,2026-03-14 07:58:28,"VVI177",570,"m","3/14/26",20,13
"4841",4841,"would","cdi_words","2A","produces",NA,0,137,2026-03-14 07:58:28,"VVI177",570,"m","3/14/26",20,13
"4842",4842,"if","cdi_words","2A","produces",NA,0,137,2026-03-14 07:58:28,"VVI177",570,"m","3/14/26",20,13
"4843",4843,"sock","extra_words","2A","produces",1,1,132,2026-03-09 13:00:56,"VVI139",630,"m","2/13/26",50,38
"4844",4844,"bathtub","extra_words","2A","produces",NA,0,132,2026-03-09 13:00:56,"VVI139",630,"m","2/13/26",50,38
"4845",4845,"shower","extra_words","2A","produces",NA,0,132,2026-03-09 13:00:56,"VVI139",630,"m","2/13/26",50,38
"4846",4846,"balloon","extra_words","2A","produces",1,1,132,2026-03-09 13:00:56,"VVI139",630,"m","2/13/26",50,38
"4847",4847,"dresser","extra_words","2A","produces",NA,0,132,2026-03-09 13:00:56,"VVI139",630,"m","2/13/26",50,38
"4848",4848,"kite","extra_words","2A","produces",NA,0,132,2026-03-09 13:00:56,"VVI139",630,"m","2/13/26",50,38
"4849",4849,"camel","extra_words","2A","produces",NA,0,132,2026-03-09 13:00:56,"VVI139",630,"m","2/13/26",50,38
"4850",4850,"elephant","extra_words","2A","produces",NA,0,132,2026-03-09 13:00:56,"VVI139",630,"m","2/13/26",50,38
"4851",4851,"ladybug","extra_words","2A","produces",NA,0,132,2026-03-09 13:00:56,"VVI139",630,"m","2/13/26",50,38
"4852",4852,"cloud","extra_words","2A","produces",NA,0,132,2026-03-09 13:00:56,"VVI139",630,"m","2/13/26",50,38
"4853",4853,"tree","extra_words","2A","produces",1,1,132,2026-03-09 13:00:56,"VVI139",630,"m","2/13/26",50,38
"4854",4854,"zipper","extra_words","2A","produces",NA,0,132,2026-03-09 13:00:56,"VVI139",630,"m","2/13/26",50,38
"4855",4855,"crow","extra_words","2A","produces",NA,0,132,2026-03-09 13:00:56,"VVI139",630,"m","2/13/26",50,38
"4856",4856,"penguin","extra_words","2A","produces",NA,0,132,2026-03-09 13:00:56,"VVI139",630,"m","2/13/26",50,38
"4857",4857,"seahorse","extra_words","2A","produces",NA,0,132,2026-03-09 13:00:56,"VVI139",630,"m","2/13/26",50,38
"4858",4858,"duck","extra_words","2A","produces",1,1,132,2026-03-09 13:00:56,"VVI139",630,"m","2/13/26",50,38
"4859",4859,"chicken","extra_words","2A","produces",1,1,132,2026-03-09 13:00:56,"VVI139",630,"m","2/13/26",50,38
"4860",4860,"butterfly","extra_words","2A","produces",1,1,132,2026-03-09 13:00:56,"VVI139",630,"m","2/13/26",50,38
"4861",4861,"lizard","extra_words","2A","produces",NA,0,132,2026-03-09 13:00:56,"VVI139",630,"m","2/13/26",50,38
"4862",4862,"walrus","extra_words","2A","produces",NA,0,132,2026-03-09 13:00:56,"VVI139",630,"m","2/13/26",50,38
"4863",4863,"snake","extra_words","2A","produces",NA,0,132,2026-03-09 13:00:56,"VVI139",630,"m","2/13/26",50,38
"4864",4864,"truck","extra_words","2A","produces",1,1,132,2026-03-09 13:00:56,"VVI139",630,"m","2/13/26",50,38
"4865",4865,"car","extra_words","2A","produces",1,1,132,2026-03-09 13:00:56,"VVI139",630,"m","2/13/26",50,38
"4866",4866,"airplane","extra_words","2A","produces",NA,0,132,2026-03-09 13:00:56,"VVI139",630,"m","2/13/26",50,38
"4867",4867,"baa baa","cdi_words","2A","produces",1,1,132,2026-03-09 13:00:56,"VVI139",630,"m","2/13/26",50,38
"4868",4868,"meow","cdi_words","2A","produces",1,1,132,2026-03-09 13:00:56,"VVI139",630,"m","2/13/26",50,38
"4869",4869,"ouch","cdi_words","2A","produces",1,1,132,2026-03-09 13:00:56,"VVI139",630,"m","2/13/26",50,38
"4870",4870,"uh oh","cdi_words","2A","produces",1,1,132,2026-03-09 13:00:56,"VVI139",630,"m","2/13/26",50,38
"4871",4871,"woof woof","cdi_words","2A","produces",1,1,132,2026-03-09 13:00:56,"VVI139",630,"m","2/13/26",50,38
"4872",4872,"bear","cdi_words","2A","produces",1,1,132,2026-03-09 13:00:56,"VVI139",630,"m","2/13/26",50,38
"4873",4873,"bird","cdi_words","2A","produces",1,1,132,2026-03-09 13:00:56,"VVI139",630,"m","2/13/26",50,38
"4874",4874,"cat","cdi_words","2A","produces",1,1,132,2026-03-09 13:00:56,"VVI139",630,"m","2/13/26",50,38
"4875",4875,"dog","cdi_words","2A","produces",1,1,132,2026-03-09 13:00:56,"VVI139",630,"m","2/13/26",50,38
"4876",4876,"duck","cdi_words","2A","produces",1,1,132,2026-03-09 13:00:56,"VVI139",630,"m","2/13/26",50,38
"4877",4877,"horse","cdi_words","2A","produces",1,1,132,2026-03-09 13:00:56,"VVI139",630,"m","2/13/26",50,38
"4878",4878,"airplane","cdi_words","2A","produces",NA,0,132,2026-03-09 13:00:56,"VVI139",630,"m","2/13/26",50,38
"4879",4879,"boat","cdi_words","2A","produces",NA,0,132,2026-03-09 13:00:56,"VVI139",630,"m","2/13/26",50,38
"4880",4880,"car","cdi_words","2A","produces",1,1,132,2026-03-09 13:00:56,"VVI139",630,"m","2/13/26",50,38
"4881",4881,"ball","cdi_words","2A","produces",1,1,132,2026-03-09 13:00:56,"VVI139",630,"m","2/13/26",50,38
"4882",4882,"book","cdi_words","2A","produces",1,1,132,2026-03-09 13:00:56,"VVI139",630,"m","2/13/26",50,38
"4883",4883,"game","cdi_words","2A","produces",NA,0,132,2026-03-09 13:00:56,"VVI139",630,"m","2/13/26",50,38
"4884",4884,"applesauce","cdi_words","2A","produces",NA,0,132,2026-03-09 13:00:56,"VVI139",630,"m","2/13/26",50,38
"4885",4885,"candy","cdi_words","2A","produces",1,1,132,2026-03-09 13:00:56,"VVI139",630,"m","2/13/26",50,38
"4886",4886,"coke","cdi_words","2A","produces",NA,0,132,2026-03-09 13:00:56,"VVI139",630,"m","2/13/26",50,38
"4887",4887,"cracker","cdi_words","2A","produces",1,1,132,2026-03-09 13:00:56,"VVI139",630,"m","2/13/26",50,38
"4888",4888,"juice","cdi_words","2A","produces",NA,0,132,2026-03-09 13:00:56,"VVI139",630,"m","2/13/26",50,38
"4889",4889,"meat","cdi_words","2A","produces",NA,0,132,2026-03-09 13:00:56,"VVI139",630,"m","2/13/26",50,38
"4890",4890,"milk","cdi_words","2A","produces",1,1,132,2026-03-09 13:00:56,"VVI139",630,"m","2/13/26",50,38
"4891",4891,"peas","cdi_words","2A","produces",NA,0,132,2026-03-09 13:00:56,"VVI139",630,"m","2/13/26",50,38
"4892",4892,"hat","cdi_words","2A","produces",1,1,132,2026-03-09 13:00:56,"VVI139",630,"m","2/13/26",50,38
"4893",4893,"necklace","cdi_words","2A","produces",NA,0,132,2026-03-09 13:00:56,"VVI139",630,"m","2/13/26",50,38
"4894",4894,"shoe","cdi_words","2A","produces",1,1,132,2026-03-09 13:00:56,"VVI139",630,"m","2/13/26",50,38
"4895",4895,"sock","cdi_words","2A","produces",1,1,132,2026-03-09 13:00:56,"VVI139",630,"m","2/13/26",50,38
"4896",4896,"chin","cdi_words","2A","produces",1,1,132,2026-03-09 13:00:56,"VVI139",630,"m","2/13/26",50,38
"4897",4897,"ear","cdi_words","2A","produces",1,1,132,2026-03-09 13:00:56,"VVI139",630,"m","2/13/26",50,38
"4898",4898,"hand","cdi_words","2A","produces",1,1,132,2026-03-09 13:00:56,"VVI139",630,"m","2/13/26",50,38
"4899",4899,"leg","cdi_words","2A","produces",1,1,132,2026-03-09 13:00:56,"VVI139",630,"m","2/13/26",50,38
"4900",4900,"broom","cdi_words","2A","produces",NA,0,132,2026-03-09 13:00:56,"VVI139",630,"m","2/13/26",50,38
"4901",4901,"comb","cdi_words","2A","produces",NA,0,132,2026-03-09 13:00:56,"VVI139",630,"m","2/13/26",50,38
"4902",4902,"mop","cdi_words","2A","produces",NA,0,132,2026-03-09 13:00:56,"VVI139",630,"m","2/13/26",50,38
"4903",4903,"plate","cdi_words","2A","produces",NA,0,132,2026-03-09 13:00:56,"VVI139",630,"m","2/13/26",50,38
"4904",4904,"trash","cdi_words","2A","produces",1,1,132,2026-03-09 13:00:56,"VVI139",630,"m","2/13/26",50,38
"4905",4905,"tray","cdi_words","2A","produces",NA,0,132,2026-03-09 13:00:56,"VVI139",630,"m","2/13/26",50,38
"4906",4906,"towel","cdi_words","2A","produces",1,1,132,2026-03-09 13:00:56,"VVI139",630,"m","2/13/26",50,38
"4907",4907,"bed","cdi_words","2A","produces",1,1,132,2026-03-09 13:00:56,"VVI139",630,"m","2/13/26",50,38
"4908",4908,"bedroom","cdi_words","2A","produces",NA,0,132,2026-03-09 13:00:56,"VVI139",630,"m","2/13/26",50,38
"4909",4909,"bench","cdi_words","2A","produces",NA,0,132,2026-03-09 13:00:56,"VVI139",630,"m","2/13/26",50,38
"4910",4910,"oven","cdi_words","2A","produces",NA,0,132,2026-03-09 13:00:56,"VVI139",630,"m","2/13/26",50,38
"4911",4911,"stairs","cdi_words","2A","produces",NA,0,132,2026-03-09 13:00:56,"VVI139",630,"m","2/13/26",50,38
"4912",4912,"flag","cdi_words","2A","produces",NA,0,132,2026-03-09 13:00:56,"VVI139",630,"m","2/13/26",50,38
"4913",4913,"rain","cdi_words","2A","produces",NA,0,132,2026-03-09 13:00:56,"VVI139",630,"m","2/13/26",50,38
"4914",4914,"star","cdi_words","2A","produces",NA,0,132,2026-03-09 13:00:56,"VVI139",630,"m","2/13/26",50,38
"4915",4915,"swing","cdi_words","2A","produces",1,1,132,2026-03-09 13:00:56,"VVI139",630,"m","2/13/26",50,38
"4916",4916,"school","cdi_words","2A","produces",NA,0,132,2026-03-09 13:00:56,"VVI139",630,"m","2/13/26",50,38
"4917",4917,"sky","cdi_words","2A","produces",NA,0,132,2026-03-09 13:00:56,"VVI139",630,"m","2/13/26",50,38
"4918",4918,"party","cdi_words","2A","produces",NA,0,132,2026-03-09 13:00:56,"VVI139",630,"m","2/13/26",50,38
"4919",4919,"friend","cdi_words","2A","produces",NA,0,132,2026-03-09 13:00:56,"VVI139",630,"m","2/13/26",50,38
"4920",4920,"mommy","cdi_words","2A","produces",1,1,132,2026-03-09 13:00:56,"VVI139",630,"m","2/13/26",50,38
"4921",4921,"person","cdi_words","2A","produces",NA,0,132,2026-03-09 13:00:56,"VVI139",630,"m","2/13/26",50,38
"4922",4922,"bye","cdi_words","2A","produces",1,1,132,2026-03-09 13:00:56,"VVI139",630,"m","2/13/26",50,38
"4923",4923,"hi","cdi_words","2A","produces",1,1,132,2026-03-09 13:00:56,"VVI139",630,"m","2/13/26",50,38
"4924",4924,"no","cdi_words","2A","produces",1,1,132,2026-03-09 13:00:56,"VVI139",630,"m","2/13/26",50,38
"4925",4925,"shopping","cdi_words","2A","produces",NA,0,132,2026-03-09 13:00:56,"VVI139",630,"m","2/13/26",50,38
"4926",4926,"thank you","cdi_words","2A","produces",1,1,132,2026-03-09 13:00:56,"VVI139",630,"m","2/13/26",50,38
"4927",4927,"carry","cdi_words","2A","produces",NA,0,132,2026-03-09 13:00:56,"VVI139",630,"m","2/13/26",50,38
"4928",4928,"chase","cdi_words","2A","produces",NA,0,132,2026-03-09 13:00:56,"VVI139",630,"m","2/13/26",50,38
"4929",4929,"dump","cdi_words","2A","produces",NA,0,132,2026-03-09 13:00:56,"VVI139",630,"m","2/13/26",50,38
"4930",4930,"finish","cdi_words","2A","produces",NA,0,132,2026-03-09 13:00:56,"VVI139",630,"m","2/13/26",50,38
"4931",4931,"fit","cdi_words","2A","produces",NA,0,132,2026-03-09 13:00:56,"VVI139",630,"m","2/13/26",50,38
"4932",4932,"hug","cdi_words","2A","produces",1,1,132,2026-03-09 13:00:56,"VVI139",630,"m","2/13/26",50,38
"4933",4933,"listen","cdi_words","2A","produces",NA,0,132,2026-03-09 13:00:56,"VVI139",630,"m","2/13/26",50,38
"4934",4934,"like","cdi_words","2A","produces",NA,0,132,2026-03-09 13:00:56,"VVI139",630,"m","2/13/26",50,38
"4935",4935,"pretend","cdi_words","2A","produces",NA,0,132,2026-03-09 13:00:56,"VVI139",630,"m","2/13/26",50,38
"4936",4936,"rip","cdi_words","2A","produces",NA,0,132,2026-03-09 13:00:56,"VVI139",630,"m","2/13/26",50,38
"4937",4937,"shake","cdi_words","2A","produces",NA,0,132,2026-03-09 13:00:56,"VVI139",630,"m","2/13/26",50,38
"4938",4938,"taste","cdi_words","2A","produces",NA,0,132,2026-03-09 13:00:56,"VVI139",630,"m","2/13/26",50,38
"4939",4939,"gentle","cdi_words","2A","produces",NA,0,132,2026-03-09 13:00:56,"VVI139",630,"m","2/13/26",50,38
"4940",4940,"think","cdi_words","2A","produces",NA,0,132,2026-03-09 13:00:56,"VVI139",630,"m","2/13/26",50,38
"4941",4941,"wish","cdi_words","2A","produces",NA,0,132,2026-03-09 13:00:56,"VVI139",630,"m","2/13/26",50,38
"4942",4942,"all gone","cdi_words","2A","produces",1,1,132,2026-03-09 13:00:56,"VVI139",630,"m","2/13/26",50,38
"4943",4943,"cold","cdi_words","2A","produces",NA,0,132,2026-03-09 13:00:56,"VVI139",630,"m","2/13/26",50,38
"4944",4944,"fast","cdi_words","2A","produces",NA,0,132,2026-03-09 13:00:56,"VVI139",630,"m","2/13/26",50,38
"4945",4945,"happy","cdi_words","2A","produces",NA,0,132,2026-03-09 13:00:56,"VVI139",630,"m","2/13/26",50,38
"4946",4946,"hot","cdi_words","2A","produces",1,1,132,2026-03-09 13:00:56,"VVI139",630,"m","2/13/26",50,38
"4947",4947,"last","cdi_words","2A","produces",NA,0,132,2026-03-09 13:00:56,"VVI139",630,"m","2/13/26",50,38
"4948",4948,"tiny","cdi_words","2A","produces",NA,0,132,2026-03-09 13:00:56,"VVI139",630,"m","2/13/26",50,38
"4949",4949,"wet","cdi_words","2A","produces",1,1,132,2026-03-09 13:00:56,"VVI139",630,"m","2/13/26",50,38
"4950",4950,"after","cdi_words","2A","produces",NA,0,132,2026-03-09 13:00:56,"VVI139",630,"m","2/13/26",50,38
"4951",4951,"day","cdi_words","2A","produces",NA,0,132,2026-03-09 13:00:56,"VVI139",630,"m","2/13/26",50,38
"4952",4952,"tonight","cdi_words","2A","produces",NA,0,132,2026-03-09 13:00:56,"VVI139",630,"m","2/13/26",50,38
"4953",4953,"our","cdi_words","2A","produces",NA,0,132,2026-03-09 13:00:56,"VVI139",630,"m","2/13/26",50,38
"4954",4954,"them","cdi_words","2A","produces",NA,0,132,2026-03-09 13:00:56,"VVI139",630,"m","2/13/26",50,38
"4955",4955,"this","cdi_words","2A","produces",1,1,132,2026-03-09 13:00:56,"VVI139",630,"m","2/13/26",50,38
"4956",4956,"us","cdi_words","2A","produces",NA,0,132,2026-03-09 13:00:56,"VVI139",630,"m","2/13/26",50,38
"4957",4957,"where","cdi_words","2A","produces",NA,0,132,2026-03-09 13:00:56,"VVI139",630,"m","2/13/26",50,38
"4958",4958,"beside","cdi_words","2A","produces",NA,0,132,2026-03-09 13:00:56,"VVI139",630,"m","2/13/26",50,38
"4959",4959,"down","cdi_words","2A","produces",NA,0,132,2026-03-09 13:00:56,"VVI139",630,"m","2/13/26",50,38
"4960",4960,"under","cdi_words","2A","produces",NA,0,132,2026-03-09 13:00:56,"VVI139",630,"m","2/13/26",50,38
"4961",4961,"all","cdi_words","2A","produces",NA,0,132,2026-03-09 13:00:56,"VVI139",630,"m","2/13/26",50,38
"4962",4962,"much","cdi_words","2A","produces",NA,0,132,2026-03-09 13:00:56,"VVI139",630,"m","2/13/26",50,38
"4963",4963,"could","cdi_words","2A","produces",NA,0,132,2026-03-09 13:00:56,"VVI139",630,"m","2/13/26",50,38
"4964",4964,"need","cdi_words","2A","produces",NA,0,132,2026-03-09 13:00:56,"VVI139",630,"m","2/13/26",50,38
"4965",4965,"would","cdi_words","2A","produces",NA,0,132,2026-03-09 13:00:56,"VVI139",630,"m","2/13/26",50,38
"4966",4966,"if","cdi_words","2A","produces",NA,0,132,2026-03-09 13:00:56,"VVI139",630,"m","2/13/26",50,38
"4967",4967,"sock","extra_words","2A","produces",1,1,161,2026-02-21 16:30:14,"VVI157",660,"f","2/21/26",45,52
"4968",4968,"bathtub","extra_words","2A","produces",1,1,161,2026-02-21 16:30:14,"VVI157",660,"f","2/21/26",45,52
"4969",4969,"shower","extra_words","2A","produces",1,1,161,2026-02-21 16:30:14,"VVI157",660,"f","2/21/26",45,52
"4970",4970,"balloon","extra_words","2A","produces",1,1,161,2026-02-21 16:30:14,"VVI157",660,"f","2/21/26",45,52
"4971",4971,"dresser","extra_words","2A","produces",NA,0,161,2026-02-21 16:30:14,"VVI157",660,"f","2/21/26",45,52
"4972",4972,"kite","extra_words","2A","produces",NA,0,161,2026-02-21 16:30:14,"VVI157",660,"f","2/21/26",45,52
"4973",4973,"camel","extra_words","2A","produces",NA,0,161,2026-02-21 16:30:14,"VVI157",660,"f","2/21/26",45,52
"4974",4974,"elephant","extra_words","2A","produces",1,1,161,2026-02-21 16:30:14,"VVI157",660,"f","2/21/26",45,52
"4975",4975,"ladybug","extra_words","2A","produces",NA,0,161,2026-02-21 16:30:14,"VVI157",660,"f","2/21/26",45,52
"4976",4976,"cloud","extra_words","2A","produces",NA,0,161,2026-02-21 16:30:14,"VVI157",660,"f","2/21/26",45,52
"4977",4977,"tree","extra_words","2A","produces",1,1,161,2026-02-21 16:30:14,"VVI157",660,"f","2/21/26",45,52
"4978",4978,"zipper","extra_words","2A","produces",NA,0,161,2026-02-21 16:30:14,"VVI157",660,"f","2/21/26",45,52
"4979",4979,"crow","extra_words","2A","produces",NA,0,161,2026-02-21 16:30:14,"VVI157",660,"f","2/21/26",45,52
"4980",4980,"penguin","extra_words","2A","produces",NA,0,161,2026-02-21 16:30:14,"VVI157",660,"f","2/21/26",45,52
"4981",4981,"seahorse","extra_words","2A","produces",NA,0,161,2026-02-21 16:30:14,"VVI157",660,"f","2/21/26",45,52
"4982",4982,"duck","extra_words","2A","produces",1,1,161,2026-02-21 16:30:14,"VVI157",660,"f","2/21/26",45,52
"4983",4983,"chicken","extra_words","2A","produces",1,1,161,2026-02-21 16:30:14,"VVI157",660,"f","2/21/26",45,52
"4984",4984,"butterfly","extra_words","2A","produces",1,1,161,2026-02-21 16:30:14,"VVI157",660,"f","2/21/26",45,52
"4985",4985,"lizard","extra_words","2A","produces",1,1,161,2026-02-21 16:30:14,"VVI157",660,"f","2/21/26",45,52
"4986",4986,"walrus","extra_words","2A","produces",NA,0,161,2026-02-21 16:30:14,"VVI157",660,"f","2/21/26",45,52
"4987",4987,"snake","extra_words","2A","produces",1,1,161,2026-02-21 16:30:14,"VVI157",660,"f","2/21/26",45,52
"4988",4988,"truck","extra_words","2A","produces",1,1,161,2026-02-21 16:30:14,"VVI157",660,"f","2/21/26",45,52
"4989",4989,"car","extra_words","2A","produces",1,1,161,2026-02-21 16:30:14,"VVI157",660,"f","2/21/26",45,52
"4990",4990,"airplane","extra_words","2A","produces",1,1,161,2026-02-21 16:30:14,"VVI157",660,"f","2/21/26",45,52
"4991",4991,"baa baa","cdi_words","2A","produces",1,1,161,2026-02-21 16:30:14,"VVI157",660,"f","2/21/26",45,52
"4992",4992,"meow","cdi_words","2A","produces",1,1,161,2026-02-21 16:30:14,"VVI157",660,"f","2/21/26",45,52
"4993",4993,"ouch","cdi_words","2A","produces",1,1,161,2026-02-21 16:30:14,"VVI157",660,"f","2/21/26",45,52
"4994",4994,"uh oh","cdi_words","2A","produces",1,1,161,2026-02-21 16:30:14,"VVI157",660,"f","2/21/26",45,52
"4995",4995,"woof woof","cdi_words","2A","produces",1,1,161,2026-02-21 16:30:14,"VVI157",660,"f","2/21/26",45,52
"4996",4996,"bear","cdi_words","2A","produces",1,1,161,2026-02-21 16:30:14,"VVI157",660,"f","2/21/26",45,52
"4997",4997,"bird","cdi_words","2A","produces",1,1,161,2026-02-21 16:30:14,"VVI157",660,"f","2/21/26",45,52
"4998",4998,"cat","cdi_words","2A","produces",1,1,161,2026-02-21 16:30:14,"VVI157",660,"f","2/21/26",45,52
"4999",4999,"dog","cdi_words","2A","produces",1,1,161,2026-02-21 16:30:14,"VVI157",660,"f","2/21/26",45,52
"5000",5000,"duck","cdi_words","2A","produces",1,1,161,2026-02-21 16:30:14,"VVI157",660,"f","2/21/26",45,52
"5001",5001,"horse","cdi_words","2A","produces",1,1,161,2026-02-21 16:30:14,"VVI157",660,"f","2/21/26",45,52
"5002",5002,"airplane","cdi_words","2A","produces",1,1,161,2026-02-21 16:30:14,"VVI157",660,"f","2/21/26",45,52
"5003",5003,"boat","cdi_words","2A","produces",1,1,161,2026-02-21 16:30:14,"VVI157",660,"f","2/21/26",45,52
"5004",5004,"car","cdi_words","2A","produces",1,1,161,2026-02-21 16:30:14,"VVI157",660,"f","2/21/26",45,52
"5005",5005,"ball","cdi_words","2A","produces",1,1,161,2026-02-21 16:30:14,"VVI157",660,"f","2/21/26",45,52
"5006",5006,"book","cdi_words","2A","produces",1,1,161,2026-02-21 16:30:14,"VVI157",660,"f","2/21/26",45,52
"5007",5007,"game","cdi_words","2A","produces",NA,0,161,2026-02-21 16:30:14,"VVI157",660,"f","2/21/26",45,52
"5008",5008,"applesauce","cdi_words","2A","produces",NA,0,161,2026-02-21 16:30:14,"VVI157",660,"f","2/21/26",45,52
"5009",5009,"candy","cdi_words","2A","produces",1,1,161,2026-02-21 16:30:14,"VVI157",660,"f","2/21/26",45,52
"5010",5010,"coke","cdi_words","2A","produces",NA,0,161,2026-02-21 16:30:14,"VVI157",660,"f","2/21/26",45,52
"5011",5011,"cracker","cdi_words","2A","produces",NA,0,161,2026-02-21 16:30:14,"VVI157",660,"f","2/21/26",45,52
"5012",5012,"juice","cdi_words","2A","produces",1,1,161,2026-02-21 16:30:14,"VVI157",660,"f","2/21/26",45,52
"5013",5013,"meat","cdi_words","2A","produces",1,1,161,2026-02-21 16:30:14,"VVI157",660,"f","2/21/26",45,52
"5014",5014,"milk","cdi_words","2A","produces",1,1,161,2026-02-21 16:30:14,"VVI157",660,"f","2/21/26",45,52
"5015",5015,"peas","cdi_words","2A","produces",1,1,161,2026-02-21 16:30:14,"VVI157",660,"f","2/21/26",45,52
"5016",5016,"hat","cdi_words","2A","produces",1,1,161,2026-02-21 16:30:14,"VVI157",660,"f","2/21/26",45,52
"5017",5017,"necklace","cdi_words","2A","produces",NA,0,161,2026-02-21 16:30:14,"VVI157",660,"f","2/21/26",45,52
"5018",5018,"shoe","cdi_words","2A","produces",1,1,161,2026-02-21 16:30:14,"VVI157",660,"f","2/21/26",45,52
"5019",5019,"sock","cdi_words","2A","produces",1,1,161,2026-02-21 16:30:14,"VVI157",660,"f","2/21/26",45,52
"5020",5020,"chin","cdi_words","2A","produces",NA,0,161,2026-02-21 16:30:14,"VVI157",660,"f","2/21/26",45,52
"5021",5021,"ear","cdi_words","2A","produces",1,1,161,2026-02-21 16:30:14,"VVI157",660,"f","2/21/26",45,52
"5022",5022,"hand","cdi_words","2A","produces",NA,0,161,2026-02-21 16:30:14,"VVI157",660,"f","2/21/26",45,52
"5023",5023,"leg","cdi_words","2A","produces",NA,0,161,2026-02-21 16:30:14,"VVI157",660,"f","2/21/26",45,52
"5024",5024,"broom","cdi_words","2A","produces",NA,0,161,2026-02-21 16:30:14,"VVI157",660,"f","2/21/26",45,52
"5025",5025,"comb","cdi_words","2A","produces",NA,0,161,2026-02-21 16:30:14,"VVI157",660,"f","2/21/26",45,52
"5026",5026,"mop","cdi_words","2A","produces",NA,0,161,2026-02-21 16:30:14,"VVI157",660,"f","2/21/26",45,52
"5027",5027,"plate","cdi_words","2A","produces",1,1,161,2026-02-21 16:30:14,"VVI157",660,"f","2/21/26",45,52
"5028",5028,"trash","cdi_words","2A","produces",1,1,161,2026-02-21 16:30:14,"VVI157",660,"f","2/21/26",45,52
"5029",5029,"tray","cdi_words","2A","produces",NA,0,161,2026-02-21 16:30:14,"VVI157",660,"f","2/21/26",45,52
"5030",5030,"towel","cdi_words","2A","produces",1,1,161,2026-02-21 16:30:14,"VVI157",660,"f","2/21/26",45,52
"5031",5031,"bed","cdi_words","2A","produces",1,1,161,2026-02-21 16:30:14,"VVI157",660,"f","2/21/26",45,52
"5032",5032,"bedroom","cdi_words","2A","produces",NA,0,161,2026-02-21 16:30:14,"VVI157",660,"f","2/21/26",45,52
"5033",5033,"bench","cdi_words","2A","produces",NA,0,161,2026-02-21 16:30:14,"VVI157",660,"f","2/21/26",45,52
"5034",5034,"oven","cdi_words","2A","produces",NA,0,161,2026-02-21 16:30:14,"VVI157",660,"f","2/21/26",45,52
"5035",5035,"stairs","cdi_words","2A","produces",1,1,161,2026-02-21 16:30:14,"VVI157",660,"f","2/21/26",45,52
"5036",5036,"flag","cdi_words","2A","produces",1,1,161,2026-02-21 16:30:14,"VVI157",660,"f","2/21/26",45,52
"5037",5037,"rain","cdi_words","2A","produces",1,1,161,2026-02-21 16:30:14,"VVI157",660,"f","2/21/26",45,52
"5038",5038,"star","cdi_words","2A","produces",1,1,161,2026-02-21 16:30:14,"VVI157",660,"f","2/21/26",45,52
"5039",5039,"swing","cdi_words","2A","produces",1,1,161,2026-02-21 16:30:14,"VVI157",660,"f","2/21/26",45,52
"5040",5040,"school","cdi_words","2A","produces",NA,0,161,2026-02-21 16:30:14,"VVI157",660,"f","2/21/26",45,52
"5041",5041,"sky","cdi_words","2A","produces",NA,0,161,2026-02-21 16:30:14,"VVI157",660,"f","2/21/26",45,52
"5042",5042,"party","cdi_words","2A","produces",1,1,161,2026-02-21 16:30:14,"VVI157",660,"f","2/21/26",45,52
"5043",5043,"friend","cdi_words","2A","produces",NA,0,161,2026-02-21 16:30:14,"VVI157",660,"f","2/21/26",45,52
"5044",5044,"mommy","cdi_words","2A","produces",1,1,161,2026-02-21 16:30:14,"VVI157",660,"f","2/21/26",45,52
"5045",5045,"person","cdi_words","2A","produces",NA,0,161,2026-02-21 16:30:14,"VVI157",660,"f","2/21/26",45,52
"5046",5046,"bye","cdi_words","2A","produces",1,1,161,2026-02-21 16:30:14,"VVI157",660,"f","2/21/26",45,52
"5047",5047,"hi","cdi_words","2A","produces",1,1,161,2026-02-21 16:30:14,"VVI157",660,"f","2/21/26",45,52
"5048",5048,"no","cdi_words","2A","produces",1,1,161,2026-02-21 16:30:14,"VVI157",660,"f","2/21/26",45,52
"5049",5049,"shopping","cdi_words","2A","produces",NA,0,161,2026-02-21 16:30:14,"VVI157",660,"f","2/21/26",45,52
"5050",5050,"thank you","cdi_words","2A","produces",1,1,161,2026-02-21 16:30:14,"VVI157",660,"f","2/21/26",45,52
"5051",5051,"carry","cdi_words","2A","produces",NA,0,161,2026-02-21 16:30:14,"VVI157",660,"f","2/21/26",45,52
"5052",5052,"chase","cdi_words","2A","produces",NA,0,161,2026-02-21 16:30:14,"VVI157",660,"f","2/21/26",45,52
"5053",5053,"dump","cdi_words","2A","produces",1,1,161,2026-02-21 16:30:14,"VVI157",660,"f","2/21/26",45,52
"5054",5054,"finish","cdi_words","2A","produces",NA,0,161,2026-02-21 16:30:14,"VVI157",660,"f","2/21/26",45,52
"5055",5055,"fit","cdi_words","2A","produces",NA,0,161,2026-02-21 16:30:14,"VVI157",660,"f","2/21/26",45,52
"5056",5056,"hug","cdi_words","2A","produces",1,1,161,2026-02-21 16:30:14,"VVI157",660,"f","2/21/26",45,52
"5057",5057,"listen","cdi_words","2A","produces",NA,0,161,2026-02-21 16:30:14,"VVI157",660,"f","2/21/26",45,52
"5058",5058,"like","cdi_words","2A","produces",NA,0,161,2026-02-21 16:30:14,"VVI157",660,"f","2/21/26",45,52
"5059",5059,"pretend","cdi_words","2A","produces",NA,0,161,2026-02-21 16:30:14,"VVI157",660,"f","2/21/26",45,52
"5060",5060,"rip","cdi_words","2A","produces",NA,0,161,2026-02-21 16:30:14,"VVI157",660,"f","2/21/26",45,52
"5061",5061,"shake","cdi_words","2A","produces",1,1,161,2026-02-21 16:30:14,"VVI157",660,"f","2/21/26",45,52
"5062",5062,"taste","cdi_words","2A","produces",NA,0,161,2026-02-21 16:30:14,"VVI157",660,"f","2/21/26",45,52
"5063",5063,"gentle","cdi_words","2A","produces",NA,0,161,2026-02-21 16:30:14,"VVI157",660,"f","2/21/26",45,52
"5064",5064,"think","cdi_words","2A","produces",NA,0,161,2026-02-21 16:30:14,"VVI157",660,"f","2/21/26",45,52
"5065",5065,"wish","cdi_words","2A","produces",NA,0,161,2026-02-21 16:30:14,"VVI157",660,"f","2/21/26",45,52
"5066",5066,"all gone","cdi_words","2A","produces",1,1,161,2026-02-21 16:30:14,"VVI157",660,"f","2/21/26",45,52
"5067",5067,"cold","cdi_words","2A","produces",1,1,161,2026-02-21 16:30:14,"VVI157",660,"f","2/21/26",45,52
"5068",5068,"fast","cdi_words","2A","produces",1,1,161,2026-02-21 16:30:14,"VVI157",660,"f","2/21/26",45,52
"5069",5069,"happy","cdi_words","2A","produces",1,1,161,2026-02-21 16:30:14,"VVI157",660,"f","2/21/26",45,52
"5070",5070,"hot","cdi_words","2A","produces",1,1,161,2026-02-21 16:30:14,"VVI157",660,"f","2/21/26",45,52
"5071",5071,"last","cdi_words","2A","produces",NA,0,161,2026-02-21 16:30:14,"VVI157",660,"f","2/21/26",45,52
"5072",5072,"tiny","cdi_words","2A","produces",1,1,161,2026-02-21 16:30:14,"VVI157",660,"f","2/21/26",45,52
"5073",5073,"wet","cdi_words","2A","produces",1,1,161,2026-02-21 16:30:14,"VVI157",660,"f","2/21/26",45,52
"5074",5074,"after","cdi_words","2A","produces",NA,0,161,2026-02-21 16:30:14,"VVI157",660,"f","2/21/26",45,52
"5075",5075,"day","cdi_words","2A","produces",NA,0,161,2026-02-21 16:30:14,"VVI157",660,"f","2/21/26",45,52
"5076",5076,"tonight","cdi_words","2A","produces",NA,0,161,2026-02-21 16:30:14,"VVI157",660,"f","2/21/26",45,52
"5077",5077,"our","cdi_words","2A","produces",NA,0,161,2026-02-21 16:30:14,"VVI157",660,"f","2/21/26",45,52
"5078",5078,"them","cdi_words","2A","produces",NA,0,161,2026-02-21 16:30:14,"VVI157",660,"f","2/21/26",45,52
"5079",5079,"this","cdi_words","2A","produces",NA,0,161,2026-02-21 16:30:14,"VVI157",660,"f","2/21/26",45,52
"5080",5080,"us","cdi_words","2A","produces",NA,0,161,2026-02-21 16:30:14,"VVI157",660,"f","2/21/26",45,52
"5081",5081,"where","cdi_words","2A","produces",1,1,161,2026-02-21 16:30:14,"VVI157",660,"f","2/21/26",45,52
"5082",5082,"beside","cdi_words","2A","produces",NA,0,161,2026-02-21 16:30:14,"VVI157",660,"f","2/21/26",45,52
"5083",5083,"down","cdi_words","2A","produces",1,1,161,2026-02-21 16:30:14,"VVI157",660,"f","2/21/26",45,52
"5084",5084,"under","cdi_words","2A","produces",NA,0,161,2026-02-21 16:30:14,"VVI157",660,"f","2/21/26",45,52
"5085",5085,"all","cdi_words","2A","produces",NA,0,161,2026-02-21 16:30:14,"VVI157",660,"f","2/21/26",45,52
"5086",5086,"much","cdi_words","2A","produces",NA,0,161,2026-02-21 16:30:14,"VVI157",660,"f","2/21/26",45,52
"5087",5087,"could","cdi_words","2A","produces",NA,0,161,2026-02-21 16:30:14,"VVI157",660,"f","2/21/26",45,52
"5088",5088,"need","cdi_words","2A","produces",NA,0,161,2026-02-21 16:30:14,"VVI157",660,"f","2/21/26",45,52
"5089",5089,"would","cdi_words","2A","produces",NA,0,161,2026-02-21 16:30:14,"VVI157",660,"f","2/21/26",45,52
"5090",5090,"if","cdi_words","2A","produces",NA,0,161,2026-02-21 16:30:14,"VVI157",660,"f","2/21/26",45,52
"5091",5091,"sock","extra_words","2A","produces",NA,0,123,2026-03-09 05:11:33,"VVI154",630,"m","2/20/26",35,27
"5092",5092,"bathtub","extra_words","2A","produces",NA,0,123,2026-03-09 05:11:33,"VVI154",630,"m","2/20/26",35,27
"5093",5093,"shower","extra_words","2A","produces",NA,0,123,2026-03-09 05:11:33,"VVI154",630,"m","2/20/26",35,27
"5094",5094,"balloon","extra_words","2A","produces",1,1,123,2026-03-09 05:11:33,"VVI154",630,"m","2/20/26",35,27
"5095",5095,"dresser","extra_words","2A","produces",NA,0,123,2026-03-09 05:11:33,"VVI154",630,"m","2/20/26",35,27
"5096",5096,"kite","extra_words","2A","produces",NA,0,123,2026-03-09 05:11:33,"VVI154",630,"m","2/20/26",35,27
"5097",5097,"camel","extra_words","2A","produces",NA,0,123,2026-03-09 05:11:33,"VVI154",630,"m","2/20/26",35,27
"5098",5098,"elephant","extra_words","2A","produces",1,1,123,2026-03-09 05:11:33,"VVI154",630,"m","2/20/26",35,27
"5099",5099,"ladybug","extra_words","2A","produces",NA,0,123,2026-03-09 05:11:33,"VVI154",630,"m","2/20/26",35,27
"5100",5100,"cloud","extra_words","2A","produces",NA,0,123,2026-03-09 05:11:33,"VVI154",630,"m","2/20/26",35,27
"5101",5101,"tree","extra_words","2A","produces",NA,0,123,2026-03-09 05:11:33,"VVI154",630,"m","2/20/26",35,27
"5102",5102,"zipper","extra_words","2A","produces",NA,0,123,2026-03-09 05:11:33,"VVI154",630,"m","2/20/26",35,27
"5103",5103,"crow","extra_words","2A","produces",NA,0,123,2026-03-09 05:11:33,"VVI154",630,"m","2/20/26",35,27
"5104",5104,"penguin","extra_words","2A","produces",NA,0,123,2026-03-09 05:11:33,"VVI154",630,"m","2/20/26",35,27
"5105",5105,"seahorse","extra_words","2A","produces",NA,0,123,2026-03-09 05:11:33,"VVI154",630,"m","2/20/26",35,27
"5106",5106,"duck","extra_words","2A","produces",NA,0,123,2026-03-09 05:11:33,"VVI154",630,"m","2/20/26",35,27
"5107",5107,"chicken","extra_words","2A","produces",NA,0,123,2026-03-09 05:11:33,"VVI154",630,"m","2/20/26",35,27
"5108",5108,"butterfly","extra_words","2A","produces",1,1,123,2026-03-09 05:11:33,"VVI154",630,"m","2/20/26",35,27
"5109",5109,"lizard","extra_words","2A","produces",NA,0,123,2026-03-09 05:11:33,"VVI154",630,"m","2/20/26",35,27
"5110",5110,"walrus","extra_words","2A","produces",NA,0,123,2026-03-09 05:11:33,"VVI154",630,"m","2/20/26",35,27
"5111",5111,"snake","extra_words","2A","produces",NA,0,123,2026-03-09 05:11:33,"VVI154",630,"m","2/20/26",35,27
"5112",5112,"truck","extra_words","2A","produces",NA,0,123,2026-03-09 05:11:33,"VVI154",630,"m","2/20/26",35,27
"5113",5113,"car","extra_words","2A","produces",1,1,123,2026-03-09 05:11:33,"VVI154",630,"m","2/20/26",35,27
"5114",5114,"airplane","extra_words","2A","produces",NA,0,123,2026-03-09 05:11:33,"VVI154",630,"m","2/20/26",35,27
"5115",5115,"baa baa","cdi_words","2A","produces",1,1,123,2026-03-09 05:11:33,"VVI154",630,"m","2/20/26",35,27
"5116",5116,"meow","cdi_words","2A","produces",1,1,123,2026-03-09 05:11:33,"VVI154",630,"m","2/20/26",35,27
"5117",5117,"ouch","cdi_words","2A","produces",1,1,123,2026-03-09 05:11:33,"VVI154",630,"m","2/20/26",35,27
"5118",5118,"uh oh","cdi_words","2A","produces",1,1,123,2026-03-09 05:11:33,"VVI154",630,"m","2/20/26",35,27
"5119",5119,"woof woof","cdi_words","2A","produces",1,1,123,2026-03-09 05:11:33,"VVI154",630,"m","2/20/26",35,27
"5120",5120,"bear","cdi_words","2A","produces",1,1,123,2026-03-09 05:11:33,"VVI154",630,"m","2/20/26",35,27
"5121",5121,"bird","cdi_words","2A","produces",NA,0,123,2026-03-09 05:11:33,"VVI154",630,"m","2/20/26",35,27
"5122",5122,"cat","cdi_words","2A","produces",1,1,123,2026-03-09 05:11:33,"VVI154",630,"m","2/20/26",35,27
"5123",5123,"dog","cdi_words","2A","produces",1,1,123,2026-03-09 05:11:33,"VVI154",630,"m","2/20/26",35,27
"5124",5124,"duck","cdi_words","2A","produces",1,1,123,2026-03-09 05:11:33,"VVI154",630,"m","2/20/26",35,27
"5125",5125,"horse","cdi_words","2A","produces",1,1,123,2026-03-09 05:11:33,"VVI154",630,"m","2/20/26",35,27
"5126",5126,"airplane","cdi_words","2A","produces",NA,0,123,2026-03-09 05:11:33,"VVI154",630,"m","2/20/26",35,27
"5127",5127,"boat","cdi_words","2A","produces",NA,0,123,2026-03-09 05:11:33,"VVI154",630,"m","2/20/26",35,27
"5128",5128,"car","cdi_words","2A","produces",1,1,123,2026-03-09 05:11:33,"VVI154",630,"m","2/20/26",35,27
"5129",5129,"ball","cdi_words","2A","produces",1,1,123,2026-03-09 05:11:33,"VVI154",630,"m","2/20/26",35,27
"5130",5130,"book","cdi_words","2A","produces",1,1,123,2026-03-09 05:11:33,"VVI154",630,"m","2/20/26",35,27
"5131",5131,"game","cdi_words","2A","produces",NA,0,123,2026-03-09 05:11:33,"VVI154",630,"m","2/20/26",35,27
"5132",5132,"applesauce","cdi_words","2A","produces",NA,0,123,2026-03-09 05:11:33,"VVI154",630,"m","2/20/26",35,27
"5133",5133,"candy","cdi_words","2A","produces",NA,0,123,2026-03-09 05:11:33,"VVI154",630,"m","2/20/26",35,27
"5134",5134,"coke","cdi_words","2A","produces",NA,0,123,2026-03-09 05:11:33,"VVI154",630,"m","2/20/26",35,27
"5135",5135,"cracker","cdi_words","2A","produces",NA,0,123,2026-03-09 05:11:33,"VVI154",630,"m","2/20/26",35,27
"5136",5136,"juice","cdi_words","2A","produces",NA,0,123,2026-03-09 05:11:33,"VVI154",630,"m","2/20/26",35,27
"5137",5137,"meat","cdi_words","2A","produces",NA,0,123,2026-03-09 05:11:33,"VVI154",630,"m","2/20/26",35,27
"5138",5138,"milk","cdi_words","2A","produces",1,1,123,2026-03-09 05:11:33,"VVI154",630,"m","2/20/26",35,27
"5139",5139,"peas","cdi_words","2A","produces",1,1,123,2026-03-09 05:11:33,"VVI154",630,"m","2/20/26",35,27
"5140",5140,"hat","cdi_words","2A","produces",NA,0,123,2026-03-09 05:11:33,"VVI154",630,"m","2/20/26",35,27
"5141",5141,"necklace","cdi_words","2A","produces",NA,0,123,2026-03-09 05:11:33,"VVI154",630,"m","2/20/26",35,27
"5142",5142,"shoe","cdi_words","2A","produces",1,1,123,2026-03-09 05:11:33,"VVI154",630,"m","2/20/26",35,27
"5143",5143,"sock","cdi_words","2A","produces",NA,0,123,2026-03-09 05:11:33,"VVI154",630,"m","2/20/26",35,27
"5144",5144,"chin","cdi_words","2A","produces",NA,0,123,2026-03-09 05:11:33,"VVI154",630,"m","2/20/26",35,27
"5145",5145,"ear","cdi_words","2A","produces",1,1,123,2026-03-09 05:11:33,"VVI154",630,"m","2/20/26",35,27
"5146",5146,"hand","cdi_words","2A","produces",1,1,123,2026-03-09 05:11:33,"VVI154",630,"m","2/20/26",35,27
"5147",5147,"leg","cdi_words","2A","produces",1,1,123,2026-03-09 05:11:33,"VVI154",630,"m","2/20/26",35,27
"5148",5148,"broom","cdi_words","2A","produces",NA,0,123,2026-03-09 05:11:33,"VVI154",630,"m","2/20/26",35,27
"5149",5149,"comb","cdi_words","2A","produces",NA,0,123,2026-03-09 05:11:33,"VVI154",630,"m","2/20/26",35,27
"5150",5150,"mop","cdi_words","2A","produces",NA,0,123,2026-03-09 05:11:33,"VVI154",630,"m","2/20/26",35,27
"5151",5151,"plate","cdi_words","2A","produces",NA,0,123,2026-03-09 05:11:33,"VVI154",630,"m","2/20/26",35,27
"5152",5152,"trash","cdi_words","2A","produces",NA,0,123,2026-03-09 05:11:33,"VVI154",630,"m","2/20/26",35,27
"5153",5153,"tray","cdi_words","2A","produces",NA,0,123,2026-03-09 05:11:33,"VVI154",630,"m","2/20/26",35,27
"5154",5154,"towel","cdi_words","2A","produces",NA,0,123,2026-03-09 05:11:33,"VVI154",630,"m","2/20/26",35,27
"5155",5155,"bed","cdi_words","2A","produces",NA,0,123,2026-03-09 05:11:33,"VVI154",630,"m","2/20/26",35,27
"5156",5156,"bedroom","cdi_words","2A","produces",NA,0,123,2026-03-09 05:11:33,"VVI154",630,"m","2/20/26",35,27
"5157",5157,"bench","cdi_words","2A","produces",NA,0,123,2026-03-09 05:11:33,"VVI154",630,"m","2/20/26",35,27
"5158",5158,"oven","cdi_words","2A","produces",NA,0,123,2026-03-09 05:11:33,"VVI154",630,"m","2/20/26",35,27
"5159",5159,"stairs","cdi_words","2A","produces",NA,0,123,2026-03-09 05:11:33,"VVI154",630,"m","2/20/26",35,27
"5160",5160,"flag","cdi_words","2A","produces",NA,0,123,2026-03-09 05:11:33,"VVI154",630,"m","2/20/26",35,27
"5161",5161,"rain","cdi_words","2A","produces",NA,0,123,2026-03-09 05:11:33,"VVI154",630,"m","2/20/26",35,27
"5162",5162,"star","cdi_words","2A","produces",NA,0,123,2026-03-09 05:11:33,"VVI154",630,"m","2/20/26",35,27
"5163",5163,"swing","cdi_words","2A","produces",NA,0,123,2026-03-09 05:11:33,"VVI154",630,"m","2/20/26",35,27
"5164",5164,"school","cdi_words","2A","produces",NA,0,123,2026-03-09 05:11:33,"VVI154",630,"m","2/20/26",35,27
"5165",5165,"sky","cdi_words","2A","produces",NA,0,123,2026-03-09 05:11:33,"VVI154",630,"m","2/20/26",35,27
"5166",5166,"party","cdi_words","2A","produces",NA,0,123,2026-03-09 05:11:33,"VVI154",630,"m","2/20/26",35,27
"5167",5167,"friend","cdi_words","2A","produces",NA,0,123,2026-03-09 05:11:33,"VVI154",630,"m","2/20/26",35,27
"5168",5168,"mommy","cdi_words","2A","produces",1,1,123,2026-03-09 05:11:33,"VVI154",630,"m","2/20/26",35,27
"5169",5169,"person","cdi_words","2A","produces",NA,0,123,2026-03-09 05:11:33,"VVI154",630,"m","2/20/26",35,27
"5170",5170,"bye","cdi_words","2A","produces",1,1,123,2026-03-09 05:11:33,"VVI154",630,"m","2/20/26",35,27
"5171",5171,"hi","cdi_words","2A","produces",1,1,123,2026-03-09 05:11:33,"VVI154",630,"m","2/20/26",35,27
"5172",5172,"no","cdi_words","2A","produces",1,1,123,2026-03-09 05:11:33,"VVI154",630,"m","2/20/26",35,27
"5173",5173,"shopping","cdi_words","2A","produces",NA,0,123,2026-03-09 05:11:33,"VVI154",630,"m","2/20/26",35,27
"5174",5174,"thank you","cdi_words","2A","produces",1,1,123,2026-03-09 05:11:33,"VVI154",630,"m","2/20/26",35,27
"5175",5175,"carry","cdi_words","2A","produces",NA,0,123,2026-03-09 05:11:33,"VVI154",630,"m","2/20/26",35,27
"5176",5176,"chase","cdi_words","2A","produces",NA,0,123,2026-03-09 05:11:33,"VVI154",630,"m","2/20/26",35,27
"5177",5177,"dump","cdi_words","2A","produces",NA,0,123,2026-03-09 05:11:33,"VVI154",630,"m","2/20/26",35,27
"5178",5178,"finish","cdi_words","2A","produces",NA,0,123,2026-03-09 05:11:33,"VVI154",630,"m","2/20/26",35,27
"5179",5179,"fit","cdi_words","2A","produces",NA,0,123,2026-03-09 05:11:33,"VVI154",630,"m","2/20/26",35,27
"5180",5180,"hug","cdi_words","2A","produces",1,1,123,2026-03-09 05:11:33,"VVI154",630,"m","2/20/26",35,27
"5181",5181,"listen","cdi_words","2A","produces",NA,0,123,2026-03-09 05:11:33,"VVI154",630,"m","2/20/26",35,27
"5182",5182,"like","cdi_words","2A","produces",NA,0,123,2026-03-09 05:11:33,"VVI154",630,"m","2/20/26",35,27
"5183",5183,"pretend","cdi_words","2A","produces",NA,0,123,2026-03-09 05:11:33,"VVI154",630,"m","2/20/26",35,27
"5184",5184,"rip","cdi_words","2A","produces",NA,0,123,2026-03-09 05:11:33,"VVI154",630,"m","2/20/26",35,27
"5185",5185,"shake","cdi_words","2A","produces",NA,0,123,2026-03-09 05:11:33,"VVI154",630,"m","2/20/26",35,27
"5186",5186,"taste","cdi_words","2A","produces",NA,0,123,2026-03-09 05:11:33,"VVI154",630,"m","2/20/26",35,27
"5187",5187,"gentle","cdi_words","2A","produces",NA,0,123,2026-03-09 05:11:33,"VVI154",630,"m","2/20/26",35,27
"5188",5188,"think","cdi_words","2A","produces",NA,0,123,2026-03-09 05:11:33,"VVI154",630,"m","2/20/26",35,27
"5189",5189,"wish","cdi_words","2A","produces",NA,0,123,2026-03-09 05:11:33,"VVI154",630,"m","2/20/26",35,27
"5190",5190,"all gone","cdi_words","2A","produces",1,1,123,2026-03-09 05:11:33,"VVI154",630,"m","2/20/26",35,27
"5191",5191,"cold","cdi_words","2A","produces",NA,0,123,2026-03-09 05:11:33,"VVI154",630,"m","2/20/26",35,27
"5192",5192,"fast","cdi_words","2A","produces",NA,0,123,2026-03-09 05:11:33,"VVI154",630,"m","2/20/26",35,27
"5193",5193,"happy","cdi_words","2A","produces",NA,0,123,2026-03-09 05:11:33,"VVI154",630,"m","2/20/26",35,27
"5194",5194,"hot","cdi_words","2A","produces",NA,0,123,2026-03-09 05:11:33,"VVI154",630,"m","2/20/26",35,27
"5195",5195,"last","cdi_words","2A","produces",NA,0,123,2026-03-09 05:11:33,"VVI154",630,"m","2/20/26",35,27
"5196",5196,"tiny","cdi_words","2A","produces",NA,0,123,2026-03-09 05:11:33,"VVI154",630,"m","2/20/26",35,27
"5197",5197,"wet","cdi_words","2A","produces",NA,0,123,2026-03-09 05:11:33,"VVI154",630,"m","2/20/26",35,27
"5198",5198,"after","cdi_words","2A","produces",NA,0,123,2026-03-09 05:11:33,"VVI154",630,"m","2/20/26",35,27
"5199",5199,"day","cdi_words","2A","produces",NA,0,123,2026-03-09 05:11:33,"VVI154",630,"m","2/20/26",35,27
"5200",5200,"tonight","cdi_words","2A","produces",NA,0,123,2026-03-09 05:11:33,"VVI154",630,"m","2/20/26",35,27
"5201",5201,"our","cdi_words","2A","produces",NA,0,123,2026-03-09 05:11:33,"VVI154",630,"m","2/20/26",35,27
"5202",5202,"them","cdi_words","2A","produces",NA,0,123,2026-03-09 05:11:33,"VVI154",630,"m","2/20/26",35,27
"5203",5203,"this","cdi_words","2A","produces",NA,0,123,2026-03-09 05:11:33,"VVI154",630,"m","2/20/26",35,27
"5204",5204,"us","cdi_words","2A","produces",NA,0,123,2026-03-09 05:11:33,"VVI154",630,"m","2/20/26",35,27
"5205",5205,"where","cdi_words","2A","produces",NA,0,123,2026-03-09 05:11:33,"VVI154",630,"m","2/20/26",35,27
"5206",5206,"beside","cdi_words","2A","produces",NA,0,123,2026-03-09 05:11:33,"VVI154",630,"m","2/20/26",35,27
"5207",5207,"down","cdi_words","2A","produces",1,1,123,2026-03-09 05:11:33,"VVI154",630,"m","2/20/26",35,27
"5208",5208,"under","cdi_words","2A","produces",NA,0,123,2026-03-09 05:11:33,"VVI154",630,"m","2/20/26",35,27
"5209",5209,"all","cdi_words","2A","produces",NA,0,123,2026-03-09 05:11:33,"VVI154",630,"m","2/20/26",35,27
"5210",5210,"much","cdi_words","2A","produces",NA,0,123,2026-03-09 05:11:33,"VVI154",630,"m","2/20/26",35,27
"5211",5211,"could","cdi_words","2A","produces",NA,0,123,2026-03-09 05:11:33,"VVI154",630,"m","2/20/26",35,27
"5212",5212,"need","cdi_words","2A","produces",NA,0,123,2026-03-09 05:11:33,"VVI154",630,"m","2/20/26",35,27
"5213",5213,"would","cdi_words","2A","produces",NA,0,123,2026-03-09 05:11:33,"VVI154",630,"m","2/20/26",35,27
"5214",5214,"if","cdi_words","2A","produces",NA,0,123,2026-03-09 05:11:33,"VVI154",630,"m","2/20/26",35,27
"5215",5215,"sock","extra_words","2A","produces",1,1,296,2026-04-28 17:33:28,"VVI200",630,"f","4/23/26",60,57
"5216",5216,"bathtub","extra_words","2A","produces",NA,0,296,2026-04-28 17:33:28,"VVI200",630,"f","4/23/26",60,57
"5217",5217,"shower","extra_words","2A","produces",NA,0,296,2026-04-28 17:33:28,"VVI200",630,"f","4/23/26",60,57
"5218",5218,"balloon","extra_words","2A","produces",1,1,296,2026-04-28 17:33:28,"VVI200",630,"f","4/23/26",60,57
"5219",5219,"dresser","extra_words","2A","produces",NA,0,296,2026-04-28 17:33:28,"VVI200",630,"f","4/23/26",60,57
"5220",5220,"kite","extra_words","2A","produces",NA,0,296,2026-04-28 17:33:28,"VVI200",630,"f","4/23/26",60,57
"5221",5221,"camel","extra_words","2A","produces",NA,0,296,2026-04-28 17:33:28,"VVI200",630,"f","4/23/26",60,57
"5222",5222,"elephant","extra_words","2A","produces",1,1,296,2026-04-28 17:33:28,"VVI200",630,"f","4/23/26",60,57
"5223",5223,"ladybug","extra_words","2A","produces",NA,0,296,2026-04-28 17:33:28,"VVI200",630,"f","4/23/26",60,57
"5224",5224,"cloud","extra_words","2A","produces",1,1,296,2026-04-28 17:33:28,"VVI200",630,"f","4/23/26",60,57
"5225",5225,"tree","extra_words","2A","produces",1,1,296,2026-04-28 17:33:28,"VVI200",630,"f","4/23/26",60,57
"5226",5226,"zipper","extra_words","2A","produces",1,1,296,2026-04-28 17:33:28,"VVI200",630,"f","4/23/26",60,57
"5227",5227,"crow","extra_words","2A","produces",NA,0,296,2026-04-28 17:33:28,"VVI200",630,"f","4/23/26",60,57
"5228",5228,"penguin","extra_words","2A","produces",1,1,296,2026-04-28 17:33:28,"VVI200",630,"f","4/23/26",60,57
"5229",5229,"seahorse","extra_words","2A","produces",1,1,296,2026-04-28 17:33:28,"VVI200",630,"f","4/23/26",60,57
"5230",5230,"duck","extra_words","2A","produces",1,1,296,2026-04-28 17:33:28,"VVI200",630,"f","4/23/26",60,57
"5231",5231,"chicken","extra_words","2A","produces",1,1,296,2026-04-28 17:33:28,"VVI200",630,"f","4/23/26",60,57
"5232",5232,"butterfly","extra_words","2A","produces",1,1,296,2026-04-28 17:33:28,"VVI200",630,"f","4/23/26",60,57
"5233",5233,"lizard","extra_words","2A","produces",NA,0,296,2026-04-28 17:33:28,"VVI200",630,"f","4/23/26",60,57
"5234",5234,"walrus","extra_words","2A","produces",1,1,296,2026-04-28 17:33:28,"VVI200",630,"f","4/23/26",60,57
"5235",5235,"snake","extra_words","2A","produces",1,1,296,2026-04-28 17:33:28,"VVI200",630,"f","4/23/26",60,57
"5236",5236,"truck","extra_words","2A","produces",1,1,296,2026-04-28 17:33:28,"VVI200",630,"f","4/23/26",60,57
"5237",5237,"car","extra_words","2A","produces",1,1,296,2026-04-28 17:33:28,"VVI200",630,"f","4/23/26",60,57
"5238",5238,"airplane","extra_words","2A","produces",1,1,296,2026-04-28 17:33:28,"VVI200",630,"f","4/23/26",60,57
"5239",5239,"baa baa","cdi_words","2A","produces",1,1,296,2026-04-28 17:33:28,"VVI200",630,"f","4/23/26",60,57
"5240",5240,"meow","cdi_words","2A","produces",1,1,296,2026-04-28 17:33:28,"VVI200",630,"f","4/23/26",60,57
"5241",5241,"ouch","cdi_words","2A","produces",1,1,296,2026-04-28 17:33:28,"VVI200",630,"f","4/23/26",60,57
"5242",5242,"uh oh","cdi_words","2A","produces",1,1,296,2026-04-28 17:33:28,"VVI200",630,"f","4/23/26",60,57
"5243",5243,"woof woof","cdi_words","2A","produces",1,1,296,2026-04-28 17:33:28,"VVI200",630,"f","4/23/26",60,57
"5244",5244,"bear","cdi_words","2A","produces",1,1,296,2026-04-28 17:33:28,"VVI200",630,"f","4/23/26",60,57
"5245",5245,"bird","cdi_words","2A","produces",1,1,296,2026-04-28 17:33:28,"VVI200",630,"f","4/23/26",60,57
"5246",5246,"cat","cdi_words","2A","produces",1,1,296,2026-04-28 17:33:28,"VVI200",630,"f","4/23/26",60,57
"5247",5247,"dog","cdi_words","2A","produces",1,1,296,2026-04-28 17:33:28,"VVI200",630,"f","4/23/26",60,57
"5248",5248,"duck","cdi_words","2A","produces",1,1,296,2026-04-28 17:33:28,"VVI200",630,"f","4/23/26",60,57
"5249",5249,"horse","cdi_words","2A","produces",1,1,296,2026-04-28 17:33:28,"VVI200",630,"f","4/23/26",60,57
"5250",5250,"airplane","cdi_words","2A","produces",1,1,296,2026-04-28 17:33:28,"VVI200",630,"f","4/23/26",60,57
"5251",5251,"boat","cdi_words","2A","produces",1,1,296,2026-04-28 17:33:28,"VVI200",630,"f","4/23/26",60,57
"5252",5252,"car","cdi_words","2A","produces",1,1,296,2026-04-28 17:33:28,"VVI200",630,"f","4/23/26",60,57
"5253",5253,"ball","cdi_words","2A","produces",1,1,296,2026-04-28 17:33:28,"VVI200",630,"f","4/23/26",60,57
"5254",5254,"book","cdi_words","2A","produces",1,1,296,2026-04-28 17:33:28,"VVI200",630,"f","4/23/26",60,57
"5255",5255,"game","cdi_words","2A","produces",NA,0,296,2026-04-28 17:33:28,"VVI200",630,"f","4/23/26",60,57
"5256",5256,"applesauce","cdi_words","2A","produces",1,1,296,2026-04-28 17:33:28,"VVI200",630,"f","4/23/26",60,57
"5257",5257,"candy","cdi_words","2A","produces",NA,0,296,2026-04-28 17:33:28,"VVI200",630,"f","4/23/26",60,57
"5258",5258,"coke","cdi_words","2A","produces",NA,0,296,2026-04-28 17:33:28,"VVI200",630,"f","4/23/26",60,57
"5259",5259,"cracker","cdi_words","2A","produces",1,1,296,2026-04-28 17:33:28,"VVI200",630,"f","4/23/26",60,57
"5260",5260,"juice","cdi_words","2A","produces",1,1,296,2026-04-28 17:33:28,"VVI200",630,"f","4/23/26",60,57
"5261",5261,"meat","cdi_words","2A","produces",NA,0,296,2026-04-28 17:33:28,"VVI200",630,"f","4/23/26",60,57
"5262",5262,"milk","cdi_words","2A","produces",1,1,296,2026-04-28 17:33:28,"VVI200",630,"f","4/23/26",60,57
"5263",5263,"peas","cdi_words","2A","produces",NA,0,296,2026-04-28 17:33:28,"VVI200",630,"f","4/23/26",60,57
"5264",5264,"hat","cdi_words","2A","produces",1,1,296,2026-04-28 17:33:28,"VVI200",630,"f","4/23/26",60,57
"5265",5265,"necklace","cdi_words","2A","produces",NA,0,296,2026-04-28 17:33:28,"VVI200",630,"f","4/23/26",60,57
"5266",5266,"shoe","cdi_words","2A","produces",1,1,296,2026-04-28 17:33:28,"VVI200",630,"f","4/23/26",60,57
"5267",5267,"sock","cdi_words","2A","produces",1,1,296,2026-04-28 17:33:28,"VVI200",630,"f","4/23/26",60,57
"5268",5268,"chin","cdi_words","2A","produces",1,1,296,2026-04-28 17:33:28,"VVI200",630,"f","4/23/26",60,57
"5269",5269,"ear","cdi_words","2A","produces",1,1,296,2026-04-28 17:33:28,"VVI200",630,"f","4/23/26",60,57
"5270",5270,"hand","cdi_words","2A","produces",1,1,296,2026-04-28 17:33:28,"VVI200",630,"f","4/23/26",60,57
"5271",5271,"leg","cdi_words","2A","produces",1,1,296,2026-04-28 17:33:28,"VVI200",630,"f","4/23/26",60,57
"5272",5272,"broom","cdi_words","2A","produces",NA,0,296,2026-04-28 17:33:28,"VVI200",630,"f","4/23/26",60,57
"5273",5273,"comb","cdi_words","2A","produces",NA,0,296,2026-04-28 17:33:28,"VVI200",630,"f","4/23/26",60,57
"5274",5274,"mop","cdi_words","2A","produces",NA,0,296,2026-04-28 17:33:28,"VVI200",630,"f","4/23/26",60,57
"5275",5275,"plate","cdi_words","2A","produces",1,1,296,2026-04-28 17:33:28,"VVI200",630,"f","4/23/26",60,57
"5276",5276,"trash","cdi_words","2A","produces",1,1,296,2026-04-28 17:33:28,"VVI200",630,"f","4/23/26",60,57
"5277",5277,"tray","cdi_words","2A","produces",NA,0,296,2026-04-28 17:33:28,"VVI200",630,"f","4/23/26",60,57
"5278",5278,"towel","cdi_words","2A","produces",1,1,296,2026-04-28 17:33:28,"VVI200",630,"f","4/23/26",60,57
"5279",5279,"bed","cdi_words","2A","produces",1,1,296,2026-04-28 17:33:28,"VVI200",630,"f","4/23/26",60,57
"5280",5280,"bedroom","cdi_words","2A","produces",NA,0,296,2026-04-28 17:33:28,"VVI200",630,"f","4/23/26",60,57
"5281",5281,"bench","cdi_words","2A","produces",NA,0,296,2026-04-28 17:33:28,"VVI200",630,"f","4/23/26",60,57
"5282",5282,"oven","cdi_words","2A","produces",NA,0,296,2026-04-28 17:33:28,"VVI200",630,"f","4/23/26",60,57
"5283",5283,"stairs","cdi_words","2A","produces",1,1,296,2026-04-28 17:33:28,"VVI200",630,"f","4/23/26",60,57
"5284",5284,"flag","cdi_words","2A","produces",NA,0,296,2026-04-28 17:33:28,"VVI200",630,"f","4/23/26",60,57
"5285",5285,"rain","cdi_words","2A","produces",NA,0,296,2026-04-28 17:33:28,"VVI200",630,"f","4/23/26",60,57
"5286",5286,"star","cdi_words","2A","produces",1,1,296,2026-04-28 17:33:28,"VVI200",630,"f","4/23/26",60,57
"5287",5287,"swing","cdi_words","2A","produces",1,1,296,2026-04-28 17:33:28,"VVI200",630,"f","4/23/26",60,57
"5288",5288,"school","cdi_words","2A","produces",1,1,296,2026-04-28 17:33:28,"VVI200",630,"f","4/23/26",60,57
"5289",5289,"sky","cdi_words","2A","produces",1,1,296,2026-04-28 17:33:28,"VVI200",630,"f","4/23/26",60,57
"5290",5290,"party","cdi_words","2A","produces",NA,0,296,2026-04-28 17:33:28,"VVI200",630,"f","4/23/26",60,57
"5291",5291,"friend","cdi_words","2A","produces",NA,0,296,2026-04-28 17:33:28,"VVI200",630,"f","4/23/26",60,57
"5292",5292,"mommy","cdi_words","2A","produces",1,1,296,2026-04-28 17:33:28,"VVI200",630,"f","4/23/26",60,57
"5293",5293,"person","cdi_words","2A","produces",NA,0,296,2026-04-28 17:33:28,"VVI200",630,"f","4/23/26",60,57
"5294",5294,"bye","cdi_words","2A","produces",1,1,296,2026-04-28 17:33:28,"VVI200",630,"f","4/23/26",60,57
"5295",5295,"hi","cdi_words","2A","produces",1,1,296,2026-04-28 17:33:28,"VVI200",630,"f","4/23/26",60,57
"5296",5296,"no","cdi_words","2A","produces",1,1,296,2026-04-28 17:33:28,"VVI200",630,"f","4/23/26",60,57
"5297",5297,"shopping","cdi_words","2A","produces",NA,0,296,2026-04-28 17:33:28,"VVI200",630,"f","4/23/26",60,57
"5298",5298,"thank you","cdi_words","2A","produces",1,1,296,2026-04-28 17:33:28,"VVI200",630,"f","4/23/26",60,57
"5299",5299,"carry","cdi_words","2A","produces",1,1,296,2026-04-28 17:33:28,"VVI200",630,"f","4/23/26",60,57
"5300",5300,"chase","cdi_words","2A","produces",NA,0,296,2026-04-28 17:33:28,"VVI200",630,"f","4/23/26",60,57
"5301",5301,"dump","cdi_words","2A","produces",NA,0,296,2026-04-28 17:33:28,"VVI200",630,"f","4/23/26",60,57
"5302",5302,"finish","cdi_words","2A","produces",NA,0,296,2026-04-28 17:33:28,"VVI200",630,"f","4/23/26",60,57
"5303",5303,"fit","cdi_words","2A","produces",NA,0,296,2026-04-28 17:33:28,"VVI200",630,"f","4/23/26",60,57
"5304",5304,"hug","cdi_words","2A","produces",1,1,296,2026-04-28 17:33:28,"VVI200",630,"f","4/23/26",60,57
"5305",5305,"listen","cdi_words","2A","produces",1,1,296,2026-04-28 17:33:28,"VVI200",630,"f","4/23/26",60,57
"5306",5306,"like","cdi_words","2A","produces",1,1,296,2026-04-28 17:33:28,"VVI200",630,"f","4/23/26",60,57
"5307",5307,"pretend","cdi_words","2A","produces",NA,0,296,2026-04-28 17:33:28,"VVI200",630,"f","4/23/26",60,57
"5308",5308,"rip","cdi_words","2A","produces",NA,0,296,2026-04-28 17:33:28,"VVI200",630,"f","4/23/26",60,57
"5309",5309,"shake","cdi_words","2A","produces",1,1,296,2026-04-28 17:33:28,"VVI200",630,"f","4/23/26",60,57
"5310",5310,"taste","cdi_words","2A","produces",NA,0,296,2026-04-28 17:33:28,"VVI200",630,"f","4/23/26",60,57
"5311",5311,"gentle","cdi_words","2A","produces",1,1,296,2026-04-28 17:33:28,"VVI200",630,"f","4/23/26",60,57
"5312",5312,"think","cdi_words","2A","produces",NA,0,296,2026-04-28 17:33:28,"VVI200",630,"f","4/23/26",60,57
"5313",5313,"wish","cdi_words","2A","produces",NA,0,296,2026-04-28 17:33:28,"VVI200",630,"f","4/23/26",60,57
"5314",5314,"all gone","cdi_words","2A","produces",1,1,296,2026-04-28 17:33:28,"VVI200",630,"f","4/23/26",60,57
"5315",5315,"cold","cdi_words","2A","produces",1,1,296,2026-04-28 17:33:28,"VVI200",630,"f","4/23/26",60,57
"5316",5316,"fast","cdi_words","2A","produces",1,1,296,2026-04-28 17:33:28,"VVI200",630,"f","4/23/26",60,57
"5317",5317,"happy","cdi_words","2A","produces",1,1,296,2026-04-28 17:33:28,"VVI200",630,"f","4/23/26",60,57
"5318",5318,"hot","cdi_words","2A","produces",1,1,296,2026-04-28 17:33:28,"VVI200",630,"f","4/23/26",60,57
"5319",5319,"last","cdi_words","2A","produces",1,1,296,2026-04-28 17:33:28,"VVI200",630,"f","4/23/26",60,57
"5320",5320,"tiny","cdi_words","2A","produces",NA,0,296,2026-04-28 17:33:28,"VVI200",630,"f","4/23/26",60,57
"5321",5321,"wet","cdi_words","2A","produces",1,1,296,2026-04-28 17:33:28,"VVI200",630,"f","4/23/26",60,57
"5322",5322,"after","cdi_words","2A","produces",NA,0,296,2026-04-28 17:33:28,"VVI200",630,"f","4/23/26",60,57
"5323",5323,"day","cdi_words","2A","produces",NA,0,296,2026-04-28 17:33:28,"VVI200",630,"f","4/23/26",60,57
"5324",5324,"tonight","cdi_words","2A","produces",NA,0,296,2026-04-28 17:33:28,"VVI200",630,"f","4/23/26",60,57
"5325",5325,"our","cdi_words","2A","produces",NA,0,296,2026-04-28 17:33:28,"VVI200",630,"f","4/23/26",60,57
"5326",5326,"them","cdi_words","2A","produces",NA,0,296,2026-04-28 17:33:28,"VVI200",630,"f","4/23/26",60,57
"5327",5327,"this","cdi_words","2A","produces",NA,0,296,2026-04-28 17:33:28,"VVI200",630,"f","4/23/26",60,57
"5328",5328,"us","cdi_words","2A","produces",NA,0,296,2026-04-28 17:33:28,"VVI200",630,"f","4/23/26",60,57
"5329",5329,"where","cdi_words","2A","produces",1,1,296,2026-04-28 17:33:28,"VVI200",630,"f","4/23/26",60,57
"5330",5330,"beside","cdi_words","2A","produces",NA,0,296,2026-04-28 17:33:28,"VVI200",630,"f","4/23/26",60,57
"5331",5331,"down","cdi_words","2A","produces",1,1,296,2026-04-28 17:33:28,"VVI200",630,"f","4/23/26",60,57
"5332",5332,"under","cdi_words","2A","produces",NA,0,296,2026-04-28 17:33:28,"VVI200",630,"f","4/23/26",60,57
"5333",5333,"all","cdi_words","2A","produces",1,1,296,2026-04-28 17:33:28,"VVI200",630,"f","4/23/26",60,57
"5334",5334,"much","cdi_words","2A","produces",NA,0,296,2026-04-28 17:33:28,"VVI200",630,"f","4/23/26",60,57
"5335",5335,"could","cdi_words","2A","produces",NA,0,296,2026-04-28 17:33:28,"VVI200",630,"f","4/23/26",60,57
"5336",5336,"need","cdi_words","2A","produces",NA,0,296,2026-04-28 17:33:28,"VVI200",630,"f","4/23/26",60,57
"5337",5337,"would","cdi_words","2A","produces",NA,0,296,2026-04-28 17:33:28,"VVI200",630,"f","4/23/26",60,57
"5338",5338,"if","cdi_words","2A","produces",NA,0,296,2026-04-28 17:33:28,"VVI200",630,"f","4/23/26",60,57
"5339",5339,"sock","extra_words","2A","produces",NA,0,99,2026-04-08 09:55:56,"VVI170",720,"f","3/26/03",0,15
"5340",5340,"bathtub","extra_words","2A","produces",NA,0,99,2026-04-08 09:55:56,"VVI170",720,"f","3/26/03",0,15
"5341",5341,"shower","extra_words","2A","produces",NA,0,99,2026-04-08 09:55:56,"VVI170",720,"f","3/26/03",0,15
"5342",5342,"balloon","extra_words","2A","produces",1,1,99,2026-04-08 09:55:56,"VVI170",720,"f","3/26/03",0,15
"5343",5343,"dresser","extra_words","2A","produces",NA,0,99,2026-04-08 09:55:56,"VVI170",720,"f","3/26/03",0,15
"5344",5344,"kite","extra_words","2A","produces",NA,0,99,2026-04-08 09:55:56,"VVI170",720,"f","3/26/03",0,15
"5345",5345,"camel","extra_words","2A","produces",NA,0,99,2026-04-08 09:55:56,"VVI170",720,"f","3/26/03",0,15
"5346",5346,"elephant","extra_words","2A","produces",NA,0,99,2026-04-08 09:55:56,"VVI170",720,"f","3/26/03",0,15
"5347",5347,"ladybug","extra_words","2A","produces",NA,0,99,2026-04-08 09:55:56,"VVI170",720,"f","3/26/03",0,15
"5348",5348,"cloud","extra_words","2A","produces",NA,0,99,2026-04-08 09:55:56,"VVI170",720,"f","3/26/03",0,15
"5349",5349,"tree","extra_words","2A","produces",1,1,99,2026-04-08 09:55:56,"VVI170",720,"f","3/26/03",0,15
"5350",5350,"zipper","extra_words","2A","produces",NA,0,99,2026-04-08 09:55:56,"VVI170",720,"f","3/26/03",0,15
"5351",5351,"crow","extra_words","2A","produces",NA,0,99,2026-04-08 09:55:56,"VVI170",720,"f","3/26/03",0,15
"5352",5352,"penguin","extra_words","2A","produces",NA,0,99,2026-04-08 09:55:56,"VVI170",720,"f","3/26/03",0,15
"5353",5353,"seahorse","extra_words","2A","produces",NA,0,99,2026-04-08 09:55:56,"VVI170",720,"f","3/26/03",0,15
"5354",5354,"duck","extra_words","2A","produces",NA,0,99,2026-04-08 09:55:56,"VVI170",720,"f","3/26/03",0,15
"5355",5355,"chicken","extra_words","2A","produces",NA,0,99,2026-04-08 09:55:56,"VVI170",720,"f","3/26/03",0,15
"5356",5356,"butterfly","extra_words","2A","produces",NA,0,99,2026-04-08 09:55:56,"VVI170",720,"f","3/26/03",0,15
"5357",5357,"lizard","extra_words","2A","produces",NA,0,99,2026-04-08 09:55:56,"VVI170",720,"f","3/26/03",0,15
"5358",5358,"walrus","extra_words","2A","produces",NA,0,99,2026-04-08 09:55:56,"VVI170",720,"f","3/26/03",0,15
"5359",5359,"snake","extra_words","2A","produces",NA,0,99,2026-04-08 09:55:56,"VVI170",720,"f","3/26/03",0,15
"5360",5360,"truck","extra_words","2A","produces",NA,0,99,2026-04-08 09:55:56,"VVI170",720,"f","3/26/03",0,15
"5361",5361,"car","extra_words","2A","produces",NA,0,99,2026-04-08 09:55:56,"VVI170",720,"f","3/26/03",0,15
"5362",5362,"airplane","extra_words","2A","produces",NA,0,99,2026-04-08 09:55:56,"VVI170",720,"f","3/26/03",0,15
"5363",5363,"baa baa","cdi_words","2A","produces",NA,0,99,2026-04-08 09:55:56,"VVI170",720,"f","3/26/03",0,15
"5364",5364,"meow","cdi_words","2A","produces",1,1,99,2026-04-08 09:55:56,"VVI170",720,"f","3/26/03",0,15
"5365",5365,"ouch","cdi_words","2A","produces",1,1,99,2026-04-08 09:55:56,"VVI170",720,"f","3/26/03",0,15
"5366",5366,"uh oh","cdi_words","2A","produces",1,1,99,2026-04-08 09:55:56,"VVI170",720,"f","3/26/03",0,15
"5367",5367,"woof woof","cdi_words","2A","produces",1,1,99,2026-04-08 09:55:56,"VVI170",720,"f","3/26/03",0,15
"5368",5368,"bear","cdi_words","2A","produces",NA,0,99,2026-04-08 09:55:56,"VVI170",720,"f","3/26/03",0,15
"5369",5369,"bird","cdi_words","2A","produces",NA,0,99,2026-04-08 09:55:56,"VVI170",720,"f","3/26/03",0,15
"5370",5370,"cat","cdi_words","2A","produces",1,1,99,2026-04-08 09:55:56,"VVI170",720,"f","3/26/03",0,15
"5371",5371,"dog","cdi_words","2A","produces",1,1,99,2026-04-08 09:55:56,"VVI170",720,"f","3/26/03",0,15
"5372",5372,"duck","cdi_words","2A","produces",NA,0,99,2026-04-08 09:55:56,"VVI170",720,"f","3/26/03",0,15
"5373",5373,"horse","cdi_words","2A","produces",NA,0,99,2026-04-08 09:55:56,"VVI170",720,"f","3/26/03",0,15
"5374",5374,"airplane","cdi_words","2A","produces",NA,0,99,2026-04-08 09:55:56,"VVI170",720,"f","3/26/03",0,15
"5375",5375,"boat","cdi_words","2A","produces",NA,0,99,2026-04-08 09:55:56,"VVI170",720,"f","3/26/03",0,15
"5376",5376,"car","cdi_words","2A","produces",NA,0,99,2026-04-08 09:55:56,"VVI170",720,"f","3/26/03",0,15
"5377",5377,"ball","cdi_words","2A","produces",1,1,99,2026-04-08 09:55:56,"VVI170",720,"f","3/26/03",0,15
"5378",5378,"book","cdi_words","2A","produces",1,1,99,2026-04-08 09:55:56,"VVI170",720,"f","3/26/03",0,15
"5379",5379,"game","cdi_words","2A","produces",NA,0,99,2026-04-08 09:55:56,"VVI170",720,"f","3/26/03",0,15
"5380",5380,"applesauce","cdi_words","2A","produces",NA,0,99,2026-04-08 09:55:56,"VVI170",720,"f","3/26/03",0,15
"5381",5381,"candy","cdi_words","2A","produces",NA,0,99,2026-04-08 09:55:56,"VVI170",720,"f","3/26/03",0,15
"5382",5382,"coke","cdi_words","2A","produces",NA,0,99,2026-04-08 09:55:56,"VVI170",720,"f","3/26/03",0,15
"5383",5383,"cracker","cdi_words","2A","produces",NA,0,99,2026-04-08 09:55:56,"VVI170",720,"f","3/26/03",0,15
"5384",5384,"juice","cdi_words","2A","produces",1,1,99,2026-04-08 09:55:56,"VVI170",720,"f","3/26/03",0,15
"5385",5385,"meat","cdi_words","2A","produces",NA,0,99,2026-04-08 09:55:56,"VVI170",720,"f","3/26/03",0,15
"5386",5386,"milk","cdi_words","2A","produces",1,1,99,2026-04-08 09:55:56,"VVI170",720,"f","3/26/03",0,15
"5387",5387,"peas","cdi_words","2A","produces",NA,0,99,2026-04-08 09:55:56,"VVI170",720,"f","3/26/03",0,15
"5388",5388,"hat","cdi_words","2A","produces",1,1,99,2026-04-08 09:55:56,"VVI170",720,"f","3/26/03",0,15
"5389",5389,"necklace","cdi_words","2A","produces",NA,0,99,2026-04-08 09:55:56,"VVI170",720,"f","3/26/03",0,15
"5390",5390,"shoe","cdi_words","2A","produces",NA,0,99,2026-04-08 09:55:56,"VVI170",720,"f","3/26/03",0,15
"5391",5391,"sock","cdi_words","2A","produces",NA,0,99,2026-04-08 09:55:56,"VVI170",720,"f","3/26/03",0,15
"5392",5392,"chin","cdi_words","2A","produces",NA,0,99,2026-04-08 09:55:56,"VVI170",720,"f","3/26/03",0,15
"5393",5393,"ear","cdi_words","2A","produces",NA,0,99,2026-04-08 09:55:56,"VVI170",720,"f","3/26/03",0,15
"5394",5394,"hand","cdi_words","2A","produces",NA,0,99,2026-04-08 09:55:56,"VVI170",720,"f","3/26/03",0,15
"5395",5395,"leg","cdi_words","2A","produces",NA,0,99,2026-04-08 09:55:56,"VVI170",720,"f","3/26/03",0,15
"5396",5396,"broom","cdi_words","2A","produces",NA,0,99,2026-04-08 09:55:56,"VVI170",720,"f","3/26/03",0,15
"5397",5397,"comb","cdi_words","2A","produces",NA,0,99,2026-04-08 09:55:56,"VVI170",720,"f","3/26/03",0,15
"5398",5398,"mop","cdi_words","2A","produces",NA,0,99,2026-04-08 09:55:56,"VVI170",720,"f","3/26/03",0,15
"5399",5399,"plate","cdi_words","2A","produces",NA,0,99,2026-04-08 09:55:56,"VVI170",720,"f","3/26/03",0,15
"5400",5400,"trash","cdi_words","2A","produces",NA,0,99,2026-04-08 09:55:56,"VVI170",720,"f","3/26/03",0,15
"5401",5401,"tray","cdi_words","2A","produces",NA,0,99,2026-04-08 09:55:56,"VVI170",720,"f","3/26/03",0,15
"5402",5402,"towel","cdi_words","2A","produces",NA,0,99,2026-04-08 09:55:56,"VVI170",720,"f","3/26/03",0,15
"5403",5403,"bed","cdi_words","2A","produces",NA,0,99,2026-04-08 09:55:56,"VVI170",720,"f","3/26/03",0,15
"5404",5404,"bedroom","cdi_words","2A","produces",NA,0,99,2026-04-08 09:55:56,"VVI170",720,"f","3/26/03",0,15
"5405",5405,"bench","cdi_words","2A","produces",NA,0,99,2026-04-08 09:55:56,"VVI170",720,"f","3/26/03",0,15
"5406",5406,"oven","cdi_words","2A","produces",NA,0,99,2026-04-08 09:55:56,"VVI170",720,"f","3/26/03",0,15
"5407",5407,"stairs","cdi_words","2A","produces",NA,0,99,2026-04-08 09:55:56,"VVI170",720,"f","3/26/03",0,15
"5408",5408,"flag","cdi_words","2A","produces",NA,0,99,2026-04-08 09:55:56,"VVI170",720,"f","3/26/03",0,15
"5409",5409,"rain","cdi_words","2A","produces",NA,0,99,2026-04-08 09:55:56,"VVI170",720,"f","3/26/03",0,15
"5410",5410,"star","cdi_words","2A","produces",NA,0,99,2026-04-08 09:55:56,"VVI170",720,"f","3/26/03",0,15
"5411",5411,"swing","cdi_words","2A","produces",NA,0,99,2026-04-08 09:55:56,"VVI170",720,"f","3/26/03",0,15
"5412",5412,"school","cdi_words","2A","produces",NA,0,99,2026-04-08 09:55:56,"VVI170",720,"f","3/26/03",0,15
"5413",5413,"sky","cdi_words","2A","produces",NA,0,99,2026-04-08 09:55:56,"VVI170",720,"f","3/26/03",0,15
"5414",5414,"party","cdi_words","2A","produces",NA,0,99,2026-04-08 09:55:56,"VVI170",720,"f","3/26/03",0,15
"5415",5415,"friend","cdi_words","2A","produces",NA,0,99,2026-04-08 09:55:56,"VVI170",720,"f","3/26/03",0,15
"5416",5416,"mommy","cdi_words","2A","produces",1,1,99,2026-04-08 09:55:56,"VVI170",720,"f","3/26/03",0,15
"5417",5417,"person","cdi_words","2A","produces",NA,0,99,2026-04-08 09:55:56,"VVI170",720,"f","3/26/03",0,15
"5418",5418,"bye","cdi_words","2A","produces",1,1,99,2026-04-08 09:55:56,"VVI170",720,"f","3/26/03",0,15
"5419",5419,"hi","cdi_words","2A","produces",1,1,99,2026-04-08 09:55:56,"VVI170",720,"f","3/26/03",0,15
"5420",5420,"no","cdi_words","2A","produces",NA,0,99,2026-04-08 09:55:56,"VVI170",720,"f","3/26/03",0,15
"5421",5421,"shopping","cdi_words","2A","produces",NA,0,99,2026-04-08 09:55:56,"VVI170",720,"f","3/26/03",0,15
"5422",5422,"thank you","cdi_words","2A","produces",NA,0,99,2026-04-08 09:55:56,"VVI170",720,"f","3/26/03",0,15
"5423",5423,"carry","cdi_words","2A","produces",NA,0,99,2026-04-08 09:55:56,"VVI170",720,"f","3/26/03",0,15
"5424",5424,"chase","cdi_words","2A","produces",NA,0,99,2026-04-08 09:55:56,"VVI170",720,"f","3/26/03",0,15
"5425",5425,"dump","cdi_words","2A","produces",NA,0,99,2026-04-08 09:55:56,"VVI170",720,"f","3/26/03",0,15
"5426",5426,"finish","cdi_words","2A","produces",NA,0,99,2026-04-08 09:55:56,"VVI170",720,"f","3/26/03",0,15
"5427",5427,"fit","cdi_words","2A","produces",NA,0,99,2026-04-08 09:55:56,"VVI170",720,"f","3/26/03",0,15
"5428",5428,"hug","cdi_words","2A","produces",NA,0,99,2026-04-08 09:55:56,"VVI170",720,"f","3/26/03",0,15
"5429",5429,"listen","cdi_words","2A","produces",NA,0,99,2026-04-08 09:55:56,"VVI170",720,"f","3/26/03",0,15
"5430",5430,"like","cdi_words","2A","produces",NA,0,99,2026-04-08 09:55:56,"VVI170",720,"f","3/26/03",0,15
"5431",5431,"pretend","cdi_words","2A","produces",NA,0,99,2026-04-08 09:55:56,"VVI170",720,"f","3/26/03",0,15
"5432",5432,"rip","cdi_words","2A","produces",NA,0,99,2026-04-08 09:55:56,"VVI170",720,"f","3/26/03",0,15
"5433",5433,"shake","cdi_words","2A","produces",NA,0,99,2026-04-08 09:55:56,"VVI170",720,"f","3/26/03",0,15
"5434",5434,"taste","cdi_words","2A","produces",NA,0,99,2026-04-08 09:55:56,"VVI170",720,"f","3/26/03",0,15
"5435",5435,"gentle","cdi_words","2A","produces",NA,0,99,2026-04-08 09:55:56,"VVI170",720,"f","3/26/03",0,15
"5436",5436,"think","cdi_words","2A","produces",NA,0,99,2026-04-08 09:55:56,"VVI170",720,"f","3/26/03",0,15
"5437",5437,"wish","cdi_words","2A","produces",NA,0,99,2026-04-08 09:55:56,"VVI170",720,"f","3/26/03",0,15
"5438",5438,"all gone","cdi_words","2A","produces",NA,0,99,2026-04-08 09:55:56,"VVI170",720,"f","3/26/03",0,15
"5439",5439,"cold","cdi_words","2A","produces",NA,0,99,2026-04-08 09:55:56,"VVI170",720,"f","3/26/03",0,15
"5440",5440,"fast","cdi_words","2A","produces",NA,0,99,2026-04-08 09:55:56,"VVI170",720,"f","3/26/03",0,15
"5441",5441,"happy","cdi_words","2A","produces",NA,0,99,2026-04-08 09:55:56,"VVI170",720,"f","3/26/03",0,15
"5442",5442,"hot","cdi_words","2A","produces",1,1,99,2026-04-08 09:55:56,"VVI170",720,"f","3/26/03",0,15
"5443",5443,"last","cdi_words","2A","produces",NA,0,99,2026-04-08 09:55:56,"VVI170",720,"f","3/26/03",0,15
"5444",5444,"tiny","cdi_words","2A","produces",NA,0,99,2026-04-08 09:55:56,"VVI170",720,"f","3/26/03",0,15
"5445",5445,"wet","cdi_words","2A","produces",NA,0,99,2026-04-08 09:55:56,"VVI170",720,"f","3/26/03",0,15
"5446",5446,"after","cdi_words","2A","produces",NA,0,99,2026-04-08 09:55:56,"VVI170",720,"f","3/26/03",0,15
"5447",5447,"day","cdi_words","2A","produces",NA,0,99,2026-04-08 09:55:56,"VVI170",720,"f","3/26/03",0,15
"5448",5448,"tonight","cdi_words","2A","produces",NA,0,99,2026-04-08 09:55:56,"VVI170",720,"f","3/26/03",0,15
"5449",5449,"our","cdi_words","2A","produces",NA,0,99,2026-04-08 09:55:56,"VVI170",720,"f","3/26/03",0,15
"5450",5450,"them","cdi_words","2A","produces",NA,0,99,2026-04-08 09:55:56,"VVI170",720,"f","3/26/03",0,15
"5451",5451,"this","cdi_words","2A","produces",NA,0,99,2026-04-08 09:55:56,"VVI170",720,"f","3/26/03",0,15
"5452",5452,"us","cdi_words","2A","produces",NA,0,99,2026-04-08 09:55:56,"VVI170",720,"f","3/26/03",0,15
"5453",5453,"where","cdi_words","2A","produces",NA,0,99,2026-04-08 09:55:56,"VVI170",720,"f","3/26/03",0,15
"5454",5454,"beside","cdi_words","2A","produces",NA,0,99,2026-04-08 09:55:56,"VVI170",720,"f","3/26/03",0,15
"5455",5455,"down","cdi_words","2A","produces",NA,0,99,2026-04-08 09:55:56,"VVI170",720,"f","3/26/03",0,15
"5456",5456,"under","cdi_words","2A","produces",NA,0,99,2026-04-08 09:55:56,"VVI170",720,"f","3/26/03",0,15
"5457",5457,"all","cdi_words","2A","produces",NA,0,99,2026-04-08 09:55:56,"VVI170",720,"f","3/26/03",0,15
"5458",5458,"much","cdi_words","2A","produces",NA,0,99,2026-04-08 09:55:56,"VVI170",720,"f","3/26/03",0,15
"5459",5459,"could","cdi_words","2A","produces",NA,0,99,2026-04-08 09:55:56,"VVI170",720,"f","3/26/03",0,15
"5460",5460,"need","cdi_words","2A","produces",NA,0,99,2026-04-08 09:55:56,"VVI170",720,"f","3/26/03",0,15
"5461",5461,"would","cdi_words","2A","produces",NA,0,99,2026-04-08 09:55:56,"VVI170",720,"f","3/26/03",0,15
"5462",5462,"if","cdi_words","2A","produces",NA,0,99,2026-04-08 09:55:56,"VVI170",720,"f","3/26/03",0,15
"5463",5463,"sock","extra_words","2A","produces",1,1,241,2026-03-27 15:21:55,"VVI181",690,"f","3/27/26",20,39
"5464",5464,"bathtub","extra_words","2A","produces",NA,0,241,2026-03-27 15:21:55,"VVI181",690,"f","3/27/26",20,39
"5465",5465,"shower","extra_words","2A","produces",NA,0,241,2026-03-27 15:21:55,"VVI181",690,"f","3/27/26",20,39
"5466",5466,"balloon","extra_words","2A","produces",NA,0,241,2026-03-27 15:21:55,"VVI181",690,"f","3/27/26",20,39
"5467",5467,"dresser","extra_words","2A","produces",NA,0,241,2026-03-27 15:21:55,"VVI181",690,"f","3/27/26",20,39
"5468",5468,"kite","extra_words","2A","produces",NA,0,241,2026-03-27 15:21:55,"VVI181",690,"f","3/27/26",20,39
"5469",5469,"camel","extra_words","2A","produces",NA,0,241,2026-03-27 15:21:55,"VVI181",690,"f","3/27/26",20,39
"5470",5470,"elephant","extra_words","2A","produces",NA,0,241,2026-03-27 15:21:55,"VVI181",690,"f","3/27/26",20,39
"5471",5471,"ladybug","extra_words","2A","produces",NA,0,241,2026-03-27 15:21:55,"VVI181",690,"f","3/27/26",20,39
"5472",5472,"cloud","extra_words","2A","produces",1,1,241,2026-03-27 15:21:55,"VVI181",690,"f","3/27/26",20,39
"5473",5473,"tree","extra_words","2A","produces",1,1,241,2026-03-27 15:21:55,"VVI181",690,"f","3/27/26",20,39
"5474",5474,"zipper","extra_words","2A","produces",1,1,241,2026-03-27 15:21:55,"VVI181",690,"f","3/27/26",20,39
"5475",5475,"crow","extra_words","2A","produces",NA,0,241,2026-03-27 15:21:55,"VVI181",690,"f","3/27/26",20,39
"5476",5476,"penguin","extra_words","2A","produces",NA,0,241,2026-03-27 15:21:55,"VVI181",690,"f","3/27/26",20,39
"5477",5477,"seahorse","extra_words","2A","produces",NA,0,241,2026-03-27 15:21:55,"VVI181",690,"f","3/27/26",20,39
"5478",5478,"duck","extra_words","2A","produces",NA,0,241,2026-03-27 15:21:55,"VVI181",690,"f","3/27/26",20,39
"5479",5479,"chicken","extra_words","2A","produces",NA,0,241,2026-03-27 15:21:55,"VVI181",690,"f","3/27/26",20,39
"5480",5480,"butterfly","extra_words","2A","produces",1,1,241,2026-03-27 15:21:55,"VVI181",690,"f","3/27/26",20,39
"5481",5481,"lizard","extra_words","2A","produces",NA,0,241,2026-03-27 15:21:55,"VVI181",690,"f","3/27/26",20,39
"5482",5482,"walrus","extra_words","2A","produces",NA,0,241,2026-03-27 15:21:55,"VVI181",690,"f","3/27/26",20,39
"5483",5483,"snake","extra_words","2A","produces",NA,0,241,2026-03-27 15:21:55,"VVI181",690,"f","3/27/26",20,39
"5484",5484,"truck","extra_words","2A","produces",NA,0,241,2026-03-27 15:21:55,"VVI181",690,"f","3/27/26",20,39
"5485",5485,"car","extra_words","2A","produces",1,1,241,2026-03-27 15:21:55,"VVI181",690,"f","3/27/26",20,39
"5486",5486,"airplane","extra_words","2A","produces",NA,0,241,2026-03-27 15:21:55,"VVI181",690,"f","3/27/26",20,39
"5487",5487,"baa baa","cdi_words","2A","produces",1,1,241,2026-03-27 15:21:55,"VVI181",690,"f","3/27/26",20,39
"5488",5488,"meow","cdi_words","2A","produces",1,1,241,2026-03-27 15:21:55,"VVI181",690,"f","3/27/26",20,39
"5489",5489,"ouch","cdi_words","2A","produces",1,1,241,2026-03-27 15:21:55,"VVI181",690,"f","3/27/26",20,39
"5490",5490,"uh oh","cdi_words","2A","produces",1,1,241,2026-03-27 15:21:55,"VVI181",690,"f","3/27/26",20,39
"5491",5491,"woof woof","cdi_words","2A","produces",NA,0,241,2026-03-27 15:21:55,"VVI181",690,"f","3/27/26",20,39
"5492",5492,"bear","cdi_words","2A","produces",1,1,241,2026-03-27 15:21:55,"VVI181",690,"f","3/27/26",20,39
"5493",5493,"bird","cdi_words","2A","produces",1,1,241,2026-03-27 15:21:55,"VVI181",690,"f","3/27/26",20,39
"5494",5494,"cat","cdi_words","2A","produces",1,1,241,2026-03-27 15:21:55,"VVI181",690,"f","3/27/26",20,39
"5495",5495,"dog","cdi_words","2A","produces",1,1,241,2026-03-27 15:21:55,"VVI181",690,"f","3/27/26",20,39
"5496",5496,"duck","cdi_words","2A","produces",NA,0,241,2026-03-27 15:21:55,"VVI181",690,"f","3/27/26",20,39
"5497",5497,"horse","cdi_words","2A","produces",NA,0,241,2026-03-27 15:21:55,"VVI181",690,"f","3/27/26",20,39
"5498",5498,"airplane","cdi_words","2A","produces",1,1,241,2026-03-27 15:21:55,"VVI181",690,"f","3/27/26",20,39
"5499",5499,"boat","cdi_words","2A","produces",NA,0,241,2026-03-27 15:21:55,"VVI181",690,"f","3/27/26",20,39
"5500",5500,"car","cdi_words","2A","produces",1,1,241,2026-03-27 15:21:55,"VVI181",690,"f","3/27/26",20,39
"5501",5501,"ball","cdi_words","2A","produces",1,1,241,2026-03-27 15:21:55,"VVI181",690,"f","3/27/26",20,39
"5502",5502,"book","cdi_words","2A","produces",1,1,241,2026-03-27 15:21:55,"VVI181",690,"f","3/27/26",20,39
"5503",5503,"game","cdi_words","2A","produces",NA,0,241,2026-03-27 15:21:55,"VVI181",690,"f","3/27/26",20,39
"5504",5504,"applesauce","cdi_words","2A","produces",1,1,241,2026-03-27 15:21:55,"VVI181",690,"f","3/27/26",20,39
"5505",5505,"candy","cdi_words","2A","produces",NA,0,241,2026-03-27 15:21:55,"VVI181",690,"f","3/27/26",20,39
"5506",5506,"coke","cdi_words","2A","produces",NA,0,241,2026-03-27 15:21:55,"VVI181",690,"f","3/27/26",20,39
"5507",5507,"cracker","cdi_words","2A","produces",1,1,241,2026-03-27 15:21:55,"VVI181",690,"f","3/27/26",20,39
"5508",5508,"juice","cdi_words","2A","produces",NA,0,241,2026-03-27 15:21:55,"VVI181",690,"f","3/27/26",20,39
"5509",5509,"meat","cdi_words","2A","produces",NA,0,241,2026-03-27 15:21:55,"VVI181",690,"f","3/27/26",20,39
"5510",5510,"milk","cdi_words","2A","produces",1,1,241,2026-03-27 15:21:55,"VVI181",690,"f","3/27/26",20,39
"5511",5511,"peas","cdi_words","2A","produces",1,1,241,2026-03-27 15:21:55,"VVI181",690,"f","3/27/26",20,39
"5512",5512,"hat","cdi_words","2A","produces",1,1,241,2026-03-27 15:21:55,"VVI181",690,"f","3/27/26",20,39
"5513",5513,"necklace","cdi_words","2A","produces",NA,0,241,2026-03-27 15:21:55,"VVI181",690,"f","3/27/26",20,39
"5514",5514,"shoe","cdi_words","2A","produces",1,1,241,2026-03-27 15:21:55,"VVI181",690,"f","3/27/26",20,39
"5515",5515,"sock","cdi_words","2A","produces",1,1,241,2026-03-27 15:21:55,"VVI181",690,"f","3/27/26",20,39
"5516",5516,"chin","cdi_words","2A","produces",NA,0,241,2026-03-27 15:21:55,"VVI181",690,"f","3/27/26",20,39
"5517",5517,"ear","cdi_words","2A","produces",1,1,241,2026-03-27 15:21:55,"VVI181",690,"f","3/27/26",20,39
"5518",5518,"hand","cdi_words","2A","produces",NA,0,241,2026-03-27 15:21:55,"VVI181",690,"f","3/27/26",20,39
"5519",5519,"leg","cdi_words","2A","produces",NA,0,241,2026-03-27 15:21:55,"VVI181",690,"f","3/27/26",20,39
"5520",5520,"broom","cdi_words","2A","produces",NA,0,241,2026-03-27 15:21:55,"VVI181",690,"f","3/27/26",20,39
"5521",5521,"comb","cdi_words","2A","produces",NA,0,241,2026-03-27 15:21:55,"VVI181",690,"f","3/27/26",20,39
"5522",5522,"mop","cdi_words","2A","produces",NA,0,241,2026-03-27 15:21:55,"VVI181",690,"f","3/27/26",20,39
"5523",5523,"plate","cdi_words","2A","produces",NA,0,241,2026-03-27 15:21:55,"VVI181",690,"f","3/27/26",20,39
"5524",5524,"trash","cdi_words","2A","produces",NA,0,241,2026-03-27 15:21:55,"VVI181",690,"f","3/27/26",20,39
"5525",5525,"tray","cdi_words","2A","produces",NA,0,241,2026-03-27 15:21:55,"VVI181",690,"f","3/27/26",20,39
"5526",5526,"towel","cdi_words","2A","produces",1,1,241,2026-03-27 15:21:55,"VVI181",690,"f","3/27/26",20,39
"5527",5527,"bed","cdi_words","2A","produces",NA,0,241,2026-03-27 15:21:55,"VVI181",690,"f","3/27/26",20,39
"5528",5528,"bedroom","cdi_words","2A","produces",NA,0,241,2026-03-27 15:21:55,"VVI181",690,"f","3/27/26",20,39
"5529",5529,"bench","cdi_words","2A","produces",NA,0,241,2026-03-27 15:21:55,"VVI181",690,"f","3/27/26",20,39
"5530",5530,"oven","cdi_words","2A","produces",NA,0,241,2026-03-27 15:21:55,"VVI181",690,"f","3/27/26",20,39
"5531",5531,"stairs","cdi_words","2A","produces",1,1,241,2026-03-27 15:21:55,"VVI181",690,"f","3/27/26",20,39
"5532",5532,"flag","cdi_words","2A","produces",NA,0,241,2026-03-27 15:21:55,"VVI181",690,"f","3/27/26",20,39
"5533",5533,"rain","cdi_words","2A","produces",1,1,241,2026-03-27 15:21:55,"VVI181",690,"f","3/27/26",20,39
"5534",5534,"star","cdi_words","2A","produces",NA,0,241,2026-03-27 15:21:55,"VVI181",690,"f","3/27/26",20,39
"5535",5535,"swing","cdi_words","2A","produces",NA,0,241,2026-03-27 15:21:55,"VVI181",690,"f","3/27/26",20,39
"5536",5536,"school","cdi_words","2A","produces",1,1,241,2026-03-27 15:21:55,"VVI181",690,"f","3/27/26",20,39
"5537",5537,"sky","cdi_words","2A","produces",1,1,241,2026-03-27 15:21:55,"VVI181",690,"f","3/27/26",20,39
"5538",5538,"party","cdi_words","2A","produces",NA,0,241,2026-03-27 15:21:55,"VVI181",690,"f","3/27/26",20,39
"5539",5539,"friend","cdi_words","2A","produces",NA,0,241,2026-03-27 15:21:55,"VVI181",690,"f","3/27/26",20,39
"5540",5540,"mommy","cdi_words","2A","produces",1,1,241,2026-03-27 15:21:55,"VVI181",690,"f","3/27/26",20,39
"5541",5541,"person","cdi_words","2A","produces",NA,0,241,2026-03-27 15:21:55,"VVI181",690,"f","3/27/26",20,39
"5542",5542,"bye","cdi_words","2A","produces",1,1,241,2026-03-27 15:21:55,"VVI181",690,"f","3/27/26",20,39
"5543",5543,"hi","cdi_words","2A","produces",1,1,241,2026-03-27 15:21:55,"VVI181",690,"f","3/27/26",20,39
"5544",5544,"no","cdi_words","2A","produces",1,1,241,2026-03-27 15:21:55,"VVI181",690,"f","3/27/26",20,39
"5545",5545,"shopping","cdi_words","2A","produces",1,1,241,2026-03-27 15:21:55,"VVI181",690,"f","3/27/26",20,39
"5546",5546,"thank you","cdi_words","2A","produces",1,1,241,2026-03-27 15:21:55,"VVI181",690,"f","3/27/26",20,39
"5547",5547,"carry","cdi_words","2A","produces",NA,0,241,2026-03-27 15:21:55,"VVI181",690,"f","3/27/26",20,39
"5548",5548,"chase","cdi_words","2A","produces",NA,0,241,2026-03-27 15:21:55,"VVI181",690,"f","3/27/26",20,39
"5549",5549,"dump","cdi_words","2A","produces",NA,0,241,2026-03-27 15:21:55,"VVI181",690,"f","3/27/26",20,39
"5550",5550,"finish","cdi_words","2A","produces",NA,0,241,2026-03-27 15:21:55,"VVI181",690,"f","3/27/26",20,39
"5551",5551,"fit","cdi_words","2A","produces",NA,0,241,2026-03-27 15:21:55,"VVI181",690,"f","3/27/26",20,39
"5552",5552,"hug","cdi_words","2A","produces",1,1,241,2026-03-27 15:21:55,"VVI181",690,"f","3/27/26",20,39
"5553",5553,"listen","cdi_words","2A","produces",NA,0,241,2026-03-27 15:21:55,"VVI181",690,"f","3/27/26",20,39
"5554",5554,"like","cdi_words","2A","produces",NA,0,241,2026-03-27 15:21:55,"VVI181",690,"f","3/27/26",20,39
"5555",5555,"pretend","cdi_words","2A","produces",NA,0,241,2026-03-27 15:21:55,"VVI181",690,"f","3/27/26",20,39
"5556",5556,"rip","cdi_words","2A","produces",NA,0,241,2026-03-27 15:21:55,"VVI181",690,"f","3/27/26",20,39
"5557",5557,"shake","cdi_words","2A","produces",NA,0,241,2026-03-27 15:21:55,"VVI181",690,"f","3/27/26",20,39
"5558",5558,"taste","cdi_words","2A","produces",NA,0,241,2026-03-27 15:21:55,"VVI181",690,"f","3/27/26",20,39
"5559",5559,"gentle","cdi_words","2A","produces",NA,0,241,2026-03-27 15:21:55,"VVI181",690,"f","3/27/26",20,39
"5560",5560,"think","cdi_words","2A","produces",NA,0,241,2026-03-27 15:21:55,"VVI181",690,"f","3/27/26",20,39
"5561",5561,"wish","cdi_words","2A","produces",NA,0,241,2026-03-27 15:21:55,"VVI181",690,"f","3/27/26",20,39
"5562",5562,"all gone","cdi_words","2A","produces",1,1,241,2026-03-27 15:21:55,"VVI181",690,"f","3/27/26",20,39
"5563",5563,"cold","cdi_words","2A","produces",1,1,241,2026-03-27 15:21:55,"VVI181",690,"f","3/27/26",20,39
"5564",5564,"fast","cdi_words","2A","produces",1,1,241,2026-03-27 15:21:55,"VVI181",690,"f","3/27/26",20,39
"5565",5565,"happy","cdi_words","2A","produces",1,1,241,2026-03-27 15:21:55,"VVI181",690,"f","3/27/26",20,39
"5566",5566,"hot","cdi_words","2A","produces",1,1,241,2026-03-27 15:21:55,"VVI181",690,"f","3/27/26",20,39
"5567",5567,"last","cdi_words","2A","produces",NA,0,241,2026-03-27 15:21:55,"VVI181",690,"f","3/27/26",20,39
"5568",5568,"tiny","cdi_words","2A","produces",1,1,241,2026-03-27 15:21:55,"VVI181",690,"f","3/27/26",20,39
"5569",5569,"wet","cdi_words","2A","produces",NA,0,241,2026-03-27 15:21:55,"VVI181",690,"f","3/27/26",20,39
"5570",5570,"after","cdi_words","2A","produces",NA,0,241,2026-03-27 15:21:55,"VVI181",690,"f","3/27/26",20,39
"5571",5571,"day","cdi_words","2A","produces",NA,0,241,2026-03-27 15:21:55,"VVI181",690,"f","3/27/26",20,39
"5572",5572,"tonight","cdi_words","2A","produces",NA,0,241,2026-03-27 15:21:55,"VVI181",690,"f","3/27/26",20,39
"5573",5573,"our","cdi_words","2A","produces",NA,0,241,2026-03-27 15:21:55,"VVI181",690,"f","3/27/26",20,39
"5574",5574,"them","cdi_words","2A","produces",NA,0,241,2026-03-27 15:21:55,"VVI181",690,"f","3/27/26",20,39
"5575",5575,"this","cdi_words","2A","produces",NA,0,241,2026-03-27 15:21:55,"VVI181",690,"f","3/27/26",20,39
"5576",5576,"us","cdi_words","2A","produces",NA,0,241,2026-03-27 15:21:55,"VVI181",690,"f","3/27/26",20,39
"5577",5577,"where","cdi_words","2A","produces",NA,0,241,2026-03-27 15:21:55,"VVI181",690,"f","3/27/26",20,39
"5578",5578,"beside","cdi_words","2A","produces",NA,0,241,2026-03-27 15:21:55,"VVI181",690,"f","3/27/26",20,39
"5579",5579,"down","cdi_words","2A","produces",1,1,241,2026-03-27 15:21:55,"VVI181",690,"f","3/27/26",20,39
"5580",5580,"under","cdi_words","2A","produces",NA,0,241,2026-03-27 15:21:55,"VVI181",690,"f","3/27/26",20,39
"5581",5581,"all","cdi_words","2A","produces",NA,0,241,2026-03-27 15:21:55,"VVI181",690,"f","3/27/26",20,39
"5582",5582,"much","cdi_words","2A","produces",NA,0,241,2026-03-27 15:21:55,"VVI181",690,"f","3/27/26",20,39
"5583",5583,"could","cdi_words","2A","produces",NA,0,241,2026-03-27 15:21:55,"VVI181",690,"f","3/27/26",20,39
"5584",5584,"need","cdi_words","2A","produces",NA,0,241,2026-03-27 15:21:55,"VVI181",690,"f","3/27/26",20,39
"5585",5585,"would","cdi_words","2A","produces",NA,0,241,2026-03-27 15:21:55,"VVI181",690,"f","3/27/26",20,39
"5586",5586,"if","cdi_words","2A","produces",NA,0,241,2026-03-27 15:21:55,"VVI181",690,"f","3/27/26",20,39
"5587",5587,"sock","extra_words","2A","produces",1,1,116,2026-03-15 16:54:18,"VVI147",630,"f","2/17/26",20,32
"5588",5588,"bathtub","extra_words","2A","produces",NA,0,116,2026-03-15 16:54:18,"VVI147",630,"f","2/17/26",20,32
"5589",5589,"shower","extra_words","2A","produces",NA,0,116,2026-03-15 16:54:18,"VVI147",630,"f","2/17/26",20,32
"5590",5590,"balloon","extra_words","2A","produces",1,1,116,2026-03-15 16:54:18,"VVI147",630,"f","2/17/26",20,32
"5591",5591,"dresser","extra_words","2A","produces",NA,0,116,2026-03-15 16:54:18,"VVI147",630,"f","2/17/26",20,32
"5592",5592,"kite","extra_words","2A","produces",NA,0,116,2026-03-15 16:54:18,"VVI147",630,"f","2/17/26",20,32
"5593",5593,"camel","extra_words","2A","produces",NA,0,116,2026-03-15 16:54:18,"VVI147",630,"f","2/17/26",20,32
"5594",5594,"elephant","extra_words","2A","produces",NA,0,116,2026-03-15 16:54:18,"VVI147",630,"f","2/17/26",20,32
"5595",5595,"ladybug","extra_words","2A","produces",NA,0,116,2026-03-15 16:54:18,"VVI147",630,"f","2/17/26",20,32
"5596",5596,"cloud","extra_words","2A","produces",NA,0,116,2026-03-15 16:54:18,"VVI147",630,"f","2/17/26",20,32
"5597",5597,"tree","extra_words","2A","produces",1,1,116,2026-03-15 16:54:18,"VVI147",630,"f","2/17/26",20,32
"5598",5598,"zipper","extra_words","2A","produces",1,1,116,2026-03-15 16:54:18,"VVI147",630,"f","2/17/26",20,32
"5599",5599,"crow","extra_words","2A","produces",NA,0,116,2026-03-15 16:54:18,"VVI147",630,"f","2/17/26",20,32
"5600",5600,"penguin","extra_words","2A","produces",NA,0,116,2026-03-15 16:54:18,"VVI147",630,"f","2/17/26",20,32
"5601",5601,"seahorse","extra_words","2A","produces",NA,0,116,2026-03-15 16:54:18,"VVI147",630,"f","2/17/26",20,32
"5602",5602,"duck","extra_words","2A","produces",1,1,116,2026-03-15 16:54:18,"VVI147",630,"f","2/17/26",20,32
"5603",5603,"chicken","extra_words","2A","produces",1,1,116,2026-03-15 16:54:18,"VVI147",630,"f","2/17/26",20,32
"5604",5604,"butterfly","extra_words","2A","produces",NA,0,116,2026-03-15 16:54:18,"VVI147",630,"f","2/17/26",20,32
"5605",5605,"lizard","extra_words","2A","produces",NA,0,116,2026-03-15 16:54:18,"VVI147",630,"f","2/17/26",20,32
"5606",5606,"walrus","extra_words","2A","produces",NA,0,116,2026-03-15 16:54:18,"VVI147",630,"f","2/17/26",20,32
"5607",5607,"snake","extra_words","2A","produces",NA,0,116,2026-03-15 16:54:18,"VVI147",630,"f","2/17/26",20,32
"5608",5608,"truck","extra_words","2A","produces",1,1,116,2026-03-15 16:54:18,"VVI147",630,"f","2/17/26",20,32
"5609",5609,"car","extra_words","2A","produces",1,1,116,2026-03-15 16:54:18,"VVI147",630,"f","2/17/26",20,32
"5610",5610,"airplane","extra_words","2A","produces",NA,0,116,2026-03-15 16:54:18,"VVI147",630,"f","2/17/26",20,32
"5611",5611,"baa baa","cdi_words","2A","produces",1,1,116,2026-03-15 16:54:18,"VVI147",630,"f","2/17/26",20,32
"5612",5612,"meow","cdi_words","2A","produces",1,1,116,2026-03-15 16:54:18,"VVI147",630,"f","2/17/26",20,32
"5613",5613,"ouch","cdi_words","2A","produces",1,1,116,2026-03-15 16:54:18,"VVI147",630,"f","2/17/26",20,32
"5614",5614,"uh oh","cdi_words","2A","produces",1,1,116,2026-03-15 16:54:18,"VVI147",630,"f","2/17/26",20,32
"5615",5615,"woof woof","cdi_words","2A","produces",NA,0,116,2026-03-15 16:54:18,"VVI147",630,"f","2/17/26",20,32
"5616",5616,"bear","cdi_words","2A","produces",1,1,116,2026-03-15 16:54:18,"VVI147",630,"f","2/17/26",20,32
"5617",5617,"bird","cdi_words","2A","produces",NA,0,116,2026-03-15 16:54:18,"VVI147",630,"f","2/17/26",20,32
"5618",5618,"cat","cdi_words","2A","produces",NA,0,116,2026-03-15 16:54:18,"VVI147",630,"f","2/17/26",20,32
"5619",5619,"dog","cdi_words","2A","produces",1,1,116,2026-03-15 16:54:18,"VVI147",630,"f","2/17/26",20,32
"5620",5620,"duck","cdi_words","2A","produces",1,1,116,2026-03-15 16:54:18,"VVI147",630,"f","2/17/26",20,32
"5621",5621,"horse","cdi_words","2A","produces",NA,0,116,2026-03-15 16:54:18,"VVI147",630,"f","2/17/26",20,32
"5622",5622,"airplane","cdi_words","2A","produces",NA,0,116,2026-03-15 16:54:18,"VVI147",630,"f","2/17/26",20,32
"5623",5623,"boat","cdi_words","2A","produces",1,1,116,2026-03-15 16:54:18,"VVI147",630,"f","2/17/26",20,32
"5624",5624,"car","cdi_words","2A","produces",1,1,116,2026-03-15 16:54:18,"VVI147",630,"f","2/17/26",20,32
"5625",5625,"ball","cdi_words","2A","produces",1,1,116,2026-03-15 16:54:18,"VVI147",630,"f","2/17/26",20,32
"5626",5626,"book","cdi_words","2A","produces",1,1,116,2026-03-15 16:54:18,"VVI147",630,"f","2/17/26",20,32
"5627",5627,"game","cdi_words","2A","produces",NA,0,116,2026-03-15 16:54:18,"VVI147",630,"f","2/17/26",20,32
"5628",5628,"applesauce","cdi_words","2A","produces",NA,0,116,2026-03-15 16:54:18,"VVI147",630,"f","2/17/26",20,32
"5629",5629,"candy","cdi_words","2A","produces",NA,0,116,2026-03-15 16:54:18,"VVI147",630,"f","2/17/26",20,32
"5630",5630,"coke","cdi_words","2A","produces",NA,0,116,2026-03-15 16:54:18,"VVI147",630,"f","2/17/26",20,32
"5631",5631,"cracker","cdi_words","2A","produces",NA,0,116,2026-03-15 16:54:18,"VVI147",630,"f","2/17/26",20,32
"5632",5632,"juice","cdi_words","2A","produces",1,1,116,2026-03-15 16:54:18,"VVI147",630,"f","2/17/26",20,32
"5633",5633,"meat","cdi_words","2A","produces",NA,0,116,2026-03-15 16:54:18,"VVI147",630,"f","2/17/26",20,32
"5634",5634,"milk","cdi_words","2A","produces",1,1,116,2026-03-15 16:54:18,"VVI147",630,"f","2/17/26",20,32
"5635",5635,"peas","cdi_words","2A","produces",NA,0,116,2026-03-15 16:54:18,"VVI147",630,"f","2/17/26",20,32
"5636",5636,"hat","cdi_words","2A","produces",NA,0,116,2026-03-15 16:54:18,"VVI147",630,"f","2/17/26",20,32
"5637",5637,"necklace","cdi_words","2A","produces",NA,0,116,2026-03-15 16:54:18,"VVI147",630,"f","2/17/26",20,32
"5638",5638,"shoe","cdi_words","2A","produces",1,1,116,2026-03-15 16:54:18,"VVI147",630,"f","2/17/26",20,32
"5639",5639,"sock","cdi_words","2A","produces",1,1,116,2026-03-15 16:54:18,"VVI147",630,"f","2/17/26",20,32
"5640",5640,"chin","cdi_words","2A","produces",NA,0,116,2026-03-15 16:54:18,"VVI147",630,"f","2/17/26",20,32
"5641",5641,"ear","cdi_words","2A","produces",1,1,116,2026-03-15 16:54:18,"VVI147",630,"f","2/17/26",20,32
"5642",5642,"hand","cdi_words","2A","produces",1,1,116,2026-03-15 16:54:18,"VVI147",630,"f","2/17/26",20,32
"5643",5643,"leg","cdi_words","2A","produces",1,1,116,2026-03-15 16:54:18,"VVI147",630,"f","2/17/26",20,32
"5644",5644,"broom","cdi_words","2A","produces",NA,0,116,2026-03-15 16:54:18,"VVI147",630,"f","2/17/26",20,32
"5645",5645,"comb","cdi_words","2A","produces",NA,0,116,2026-03-15 16:54:18,"VVI147",630,"f","2/17/26",20,32
"5646",5646,"mop","cdi_words","2A","produces",1,1,116,2026-03-15 16:54:18,"VVI147",630,"f","2/17/26",20,32
"5647",5647,"plate","cdi_words","2A","produces",NA,0,116,2026-03-15 16:54:18,"VVI147",630,"f","2/17/26",20,32
"5648",5648,"trash","cdi_words","2A","produces",1,1,116,2026-03-15 16:54:18,"VVI147",630,"f","2/17/26",20,32
"5649",5649,"tray","cdi_words","2A","produces",NA,0,116,2026-03-15 16:54:18,"VVI147",630,"f","2/17/26",20,32
"5650",5650,"towel","cdi_words","2A","produces",NA,0,116,2026-03-15 16:54:18,"VVI147",630,"f","2/17/26",20,32
"5651",5651,"bed","cdi_words","2A","produces",1,1,116,2026-03-15 16:54:18,"VVI147",630,"f","2/17/26",20,32
"5652",5652,"bedroom","cdi_words","2A","produces",NA,0,116,2026-03-15 16:54:18,"VVI147",630,"f","2/17/26",20,32
"5653",5653,"bench","cdi_words","2A","produces",NA,0,116,2026-03-15 16:54:18,"VVI147",630,"f","2/17/26",20,32
"5654",5654,"oven","cdi_words","2A","produces",NA,0,116,2026-03-15 16:54:18,"VVI147",630,"f","2/17/26",20,32
"5655",5655,"stairs","cdi_words","2A","produces",NA,0,116,2026-03-15 16:54:18,"VVI147",630,"f","2/17/26",20,32
"5656",5656,"flag","cdi_words","2A","produces",NA,0,116,2026-03-15 16:54:18,"VVI147",630,"f","2/17/26",20,32
"5657",5657,"rain","cdi_words","2A","produces",NA,0,116,2026-03-15 16:54:18,"VVI147",630,"f","2/17/26",20,32
"5658",5658,"star","cdi_words","2A","produces",NA,0,116,2026-03-15 16:54:18,"VVI147",630,"f","2/17/26",20,32
"5659",5659,"swing","cdi_words","2A","produces",1,1,116,2026-03-15 16:54:18,"VVI147",630,"f","2/17/26",20,32
"5660",5660,"school","cdi_words","2A","produces",1,1,116,2026-03-15 16:54:18,"VVI147",630,"f","2/17/26",20,32
"5661",5661,"sky","cdi_words","2A","produces",NA,0,116,2026-03-15 16:54:18,"VVI147",630,"f","2/17/26",20,32
"5662",5662,"party","cdi_words","2A","produces",NA,0,116,2026-03-15 16:54:18,"VVI147",630,"f","2/17/26",20,32
"5663",5663,"friend","cdi_words","2A","produces",NA,0,116,2026-03-15 16:54:18,"VVI147",630,"f","2/17/26",20,32
"5664",5664,"mommy","cdi_words","2A","produces",1,1,116,2026-03-15 16:54:18,"VVI147",630,"f","2/17/26",20,32
"5665",5665,"person","cdi_words","2A","produces",NA,0,116,2026-03-15 16:54:18,"VVI147",630,"f","2/17/26",20,32
"5666",5666,"bye","cdi_words","2A","produces",NA,0,116,2026-03-15 16:54:18,"VVI147",630,"f","2/17/26",20,32
"5667",5667,"hi","cdi_words","2A","produces",1,1,116,2026-03-15 16:54:18,"VVI147",630,"f","2/17/26",20,32
"5668",5668,"no","cdi_words","2A","produces",1,1,116,2026-03-15 16:54:18,"VVI147",630,"f","2/17/26",20,32
"5669",5669,"shopping","cdi_words","2A","produces",NA,0,116,2026-03-15 16:54:18,"VVI147",630,"f","2/17/26",20,32
"5670",5670,"thank you","cdi_words","2A","produces",1,1,116,2026-03-15 16:54:18,"VVI147",630,"f","2/17/26",20,32
"5671",5671,"carry","cdi_words","2A","produces",NA,0,116,2026-03-15 16:54:18,"VVI147",630,"f","2/17/26",20,32
"5672",5672,"chase","cdi_words","2A","produces",NA,0,116,2026-03-15 16:54:18,"VVI147",630,"f","2/17/26",20,32
"5673",5673,"dump","cdi_words","2A","produces",NA,0,116,2026-03-15 16:54:18,"VVI147",630,"f","2/17/26",20,32
"5674",5674,"finish","cdi_words","2A","produces",NA,0,116,2026-03-15 16:54:18,"VVI147",630,"f","2/17/26",20,32
"5675",5675,"fit","cdi_words","2A","produces",NA,0,116,2026-03-15 16:54:18,"VVI147",630,"f","2/17/26",20,32
"5676",5676,"hug","cdi_words","2A","produces",1,1,116,2026-03-15 16:54:18,"VVI147",630,"f","2/17/26",20,32
"5677",5677,"listen","cdi_words","2A","produces",NA,0,116,2026-03-15 16:54:18,"VVI147",630,"f","2/17/26",20,32
"5678",5678,"like","cdi_words","2A","produces",NA,0,116,2026-03-15 16:54:18,"VVI147",630,"f","2/17/26",20,32
"5679",5679,"pretend","cdi_words","2A","produces",NA,0,116,2026-03-15 16:54:18,"VVI147",630,"f","2/17/26",20,32
"5680",5680,"rip","cdi_words","2A","produces",NA,0,116,2026-03-15 16:54:18,"VVI147",630,"f","2/17/26",20,32
"5681",5681,"shake","cdi_words","2A","produces",NA,0,116,2026-03-15 16:54:18,"VVI147",630,"f","2/17/26",20,32
"5682",5682,"taste","cdi_words","2A","produces",NA,0,116,2026-03-15 16:54:18,"VVI147",630,"f","2/17/26",20,32
"5683",5683,"gentle","cdi_words","2A","produces",NA,0,116,2026-03-15 16:54:18,"VVI147",630,"f","2/17/26",20,32
"5684",5684,"think","cdi_words","2A","produces",NA,0,116,2026-03-15 16:54:18,"VVI147",630,"f","2/17/26",20,32
"5685",5685,"wish","cdi_words","2A","produces",NA,0,116,2026-03-15 16:54:18,"VVI147",630,"f","2/17/26",20,32
"5686",5686,"all gone","cdi_words","2A","produces",1,1,116,2026-03-15 16:54:18,"VVI147",630,"f","2/17/26",20,32
"5687",5687,"cold","cdi_words","2A","produces",1,1,116,2026-03-15 16:54:18,"VVI147",630,"f","2/17/26",20,32
"5688",5688,"fast","cdi_words","2A","produces",NA,0,116,2026-03-15 16:54:18,"VVI147",630,"f","2/17/26",20,32
"5689",5689,"happy","cdi_words","2A","produces",NA,0,116,2026-03-15 16:54:18,"VVI147",630,"f","2/17/26",20,32
"5690",5690,"hot","cdi_words","2A","produces",1,1,116,2026-03-15 16:54:18,"VVI147",630,"f","2/17/26",20,32
"5691",5691,"last","cdi_words","2A","produces",NA,0,116,2026-03-15 16:54:18,"VVI147",630,"f","2/17/26",20,32
"5692",5692,"tiny","cdi_words","2A","produces",NA,0,116,2026-03-15 16:54:18,"VVI147",630,"f","2/17/26",20,32
"5693",5693,"wet","cdi_words","2A","produces",NA,0,116,2026-03-15 16:54:18,"VVI147",630,"f","2/17/26",20,32
"5694",5694,"after","cdi_words","2A","produces",NA,0,116,2026-03-15 16:54:18,"VVI147",630,"f","2/17/26",20,32
"5695",5695,"day","cdi_words","2A","produces",NA,0,116,2026-03-15 16:54:18,"VVI147",630,"f","2/17/26",20,32
"5696",5696,"tonight","cdi_words","2A","produces",NA,0,116,2026-03-15 16:54:18,"VVI147",630,"f","2/17/26",20,32
"5697",5697,"our","cdi_words","2A","produces",NA,0,116,2026-03-15 16:54:18,"VVI147",630,"f","2/17/26",20,32
"5698",5698,"them","cdi_words","2A","produces",NA,0,116,2026-03-15 16:54:18,"VVI147",630,"f","2/17/26",20,32
"5699",5699,"this","cdi_words","2A","produces",NA,0,116,2026-03-15 16:54:18,"VVI147",630,"f","2/17/26",20,32
"5700",5700,"us","cdi_words","2A","produces",NA,0,116,2026-03-15 16:54:18,"VVI147",630,"f","2/17/26",20,32
"5701",5701,"where","cdi_words","2A","produces",1,1,116,2026-03-15 16:54:18,"VVI147",630,"f","2/17/26",20,32
"5702",5702,"beside","cdi_words","2A","produces",NA,0,116,2026-03-15 16:54:18,"VVI147",630,"f","2/17/26",20,32
"5703",5703,"down","cdi_words","2A","produces",NA,0,116,2026-03-15 16:54:18,"VVI147",630,"f","2/17/26",20,32
"5704",5704,"under","cdi_words","2A","produces",NA,0,116,2026-03-15 16:54:18,"VVI147",630,"f","2/17/26",20,32
"5705",5705,"all","cdi_words","2A","produces",NA,0,116,2026-03-15 16:54:18,"VVI147",630,"f","2/17/26",20,32
"5706",5706,"much","cdi_words","2A","produces",NA,0,116,2026-03-15 16:54:18,"VVI147",630,"f","2/17/26",20,32
"5707",5707,"could","cdi_words","2A","produces",NA,0,116,2026-03-15 16:54:18,"VVI147",630,"f","2/17/26",20,32
"5708",5708,"need","cdi_words","2A","produces",NA,0,116,2026-03-15 16:54:18,"VVI147",630,"f","2/17/26",20,32
"5709",5709,"would","cdi_words","2A","produces",NA,0,116,2026-03-15 16:54:18,"VVI147",630,"f","2/17/26",20,32
"5710",5710,"if","cdi_words","2A","produces",NA,0,116,2026-03-15 16:54:18,"VVI147",630,"f","2/17/26",20,32
"5711",5711,"sock","extra_words","2A","produces",NA,0,266,2026-04-17 13:59:28,"VVI182",660,"m","3/28/26",15,15
"5712",5712,"bathtub","extra_words","2A","produces",NA,0,266,2026-04-17 13:59:28,"VVI182",660,"m","3/28/26",15,15
"5713",5713,"shower","extra_words","2A","produces",NA,0,266,2026-04-17 13:59:28,"VVI182",660,"m","3/28/26",15,15
"5714",5714,"balloon","extra_words","2A","produces",1,1,266,2026-04-17 13:59:28,"VVI182",660,"m","3/28/26",15,15
"5715",5715,"dresser","extra_words","2A","produces",NA,0,266,2026-04-17 13:59:28,"VVI182",660,"m","3/28/26",15,15
"5716",5716,"kite","extra_words","2A","produces",NA,0,266,2026-04-17 13:59:28,"VVI182",660,"m","3/28/26",15,15
"5717",5717,"camel","extra_words","2A","produces",NA,0,266,2026-04-17 13:59:28,"VVI182",660,"m","3/28/26",15,15
"5718",5718,"elephant","extra_words","2A","produces",NA,0,266,2026-04-17 13:59:28,"VVI182",660,"m","3/28/26",15,15
"5719",5719,"ladybug","extra_words","2A","produces",NA,0,266,2026-04-17 13:59:28,"VVI182",660,"m","3/28/26",15,15
"5720",5720,"cloud","extra_words","2A","produces",NA,0,266,2026-04-17 13:59:28,"VVI182",660,"m","3/28/26",15,15
"5721",5721,"tree","extra_words","2A","produces",NA,0,266,2026-04-17 13:59:28,"VVI182",660,"m","3/28/26",15,15
"5722",5722,"zipper","extra_words","2A","produces",NA,0,266,2026-04-17 13:59:28,"VVI182",660,"m","3/28/26",15,15
"5723",5723,"crow","extra_words","2A","produces",NA,0,266,2026-04-17 13:59:28,"VVI182",660,"m","3/28/26",15,15
"5724",5724,"penguin","extra_words","2A","produces",NA,0,266,2026-04-17 13:59:28,"VVI182",660,"m","3/28/26",15,15
"5725",5725,"seahorse","extra_words","2A","produces",NA,0,266,2026-04-17 13:59:28,"VVI182",660,"m","3/28/26",15,15
"5726",5726,"duck","extra_words","2A","produces",NA,0,266,2026-04-17 13:59:28,"VVI182",660,"m","3/28/26",15,15
"5727",5727,"chicken","extra_words","2A","produces",NA,0,266,2026-04-17 13:59:28,"VVI182",660,"m","3/28/26",15,15
"5728",5728,"butterfly","extra_words","2A","produces",NA,0,266,2026-04-17 13:59:28,"VVI182",660,"m","3/28/26",15,15
"5729",5729,"lizard","extra_words","2A","produces",NA,0,266,2026-04-17 13:59:28,"VVI182",660,"m","3/28/26",15,15
"5730",5730,"walrus","extra_words","2A","produces",NA,0,266,2026-04-17 13:59:28,"VVI182",660,"m","3/28/26",15,15
"5731",5731,"snake","extra_words","2A","produces",NA,0,266,2026-04-17 13:59:28,"VVI182",660,"m","3/28/26",15,15
"5732",5732,"truck","extra_words","2A","produces",NA,0,266,2026-04-17 13:59:28,"VVI182",660,"m","3/28/26",15,15
"5733",5733,"car","extra_words","2A","produces",1,1,266,2026-04-17 13:59:28,"VVI182",660,"m","3/28/26",15,15
"5734",5734,"airplane","extra_words","2A","produces",1,1,266,2026-04-17 13:59:28,"VVI182",660,"m","3/28/26",15,15
"5735",5735,"baa baa","cdi_words","2A","produces",1,1,266,2026-04-17 13:59:28,"VVI182",660,"m","3/28/26",15,15
"5736",5736,"meow","cdi_words","2A","produces",NA,0,266,2026-04-17 13:59:28,"VVI182",660,"m","3/28/26",15,15
"5737",5737,"ouch","cdi_words","2A","produces",1,1,266,2026-04-17 13:59:28,"VVI182",660,"m","3/28/26",15,15
"5738",5738,"uh oh","cdi_words","2A","produces",1,1,266,2026-04-17 13:59:28,"VVI182",660,"m","3/28/26",15,15
"5739",5739,"woof woof","cdi_words","2A","produces",1,1,266,2026-04-17 13:59:28,"VVI182",660,"m","3/28/26",15,15
"5740",5740,"bear","cdi_words","2A","produces",NA,0,266,2026-04-17 13:59:28,"VVI182",660,"m","3/28/26",15,15
"5741",5741,"bird","cdi_words","2A","produces",1,1,266,2026-04-17 13:59:28,"VVI182",660,"m","3/28/26",15,15
"5742",5742,"cat","cdi_words","2A","produces",NA,0,266,2026-04-17 13:59:28,"VVI182",660,"m","3/28/26",15,15
"5743",5743,"dog","cdi_words","2A","produces",1,1,266,2026-04-17 13:59:28,"VVI182",660,"m","3/28/26",15,15
"5744",5744,"duck","cdi_words","2A","produces",NA,0,266,2026-04-17 13:59:28,"VVI182",660,"m","3/28/26",15,15
"5745",5745,"horse","cdi_words","2A","produces",NA,0,266,2026-04-17 13:59:28,"VVI182",660,"m","3/28/26",15,15
"5746",5746,"airplane","cdi_words","2A","produces",1,1,266,2026-04-17 13:59:28,"VVI182",660,"m","3/28/26",15,15
"5747",5747,"boat","cdi_words","2A","produces",NA,0,266,2026-04-17 13:59:28,"VVI182",660,"m","3/28/26",15,15
"5748",5748,"car","cdi_words","2A","produces",1,1,266,2026-04-17 13:59:28,"VVI182",660,"m","3/28/26",15,15
"5749",5749,"ball","cdi_words","2A","produces",1,1,266,2026-04-17 13:59:28,"VVI182",660,"m","3/28/26",15,15
"5750",5750,"book","cdi_words","2A","produces",NA,0,266,2026-04-17 13:59:28,"VVI182",660,"m","3/28/26",15,15
"5751",5751,"game","cdi_words","2A","produces",NA,0,266,2026-04-17 13:59:28,"VVI182",660,"m","3/28/26",15,15
"5752",5752,"applesauce","cdi_words","2A","produces",NA,0,266,2026-04-17 13:59:28,"VVI182",660,"m","3/28/26",15,15
"5753",5753,"candy","cdi_words","2A","produces",NA,0,266,2026-04-17 13:59:28,"VVI182",660,"m","3/28/26",15,15
"5754",5754,"coke","cdi_words","2A","produces",NA,0,266,2026-04-17 13:59:28,"VVI182",660,"m","3/28/26",15,15
"5755",5755,"cracker","cdi_words","2A","produces",NA,0,266,2026-04-17 13:59:28,"VVI182",660,"m","3/28/26",15,15
"5756",5756,"juice","cdi_words","2A","produces",NA,0,266,2026-04-17 13:59:28,"VVI182",660,"m","3/28/26",15,15
"5757",5757,"meat","cdi_words","2A","produces",NA,0,266,2026-04-17 13:59:28,"VVI182",660,"m","3/28/26",15,15
"5758",5758,"milk","cdi_words","2A","produces",NA,0,266,2026-04-17 13:59:28,"VVI182",660,"m","3/28/26",15,15
"5759",5759,"peas","cdi_words","2A","produces",NA,0,266,2026-04-17 13:59:28,"VVI182",660,"m","3/28/26",15,15
"5760",5760,"hat","cdi_words","2A","produces",NA,0,266,2026-04-17 13:59:28,"VVI182",660,"m","3/28/26",15,15
"5761",5761,"necklace","cdi_words","2A","produces",NA,0,266,2026-04-17 13:59:28,"VVI182",660,"m","3/28/26",15,15
"5762",5762,"shoe","cdi_words","2A","produces",NA,0,266,2026-04-17 13:59:28,"VVI182",660,"m","3/28/26",15,15
"5763",5763,"sock","cdi_words","2A","produces",NA,0,266,2026-04-17 13:59:28,"VVI182",660,"m","3/28/26",15,15
"5764",5764,"chin","cdi_words","2A","produces",NA,0,266,2026-04-17 13:59:28,"VVI182",660,"m","3/28/26",15,15
"5765",5765,"ear","cdi_words","2A","produces",NA,0,266,2026-04-17 13:59:28,"VVI182",660,"m","3/28/26",15,15
"5766",5766,"hand","cdi_words","2A","produces",NA,0,266,2026-04-17 13:59:28,"VVI182",660,"m","3/28/26",15,15
"5767",5767,"leg","cdi_words","2A","produces",NA,0,266,2026-04-17 13:59:28,"VVI182",660,"m","3/28/26",15,15
"5768",5768,"broom","cdi_words","2A","produces",NA,0,266,2026-04-17 13:59:28,"VVI182",660,"m","3/28/26",15,15
"5769",5769,"comb","cdi_words","2A","produces",NA,0,266,2026-04-17 13:59:28,"VVI182",660,"m","3/28/26",15,15
"5770",5770,"mop","cdi_words","2A","produces",NA,0,266,2026-04-17 13:59:28,"VVI182",660,"m","3/28/26",15,15
"5771",5771,"plate","cdi_words","2A","produces",NA,0,266,2026-04-17 13:59:28,"VVI182",660,"m","3/28/26",15,15
"5772",5772,"trash","cdi_words","2A","produces",NA,0,266,2026-04-17 13:59:28,"VVI182",660,"m","3/28/26",15,15
"5773",5773,"tray","cdi_words","2A","produces",NA,0,266,2026-04-17 13:59:28,"VVI182",660,"m","3/28/26",15,15
"5774",5774,"towel","cdi_words","2A","produces",NA,0,266,2026-04-17 13:59:28,"VVI182",660,"m","3/28/26",15,15
"5775",5775,"bed","cdi_words","2A","produces",NA,0,266,2026-04-17 13:59:28,"VVI182",660,"m","3/28/26",15,15
"5776",5776,"bedroom","cdi_words","2A","produces",NA,0,266,2026-04-17 13:59:28,"VVI182",660,"m","3/28/26",15,15
"5777",5777,"bench","cdi_words","2A","produces",NA,0,266,2026-04-17 13:59:28,"VVI182",660,"m","3/28/26",15,15
"5778",5778,"oven","cdi_words","2A","produces",NA,0,266,2026-04-17 13:59:28,"VVI182",660,"m","3/28/26",15,15
"5779",5779,"stairs","cdi_words","2A","produces",NA,0,266,2026-04-17 13:59:28,"VVI182",660,"m","3/28/26",15,15
"5780",5780,"flag","cdi_words","2A","produces",NA,0,266,2026-04-17 13:59:28,"VVI182",660,"m","3/28/26",15,15
"5781",5781,"rain","cdi_words","2A","produces",NA,0,266,2026-04-17 13:59:28,"VVI182",660,"m","3/28/26",15,15
"5782",5782,"star","cdi_words","2A","produces",NA,0,266,2026-04-17 13:59:28,"VVI182",660,"m","3/28/26",15,15
"5783",5783,"swing","cdi_words","2A","produces",NA,0,266,2026-04-17 13:59:28,"VVI182",660,"m","3/28/26",15,15
"5784",5784,"school","cdi_words","2A","produces",NA,0,266,2026-04-17 13:59:28,"VVI182",660,"m","3/28/26",15,15
"5785",5785,"sky","cdi_words","2A","produces",NA,0,266,2026-04-17 13:59:28,"VVI182",660,"m","3/28/26",15,15
"5786",5786,"party","cdi_words","2A","produces",NA,0,266,2026-04-17 13:59:28,"VVI182",660,"m","3/28/26",15,15
"5787",5787,"friend","cdi_words","2A","produces",NA,0,266,2026-04-17 13:59:28,"VVI182",660,"m","3/28/26",15,15
"5788",5788,"mommy","cdi_words","2A","produces",1,1,266,2026-04-17 13:59:28,"VVI182",660,"m","3/28/26",15,15
"5789",5789,"person","cdi_words","2A","produces",NA,0,266,2026-04-17 13:59:28,"VVI182",660,"m","3/28/26",15,15
"5790",5790,"bye","cdi_words","2A","produces",1,1,266,2026-04-17 13:59:28,"VVI182",660,"m","3/28/26",15,15
"5791",5791,"hi","cdi_words","2A","produces",1,1,266,2026-04-17 13:59:28,"VVI182",660,"m","3/28/26",15,15
"5792",5792,"no","cdi_words","2A","produces",1,1,266,2026-04-17 13:59:28,"VVI182",660,"m","3/28/26",15,15
"5793",5793,"shopping","cdi_words","2A","produces",NA,0,266,2026-04-17 13:59:28,"VVI182",660,"m","3/28/26",15,15
"5794",5794,"thank you","cdi_words","2A","produces",1,1,266,2026-04-17 13:59:28,"VVI182",660,"m","3/28/26",15,15
"5795",5795,"carry","cdi_words","2A","produces",NA,0,266,2026-04-17 13:59:28,"VVI182",660,"m","3/28/26",15,15
"5796",5796,"chase","cdi_words","2A","produces",NA,0,266,2026-04-17 13:59:28,"VVI182",660,"m","3/28/26",15,15
"5797",5797,"dump","cdi_words","2A","produces",NA,0,266,2026-04-17 13:59:28,"VVI182",660,"m","3/28/26",15,15
"5798",5798,"finish","cdi_words","2A","produces",NA,0,266,2026-04-17 13:59:28,"VVI182",660,"m","3/28/26",15,15
"5799",5799,"fit","cdi_words","2A","produces",NA,0,266,2026-04-17 13:59:28,"VVI182",660,"m","3/28/26",15,15
"5800",5800,"hug","cdi_words","2A","produces",NA,0,266,2026-04-17 13:59:28,"VVI182",660,"m","3/28/26",15,15
"5801",5801,"listen","cdi_words","2A","produces",NA,0,266,2026-04-17 13:59:28,"VVI182",660,"m","3/28/26",15,15
"5802",5802,"like","cdi_words","2A","produces",NA,0,266,2026-04-17 13:59:28,"VVI182",660,"m","3/28/26",15,15
"5803",5803,"pretend","cdi_words","2A","produces",NA,0,266,2026-04-17 13:59:28,"VVI182",660,"m","3/28/26",15,15
"5804",5804,"rip","cdi_words","2A","produces",NA,0,266,2026-04-17 13:59:28,"VVI182",660,"m","3/28/26",15,15
"5805",5805,"shake","cdi_words","2A","produces",NA,0,266,2026-04-17 13:59:28,"VVI182",660,"m","3/28/26",15,15
"5806",5806,"taste","cdi_words","2A","produces",NA,0,266,2026-04-17 13:59:28,"VVI182",660,"m","3/28/26",15,15
"5807",5807,"gentle","cdi_words","2A","produces",NA,0,266,2026-04-17 13:59:28,"VVI182",660,"m","3/28/26",15,15
"5808",5808,"think","cdi_words","2A","produces",NA,0,266,2026-04-17 13:59:28,"VVI182",660,"m","3/28/26",15,15
"5809",5809,"wish","cdi_words","2A","produces",NA,0,266,2026-04-17 13:59:28,"VVI182",660,"m","3/28/26",15,15
"5810",5810,"all gone","cdi_words","2A","produces",NA,0,266,2026-04-17 13:59:28,"VVI182",660,"m","3/28/26",15,15
"5811",5811,"cold","cdi_words","2A","produces",NA,0,266,2026-04-17 13:59:28,"VVI182",660,"m","3/28/26",15,15
"5812",5812,"fast","cdi_words","2A","produces",NA,0,266,2026-04-17 13:59:28,"VVI182",660,"m","3/28/26",15,15
"5813",5813,"happy","cdi_words","2A","produces",NA,0,266,2026-04-17 13:59:28,"VVI182",660,"m","3/28/26",15,15
"5814",5814,"hot","cdi_words","2A","produces",1,1,266,2026-04-17 13:59:28,"VVI182",660,"m","3/28/26",15,15
"5815",5815,"last","cdi_words","2A","produces",NA,0,266,2026-04-17 13:59:28,"VVI182",660,"m","3/28/26",15,15
"5816",5816,"tiny","cdi_words","2A","produces",NA,0,266,2026-04-17 13:59:28,"VVI182",660,"m","3/28/26",15,15
"5817",5817,"wet","cdi_words","2A","produces",NA,0,266,2026-04-17 13:59:28,"VVI182",660,"m","3/28/26",15,15
"5818",5818,"after","cdi_words","2A","produces",NA,0,266,2026-04-17 13:59:28,"VVI182",660,"m","3/28/26",15,15
"5819",5819,"day","cdi_words","2A","produces",NA,0,266,2026-04-17 13:59:28,"VVI182",660,"m","3/28/26",15,15
"5820",5820,"tonight","cdi_words","2A","produces",NA,0,266,2026-04-17 13:59:28,"VVI182",660,"m","3/28/26",15,15
"5821",5821,"our","cdi_words","2A","produces",NA,0,266,2026-04-17 13:59:28,"VVI182",660,"m","3/28/26",15,15
"5822",5822,"them","cdi_words","2A","produces",NA,0,266,2026-04-17 13:59:28,"VVI182",660,"m","3/28/26",15,15
"5823",5823,"this","cdi_words","2A","produces",NA,0,266,2026-04-17 13:59:28,"VVI182",660,"m","3/28/26",15,15
"5824",5824,"us","cdi_words","2A","produces",NA,0,266,2026-04-17 13:59:28,"VVI182",660,"m","3/28/26",15,15
"5825",5825,"where","cdi_words","2A","produces",NA,0,266,2026-04-17 13:59:28,"VVI182",660,"m","3/28/26",15,15
"5826",5826,"beside","cdi_words","2A","produces",NA,0,266,2026-04-17 13:59:28,"VVI182",660,"m","3/28/26",15,15
"5827",5827,"down","cdi_words","2A","produces",NA,0,266,2026-04-17 13:59:28,"VVI182",660,"m","3/28/26",15,15
"5828",5828,"under","cdi_words","2A","produces",NA,0,266,2026-04-17 13:59:28,"VVI182",660,"m","3/28/26",15,15
"5829",5829,"all","cdi_words","2A","produces",NA,0,266,2026-04-17 13:59:28,"VVI182",660,"m","3/28/26",15,15
"5830",5830,"much","cdi_words","2A","produces",NA,0,266,2026-04-17 13:59:28,"VVI182",660,"m","3/28/26",15,15
"5831",5831,"could","cdi_words","2A","produces",NA,0,266,2026-04-17 13:59:28,"VVI182",660,"m","3/28/26",15,15
"5832",5832,"need","cdi_words","2A","produces",NA,0,266,2026-04-17 13:59:28,"VVI182",660,"m","3/28/26",15,15
"5833",5833,"would","cdi_words","2A","produces",NA,0,266,2026-04-17 13:59:28,"VVI182",660,"m","3/28/26",15,15
"5834",5834,"if","cdi_words","2A","produces",NA,0,266,2026-04-17 13:59:28,"VVI182",660,"m","3/28/26",15,15
"5835",5835,"sock","extra_words","2A","produces",1,1,204,2026-04-17 19:39:18,"VVI175",570,"m","10/26/03",55,34
"5836",5836,"bathtub","extra_words","2A","produces",NA,0,204,2026-04-17 19:39:18,"VVI175",570,"m","10/26/03",55,34
"5837",5837,"shower","extra_words","2A","produces",NA,0,204,2026-04-17 19:39:18,"VVI175",570,"m","10/26/03",55,34
"5838",5838,"balloon","extra_words","2A","produces",NA,0,204,2026-04-17 19:39:18,"VVI175",570,"m","10/26/03",55,34
"5839",5839,"dresser","extra_words","2A","produces",NA,0,204,2026-04-17 19:39:18,"VVI175",570,"m","10/26/03",55,34
"5840",5840,"kite","extra_words","2A","produces",NA,0,204,2026-04-17 19:39:18,"VVI175",570,"m","10/26/03",55,34
"5841",5841,"camel","extra_words","2A","produces",NA,0,204,2026-04-17 19:39:18,"VVI175",570,"m","10/26/03",55,34
"5842",5842,"elephant","extra_words","2A","produces",NA,0,204,2026-04-17 19:39:18,"VVI175",570,"m","10/26/03",55,34
"5843",5843,"ladybug","extra_words","2A","produces",NA,0,204,2026-04-17 19:39:18,"VVI175",570,"m","10/26/03",55,34
"5844",5844,"cloud","extra_words","2A","produces",NA,0,204,2026-04-17 19:39:18,"VVI175",570,"m","10/26/03",55,34
"5845",5845,"tree","extra_words","2A","produces",1,1,204,2026-04-17 19:39:18,"VVI175",570,"m","10/26/03",55,34
"5846",5846,"zipper","extra_words","2A","produces",NA,0,204,2026-04-17 19:39:18,"VVI175",570,"m","10/26/03",55,34
"5847",5847,"crow","extra_words","2A","produces",NA,0,204,2026-04-17 19:39:18,"VVI175",570,"m","10/26/03",55,34
"5848",5848,"penguin","extra_words","2A","produces",NA,0,204,2026-04-17 19:39:18,"VVI175",570,"m","10/26/03",55,34
"5849",5849,"seahorse","extra_words","2A","produces",NA,0,204,2026-04-17 19:39:18,"VVI175",570,"m","10/26/03",55,34
"5850",5850,"duck","extra_words","2A","produces",NA,0,204,2026-04-17 19:39:18,"VVI175",570,"m","10/26/03",55,34
"5851",5851,"chicken","extra_words","2A","produces",1,1,204,2026-04-17 19:39:18,"VVI175",570,"m","10/26/03",55,34
"5852",5852,"butterfly","extra_words","2A","produces",NA,0,204,2026-04-17 19:39:18,"VVI175",570,"m","10/26/03",55,34
"5853",5853,"lizard","extra_words","2A","produces",NA,0,204,2026-04-17 19:39:18,"VVI175",570,"m","10/26/03",55,34
"5854",5854,"walrus","extra_words","2A","produces",NA,0,204,2026-04-17 19:39:18,"VVI175",570,"m","10/26/03",55,34
"5855",5855,"snake","extra_words","2A","produces",1,1,204,2026-04-17 19:39:18,"VVI175",570,"m","10/26/03",55,34
"5856",5856,"truck","extra_words","2A","produces",1,1,204,2026-04-17 19:39:18,"VVI175",570,"m","10/26/03",55,34
"5857",5857,"car","extra_words","2A","produces",1,1,204,2026-04-17 19:39:18,"VVI175",570,"m","10/26/03",55,34
"5858",5858,"airplane","extra_words","2A","produces",NA,0,204,2026-04-17 19:39:18,"VVI175",570,"m","10/26/03",55,34
"5859",5859,"baa baa","cdi_words","2A","produces",1,1,204,2026-04-17 19:39:18,"VVI175",570,"m","10/26/03",55,34
"5860",5860,"meow","cdi_words","2A","produces",1,1,204,2026-04-17 19:39:18,"VVI175",570,"m","10/26/03",55,34
"5861",5861,"ouch","cdi_words","2A","produces",1,1,204,2026-04-17 19:39:18,"VVI175",570,"m","10/26/03",55,34
"5862",5862,"uh oh","cdi_words","2A","produces",1,1,204,2026-04-17 19:39:18,"VVI175",570,"m","10/26/03",55,34
"5863",5863,"woof woof","cdi_words","2A","produces",1,1,204,2026-04-17 19:39:18,"VVI175",570,"m","10/26/03",55,34
"5864",5864,"bear","cdi_words","2A","produces",1,1,204,2026-04-17 19:39:18,"VVI175",570,"m","10/26/03",55,34
"5865",5865,"bird","cdi_words","2A","produces",NA,0,204,2026-04-17 19:39:18,"VVI175",570,"m","10/26/03",55,34
"5866",5866,"cat","cdi_words","2A","produces",1,1,204,2026-04-17 19:39:18,"VVI175",570,"m","10/26/03",55,34
"5867",5867,"dog","cdi_words","2A","produces",1,1,204,2026-04-17 19:39:18,"VVI175",570,"m","10/26/03",55,34
"5868",5868,"duck","cdi_words","2A","produces",NA,0,204,2026-04-17 19:39:18,"VVI175",570,"m","10/26/03",55,34
"5869",5869,"horse","cdi_words","2A","produces",NA,0,204,2026-04-17 19:39:18,"VVI175",570,"m","10/26/03",55,34
"5870",5870,"airplane","cdi_words","2A","produces",NA,0,204,2026-04-17 19:39:18,"VVI175",570,"m","10/26/03",55,34
"5871",5871,"boat","cdi_words","2A","produces",NA,0,204,2026-04-17 19:39:18,"VVI175",570,"m","10/26/03",55,34
"5872",5872,"car","cdi_words","2A","produces",1,1,204,2026-04-17 19:39:18,"VVI175",570,"m","10/26/03",55,34
"5873",5873,"ball","cdi_words","2A","produces",1,1,204,2026-04-17 19:39:18,"VVI175",570,"m","10/26/03",55,34
"5874",5874,"book","cdi_words","2A","produces",1,1,204,2026-04-17 19:39:18,"VVI175",570,"m","10/26/03",55,34
"5875",5875,"game","cdi_words","2A","produces",NA,0,204,2026-04-17 19:39:18,"VVI175",570,"m","10/26/03",55,34
"5876",5876,"applesauce","cdi_words","2A","produces",1,1,204,2026-04-17 19:39:18,"VVI175",570,"m","10/26/03",55,34
"5877",5877,"candy","cdi_words","2A","produces",NA,0,204,2026-04-17 19:39:18,"VVI175",570,"m","10/26/03",55,34
"5878",5878,"coke","cdi_words","2A","produces",NA,0,204,2026-04-17 19:39:18,"VVI175",570,"m","10/26/03",55,34
"5879",5879,"cracker","cdi_words","2A","produces",NA,0,204,2026-04-17 19:39:18,"VVI175",570,"m","10/26/03",55,34
"5880",5880,"juice","cdi_words","2A","produces",NA,0,204,2026-04-17 19:39:18,"VVI175",570,"m","10/26/03",55,34
"5881",5881,"meat","cdi_words","2A","produces",NA,0,204,2026-04-17 19:39:18,"VVI175",570,"m","10/26/03",55,34
"5882",5882,"milk","cdi_words","2A","produces",1,1,204,2026-04-17 19:39:18,"VVI175",570,"m","10/26/03",55,34
"5883",5883,"peas","cdi_words","2A","produces",1,1,204,2026-04-17 19:39:18,"VVI175",570,"m","10/26/03",55,34
"5884",5884,"hat","cdi_words","2A","produces",NA,0,204,2026-04-17 19:39:18,"VVI175",570,"m","10/26/03",55,34
"5885",5885,"necklace","cdi_words","2A","produces",NA,0,204,2026-04-17 19:39:18,"VVI175",570,"m","10/26/03",55,34
"5886",5886,"shoe","cdi_words","2A","produces",1,1,204,2026-04-17 19:39:18,"VVI175",570,"m","10/26/03",55,34
"5887",5887,"sock","cdi_words","2A","produces",1,1,204,2026-04-17 19:39:18,"VVI175",570,"m","10/26/03",55,34
"5888",5888,"chin","cdi_words","2A","produces",1,1,204,2026-04-17 19:39:18,"VVI175",570,"m","10/26/03",55,34
"5889",5889,"ear","cdi_words","2A","produces",1,1,204,2026-04-17 19:39:18,"VVI175",570,"m","10/26/03",55,34
"5890",5890,"hand","cdi_words","2A","produces",1,1,204,2026-04-17 19:39:18,"VVI175",570,"m","10/26/03",55,34
"5891",5891,"leg","cdi_words","2A","produces",1,1,204,2026-04-17 19:39:18,"VVI175",570,"m","10/26/03",55,34
"5892",5892,"broom","cdi_words","2A","produces",NA,0,204,2026-04-17 19:39:18,"VVI175",570,"m","10/26/03",55,34
"5893",5893,"comb","cdi_words","2A","produces",NA,0,204,2026-04-17 19:39:18,"VVI175",570,"m","10/26/03",55,34
"5894",5894,"mop","cdi_words","2A","produces",NA,0,204,2026-04-17 19:39:18,"VVI175",570,"m","10/26/03",55,34
"5895",5895,"plate","cdi_words","2A","produces",NA,0,204,2026-04-17 19:39:18,"VVI175",570,"m","10/26/03",55,34
"5896",5896,"trash","cdi_words","2A","produces",1,1,204,2026-04-17 19:39:18,"VVI175",570,"m","10/26/03",55,34
"5897",5897,"tray","cdi_words","2A","produces",NA,0,204,2026-04-17 19:39:18,"VVI175",570,"m","10/26/03",55,34
"5898",5898,"towel","cdi_words","2A","produces",NA,0,204,2026-04-17 19:39:18,"VVI175",570,"m","10/26/03",55,34
"5899",5899,"bed","cdi_words","2A","produces",1,1,204,2026-04-17 19:39:18,"VVI175",570,"m","10/26/03",55,34
"5900",5900,"bedroom","cdi_words","2A","produces",NA,0,204,2026-04-17 19:39:18,"VVI175",570,"m","10/26/03",55,34
"5901",5901,"bench","cdi_words","2A","produces",NA,0,204,2026-04-17 19:39:18,"VVI175",570,"m","10/26/03",55,34
"5902",5902,"oven","cdi_words","2A","produces",NA,0,204,2026-04-17 19:39:18,"VVI175",570,"m","10/26/03",55,34
"5903",5903,"stairs","cdi_words","2A","produces",1,1,204,2026-04-17 19:39:18,"VVI175",570,"m","10/26/03",55,34
"5904",5904,"flag","cdi_words","2A","produces",NA,0,204,2026-04-17 19:39:18,"VVI175",570,"m","10/26/03",55,34
"5905",5905,"rain","cdi_words","2A","produces",NA,0,204,2026-04-17 19:39:18,"VVI175",570,"m","10/26/03",55,34
"5906",5906,"star","cdi_words","2A","produces",1,1,204,2026-04-17 19:39:18,"VVI175",570,"m","10/26/03",55,34
"5907",5907,"swing","cdi_words","2A","produces",NA,0,204,2026-04-17 19:39:18,"VVI175",570,"m","10/26/03",55,34
"5908",5908,"school","cdi_words","2A","produces",NA,0,204,2026-04-17 19:39:18,"VVI175",570,"m","10/26/03",55,34
"5909",5909,"sky","cdi_words","2A","produces",NA,0,204,2026-04-17 19:39:18,"VVI175",570,"m","10/26/03",55,34
"5910",5910,"party","cdi_words","2A","produces",NA,0,204,2026-04-17 19:39:18,"VVI175",570,"m","10/26/03",55,34
"5911",5911,"friend","cdi_words","2A","produces",NA,0,204,2026-04-17 19:39:18,"VVI175",570,"m","10/26/03",55,34
"5912",5912,"mommy","cdi_words","2A","produces",1,1,204,2026-04-17 19:39:18,"VVI175",570,"m","10/26/03",55,34
"5913",5913,"person","cdi_words","2A","produces",NA,0,204,2026-04-17 19:39:18,"VVI175",570,"m","10/26/03",55,34
"5914",5914,"bye","cdi_words","2A","produces",1,1,204,2026-04-17 19:39:18,"VVI175",570,"m","10/26/03",55,34
"5915",5915,"hi","cdi_words","2A","produces",1,1,204,2026-04-17 19:39:18,"VVI175",570,"m","10/26/03",55,34
"5916",5916,"no","cdi_words","2A","produces",1,1,204,2026-04-17 19:39:18,"VVI175",570,"m","10/26/03",55,34
"5917",5917,"shopping","cdi_words","2A","produces",NA,0,204,2026-04-17 19:39:18,"VVI175",570,"m","10/26/03",55,34
"5918",5918,"thank you","cdi_words","2A","produces",1,1,204,2026-04-17 19:39:18,"VVI175",570,"m","10/26/03",55,34
"5919",5919,"carry","cdi_words","2A","produces",NA,0,204,2026-04-17 19:39:18,"VVI175",570,"m","10/26/03",55,34
"5920",5920,"chase","cdi_words","2A","produces",NA,0,204,2026-04-17 19:39:18,"VVI175",570,"m","10/26/03",55,34
"5921",5921,"dump","cdi_words","2A","produces",NA,0,204,2026-04-17 19:39:18,"VVI175",570,"m","10/26/03",55,34
"5922",5922,"finish","cdi_words","2A","produces",NA,0,204,2026-04-17 19:39:18,"VVI175",570,"m","10/26/03",55,34
"5923",5923,"fit","cdi_words","2A","produces",NA,0,204,2026-04-17 19:39:18,"VVI175",570,"m","10/26/03",55,34
"5924",5924,"hug","cdi_words","2A","produces",1,1,204,2026-04-17 19:39:18,"VVI175",570,"m","10/26/03",55,34
"5925",5925,"listen","cdi_words","2A","produces",NA,0,204,2026-04-17 19:39:18,"VVI175",570,"m","10/26/03",55,34
"5926",5926,"like","cdi_words","2A","produces",NA,0,204,2026-04-17 19:39:18,"VVI175",570,"m","10/26/03",55,34
"5927",5927,"pretend","cdi_words","2A","produces",NA,0,204,2026-04-17 19:39:18,"VVI175",570,"m","10/26/03",55,34
"5928",5928,"rip","cdi_words","2A","produces",NA,0,204,2026-04-17 19:39:18,"VVI175",570,"m","10/26/03",55,34
"5929",5929,"shake","cdi_words","2A","produces",NA,0,204,2026-04-17 19:39:18,"VVI175",570,"m","10/26/03",55,34
"5930",5930,"taste","cdi_words","2A","produces",NA,0,204,2026-04-17 19:39:18,"VVI175",570,"m","10/26/03",55,34
"5931",5931,"gentle","cdi_words","2A","produces",1,1,204,2026-04-17 19:39:18,"VVI175",570,"m","10/26/03",55,34
"5932",5932,"think","cdi_words","2A","produces",NA,0,204,2026-04-17 19:39:18,"VVI175",570,"m","10/26/03",55,34
"5933",5933,"wish","cdi_words","2A","produces",NA,0,204,2026-04-17 19:39:18,"VVI175",570,"m","10/26/03",55,34
"5934",5934,"all gone","cdi_words","2A","produces",1,1,204,2026-04-17 19:39:18,"VVI175",570,"m","10/26/03",55,34
"5935",5935,"cold","cdi_words","2A","produces",NA,0,204,2026-04-17 19:39:18,"VVI175",570,"m","10/26/03",55,34
"5936",5936,"fast","cdi_words","2A","produces",NA,0,204,2026-04-17 19:39:18,"VVI175",570,"m","10/26/03",55,34
"5937",5937,"happy","cdi_words","2A","produces",NA,0,204,2026-04-17 19:39:18,"VVI175",570,"m","10/26/03",55,34
"5938",5938,"hot","cdi_words","2A","produces",1,1,204,2026-04-17 19:39:18,"VVI175",570,"m","10/26/03",55,34
"5939",5939,"last","cdi_words","2A","produces",NA,0,204,2026-04-17 19:39:18,"VVI175",570,"m","10/26/03",55,34
"5940",5940,"tiny","cdi_words","2A","produces",NA,0,204,2026-04-17 19:39:18,"VVI175",570,"m","10/26/03",55,34
"5941",5941,"wet","cdi_words","2A","produces",NA,0,204,2026-04-17 19:39:18,"VVI175",570,"m","10/26/03",55,34
"5942",5942,"after","cdi_words","2A","produces",NA,0,204,2026-04-17 19:39:18,"VVI175",570,"m","10/26/03",55,34
"5943",5943,"day","cdi_words","2A","produces",NA,0,204,2026-04-17 19:39:18,"VVI175",570,"m","10/26/03",55,34
"5944",5944,"tonight","cdi_words","2A","produces",NA,0,204,2026-04-17 19:39:18,"VVI175",570,"m","10/26/03",55,34
"5945",5945,"our","cdi_words","2A","produces",NA,0,204,2026-04-17 19:39:18,"VVI175",570,"m","10/26/03",55,34
"5946",5946,"them","cdi_words","2A","produces",NA,0,204,2026-04-17 19:39:18,"VVI175",570,"m","10/26/03",55,34
"5947",5947,"this","cdi_words","2A","produces",NA,0,204,2026-04-17 19:39:18,"VVI175",570,"m","10/26/03",55,34
"5948",5948,"us","cdi_words","2A","produces",NA,0,204,2026-04-17 19:39:18,"VVI175",570,"m","10/26/03",55,34
"5949",5949,"where","cdi_words","2A","produces",NA,0,204,2026-04-17 19:39:18,"VVI175",570,"m","10/26/03",55,34
"5950",5950,"beside","cdi_words","2A","produces",NA,0,204,2026-04-17 19:39:18,"VVI175",570,"m","10/26/03",55,34
"5951",5951,"down","cdi_words","2A","produces",1,1,204,2026-04-17 19:39:18,"VVI175",570,"m","10/26/03",55,34
"5952",5952,"under","cdi_words","2A","produces",NA,0,204,2026-04-17 19:39:18,"VVI175",570,"m","10/26/03",55,34
"5953",5953,"all","cdi_words","2A","produces",NA,0,204,2026-04-17 19:39:18,"VVI175",570,"m","10/26/03",55,34
"5954",5954,"much","cdi_words","2A","produces",NA,0,204,2026-04-17 19:39:18,"VVI175",570,"m","10/26/03",55,34
"5955",5955,"could","cdi_words","2A","produces",NA,0,204,2026-04-17 19:39:18,"VVI175",570,"m","10/26/03",55,34
"5956",5956,"need","cdi_words","2A","produces",NA,0,204,2026-04-17 19:39:18,"VVI175",570,"m","10/26/03",55,34
"5957",5957,"would","cdi_words","2A","produces",NA,0,204,2026-04-17 19:39:18,"VVI175",570,"m","10/26/03",55,34
"5958",5958,"if","cdi_words","2A","produces",NA,0,204,2026-04-17 19:39:18,"VVI175",570,"m","10/26/03",55,34
"5959",5959,"sock","extra_words","2A","produces",NA,0,169,2026-03-08 18:57:22,"VVI155",570,"m","2/20/26",65,41
"5960",5960,"bathtub","extra_words","2A","produces",NA,0,169,2026-03-08 18:57:22,"VVI155",570,"m","2/20/26",65,41
"5961",5961,"shower","extra_words","2A","produces",NA,0,169,2026-03-08 18:57:22,"VVI155",570,"m","2/20/26",65,41
"5962",5962,"balloon","extra_words","2A","produces",1,1,169,2026-03-08 18:57:22,"VVI155",570,"m","2/20/26",65,41
"5963",5963,"dresser","extra_words","2A","produces",NA,0,169,2026-03-08 18:57:22,"VVI155",570,"m","2/20/26",65,41
"5964",5964,"kite","extra_words","2A","produces",NA,0,169,2026-03-08 18:57:22,"VVI155",570,"m","2/20/26",65,41
"5965",5965,"camel","extra_words","2A","produces",NA,0,169,2026-03-08 18:57:22,"VVI155",570,"m","2/20/26",65,41
"5966",5966,"elephant","extra_words","2A","produces",1,1,169,2026-03-08 18:57:22,"VVI155",570,"m","2/20/26",65,41
"5967",5967,"ladybug","extra_words","2A","produces",NA,0,169,2026-03-08 18:57:22,"VVI155",570,"m","2/20/26",65,41
"5968",5968,"cloud","extra_words","2A","produces",NA,0,169,2026-03-08 18:57:22,"VVI155",570,"m","2/20/26",65,41
"5969",5969,"tree","extra_words","2A","produces",1,1,169,2026-03-08 18:57:22,"VVI155",570,"m","2/20/26",65,41
"5970",5970,"zipper","extra_words","2A","produces",1,1,169,2026-03-08 18:57:22,"VVI155",570,"m","2/20/26",65,41
"5971",5971,"crow","extra_words","2A","produces",NA,0,169,2026-03-08 18:57:22,"VVI155",570,"m","2/20/26",65,41
"5972",5972,"penguin","extra_words","2A","produces",1,1,169,2026-03-08 18:57:22,"VVI155",570,"m","2/20/26",65,41
"5973",5973,"seahorse","extra_words","2A","produces",NA,0,169,2026-03-08 18:57:22,"VVI155",570,"m","2/20/26",65,41
"5974",5974,"duck","extra_words","2A","produces",1,1,169,2026-03-08 18:57:22,"VVI155",570,"m","2/20/26",65,41
"5975",5975,"chicken","extra_words","2A","produces",1,1,169,2026-03-08 18:57:22,"VVI155",570,"m","2/20/26",65,41
"5976",5976,"butterfly","extra_words","2A","produces",1,1,169,2026-03-08 18:57:22,"VVI155",570,"m","2/20/26",65,41
"5977",5977,"lizard","extra_words","2A","produces",NA,0,169,2026-03-08 18:57:22,"VVI155",570,"m","2/20/26",65,41
"5978",5978,"walrus","extra_words","2A","produces",NA,0,169,2026-03-08 18:57:22,"VVI155",570,"m","2/20/26",65,41
"5979",5979,"snake","extra_words","2A","produces",1,1,169,2026-03-08 18:57:22,"VVI155",570,"m","2/20/26",65,41
"5980",5980,"truck","extra_words","2A","produces",1,1,169,2026-03-08 18:57:22,"VVI155",570,"m","2/20/26",65,41
"5981",5981,"car","extra_words","2A","produces",1,1,169,2026-03-08 18:57:22,"VVI155",570,"m","2/20/26",65,41
"5982",5982,"airplane","extra_words","2A","produces",1,1,169,2026-03-08 18:57:22,"VVI155",570,"m","2/20/26",65,41
"5983",5983,"baa baa","cdi_words","2A","produces",1,1,169,2026-03-08 18:57:22,"VVI155",570,"m","2/20/26",65,41
"5984",5984,"meow","cdi_words","2A","produces",1,1,169,2026-03-08 18:57:22,"VVI155",570,"m","2/20/26",65,41
"5985",5985,"ouch","cdi_words","2A","produces",1,1,169,2026-03-08 18:57:22,"VVI155",570,"m","2/20/26",65,41
"5986",5986,"uh oh","cdi_words","2A","produces",1,1,169,2026-03-08 18:57:22,"VVI155",570,"m","2/20/26",65,41
"5987",5987,"woof woof","cdi_words","2A","produces",1,1,169,2026-03-08 18:57:22,"VVI155",570,"m","2/20/26",65,41
"5988",5988,"bear","cdi_words","2A","produces",1,1,169,2026-03-08 18:57:22,"VVI155",570,"m","2/20/26",65,41
"5989",5989,"bird","cdi_words","2A","produces",1,1,169,2026-03-08 18:57:22,"VVI155",570,"m","2/20/26",65,41
"5990",5990,"cat","cdi_words","2A","produces",1,1,169,2026-03-08 18:57:22,"VVI155",570,"m","2/20/26",65,41
"5991",5991,"dog","cdi_words","2A","produces",1,1,169,2026-03-08 18:57:22,"VVI155",570,"m","2/20/26",65,41
"5992",5992,"duck","cdi_words","2A","produces",1,1,169,2026-03-08 18:57:22,"VVI155",570,"m","2/20/26",65,41
"5993",5993,"horse","cdi_words","2A","produces",1,1,169,2026-03-08 18:57:22,"VVI155",570,"m","2/20/26",65,41
"5994",5994,"airplane","cdi_words","2A","produces",1,1,169,2026-03-08 18:57:22,"VVI155",570,"m","2/20/26",65,41
"5995",5995,"boat","cdi_words","2A","produces",1,1,169,2026-03-08 18:57:22,"VVI155",570,"m","2/20/26",65,41
"5996",5996,"car","cdi_words","2A","produces",1,1,169,2026-03-08 18:57:22,"VVI155",570,"m","2/20/26",65,41
"5997",5997,"ball","cdi_words","2A","produces",1,1,169,2026-03-08 18:57:22,"VVI155",570,"m","2/20/26",65,41
"5998",5998,"book","cdi_words","2A","produces",1,1,169,2026-03-08 18:57:22,"VVI155",570,"m","2/20/26",65,41
"5999",5999,"game","cdi_words","2A","produces",NA,0,169,2026-03-08 18:57:22,"VVI155",570,"m","2/20/26",65,41
"6000",6000,"applesauce","cdi_words","2A","produces",NA,0,169,2026-03-08 18:57:22,"VVI155",570,"m","2/20/26",65,41
"6001",6001,"candy","cdi_words","2A","produces",NA,0,169,2026-03-08 18:57:22,"VVI155",570,"m","2/20/26",65,41
"6002",6002,"coke","cdi_words","2A","produces",NA,0,169,2026-03-08 18:57:22,"VVI155",570,"m","2/20/26",65,41
"6003",6003,"cracker","cdi_words","2A","produces",1,1,169,2026-03-08 18:57:22,"VVI155",570,"m","2/20/26",65,41
"6004",6004,"juice","cdi_words","2A","produces",NA,0,169,2026-03-08 18:57:22,"VVI155",570,"m","2/20/26",65,41
"6005",6005,"meat","cdi_words","2A","produces",NA,0,169,2026-03-08 18:57:22,"VVI155",570,"m","2/20/26",65,41
"6006",6006,"milk","cdi_words","2A","produces",1,1,169,2026-03-08 18:57:22,"VVI155",570,"m","2/20/26",65,41
"6007",6007,"peas","cdi_words","2A","produces",NA,0,169,2026-03-08 18:57:22,"VVI155",570,"m","2/20/26",65,41
"6008",6008,"hat","cdi_words","2A","produces",1,1,169,2026-03-08 18:57:22,"VVI155",570,"m","2/20/26",65,41
"6009",6009,"necklace","cdi_words","2A","produces",NA,0,169,2026-03-08 18:57:22,"VVI155",570,"m","2/20/26",65,41
"6010",6010,"shoe","cdi_words","2A","produces",1,1,169,2026-03-08 18:57:22,"VVI155",570,"m","2/20/26",65,41
"6011",6011,"sock","cdi_words","2A","produces",NA,0,169,2026-03-08 18:57:22,"VVI155",570,"m","2/20/26",65,41
"6012",6012,"chin","cdi_words","2A","produces",1,1,169,2026-03-08 18:57:22,"VVI155",570,"m","2/20/26",65,41
"6013",6013,"ear","cdi_words","2A","produces",1,1,169,2026-03-08 18:57:22,"VVI155",570,"m","2/20/26",65,41
"6014",6014,"hand","cdi_words","2A","produces",1,1,169,2026-03-08 18:57:22,"VVI155",570,"m","2/20/26",65,41
"6015",6015,"leg","cdi_words","2A","produces",NA,0,169,2026-03-08 18:57:22,"VVI155",570,"m","2/20/26",65,41
"6016",6016,"broom","cdi_words","2A","produces",NA,0,169,2026-03-08 18:57:22,"VVI155",570,"m","2/20/26",65,41
"6017",6017,"comb","cdi_words","2A","produces",NA,0,169,2026-03-08 18:57:22,"VVI155",570,"m","2/20/26",65,41
"6018",6018,"mop","cdi_words","2A","produces",NA,0,169,2026-03-08 18:57:22,"VVI155",570,"m","2/20/26",65,41
"6019",6019,"plate","cdi_words","2A","produces",1,1,169,2026-03-08 18:57:22,"VVI155",570,"m","2/20/26",65,41
"6020",6020,"trash","cdi_words","2A","produces",NA,0,169,2026-03-08 18:57:22,"VVI155",570,"m","2/20/26",65,41
"6021",6021,"tray","cdi_words","2A","produces",NA,0,169,2026-03-08 18:57:22,"VVI155",570,"m","2/20/26",65,41
"6022",6022,"towel","cdi_words","2A","produces",NA,0,169,2026-03-08 18:57:22,"VVI155",570,"m","2/20/26",65,41
"6023",6023,"bed","cdi_words","2A","produces",1,1,169,2026-03-08 18:57:22,"VVI155",570,"m","2/20/26",65,41
"6024",6024,"bedroom","cdi_words","2A","produces",NA,0,169,2026-03-08 18:57:22,"VVI155",570,"m","2/20/26",65,41
"6025",6025,"bench","cdi_words","2A","produces",NA,0,169,2026-03-08 18:57:22,"VVI155",570,"m","2/20/26",65,41
"6026",6026,"oven","cdi_words","2A","produces",NA,0,169,2026-03-08 18:57:22,"VVI155",570,"m","2/20/26",65,41
"6027",6027,"stairs","cdi_words","2A","produces",NA,0,169,2026-03-08 18:57:22,"VVI155",570,"m","2/20/26",65,41
"6028",6028,"flag","cdi_words","2A","produces",NA,0,169,2026-03-08 18:57:22,"VVI155",570,"m","2/20/26",65,41
"6029",6029,"rain","cdi_words","2A","produces",NA,0,169,2026-03-08 18:57:22,"VVI155",570,"m","2/20/26",65,41
"6030",6030,"star","cdi_words","2A","produces",1,1,169,2026-03-08 18:57:22,"VVI155",570,"m","2/20/26",65,41
"6031",6031,"swing","cdi_words","2A","produces",NA,0,169,2026-03-08 18:57:22,"VVI155",570,"m","2/20/26",65,41
"6032",6032,"school","cdi_words","2A","produces",NA,0,169,2026-03-08 18:57:22,"VVI155",570,"m","2/20/26",65,41
"6033",6033,"sky","cdi_words","2A","produces",NA,0,169,2026-03-08 18:57:22,"VVI155",570,"m","2/20/26",65,41
"6034",6034,"party","cdi_words","2A","produces",NA,0,169,2026-03-08 18:57:22,"VVI155",570,"m","2/20/26",65,41
"6035",6035,"friend","cdi_words","2A","produces",NA,0,169,2026-03-08 18:57:22,"VVI155",570,"m","2/20/26",65,41
"6036",6036,"mommy","cdi_words","2A","produces",1,1,169,2026-03-08 18:57:22,"VVI155",570,"m","2/20/26",65,41
"6037",6037,"person","cdi_words","2A","produces",NA,0,169,2026-03-08 18:57:22,"VVI155",570,"m","2/20/26",65,41
"6038",6038,"bye","cdi_words","2A","produces",1,1,169,2026-03-08 18:57:22,"VVI155",570,"m","2/20/26",65,41
"6039",6039,"hi","cdi_words","2A","produces",1,1,169,2026-03-08 18:57:22,"VVI155",570,"m","2/20/26",65,41
"6040",6040,"no","cdi_words","2A","produces",1,1,169,2026-03-08 18:57:22,"VVI155",570,"m","2/20/26",65,41
"6041",6041,"shopping","cdi_words","2A","produces",NA,0,169,2026-03-08 18:57:22,"VVI155",570,"m","2/20/26",65,41
"6042",6042,"thank you","cdi_words","2A","produces",1,1,169,2026-03-08 18:57:22,"VVI155",570,"m","2/20/26",65,41
"6043",6043,"carry","cdi_words","2A","produces",NA,0,169,2026-03-08 18:57:22,"VVI155",570,"m","2/20/26",65,41
"6044",6044,"chase","cdi_words","2A","produces",NA,0,169,2026-03-08 18:57:22,"VVI155",570,"m","2/20/26",65,41
"6045",6045,"dump","cdi_words","2A","produces",NA,0,169,2026-03-08 18:57:22,"VVI155",570,"m","2/20/26",65,41
"6046",6046,"finish","cdi_words","2A","produces",NA,0,169,2026-03-08 18:57:22,"VVI155",570,"m","2/20/26",65,41
"6047",6047,"fit","cdi_words","2A","produces",NA,0,169,2026-03-08 18:57:22,"VVI155",570,"m","2/20/26",65,41
"6048",6048,"hug","cdi_words","2A","produces",1,1,169,2026-03-08 18:57:22,"VVI155",570,"m","2/20/26",65,41
"6049",6049,"listen","cdi_words","2A","produces",NA,0,169,2026-03-08 18:57:22,"VVI155",570,"m","2/20/26",65,41
"6050",6050,"like","cdi_words","2A","produces",NA,0,169,2026-03-08 18:57:22,"VVI155",570,"m","2/20/26",65,41
"6051",6051,"pretend","cdi_words","2A","produces",NA,0,169,2026-03-08 18:57:22,"VVI155",570,"m","2/20/26",65,41
"6052",6052,"rip","cdi_words","2A","produces",NA,0,169,2026-03-08 18:57:22,"VVI155",570,"m","2/20/26",65,41
"6053",6053,"shake","cdi_words","2A","produces",1,1,169,2026-03-08 18:57:22,"VVI155",570,"m","2/20/26",65,41
"6054",6054,"taste","cdi_words","2A","produces",NA,0,169,2026-03-08 18:57:22,"VVI155",570,"m","2/20/26",65,41
"6055",6055,"gentle","cdi_words","2A","produces",1,1,169,2026-03-08 18:57:22,"VVI155",570,"m","2/20/26",65,41
"6056",6056,"think","cdi_words","2A","produces",NA,0,169,2026-03-08 18:57:22,"VVI155",570,"m","2/20/26",65,41
"6057",6057,"wish","cdi_words","2A","produces",NA,0,169,2026-03-08 18:57:22,"VVI155",570,"m","2/20/26",65,41
"6058",6058,"all gone","cdi_words","2A","produces",1,1,169,2026-03-08 18:57:22,"VVI155",570,"m","2/20/26",65,41
"6059",6059,"cold","cdi_words","2A","produces",1,1,169,2026-03-08 18:57:22,"VVI155",570,"m","2/20/26",65,41
"6060",6060,"fast","cdi_words","2A","produces",1,1,169,2026-03-08 18:57:22,"VVI155",570,"m","2/20/26",65,41
"6061",6061,"happy","cdi_words","2A","produces",1,1,169,2026-03-08 18:57:22,"VVI155",570,"m","2/20/26",65,41
"6062",6062,"hot","cdi_words","2A","produces",1,1,169,2026-03-08 18:57:22,"VVI155",570,"m","2/20/26",65,41
"6063",6063,"last","cdi_words","2A","produces",NA,0,169,2026-03-08 18:57:22,"VVI155",570,"m","2/20/26",65,41
"6064",6064,"tiny","cdi_words","2A","produces",NA,0,169,2026-03-08 18:57:22,"VVI155",570,"m","2/20/26",65,41
"6065",6065,"wet","cdi_words","2A","produces",NA,0,169,2026-03-08 18:57:22,"VVI155",570,"m","2/20/26",65,41
"6066",6066,"after","cdi_words","2A","produces",NA,0,169,2026-03-08 18:57:22,"VVI155",570,"m","2/20/26",65,41
"6067",6067,"day","cdi_words","2A","produces",NA,0,169,2026-03-08 18:57:22,"VVI155",570,"m","2/20/26",65,41
"6068",6068,"tonight","cdi_words","2A","produces",NA,0,169,2026-03-08 18:57:22,"VVI155",570,"m","2/20/26",65,41
"6069",6069,"our","cdi_words","2A","produces",NA,0,169,2026-03-08 18:57:22,"VVI155",570,"m","2/20/26",65,41
"6070",6070,"them","cdi_words","2A","produces",NA,0,169,2026-03-08 18:57:22,"VVI155",570,"m","2/20/26",65,41
"6071",6071,"this","cdi_words","2A","produces",NA,0,169,2026-03-08 18:57:22,"VVI155",570,"m","2/20/26",65,41
"6072",6072,"us","cdi_words","2A","produces",NA,0,169,2026-03-08 18:57:22,"VVI155",570,"m","2/20/26",65,41
"6073",6073,"where","cdi_words","2A","produces",1,1,169,2026-03-08 18:57:22,"VVI155",570,"m","2/20/26",65,41
"6074",6074,"beside","cdi_words","2A","produces",NA,0,169,2026-03-08 18:57:22,"VVI155",570,"m","2/20/26",65,41
"6075",6075,"down","cdi_words","2A","produces",1,1,169,2026-03-08 18:57:22,"VVI155",570,"m","2/20/26",65,41
"6076",6076,"under","cdi_words","2A","produces",NA,0,169,2026-03-08 18:57:22,"VVI155",570,"m","2/20/26",65,41
"6077",6077,"all","cdi_words","2A","produces",NA,0,169,2026-03-08 18:57:22,"VVI155",570,"m","2/20/26",65,41
"6078",6078,"much","cdi_words","2A","produces",NA,0,169,2026-03-08 18:57:22,"VVI155",570,"m","2/20/26",65,41
"6079",6079,"could","cdi_words","2A","produces",NA,0,169,2026-03-08 18:57:22,"VVI155",570,"m","2/20/26",65,41
"6080",6080,"need","cdi_words","2A","produces",NA,0,169,2026-03-08 18:57:22,"VVI155",570,"m","2/20/26",65,41
"6081",6081,"would","cdi_words","2A","produces",NA,0,169,2026-03-08 18:57:22,"VVI155",570,"m","2/20/26",65,41
"6082",6082,"if","cdi_words","2A","produces",NA,0,169,2026-03-08 18:57:22,"VVI155",570,"m","2/20/26",65,41
"6083",6083,"Sometimes","combine","2A","combine",2,1,157,2026-04-09 08:59:38,"VVI172",690,"f","5/26/03",25,45
"6084",6084,"Often","combine","2A","combine",3,1,140,2026-03-08 19:06:56,"VVI141",750,"f","2/14/26",55,77
"6085",6085,"Sometimes","combine","2A","combine",2,1,248,2026-02-18 10:40:52,"VVI148",630,"f","2/18/26",75,67
"6086",6086,"Not Yet","combine","2A","combine",1,1,105,2026-04-17 16:36:07,"VVI190",570,"m","6/26/04",10,6
"6087",6087,"Not Yet","combine","2A","combine",1,1,92,2026-03-07 09:16:09,"VVI174",690,"m","7/26/03",5,10
"6088",6088,"Not Yet","combine","2A","combine",1,1,66,2026-03-05 17:04:08,"VVI173",690,"f","5/26/03",0,6
"6089",6089,"Often","combine","2A","combine",3,1,178,2026-05-18 20:50:22,"VVI212",840,"f","5/19/26",10,54
"6090",6090,"Sometimes","combine","2A","combine",2,1,97,2026-03-08 18:23:32,"VVI165",720,"m","2/26/26",5,13
"6091",6091,"Often","combine","2A","combine",3,1,123,2026-03-09 13:10:25,"VVI143",690,"f","2/16/26",45,58
"6092",6092,"Often","combine","2A","combine",3,1,159,2026-03-09 16:05:40,"VVI161",630,"m","2/23/26",50,40
"6093",6093,"Sometimes","combine","2A","combine",2,1,357,2026-04-28 18:46:17,"VVI199",570,"f","4/22/26",60,44
"6094",6094,"Often","combine","2A","combine",3,1,178,2026-02-19 14:13:41,"VVI152",600,"f","2/19/26",45,42
"6095",6095,"Often","combine","2A","combine",3,1,165,2026-03-13 08:25:10,"VVI176",750,"f","3/13/26",20,50
"6096",6096,"Sometimes","combine","2A","combine",2,1,98,2026-03-08 17:02:49,"VVI153",600,"f","2/19/26",5,15
"6097",6097,"Often","combine","2A","combine",3,1,209,2026-04-17 16:06:34,"VVI180",720,"m","3/25/26",85,88
"6098",6098,"Often","combine","2A","combine",3,1,129,2026-03-08 21:48:11,"VVI159",630,"m","2/22/26",35,27
"6099",6099,"Sometimes","combine","2A","combine",2,1,128,2026-03-08 17:19:57,"VVI140",630,"m","2/13/26",25,21
"6100",6100,"Sometimes","combine","2A","combine",2,1,768,2026-05-25 19:45:03,"VVI217",600,"m","5/26/26",45,31
"6101",6101,"Not Yet","combine","2A","combine",1,1,137,2026-03-14 07:58:28,"VVI177",570,"m","3/14/26",20,13
"6102",6102,"Often","combine","2A","combine",3,1,132,2026-03-09 13:00:56,"VVI139",630,"m","2/13/26",50,38
"6103",6103,"Often","combine","2A","combine",3,1,161,2026-02-21 16:30:14,"VVI157",660,"f","2/21/26",45,52
"6104",6104,"Sometimes","combine","2A","combine",2,1,123,2026-03-09 05:11:33,"VVI154",630,"m","2/20/26",35,27
"6105",6105,"Often","combine","2A","combine",3,1,296,2026-04-28 17:33:28,"VVI200",630,"f","4/23/26",60,57
"6106",6106,"Sometimes","combine","2A","combine",2,1,99,2026-04-08 09:55:56,"VVI170",720,"f","3/26/03",0,15
"6107",6107,"Often","combine","2A","combine",3,1,241,2026-03-27 15:21:55,"VVI181",690,"f","3/27/26",20,39
"6108",6108,"Sometimes","combine","2A","combine",2,1,116,2026-03-15 16:54:18,"VVI147",630,"f","2/17/26",20,32
"6109",6109,"Not Yet","combine","2A","combine",1,1,266,2026-04-17 13:59:28,"VVI182",660,"m","3/28/26",15,15
"6110",6110,"Often","combine","2A","combine",3,1,204,2026-04-17 19:39:18,"VVI175",570,"m","10/26/03",55,34
"6111",6111,"Often","combine","2A","combine",3,1,169,2026-03-08 18:57:22,"VVI155",570,"m","2/20/26",65,41
