"","word","word_type","survey_type","type","value","responded","duration_in_seconds","StartDate","local_id","age_rounded","gender","date_created"
"1","sock","extra_words","1","produces",NA,0,"245","2026-04-29 06:56:14","VVI196",450,"f","4/14/26"
"2","sock","extra_words","1","understands",NA,0,"245","2026-04-29 06:56:14","VVI196",450,"f","4/14/26"
"3","sock","extra_words","1","produces",NA,0,"104","2026-03-29 15:34:33","VVI183",420,"m","3/29/26"
"4","sock","extra_words","1","understands",NA,0,"104","2026-03-29 15:34:33","VVI183",420,"m","3/29/26"
"5","sock","extra_words","1","produces",NA,0,"125","2026-04-30 08:46:28","VVI197",450,"m","4/14/26"
"6","sock","extra_words","1","understands",1,1,"125","2026-04-30 08:46:28","VVI197",450,"m","4/14/26"
"7","sock","extra_words","1","produces",NA,0,"213","2026-02-15 21:07:24","VVI142",450,"f","2/16/26"
"8","sock","extra_words","1","understands",1,1,"213","2026-02-15 21:07:24","VVI142",450,"f","2/16/26"
"9","sock","extra_words","1","produces",NA,0,"76","2026-04-02 15:03:35","VVI186",450,"m","2/26/04"
"10","sock","extra_words","1","understands",1,1,"76","2026-04-02 15:03:35","VVI186",450,"m","2/26/04"
"11","sock","extra_words","1","produces",NA,0,"223","2026-03-09 15:51:32","VVI162",510,"f","2/24/26"
"12","sock","extra_words","1","understands",1,1,"223","2026-03-09 15:51:32","VVI162",510,"f","2/24/26"
"13","sock","extra_words","1","produces",NA,0,"207","2026-04-08 10:48:19","VVI193",450,"f","8/26/04"
"14","sock","extra_words","1","understands",1,1,"207","2026-04-08 10:48:19","VVI193",450,"f","8/26/04"
"15","sock","extra_words","1","produces",NA,0,"131","2026-04-28 16:52:20","VVI201",420,"m","4/27/26"
"16","sock","extra_words","1","understands",NA,0,"131","2026-04-28 16:52:20","VVI201",420,"m","4/27/26"
"17","sock","extra_words","1","produces",NA,0,"216","2026-03-08 20:15:37","VVI146",510,"f","2/17/26"
"18","sock","extra_words","1","understands",1,1,"216","2026-03-08 20:15:37","VVI146",510,"f","2/17/26"
"19","sock","extra_words","1","produces",NA,0,"179","2026-03-09 12:13:10","VVI160",510,"m","2/23/26"
"20","sock","extra_words","1","understands",1,1,"179","2026-03-09 12:13:10","VVI160",510,"m","2/23/26"
"21","sock","extra_words","1","produces",NA,0,"102","2026-03-08 18:49:54","VVI164",480,"m","2/25/26"
"22","sock","extra_words","1","understands",1,1,"102","2026-03-08 18:49:54","VVI164",480,"m","2/25/26"
"23","cloud","extra_words","1","produces",NA,0,"245","2026-04-29 06:56:14","VVI196",450,"f","4/14/26"
"24","cloud","extra_words","1","understands",1,1,"245","2026-04-29 06:56:14","VVI196",450,"f","4/14/26"
"25","cloud","extra_words","1","produces",NA,0,"104","2026-03-29 15:34:33","VVI183",420,"m","3/29/26"
"26","cloud","extra_words","1","understands",NA,0,"104","2026-03-29 15:34:33","VVI183",420,"m","3/29/26"
"27","cloud","extra_words","1","produces",NA,0,"125","2026-04-30 08:46:28","VVI197",450,"m","4/14/26"
"28","cloud","extra_words","1","understands",NA,0,"125","2026-04-30 08:46:28","VVI197",450,"m","4/14/26"
"29","cloud","extra_words","1","produces",NA,0,"213","2026-02-15 21:07:24","VVI142",450,"f","2/16/26"
"30","cloud","extra_words","1","understands",NA,0,"213","2026-02-15 21:07:24","VVI142",450,"f","2/16/26"
"31","cloud","extra_words","1","produces",NA,0,"76","2026-04-02 15:03:35","VVI186",450,"m","2/26/04"
"32","cloud","extra_words","1","understands",NA,0,"76","2026-04-02 15:03:35","VVI186",450,"m","2/26/04"
"33","cloud","extra_words","1","produces",NA,0,"223","2026-03-09 15:51:32","VVI162",510,"f","2/24/26"
"34","cloud","extra_words","1","understands",NA,0,"223","2026-03-09 15:51:32","VVI162",510,"f","2/24/26"
"35","cloud","extra_words","1","produces",NA,0,"207","2026-04-08 10:48:19","VVI193",450,"f","8/26/04"
"36","cloud","extra_words","1","understands",NA,0,"207","2026-04-08 10:48:19","VVI193",450,"f","8/26/04"
"37","cloud","extra_words","1","produces",NA,0,"131","2026-04-28 16:52:20","VVI201",420,"m","4/27/26"
"38","cloud","extra_words","1","understands",NA,0,"131","2026-04-28 16:52:20","VVI201",420,"m","4/27/26"
"39","cloud","extra_words","1","produces",NA,0,"216","2026-03-08 20:15:37","VVI146",510,"f","2/17/26"
"40","cloud","extra_words","1","understands",NA,0,"216","2026-03-08 20:15:37","VVI146",510,"f","2/17/26"
"41","cloud","extra_words","1","produces",NA,0,"179","2026-03-09 12:13:10","VVI160",510,"m","2/23/26"
"42","cloud","extra_words","1","understands",NA,0,"179","2026-03-09 12:13:10","VVI160",510,"m","2/23/26"
"43","cloud","extra_words","1","produces",NA,0,"102","2026-03-08 18:49:54","VVI164",480,"m","2/25/26"
"44","cloud","extra_words","1","understands",NA,0,"102","2026-03-08 18:49:54","VVI164",480,"m","2/25/26"
"45","tree","extra_words","1","produces",NA,0,"245","2026-04-29 06:56:14","VVI196",450,"f","4/14/26"
"46","tree","extra_words","1","understands",1,1,"245","2026-04-29 06:56:14","VVI196",450,"f","4/14/26"
"47","tree","extra_words","1","produces",NA,0,"104","2026-03-29 15:34:33","VVI183",420,"m","3/29/26"
"48","tree","extra_words","1","understands",NA,0,"104","2026-03-29 15:34:33","VVI183",420,"m","3/29/26"
"49","tree","extra_words","1","produces",NA,0,"125","2026-04-30 08:46:28","VVI197",450,"m","4/14/26"
"50","tree","extra_words","1","understands",1,1,"125","2026-04-30 08:46:28","VVI197",450,"m","4/14/26"
"51","tree","extra_words","1","produces",NA,0,"213","2026-02-15 21:07:24","VVI142",450,"f","2/16/26"
"52","tree","extra_words","1","understands",1,1,"213","2026-02-15 21:07:24","VVI142",450,"f","2/16/26"
"53","tree","extra_words","1","produces",NA,0,"76","2026-04-02 15:03:35","VVI186",450,"m","2/26/04"
"54","tree","extra_words","1","understands",NA,0,"76","2026-04-02 15:03:35","VVI186",450,"m","2/26/04"
"55","tree","extra_words","1","produces",NA,0,"223","2026-03-09 15:51:32","VVI162",510,"f","2/24/26"
"56","tree","extra_words","1","understands",NA,0,"223","2026-03-09 15:51:32","VVI162",510,"f","2/24/26"
"57","tree","extra_words","1","produces",NA,0,"207","2026-04-08 10:48:19","VVI193",450,"f","8/26/04"
"58","tree","extra_words","1","understands",1,1,"207","2026-04-08 10:48:19","VVI193",450,"f","8/26/04"
"59","tree","extra_words","1","produces",NA,0,"131","2026-04-28 16:52:20","VVI201",420,"m","4/27/26"
"60","tree","extra_words","1","understands",NA,0,"131","2026-04-28 16:52:20","VVI201",420,"m","4/27/26"
"61","tree","extra_words","1","produces",NA,0,"216","2026-03-08 20:15:37","VVI146",510,"f","2/17/26"
"62","tree","extra_words","1","understands",1,1,"216","2026-03-08 20:15:37","VVI146",510,"f","2/17/26"
"63","tree","extra_words","1","produces",NA,0,"179","2026-03-09 12:13:10","VVI160",510,"m","2/23/26"
"64","tree","extra_words","1","understands",NA,0,"179","2026-03-09 12:13:10","VVI160",510,"m","2/23/26"
"65","tree","extra_words","1","produces",NA,0,"102","2026-03-08 18:49:54","VVI164",480,"m","2/25/26"
"66","tree","extra_words","1","understands",NA,0,"102","2026-03-08 18:49:54","VVI164",480,"m","2/25/26"
"67","zipper","extra_words","1","produces",NA,0,"245","2026-04-29 06:56:14","VVI196",450,"f","4/14/26"
"68","zipper","extra_words","1","understands",1,1,"245","2026-04-29 06:56:14","VVI196",450,"f","4/14/26"
"69","zipper","extra_words","1","produces",NA,0,"104","2026-03-29 15:34:33","VVI183",420,"m","3/29/26"
"70","zipper","extra_words","1","understands",NA,0,"104","2026-03-29 15:34:33","VVI183",420,"m","3/29/26"
"71","zipper","extra_words","1","produces",NA,0,"125","2026-04-30 08:46:28","VVI197",450,"m","4/14/26"
"72","zipper","extra_words","1","understands",1,1,"125","2026-04-30 08:46:28","VVI197",450,"m","4/14/26"
"73","zipper","extra_words","1","produces",NA,0,"213","2026-02-15 21:07:24","VVI142",450,"f","2/16/26"
"74","zipper","extra_words","1","understands",1,1,"213","2026-02-15 21:07:24","VVI142",450,"f","2/16/26"
"75","zipper","extra_words","1","produces",NA,0,"76","2026-04-02 15:03:35","VVI186",450,"m","2/26/04"
"76","zipper","extra_words","1","understands",NA,0,"76","2026-04-02 15:03:35","VVI186",450,"m","2/26/04"
"77","zipper","extra_words","1","produces",NA,0,"223","2026-03-09 15:51:32","VVI162",510,"f","2/24/26"
"78","zipper","extra_words","1","understands",NA,0,"223","2026-03-09 15:51:32","VVI162",510,"f","2/24/26"
"79","zipper","extra_words","1","produces",NA,0,"207","2026-04-08 10:48:19","VVI193",450,"f","8/26/04"
"80","zipper","extra_words","1","understands",1,1,"207","2026-04-08 10:48:19","VVI193",450,"f","8/26/04"
"81","zipper","extra_words","1","produces",NA,0,"131","2026-04-28 16:52:20","VVI201",420,"m","4/27/26"
"82","zipper","extra_words","1","understands",NA,0,"131","2026-04-28 16:52:20","VVI201",420,"m","4/27/26"
"83","zipper","extra_words","1","produces",NA,0,"216","2026-03-08 20:15:37","VVI146",510,"f","2/17/26"
"84","zipper","extra_words","1","understands",1,1,"216","2026-03-08 20:15:37","VVI146",510,"f","2/17/26"
"85","zipper","extra_words","1","produces",NA,0,"179","2026-03-09 12:13:10","VVI160",510,"m","2/23/26"
"86","zipper","extra_words","1","understands",NA,0,"179","2026-03-09 12:13:10","VVI160",510,"m","2/23/26"
"87","zipper","extra_words","1","produces",NA,0,"102","2026-03-08 18:49:54","VVI164",480,"m","2/25/26"
"88","zipper","extra_words","1","understands",NA,0,"102","2026-03-08 18:49:54","VVI164",480,"m","2/25/26"
"89","crow","extra_words","1","produces",2,1,"245","2026-04-29 06:56:14","VVI196",450,"f","4/14/26"
"90","crow","extra_words","1","understands",2,1,"245","2026-04-29 06:56:14","VVI196",450,"f","4/14/26"
"91","crow","extra_words","1","produces",NA,0,"104","2026-03-29 15:34:33","VVI183",420,"m","3/29/26"
"92","crow","extra_words","1","understands",NA,0,"104","2026-03-29 15:34:33","VVI183",420,"m","3/29/26"
"93","crow","extra_words","1","produces",NA,0,"125","2026-04-30 08:46:28","VVI197",450,"m","4/14/26"
"94","crow","extra_words","1","understands",NA,0,"125","2026-04-30 08:46:28","VVI197",450,"m","4/14/26"
"95","crow","extra_words","1","produces",NA,0,"213","2026-02-15 21:07:24","VVI142",450,"f","2/16/26"
"96","crow","extra_words","1","understands",NA,0,"213","2026-02-15 21:07:24","VVI142",450,"f","2/16/26"
"97","crow","extra_words","1","produces",NA,0,"76","2026-04-02 15:03:35","VVI186",450,"m","2/26/04"
"98","crow","extra_words","1","understands",NA,0,"76","2026-04-02 15:03:35","VVI186",450,"m","2/26/04"
"99","crow","extra_words","1","produces",NA,0,"223","2026-03-09 15:51:32","VVI162",510,"f","2/24/26"
"100","crow","extra_words","1","understands",NA,0,"223","2026-03-09 15:51:32","VVI162",510,"f","2/24/26"
"101","crow","extra_words","1","produces",NA,0,"207","2026-04-08 10:48:19","VVI193",450,"f","8/26/04"
"102","crow","extra_words","1","understands",NA,0,"207","2026-04-08 10:48:19","VVI193",450,"f","8/26/04"
"103","crow","extra_words","1","produces",NA,0,"131","2026-04-28 16:52:20","VVI201",420,"m","4/27/26"
"104","crow","extra_words","1","understands",NA,0,"131","2026-04-28 16:52:20","VVI201",420,"m","4/27/26"
"105","crow","extra_words","1","produces",NA,0,"216","2026-03-08 20:15:37","VVI146",510,"f","2/17/26"
"106","crow","extra_words","1","understands",1,1,"216","2026-03-08 20:15:37","VVI146",510,"f","2/17/26"
"107","crow","extra_words","1","produces",NA,0,"179","2026-03-09 12:13:10","VVI160",510,"m","2/23/26"
"108","crow","extra_words","1","understands",NA,0,"179","2026-03-09 12:13:10","VVI160",510,"m","2/23/26"
"109","crow","extra_words","1","produces",NA,0,"102","2026-03-08 18:49:54","VVI164",480,"m","2/25/26"
"110","crow","extra_words","1","understands",NA,0,"102","2026-03-08 18:49:54","VVI164",480,"m","2/25/26"
"111","penguin","extra_words","1","produces",NA,0,"245","2026-04-29 06:56:14","VVI196",450,"f","4/14/26"
"112","penguin","extra_words","1","understands",1,1,"245","2026-04-29 06:56:14","VVI196",450,"f","4/14/26"
"113","penguin","extra_words","1","produces",NA,0,"104","2026-03-29 15:34:33","VVI183",420,"m","3/29/26"
"114","penguin","extra_words","1","understands",NA,0,"104","2026-03-29 15:34:33","VVI183",420,"m","3/29/26"
"115","penguin","extra_words","1","produces",NA,0,"125","2026-04-30 08:46:28","VVI197",450,"m","4/14/26"
"116","penguin","extra_words","1","understands",NA,0,"125","2026-04-30 08:46:28","VVI197",450,"m","4/14/26"
"117","penguin","extra_words","1","produces",NA,0,"213","2026-02-15 21:07:24","VVI142",450,"f","2/16/26"
"118","penguin","extra_words","1","understands",NA,0,"213","2026-02-15 21:07:24","VVI142",450,"f","2/16/26"
"119","penguin","extra_words","1","produces",NA,0,"76","2026-04-02 15:03:35","VVI186",450,"m","2/26/04"
"120","penguin","extra_words","1","understands",NA,0,"76","2026-04-02 15:03:35","VVI186",450,"m","2/26/04"
"121","penguin","extra_words","1","produces",NA,0,"223","2026-03-09 15:51:32","VVI162",510,"f","2/24/26"
"122","penguin","extra_words","1","understands",NA,0,"223","2026-03-09 15:51:32","VVI162",510,"f","2/24/26"
"123","penguin","extra_words","1","produces",NA,0,"207","2026-04-08 10:48:19","VVI193",450,"f","8/26/04"
"124","penguin","extra_words","1","understands",1,1,"207","2026-04-08 10:48:19","VVI193",450,"f","8/26/04"
"125","penguin","extra_words","1","produces",NA,0,"131","2026-04-28 16:52:20","VVI201",420,"m","4/27/26"
"126","penguin","extra_words","1","understands",NA,0,"131","2026-04-28 16:52:20","VVI201",420,"m","4/27/26"
"127","penguin","extra_words","1","produces",NA,0,"216","2026-03-08 20:15:37","VVI146",510,"f","2/17/26"
"128","penguin","extra_words","1","understands",1,1,"216","2026-03-08 20:15:37","VVI146",510,"f","2/17/26"
"129","penguin","extra_words","1","produces",NA,0,"179","2026-03-09 12:13:10","VVI160",510,"m","2/23/26"
"130","penguin","extra_words","1","understands",NA,0,"179","2026-03-09 12:13:10","VVI160",510,"m","2/23/26"
"131","penguin","extra_words","1","produces",NA,0,"102","2026-03-08 18:49:54","VVI164",480,"m","2/25/26"
"132","penguin","extra_words","1","understands",NA,0,"102","2026-03-08 18:49:54","VVI164",480,"m","2/25/26"
"133","seahorse","extra_words","1","produces",NA,0,"245","2026-04-29 06:56:14","VVI196",450,"f","4/14/26"
"134","seahorse","extra_words","1","understands",1,1,"245","2026-04-29 06:56:14","VVI196",450,"f","4/14/26"
"135","seahorse","extra_words","1","produces",NA,0,"104","2026-03-29 15:34:33","VVI183",420,"m","3/29/26"
"136","seahorse","extra_words","1","understands",NA,0,"104","2026-03-29 15:34:33","VVI183",420,"m","3/29/26"
"137","seahorse","extra_words","1","produces",NA,0,"125","2026-04-30 08:46:28","VVI197",450,"m","4/14/26"
"138","seahorse","extra_words","1","understands",NA,0,"125","2026-04-30 08:46:28","VVI197",450,"m","4/14/26"
"139","seahorse","extra_words","1","produces",NA,0,"213","2026-02-15 21:07:24","VVI142",450,"f","2/16/26"
"140","seahorse","extra_words","1","understands",NA,0,"213","2026-02-15 21:07:24","VVI142",450,"f","2/16/26"
"141","seahorse","extra_words","1","produces",NA,0,"76","2026-04-02 15:03:35","VVI186",450,"m","2/26/04"
"142","seahorse","extra_words","1","understands",NA,0,"76","2026-04-02 15:03:35","VVI186",450,"m","2/26/04"
"143","seahorse","extra_words","1","produces",NA,0,"223","2026-03-09 15:51:32","VVI162",510,"f","2/24/26"
"144","seahorse","extra_words","1","understands",NA,0,"223","2026-03-09 15:51:32","VVI162",510,"f","2/24/26"
"145","seahorse","extra_words","1","produces",NA,0,"207","2026-04-08 10:48:19","VVI193",450,"f","8/26/04"
"146","seahorse","extra_words","1","understands",1,1,"207","2026-04-08 10:48:19","VVI193",450,"f","8/26/04"
"147","seahorse","extra_words","1","produces",NA,0,"131","2026-04-28 16:52:20","VVI201",420,"m","4/27/26"
"148","seahorse","extra_words","1","understands",NA,0,"131","2026-04-28 16:52:20","VVI201",420,"m","4/27/26"
"149","seahorse","extra_words","1","produces",NA,0,"216","2026-03-08 20:15:37","VVI146",510,"f","2/17/26"
"150","seahorse","extra_words","1","understands",NA,0,"216","2026-03-08 20:15:37","VVI146",510,"f","2/17/26"
"151","seahorse","extra_words","1","produces",NA,0,"179","2026-03-09 12:13:10","VVI160",510,"m","2/23/26"
"152","seahorse","extra_words","1","understands",NA,0,"179","2026-03-09 12:13:10","VVI160",510,"m","2/23/26"
"153","seahorse","extra_words","1","produces",NA,0,"102","2026-03-08 18:49:54","VVI164",480,"m","2/25/26"
"154","seahorse","extra_words","1","understands",NA,0,"102","2026-03-08 18:49:54","VVI164",480,"m","2/25/26"
"155","duck","extra_words","1","produces",NA,0,"245","2026-04-29 06:56:14","VVI196",450,"f","4/14/26"
"156","duck","extra_words","1","understands",1,1,"245","2026-04-29 06:56:14","VVI196",450,"f","4/14/26"
"157","duck","extra_words","1","produces",NA,0,"104","2026-03-29 15:34:33","VVI183",420,"m","3/29/26"
"158","duck","extra_words","1","understands",NA,0,"104","2026-03-29 15:34:33","VVI183",420,"m","3/29/26"
"159","duck","extra_words","1","produces",NA,0,"125","2026-04-30 08:46:28","VVI197",450,"m","4/14/26"
"160","duck","extra_words","1","understands",1,1,"125","2026-04-30 08:46:28","VVI197",450,"m","4/14/26"
"161","duck","extra_words","1","produces",NA,0,"213","2026-02-15 21:07:24","VVI142",450,"f","2/16/26"
"162","duck","extra_words","1","understands",1,1,"213","2026-02-15 21:07:24","VVI142",450,"f","2/16/26"
"163","duck","extra_words","1","produces",NA,0,"76","2026-04-02 15:03:35","VVI186",450,"m","2/26/04"
"164","duck","extra_words","1","understands",NA,0,"76","2026-04-02 15:03:35","VVI186",450,"m","2/26/04"
"165","duck","extra_words","1","produces",2,1,"223","2026-03-09 15:51:32","VVI162",510,"f","2/24/26"
"166","duck","extra_words","1","understands",2,1,"223","2026-03-09 15:51:32","VVI162",510,"f","2/24/26"
"167","duck","extra_words","1","produces",NA,0,"207","2026-04-08 10:48:19","VVI193",450,"f","8/26/04"
"168","duck","extra_words","1","understands",1,1,"207","2026-04-08 10:48:19","VVI193",450,"f","8/26/04"
"169","duck","extra_words","1","produces",NA,0,"131","2026-04-28 16:52:20","VVI201",420,"m","4/27/26"
"170","duck","extra_words","1","understands",NA,0,"131","2026-04-28 16:52:20","VVI201",420,"m","4/27/26"
"171","duck","extra_words","1","produces",NA,0,"216","2026-03-08 20:15:37","VVI146",510,"f","2/17/26"
"172","duck","extra_words","1","understands",NA,0,"216","2026-03-08 20:15:37","VVI146",510,"f","2/17/26"
"173","duck","extra_words","1","produces",NA,0,"179","2026-03-09 12:13:10","VVI160",510,"m","2/23/26"
"174","duck","extra_words","1","understands",1,1,"179","2026-03-09 12:13:10","VVI160",510,"m","2/23/26"
"175","duck","extra_words","1","produces",NA,0,"102","2026-03-08 18:49:54","VVI164",480,"m","2/25/26"
"176","duck","extra_words","1","understands",NA,0,"102","2026-03-08 18:49:54","VVI164",480,"m","2/25/26"
"177","chicken","extra_words","1","produces",NA,0,"245","2026-04-29 06:56:14","VVI196",450,"f","4/14/26"
"178","chicken","extra_words","1","understands",1,1,"245","2026-04-29 06:56:14","VVI196",450,"f","4/14/26"
"179","chicken","extra_words","1","produces",NA,0,"104","2026-03-29 15:34:33","VVI183",420,"m","3/29/26"
"180","chicken","extra_words","1","understands",NA,0,"104","2026-03-29 15:34:33","VVI183",420,"m","3/29/26"
"181","chicken","extra_words","1","produces",NA,0,"125","2026-04-30 08:46:28","VVI197",450,"m","4/14/26"
"182","chicken","extra_words","1","understands",1,1,"125","2026-04-30 08:46:28","VVI197",450,"m","4/14/26"
"183","chicken","extra_words","1","produces",NA,0,"213","2026-02-15 21:07:24","VVI142",450,"f","2/16/26"
"184","chicken","extra_words","1","understands",NA,0,"213","2026-02-15 21:07:24","VVI142",450,"f","2/16/26"
"185","chicken","extra_words","1","produces",NA,0,"76","2026-04-02 15:03:35","VVI186",450,"m","2/26/04"
"186","chicken","extra_words","1","understands",NA,0,"76","2026-04-02 15:03:35","VVI186",450,"m","2/26/04"
"187","chicken","extra_words","1","produces",NA,0,"223","2026-03-09 15:51:32","VVI162",510,"f","2/24/26"
"188","chicken","extra_words","1","understands",NA,0,"223","2026-03-09 15:51:32","VVI162",510,"f","2/24/26"
"189","chicken","extra_words","1","produces",NA,0,"207","2026-04-08 10:48:19","VVI193",450,"f","8/26/04"
"190","chicken","extra_words","1","understands",1,1,"207","2026-04-08 10:48:19","VVI193",450,"f","8/26/04"
"191","chicken","extra_words","1","produces",NA,0,"131","2026-04-28 16:52:20","VVI201",420,"m","4/27/26"
"192","chicken","extra_words","1","understands",1,1,"131","2026-04-28 16:52:20","VVI201",420,"m","4/27/26"
"193","chicken","extra_words","1","produces",NA,0,"216","2026-03-08 20:15:37","VVI146",510,"f","2/17/26"
"194","chicken","extra_words","1","understands",1,1,"216","2026-03-08 20:15:37","VVI146",510,"f","2/17/26"
"195","chicken","extra_words","1","produces",NA,0,"179","2026-03-09 12:13:10","VVI160",510,"m","2/23/26"
"196","chicken","extra_words","1","understands",NA,0,"179","2026-03-09 12:13:10","VVI160",510,"m","2/23/26"
"197","chicken","extra_words","1","produces",NA,0,"102","2026-03-08 18:49:54","VVI164",480,"m","2/25/26"
"198","chicken","extra_words","1","understands",NA,0,"102","2026-03-08 18:49:54","VVI164",480,"m","2/25/26"
"199","butterfly","extra_words","1","produces",NA,0,"245","2026-04-29 06:56:14","VVI196",450,"f","4/14/26"
"200","butterfly","extra_words","1","understands",1,1,"245","2026-04-29 06:56:14","VVI196",450,"f","4/14/26"
"201","butterfly","extra_words","1","produces",NA,0,"104","2026-03-29 15:34:33","VVI183",420,"m","3/29/26"
"202","butterfly","extra_words","1","understands",NA,0,"104","2026-03-29 15:34:33","VVI183",420,"m","3/29/26"
"203","butterfly","extra_words","1","produces",NA,0,"125","2026-04-30 08:46:28","VVI197",450,"m","4/14/26"
"204","butterfly","extra_words","1","understands",NA,0,"125","2026-04-30 08:46:28","VVI197",450,"m","4/14/26"
"205","butterfly","extra_words","1","produces",NA,0,"213","2026-02-15 21:07:24","VVI142",450,"f","2/16/26"
"206","butterfly","extra_words","1","understands",NA,0,"213","2026-02-15 21:07:24","VVI142",450,"f","2/16/26"
"207","butterfly","extra_words","1","produces",NA,0,"76","2026-04-02 15:03:35","VVI186",450,"m","2/26/04"
"208","butterfly","extra_words","1","understands",NA,0,"76","2026-04-02 15:03:35","VVI186",450,"m","2/26/04"
"209","butterfly","extra_words","1","produces",NA,0,"223","2026-03-09 15:51:32","VVI162",510,"f","2/24/26"
"210","butterfly","extra_words","1","understands",NA,0,"223","2026-03-09 15:51:32","VVI162",510,"f","2/24/26"
"211","butterfly","extra_words","1","produces",NA,0,"207","2026-04-08 10:48:19","VVI193",450,"f","8/26/04"
"212","butterfly","extra_words","1","understands",1,1,"207","2026-04-08 10:48:19","VVI193",450,"f","8/26/04"
"213","butterfly","extra_words","1","produces",NA,0,"131","2026-04-28 16:52:20","VVI201",420,"m","4/27/26"
"214","butterfly","extra_words","1","understands",1,1,"131","2026-04-28 16:52:20","VVI201",420,"m","4/27/26"
"215","butterfly","extra_words","1","produces",NA,0,"216","2026-03-08 20:15:37","VVI146",510,"f","2/17/26"
"216","butterfly","extra_words","1","understands",1,1,"216","2026-03-08 20:15:37","VVI146",510,"f","2/17/26"
"217","butterfly","extra_words","1","produces",NA,0,"179","2026-03-09 12:13:10","VVI160",510,"m","2/23/26"
"218","butterfly","extra_words","1","understands",NA,0,"179","2026-03-09 12:13:10","VVI160",510,"m","2/23/26"
"219","butterfly","extra_words","1","produces",NA,0,"102","2026-03-08 18:49:54","VVI164",480,"m","2/25/26"
"220","butterfly","extra_words","1","understands",NA,0,"102","2026-03-08 18:49:54","VVI164",480,"m","2/25/26"
"221","lizard","extra_words","1","produces",2,1,"245","2026-04-29 06:56:14","VVI196",450,"f","4/14/26"
"222","lizard","extra_words","1","understands",2,1,"245","2026-04-29 06:56:14","VVI196",450,"f","4/14/26"
"223","lizard","extra_words","1","produces",NA,0,"104","2026-03-29 15:34:33","VVI183",420,"m","3/29/26"
"224","lizard","extra_words","1","understands",NA,0,"104","2026-03-29 15:34:33","VVI183",420,"m","3/29/26"
"225","lizard","extra_words","1","produces",NA,0,"125","2026-04-30 08:46:28","VVI197",450,"m","4/14/26"
"226","lizard","extra_words","1","understands",NA,0,"125","2026-04-30 08:46:28","VVI197",450,"m","4/14/26"
"227","lizard","extra_words","1","produces",NA,0,"213","2026-02-15 21:07:24","VVI142",450,"f","2/16/26"
"228","lizard","extra_words","1","understands",NA,0,"213","2026-02-15 21:07:24","VVI142",450,"f","2/16/26"
"229","lizard","extra_words","1","produces",NA,0,"76","2026-04-02 15:03:35","VVI186",450,"m","2/26/04"
"230","lizard","extra_words","1","understands",NA,0,"76","2026-04-02 15:03:35","VVI186",450,"m","2/26/04"
"231","lizard","extra_words","1","produces",NA,0,"223","2026-03-09 15:51:32","VVI162",510,"f","2/24/26"
"232","lizard","extra_words","1","understands",NA,0,"223","2026-03-09 15:51:32","VVI162",510,"f","2/24/26"
"233","lizard","extra_words","1","produces",NA,0,"207","2026-04-08 10:48:19","VVI193",450,"f","8/26/04"
"234","lizard","extra_words","1","understands",NA,0,"207","2026-04-08 10:48:19","VVI193",450,"f","8/26/04"
"235","lizard","extra_words","1","produces",NA,0,"131","2026-04-28 16:52:20","VVI201",420,"m","4/27/26"
"236","lizard","extra_words","1","understands",NA,0,"131","2026-04-28 16:52:20","VVI201",420,"m","4/27/26"
"237","lizard","extra_words","1","produces",NA,0,"216","2026-03-08 20:15:37","VVI146",510,"f","2/17/26"
"238","lizard","extra_words","1","understands",NA,0,"216","2026-03-08 20:15:37","VVI146",510,"f","2/17/26"
"239","lizard","extra_words","1","produces",NA,0,"179","2026-03-09 12:13:10","VVI160",510,"m","2/23/26"
"240","lizard","extra_words","1","understands",NA,0,"179","2026-03-09 12:13:10","VVI160",510,"m","2/23/26"
"241","lizard","extra_words","1","produces",NA,0,"102","2026-03-08 18:49:54","VVI164",480,"m","2/25/26"
"242","lizard","extra_words","1","understands",NA,0,"102","2026-03-08 18:49:54","VVI164",480,"m","2/25/26"
"243","bathtub","extra_words","1","produces",NA,0,"245","2026-04-29 06:56:14","VVI196",450,"f","4/14/26"
"244","bathtub","extra_words","1","understands",1,1,"245","2026-04-29 06:56:14","VVI196",450,"f","4/14/26"
"245","bathtub","extra_words","1","produces",NA,0,"104","2026-03-29 15:34:33","VVI183",420,"m","3/29/26"
"246","bathtub","extra_words","1","understands",NA,0,"104","2026-03-29 15:34:33","VVI183",420,"m","3/29/26"
"247","bathtub","extra_words","1","produces",NA,0,"125","2026-04-30 08:46:28","VVI197",450,"m","4/14/26"
"248","bathtub","extra_words","1","understands",1,1,"125","2026-04-30 08:46:28","VVI197",450,"m","4/14/26"
"249","bathtub","extra_words","1","produces",NA,0,"213","2026-02-15 21:07:24","VVI142",450,"f","2/16/26"
"250","bathtub","extra_words","1","understands",1,1,"213","2026-02-15 21:07:24","VVI142",450,"f","2/16/26"
"251","bathtub","extra_words","1","produces",NA,0,"76","2026-04-02 15:03:35","VVI186",450,"m","2/26/04"
"252","bathtub","extra_words","1","understands",1,1,"76","2026-04-02 15:03:35","VVI186",450,"m","2/26/04"
"253","bathtub","extra_words","1","produces",NA,0,"223","2026-03-09 15:51:32","VVI162",510,"f","2/24/26"
"254","bathtub","extra_words","1","understands",1,1,"223","2026-03-09 15:51:32","VVI162",510,"f","2/24/26"
"255","bathtub","extra_words","1","produces",NA,0,"207","2026-04-08 10:48:19","VVI193",450,"f","8/26/04"
"256","bathtub","extra_words","1","understands",1,1,"207","2026-04-08 10:48:19","VVI193",450,"f","8/26/04"
"257","bathtub","extra_words","1","produces",NA,0,"131","2026-04-28 16:52:20","VVI201",420,"m","4/27/26"
"258","bathtub","extra_words","1","understands",1,1,"131","2026-04-28 16:52:20","VVI201",420,"m","4/27/26"
"259","bathtub","extra_words","1","produces",2,1,"216","2026-03-08 20:15:37","VVI146",510,"f","2/17/26"
"260","bathtub","extra_words","1","understands",2,1,"216","2026-03-08 20:15:37","VVI146",510,"f","2/17/26"
"261","bathtub","extra_words","1","produces",NA,0,"179","2026-03-09 12:13:10","VVI160",510,"m","2/23/26"
"262","bathtub","extra_words","1","understands",NA,0,"179","2026-03-09 12:13:10","VVI160",510,"m","2/23/26"
"263","bathtub","extra_words","1","produces",NA,0,"102","2026-03-08 18:49:54","VVI164",480,"m","2/25/26"
"264","bathtub","extra_words","1","understands",1,1,"102","2026-03-08 18:49:54","VVI164",480,"m","2/25/26"
"265","walrus","extra_words","1","produces",NA,0,"245","2026-04-29 06:56:14","VVI196",450,"f","4/14/26"
"266","walrus","extra_words","1","understands",1,1,"245","2026-04-29 06:56:14","VVI196",450,"f","4/14/26"
"267","walrus","extra_words","1","produces",NA,0,"104","2026-03-29 15:34:33","VVI183",420,"m","3/29/26"
"268","walrus","extra_words","1","understands",NA,0,"104","2026-03-29 15:34:33","VVI183",420,"m","3/29/26"
"269","walrus","extra_words","1","produces",NA,0,"125","2026-04-30 08:46:28","VVI197",450,"m","4/14/26"
"270","walrus","extra_words","1","understands",NA,0,"125","2026-04-30 08:46:28","VVI197",450,"m","4/14/26"
"271","walrus","extra_words","1","produces",NA,0,"213","2026-02-15 21:07:24","VVI142",450,"f","2/16/26"
"272","walrus","extra_words","1","understands",NA,0,"213","2026-02-15 21:07:24","VVI142",450,"f","2/16/26"
"273","walrus","extra_words","1","produces",NA,0,"76","2026-04-02 15:03:35","VVI186",450,"m","2/26/04"
"274","walrus","extra_words","1","understands",NA,0,"76","2026-04-02 15:03:35","VVI186",450,"m","2/26/04"
"275","walrus","extra_words","1","produces",NA,0,"223","2026-03-09 15:51:32","VVI162",510,"f","2/24/26"
"276","walrus","extra_words","1","understands",NA,0,"223","2026-03-09 15:51:32","VVI162",510,"f","2/24/26"
"277","walrus","extra_words","1","produces",NA,0,"207","2026-04-08 10:48:19","VVI193",450,"f","8/26/04"
"278","walrus","extra_words","1","understands",NA,0,"207","2026-04-08 10:48:19","VVI193",450,"f","8/26/04"
"279","walrus","extra_words","1","produces",NA,0,"131","2026-04-28 16:52:20","VVI201",420,"m","4/27/26"
"280","walrus","extra_words","1","understands",NA,0,"131","2026-04-28 16:52:20","VVI201",420,"m","4/27/26"
"281","walrus","extra_words","1","produces",NA,0,"216","2026-03-08 20:15:37","VVI146",510,"f","2/17/26"
"282","walrus","extra_words","1","understands",NA,0,"216","2026-03-08 20:15:37","VVI146",510,"f","2/17/26"
"283","walrus","extra_words","1","produces",NA,0,"179","2026-03-09 12:13:10","VVI160",510,"m","2/23/26"
"284","walrus","extra_words","1","understands",NA,0,"179","2026-03-09 12:13:10","VVI160",510,"m","2/23/26"
"285","walrus","extra_words","1","produces",NA,0,"102","2026-03-08 18:49:54","VVI164",480,"m","2/25/26"
"286","walrus","extra_words","1","understands",NA,0,"102","2026-03-08 18:49:54","VVI164",480,"m","2/25/26"
"287","snake","extra_words","1","produces",NA,0,"245","2026-04-29 06:56:14","VVI196",450,"f","4/14/26"
"288","snake","extra_words","1","understands",1,1,"245","2026-04-29 06:56:14","VVI196",450,"f","4/14/26"
"289","snake","extra_words","1","produces",NA,0,"104","2026-03-29 15:34:33","VVI183",420,"m","3/29/26"
"290","snake","extra_words","1","understands",NA,0,"104","2026-03-29 15:34:33","VVI183",420,"m","3/29/26"
"291","snake","extra_words","1","produces",NA,0,"125","2026-04-30 08:46:28","VVI197",450,"m","4/14/26"
"292","snake","extra_words","1","understands",NA,0,"125","2026-04-30 08:46:28","VVI197",450,"m","4/14/26"
"293","snake","extra_words","1","produces",NA,0,"213","2026-02-15 21:07:24","VVI142",450,"f","2/16/26"
"294","snake","extra_words","1","understands",NA,0,"213","2026-02-15 21:07:24","VVI142",450,"f","2/16/26"
"295","snake","extra_words","1","produces",NA,0,"76","2026-04-02 15:03:35","VVI186",450,"m","2/26/04"
"296","snake","extra_words","1","understands",NA,0,"76","2026-04-02 15:03:35","VVI186",450,"m","2/26/04"
"297","snake","extra_words","1","produces",NA,0,"223","2026-03-09 15:51:32","VVI162",510,"f","2/24/26"
"298","snake","extra_words","1","understands",NA,0,"223","2026-03-09 15:51:32","VVI162",510,"f","2/24/26"
"299","snake","extra_words","1","produces",NA,0,"207","2026-04-08 10:48:19","VVI193",450,"f","8/26/04"
"300","snake","extra_words","1","understands",NA,0,"207","2026-04-08 10:48:19","VVI193",450,"f","8/26/04"
"301","snake","extra_words","1","produces",NA,0,"131","2026-04-28 16:52:20","VVI201",420,"m","4/27/26"
"302","snake","extra_words","1","understands",NA,0,"131","2026-04-28 16:52:20","VVI201",420,"m","4/27/26"
"303","snake","extra_words","1","produces",NA,0,"216","2026-03-08 20:15:37","VVI146",510,"f","2/17/26"
"304","snake","extra_words","1","understands",1,1,"216","2026-03-08 20:15:37","VVI146",510,"f","2/17/26"
"305","snake","extra_words","1","produces",NA,0,"179","2026-03-09 12:13:10","VVI160",510,"m","2/23/26"
"306","snake","extra_words","1","understands",NA,0,"179","2026-03-09 12:13:10","VVI160",510,"m","2/23/26"
"307","snake","extra_words","1","produces",NA,0,"102","2026-03-08 18:49:54","VVI164",480,"m","2/25/26"
"308","snake","extra_words","1","understands",NA,0,"102","2026-03-08 18:49:54","VVI164",480,"m","2/25/26"
"309","truck","extra_words","1","produces",NA,0,"245","2026-04-29 06:56:14","VVI196",450,"f","4/14/26"
"310","truck","extra_words","1","understands",1,1,"245","2026-04-29 06:56:14","VVI196",450,"f","4/14/26"
"311","truck","extra_words","1","produces",NA,0,"104","2026-03-29 15:34:33","VVI183",420,"m","3/29/26"
"312","truck","extra_words","1","understands",NA,0,"104","2026-03-29 15:34:33","VVI183",420,"m","3/29/26"
"313","truck","extra_words","1","produces",NA,0,"125","2026-04-30 08:46:28","VVI197",450,"m","4/14/26"
"314","truck","extra_words","1","understands",NA,0,"125","2026-04-30 08:46:28","VVI197",450,"m","4/14/26"
"315","truck","extra_words","1","produces",NA,0,"213","2026-02-15 21:07:24","VVI142",450,"f","2/16/26"
"316","truck","extra_words","1","understands",NA,0,"213","2026-02-15 21:07:24","VVI142",450,"f","2/16/26"
"317","truck","extra_words","1","produces",NA,0,"76","2026-04-02 15:03:35","VVI186",450,"m","2/26/04"
"318","truck","extra_words","1","understands",NA,0,"76","2026-04-02 15:03:35","VVI186",450,"m","2/26/04"
"319","truck","extra_words","1","produces",NA,0,"223","2026-03-09 15:51:32","VVI162",510,"f","2/24/26"
"320","truck","extra_words","1","understands",NA,0,"223","2026-03-09 15:51:32","VVI162",510,"f","2/24/26"
"321","truck","extra_words","1","produces",NA,0,"207","2026-04-08 10:48:19","VVI193",450,"f","8/26/04"
"322","truck","extra_words","1","understands",1,1,"207","2026-04-08 10:48:19","VVI193",450,"f","8/26/04"
"323","truck","extra_words","1","produces",NA,0,"131","2026-04-28 16:52:20","VVI201",420,"m","4/27/26"
"324","truck","extra_words","1","understands",NA,0,"131","2026-04-28 16:52:20","VVI201",420,"m","4/27/26"
"325","truck","extra_words","1","produces",NA,0,"216","2026-03-08 20:15:37","VVI146",510,"f","2/17/26"
"326","truck","extra_words","1","understands",1,1,"216","2026-03-08 20:15:37","VVI146",510,"f","2/17/26"
"327","truck","extra_words","1","produces",NA,0,"179","2026-03-09 12:13:10","VVI160",510,"m","2/23/26"
"328","truck","extra_words","1","understands",NA,0,"179","2026-03-09 12:13:10","VVI160",510,"m","2/23/26"
"329","truck","extra_words","1","produces",2,1,"102","2026-03-08 18:49:54","VVI164",480,"m","2/25/26"
"330","truck","extra_words","1","understands",2,1,"102","2026-03-08 18:49:54","VVI164",480,"m","2/25/26"
"331","car","extra_words","1","produces",2,1,"245","2026-04-29 06:56:14","VVI196",450,"f","4/14/26"
"332","car","extra_words","1","understands",2,1,"245","2026-04-29 06:56:14","VVI196",450,"f","4/14/26"
"333","car","extra_words","1","produces",NA,0,"104","2026-03-29 15:34:33","VVI183",420,"m","3/29/26"
"334","car","extra_words","1","understands",NA,0,"104","2026-03-29 15:34:33","VVI183",420,"m","3/29/26"
"335","car","extra_words","1","produces",NA,0,"125","2026-04-30 08:46:28","VVI197",450,"m","4/14/26"
"336","car","extra_words","1","understands",1,1,"125","2026-04-30 08:46:28","VVI197",450,"m","4/14/26"
"337","car","extra_words","1","produces",NA,0,"213","2026-02-15 21:07:24","VVI142",450,"f","2/16/26"
"338","car","extra_words","1","understands",1,1,"213","2026-02-15 21:07:24","VVI142",450,"f","2/16/26"
"339","car","extra_words","1","produces",NA,0,"76","2026-04-02 15:03:35","VVI186",450,"m","2/26/04"
"340","car","extra_words","1","understands",1,1,"76","2026-04-02 15:03:35","VVI186",450,"m","2/26/04"
"341","car","extra_words","1","produces",NA,0,"223","2026-03-09 15:51:32","VVI162",510,"f","2/24/26"
"342","car","extra_words","1","understands",1,1,"223","2026-03-09 15:51:32","VVI162",510,"f","2/24/26"
"343","car","extra_words","1","produces",2,1,"207","2026-04-08 10:48:19","VVI193",450,"f","8/26/04"
"344","car","extra_words","1","understands",2,1,"207","2026-04-08 10:48:19","VVI193",450,"f","8/26/04"
"345","car","extra_words","1","produces",NA,0,"131","2026-04-28 16:52:20","VVI201",420,"m","4/27/26"
"346","car","extra_words","1","understands",1,1,"131","2026-04-28 16:52:20","VVI201",420,"m","4/27/26"
"347","car","extra_words","1","produces",NA,0,"216","2026-03-08 20:15:37","VVI146",510,"f","2/17/26"
"348","car","extra_words","1","understands",1,1,"216","2026-03-08 20:15:37","VVI146",510,"f","2/17/26"
"349","car","extra_words","1","produces",NA,0,"179","2026-03-09 12:13:10","VVI160",510,"m","2/23/26"
"350","car","extra_words","1","understands",1,1,"179","2026-03-09 12:13:10","VVI160",510,"m","2/23/26"
"351","car","extra_words","1","produces",2,1,"102","2026-03-08 18:49:54","VVI164",480,"m","2/25/26"
"352","car","extra_words","1","understands",2,1,"102","2026-03-08 18:49:54","VVI164",480,"m","2/25/26"
"353","airplane","extra_words","1","produces",NA,0,"245","2026-04-29 06:56:14","VVI196",450,"f","4/14/26"
"354","airplane","extra_words","1","understands",1,1,"245","2026-04-29 06:56:14","VVI196",450,"f","4/14/26"
"355","airplane","extra_words","1","produces",NA,0,"104","2026-03-29 15:34:33","VVI183",420,"m","3/29/26"
"356","airplane","extra_words","1","understands",NA,0,"104","2026-03-29 15:34:33","VVI183",420,"m","3/29/26"
"357","airplane","extra_words","1","produces",NA,0,"125","2026-04-30 08:46:28","VVI197",450,"m","4/14/26"
"358","airplane","extra_words","1","understands",NA,0,"125","2026-04-30 08:46:28","VVI197",450,"m","4/14/26"
"359","airplane","extra_words","1","produces",NA,0,"213","2026-02-15 21:07:24","VVI142",450,"f","2/16/26"
"360","airplane","extra_words","1","understands",NA,0,"213","2026-02-15 21:07:24","VVI142",450,"f","2/16/26"
"361","airplane","extra_words","1","produces",NA,0,"76","2026-04-02 15:03:35","VVI186",450,"m","2/26/04"
"362","airplane","extra_words","1","understands",NA,0,"76","2026-04-02 15:03:35","VVI186",450,"m","2/26/04"
"363","airplane","extra_words","1","produces",NA,0,"223","2026-03-09 15:51:32","VVI162",510,"f","2/24/26"
"364","airplane","extra_words","1","understands",NA,0,"223","2026-03-09 15:51:32","VVI162",510,"f","2/24/26"
"365","airplane","extra_words","1","produces",NA,0,"207","2026-04-08 10:48:19","VVI193",450,"f","8/26/04"
"366","airplane","extra_words","1","understands",1,1,"207","2026-04-08 10:48:19","VVI193",450,"f","8/26/04"
"367","airplane","extra_words","1","produces",NA,0,"131","2026-04-28 16:52:20","VVI201",420,"m","4/27/26"
"368","airplane","extra_words","1","understands",NA,0,"131","2026-04-28 16:52:20","VVI201",420,"m","4/27/26"
"369","airplane","extra_words","1","produces",2,1,"216","2026-03-08 20:15:37","VVI146",510,"f","2/17/26"
"370","airplane","extra_words","1","understands",2,1,"216","2026-03-08 20:15:37","VVI146",510,"f","2/17/26"
"371","airplane","extra_words","1","produces",NA,0,"179","2026-03-09 12:13:10","VVI160",510,"m","2/23/26"
"372","airplane","extra_words","1","understands",NA,0,"179","2026-03-09 12:13:10","VVI160",510,"m","2/23/26"
"373","airplane","extra_words","1","produces",2,1,"102","2026-03-08 18:49:54","VVI164",480,"m","2/25/26"
"374","airplane","extra_words","1","understands",2,1,"102","2026-03-08 18:49:54","VVI164",480,"m","2/25/26"
"375","shower","extra_words","1","produces",NA,0,"245","2026-04-29 06:56:14","VVI196",450,"f","4/14/26"
"376","shower","extra_words","1","understands",1,1,"245","2026-04-29 06:56:14","VVI196",450,"f","4/14/26"
"377","shower","extra_words","1","produces",NA,0,"104","2026-03-29 15:34:33","VVI183",420,"m","3/29/26"
"378","shower","extra_words","1","understands",NA,0,"104","2026-03-29 15:34:33","VVI183",420,"m","3/29/26"
"379","shower","extra_words","1","produces",NA,0,"125","2026-04-30 08:46:28","VVI197",450,"m","4/14/26"
"380","shower","extra_words","1","understands",1,1,"125","2026-04-30 08:46:28","VVI197",450,"m","4/14/26"
"381","shower","extra_words","1","produces",NA,0,"213","2026-02-15 21:07:24","VVI142",450,"f","2/16/26"
"382","shower","extra_words","1","understands",NA,0,"213","2026-02-15 21:07:24","VVI142",450,"f","2/16/26"
"383","shower","extra_words","1","produces",NA,0,"76","2026-04-02 15:03:35","VVI186",450,"m","2/26/04"
"384","shower","extra_words","1","understands",NA,0,"76","2026-04-02 15:03:35","VVI186",450,"m","2/26/04"
"385","shower","extra_words","1","produces",NA,0,"223","2026-03-09 15:51:32","VVI162",510,"f","2/24/26"
"386","shower","extra_words","1","understands",NA,0,"223","2026-03-09 15:51:32","VVI162",510,"f","2/24/26"
"387","shower","extra_words","1","produces",NA,0,"207","2026-04-08 10:48:19","VVI193",450,"f","8/26/04"
"388","shower","extra_words","1","understands",1,1,"207","2026-04-08 10:48:19","VVI193",450,"f","8/26/04"
"389","shower","extra_words","1","produces",NA,0,"131","2026-04-28 16:52:20","VVI201",420,"m","4/27/26"
"390","shower","extra_words","1","understands",NA,0,"131","2026-04-28 16:52:20","VVI201",420,"m","4/27/26"
"391","shower","extra_words","1","produces",NA,0,"216","2026-03-08 20:15:37","VVI146",510,"f","2/17/26"
"392","shower","extra_words","1","understands",1,1,"216","2026-03-08 20:15:37","VVI146",510,"f","2/17/26"
"393","shower","extra_words","1","produces",NA,0,"179","2026-03-09 12:13:10","VVI160",510,"m","2/23/26"
"394","shower","extra_words","1","understands",NA,0,"179","2026-03-09 12:13:10","VVI160",510,"m","2/23/26"
"395","shower","extra_words","1","produces",NA,0,"102","2026-03-08 18:49:54","VVI164",480,"m","2/25/26"
"396","shower","extra_words","1","understands",NA,0,"102","2026-03-08 18:49:54","VVI164",480,"m","2/25/26"
"397","balloon","extra_words","1","produces",NA,0,"245","2026-04-29 06:56:14","VVI196",450,"f","4/14/26"
"398","balloon","extra_words","1","understands",1,1,"245","2026-04-29 06:56:14","VVI196",450,"f","4/14/26"
"399","balloon","extra_words","1","produces",NA,0,"104","2026-03-29 15:34:33","VVI183",420,"m","3/29/26"
"400","balloon","extra_words","1","understands",NA,0,"104","2026-03-29 15:34:33","VVI183",420,"m","3/29/26"
"401","balloon","extra_words","1","produces",NA,0,"125","2026-04-30 08:46:28","VVI197",450,"m","4/14/26"
"402","balloon","extra_words","1","understands",1,1,"125","2026-04-30 08:46:28","VVI197",450,"m","4/14/26"
"403","balloon","extra_words","1","produces",NA,0,"213","2026-02-15 21:07:24","VVI142",450,"f","2/16/26"
"404","balloon","extra_words","1","understands",1,1,"213","2026-02-15 21:07:24","VVI142",450,"f","2/16/26"
"405","balloon","extra_words","1","produces",NA,0,"76","2026-04-02 15:03:35","VVI186",450,"m","2/26/04"
"406","balloon","extra_words","1","understands",NA,0,"76","2026-04-02 15:03:35","VVI186",450,"m","2/26/04"
"407","balloon","extra_words","1","produces",NA,0,"223","2026-03-09 15:51:32","VVI162",510,"f","2/24/26"
"408","balloon","extra_words","1","understands",NA,0,"223","2026-03-09 15:51:32","VVI162",510,"f","2/24/26"
"409","balloon","extra_words","1","produces",NA,0,"207","2026-04-08 10:48:19","VVI193",450,"f","8/26/04"
"410","balloon","extra_words","1","understands",1,1,"207","2026-04-08 10:48:19","VVI193",450,"f","8/26/04"
"411","balloon","extra_words","1","produces",NA,0,"131","2026-04-28 16:52:20","VVI201",420,"m","4/27/26"
"412","balloon","extra_words","1","understands",NA,0,"131","2026-04-28 16:52:20","VVI201",420,"m","4/27/26"
"413","balloon","extra_words","1","produces",2,1,"216","2026-03-08 20:15:37","VVI146",510,"f","2/17/26"
"414","balloon","extra_words","1","understands",2,1,"216","2026-03-08 20:15:37","VVI146",510,"f","2/17/26"
"415","balloon","extra_words","1","produces",NA,0,"179","2026-03-09 12:13:10","VVI160",510,"m","2/23/26"
"416","balloon","extra_words","1","understands",NA,0,"179","2026-03-09 12:13:10","VVI160",510,"m","2/23/26"
"417","balloon","extra_words","1","produces",NA,0,"102","2026-03-08 18:49:54","VVI164",480,"m","2/25/26"
"418","balloon","extra_words","1","understands",NA,0,"102","2026-03-08 18:49:54","VVI164",480,"m","2/25/26"
"419","dresser","extra_words","1","produces",NA,0,"245","2026-04-29 06:56:14","VVI196",450,"f","4/14/26"
"420","dresser","extra_words","1","understands",1,1,"245","2026-04-29 06:56:14","VVI196",450,"f","4/14/26"
"421","dresser","extra_words","1","produces",NA,0,"104","2026-03-29 15:34:33","VVI183",420,"m","3/29/26"
"422","dresser","extra_words","1","understands",NA,0,"104","2026-03-29 15:34:33","VVI183",420,"m","3/29/26"
"423","dresser","extra_words","1","produces",NA,0,"125","2026-04-30 08:46:28","VVI197",450,"m","4/14/26"
"424","dresser","extra_words","1","understands",NA,0,"125","2026-04-30 08:46:28","VVI197",450,"m","4/14/26"
"425","dresser","extra_words","1","produces",NA,0,"213","2026-02-15 21:07:24","VVI142",450,"f","2/16/26"
"426","dresser","extra_words","1","understands",NA,0,"213","2026-02-15 21:07:24","VVI142",450,"f","2/16/26"
"427","dresser","extra_words","1","produces",NA,0,"76","2026-04-02 15:03:35","VVI186",450,"m","2/26/04"
"428","dresser","extra_words","1","understands",NA,0,"76","2026-04-02 15:03:35","VVI186",450,"m","2/26/04"
"429","dresser","extra_words","1","produces",NA,0,"223","2026-03-09 15:51:32","VVI162",510,"f","2/24/26"
"430","dresser","extra_words","1","understands",NA,0,"223","2026-03-09 15:51:32","VVI162",510,"f","2/24/26"
"431","dresser","extra_words","1","produces",NA,0,"207","2026-04-08 10:48:19","VVI193",450,"f","8/26/04"
"432","dresser","extra_words","1","understands",NA,0,"207","2026-04-08 10:48:19","VVI193",450,"f","8/26/04"
"433","dresser","extra_words","1","produces",NA,0,"131","2026-04-28 16:52:20","VVI201",420,"m","4/27/26"
"434","dresser","extra_words","1","understands",NA,0,"131","2026-04-28 16:52:20","VVI201",420,"m","4/27/26"
"435","dresser","extra_words","1","produces",NA,0,"216","2026-03-08 20:15:37","VVI146",510,"f","2/17/26"
"436","dresser","extra_words","1","understands",1,1,"216","2026-03-08 20:15:37","VVI146",510,"f","2/17/26"
"437","dresser","extra_words","1","produces",NA,0,"179","2026-03-09 12:13:10","VVI160",510,"m","2/23/26"
"438","dresser","extra_words","1","understands",NA,0,"179","2026-03-09 12:13:10","VVI160",510,"m","2/23/26"
"439","dresser","extra_words","1","produces",NA,0,"102","2026-03-08 18:49:54","VVI164",480,"m","2/25/26"
"440","dresser","extra_words","1","understands",NA,0,"102","2026-03-08 18:49:54","VVI164",480,"m","2/25/26"
"441","kite","extra_words","1","produces",NA,0,"245","2026-04-29 06:56:14","VVI196",450,"f","4/14/26"
"442","kite","extra_words","1","understands",1,1,"245","2026-04-29 06:56:14","VVI196",450,"f","4/14/26"
"443","kite","extra_words","1","produces",NA,0,"104","2026-03-29 15:34:33","VVI183",420,"m","3/29/26"
"444","kite","extra_words","1","understands",NA,0,"104","2026-03-29 15:34:33","VVI183",420,"m","3/29/26"
"445","kite","extra_words","1","produces",NA,0,"125","2026-04-30 08:46:28","VVI197",450,"m","4/14/26"
"446","kite","extra_words","1","understands",NA,0,"125","2026-04-30 08:46:28","VVI197",450,"m","4/14/26"
"447","kite","extra_words","1","produces",NA,0,"213","2026-02-15 21:07:24","VVI142",450,"f","2/16/26"
"448","kite","extra_words","1","understands",NA,0,"213","2026-02-15 21:07:24","VVI142",450,"f","2/16/26"
"449","kite","extra_words","1","produces",NA,0,"76","2026-04-02 15:03:35","VVI186",450,"m","2/26/04"
"450","kite","extra_words","1","understands",NA,0,"76","2026-04-02 15:03:35","VVI186",450,"m","2/26/04"
"451","kite","extra_words","1","produces",NA,0,"223","2026-03-09 15:51:32","VVI162",510,"f","2/24/26"
"452","kite","extra_words","1","understands",NA,0,"223","2026-03-09 15:51:32","VVI162",510,"f","2/24/26"
"453","kite","extra_words","1","produces",NA,0,"207","2026-04-08 10:48:19","VVI193",450,"f","8/26/04"
"454","kite","extra_words","1","understands",1,1,"207","2026-04-08 10:48:19","VVI193",450,"f","8/26/04"
"455","kite","extra_words","1","produces",NA,0,"131","2026-04-28 16:52:20","VVI201",420,"m","4/27/26"
"456","kite","extra_words","1","understands",NA,0,"131","2026-04-28 16:52:20","VVI201",420,"m","4/27/26"
"457","kite","extra_words","1","produces",NA,0,"216","2026-03-08 20:15:37","VVI146",510,"f","2/17/26"
"458","kite","extra_words","1","understands",NA,0,"216","2026-03-08 20:15:37","VVI146",510,"f","2/17/26"
"459","kite","extra_words","1","produces",NA,0,"179","2026-03-09 12:13:10","VVI160",510,"m","2/23/26"
"460","kite","extra_words","1","understands",NA,0,"179","2026-03-09 12:13:10","VVI160",510,"m","2/23/26"
"461","kite","extra_words","1","produces",NA,0,"102","2026-03-08 18:49:54","VVI164",480,"m","2/25/26"
"462","kite","extra_words","1","understands",NA,0,"102","2026-03-08 18:49:54","VVI164",480,"m","2/25/26"
"463","camel","extra_words","1","produces",NA,0,"245","2026-04-29 06:56:14","VVI196",450,"f","4/14/26"
"464","camel","extra_words","1","understands",1,1,"245","2026-04-29 06:56:14","VVI196",450,"f","4/14/26"
"465","camel","extra_words","1","produces",NA,0,"104","2026-03-29 15:34:33","VVI183",420,"m","3/29/26"
"466","camel","extra_words","1","understands",NA,0,"104","2026-03-29 15:34:33","VVI183",420,"m","3/29/26"
"467","camel","extra_words","1","produces",NA,0,"125","2026-04-30 08:46:28","VVI197",450,"m","4/14/26"
"468","camel","extra_words","1","understands",NA,0,"125","2026-04-30 08:46:28","VVI197",450,"m","4/14/26"
"469","camel","extra_words","1","produces",NA,0,"213","2026-02-15 21:07:24","VVI142",450,"f","2/16/26"
"470","camel","extra_words","1","understands",NA,0,"213","2026-02-15 21:07:24","VVI142",450,"f","2/16/26"
"471","camel","extra_words","1","produces",NA,0,"76","2026-04-02 15:03:35","VVI186",450,"m","2/26/04"
"472","camel","extra_words","1","understands",NA,0,"76","2026-04-02 15:03:35","VVI186",450,"m","2/26/04"
"473","camel","extra_words","1","produces",NA,0,"223","2026-03-09 15:51:32","VVI162",510,"f","2/24/26"
"474","camel","extra_words","1","understands",NA,0,"223","2026-03-09 15:51:32","VVI162",510,"f","2/24/26"
"475","camel","extra_words","1","produces",NA,0,"207","2026-04-08 10:48:19","VVI193",450,"f","8/26/04"
"476","camel","extra_words","1","understands",NA,0,"207","2026-04-08 10:48:19","VVI193",450,"f","8/26/04"
"477","camel","extra_words","1","produces",NA,0,"131","2026-04-28 16:52:20","VVI201",420,"m","4/27/26"
"478","camel","extra_words","1","understands",NA,0,"131","2026-04-28 16:52:20","VVI201",420,"m","4/27/26"
"479","camel","extra_words","1","produces",NA,0,"216","2026-03-08 20:15:37","VVI146",510,"f","2/17/26"
"480","camel","extra_words","1","understands",NA,0,"216","2026-03-08 20:15:37","VVI146",510,"f","2/17/26"
"481","camel","extra_words","1","produces",NA,0,"179","2026-03-09 12:13:10","VVI160",510,"m","2/23/26"
"482","camel","extra_words","1","understands",NA,0,"179","2026-03-09 12:13:10","VVI160",510,"m","2/23/26"
"483","camel","extra_words","1","produces",NA,0,"102","2026-03-08 18:49:54","VVI164",480,"m","2/25/26"
"484","camel","extra_words","1","understands",NA,0,"102","2026-03-08 18:49:54","VVI164",480,"m","2/25/26"
"485","elephant","extra_words","1","produces",NA,0,"245","2026-04-29 06:56:14","VVI196",450,"f","4/14/26"
"486","elephant","extra_words","1","understands",1,1,"245","2026-04-29 06:56:14","VVI196",450,"f","4/14/26"
"487","elephant","extra_words","1","produces",NA,0,"104","2026-03-29 15:34:33","VVI183",420,"m","3/29/26"
"488","elephant","extra_words","1","understands",NA,0,"104","2026-03-29 15:34:33","VVI183",420,"m","3/29/26"
"489","elephant","extra_words","1","produces",NA,0,"125","2026-04-30 08:46:28","VVI197",450,"m","4/14/26"
"490","elephant","extra_words","1","understands",NA,0,"125","2026-04-30 08:46:28","VVI197",450,"m","4/14/26"
"491","elephant","extra_words","1","produces",NA,0,"213","2026-02-15 21:07:24","VVI142",450,"f","2/16/26"
"492","elephant","extra_words","1","understands",1,1,"213","2026-02-15 21:07:24","VVI142",450,"f","2/16/26"
"493","elephant","extra_words","1","produces",NA,0,"76","2026-04-02 15:03:35","VVI186",450,"m","2/26/04"
"494","elephant","extra_words","1","understands",NA,0,"76","2026-04-02 15:03:35","VVI186",450,"m","2/26/04"
"495","elephant","extra_words","1","produces",NA,0,"223","2026-03-09 15:51:32","VVI162",510,"f","2/24/26"
"496","elephant","extra_words","1","understands",NA,0,"223","2026-03-09 15:51:32","VVI162",510,"f","2/24/26"
"497","elephant","extra_words","1","produces",NA,0,"207","2026-04-08 10:48:19","VVI193",450,"f","8/26/04"
"498","elephant","extra_words","1","understands",1,1,"207","2026-04-08 10:48:19","VVI193",450,"f","8/26/04"
"499","elephant","extra_words","1","produces",NA,0,"131","2026-04-28 16:52:20","VVI201",420,"m","4/27/26"
"500","elephant","extra_words","1","understands",NA,0,"131","2026-04-28 16:52:20","VVI201",420,"m","4/27/26"
"501","elephant","extra_words","1","produces",NA,0,"216","2026-03-08 20:15:37","VVI146",510,"f","2/17/26"
"502","elephant","extra_words","1","understands",1,1,"216","2026-03-08 20:15:37","VVI146",510,"f","2/17/26"
"503","elephant","extra_words","1","produces",NA,0,"179","2026-03-09 12:13:10","VVI160",510,"m","2/23/26"
"504","elephant","extra_words","1","understands",NA,0,"179","2026-03-09 12:13:10","VVI160",510,"m","2/23/26"
"505","elephant","extra_words","1","produces",NA,0,"102","2026-03-08 18:49:54","VVI164",480,"m","2/25/26"
"506","elephant","extra_words","1","understands",NA,0,"102","2026-03-08 18:49:54","VVI164",480,"m","2/25/26"
"507","ladybug","extra_words","1","produces",NA,0,"245","2026-04-29 06:56:14","VVI196",450,"f","4/14/26"
"508","ladybug","extra_words","1","understands",1,1,"245","2026-04-29 06:56:14","VVI196",450,"f","4/14/26"
"509","ladybug","extra_words","1","produces",NA,0,"104","2026-03-29 15:34:33","VVI183",420,"m","3/29/26"
"510","ladybug","extra_words","1","understands",NA,0,"104","2026-03-29 15:34:33","VVI183",420,"m","3/29/26"
"511","ladybug","extra_words","1","produces",NA,0,"125","2026-04-30 08:46:28","VVI197",450,"m","4/14/26"
"512","ladybug","extra_words","1","understands",NA,0,"125","2026-04-30 08:46:28","VVI197",450,"m","4/14/26"
"513","ladybug","extra_words","1","produces",NA,0,"213","2026-02-15 21:07:24","VVI142",450,"f","2/16/26"
"514","ladybug","extra_words","1","understands",NA,0,"213","2026-02-15 21:07:24","VVI142",450,"f","2/16/26"
"515","ladybug","extra_words","1","produces",NA,0,"76","2026-04-02 15:03:35","VVI186",450,"m","2/26/04"
"516","ladybug","extra_words","1","understands",NA,0,"76","2026-04-02 15:03:35","VVI186",450,"m","2/26/04"
"517","ladybug","extra_words","1","produces",NA,0,"223","2026-03-09 15:51:32","VVI162",510,"f","2/24/26"
"518","ladybug","extra_words","1","understands",NA,0,"223","2026-03-09 15:51:32","VVI162",510,"f","2/24/26"
"519","ladybug","extra_words","1","produces",NA,0,"207","2026-04-08 10:48:19","VVI193",450,"f","8/26/04"
"520","ladybug","extra_words","1","understands",1,1,"207","2026-04-08 10:48:19","VVI193",450,"f","8/26/04"
"521","ladybug","extra_words","1","produces",NA,0,"131","2026-04-28 16:52:20","VVI201",420,"m","4/27/26"
"522","ladybug","extra_words","1","understands",NA,0,"131","2026-04-28 16:52:20","VVI201",420,"m","4/27/26"
"523","ladybug","extra_words","1","produces",NA,0,"216","2026-03-08 20:15:37","VVI146",510,"f","2/17/26"
"524","ladybug","extra_words","1","understands",NA,0,"216","2026-03-08 20:15:37","VVI146",510,"f","2/17/26"
"525","ladybug","extra_words","1","produces",NA,0,"179","2026-03-09 12:13:10","VVI160",510,"m","2/23/26"
"526","ladybug","extra_words","1","understands",NA,0,"179","2026-03-09 12:13:10","VVI160",510,"m","2/23/26"
"527","ladybug","extra_words","1","produces",NA,0,"102","2026-03-08 18:49:54","VVI164",480,"m","2/25/26"
"528","ladybug","extra_words","1","understands",NA,0,"102","2026-03-08 18:49:54","VVI164",480,"m","2/25/26"
"529","choo choo","cdi_words","1","produces",NA,0,"245","2026-04-29 06:56:14","VVI196",450,"f","4/14/26"
"530","choo choo","cdi_words","1","understands",1,1,"245","2026-04-29 06:56:14","VVI196",450,"f","4/14/26"
"531","choo choo","cdi_words","1","produces",NA,0,"104","2026-03-29 15:34:33","VVI183",420,"m","3/29/26"
"532","choo choo","cdi_words","1","understands",NA,0,"104","2026-03-29 15:34:33","VVI183",420,"m","3/29/26"
"533","choo choo","cdi_words","1","produces",NA,0,"125","2026-04-30 08:46:28","VVI197",450,"m","4/14/26"
"534","choo choo","cdi_words","1","understands",1,1,"125","2026-04-30 08:46:28","VVI197",450,"m","4/14/26"
"535","choo choo","cdi_words","1","produces",NA,0,"213","2026-02-15 21:07:24","VVI142",450,"f","2/16/26"
"536","choo choo","cdi_words","1","understands",NA,0,"213","2026-02-15 21:07:24","VVI142",450,"f","2/16/26"
"537","choo choo","cdi_words","1","produces",NA,0,"76","2026-04-02 15:03:35","VVI186",450,"m","2/26/04"
"538","choo choo","cdi_words","1","understands",NA,0,"76","2026-04-02 15:03:35","VVI186",450,"m","2/26/04"
"539","choo choo","cdi_words","1","produces",NA,0,"223","2026-03-09 15:51:32","VVI162",510,"f","2/24/26"
"540","choo choo","cdi_words","1","understands",1,1,"223","2026-03-09 15:51:32","VVI162",510,"f","2/24/26"
"541","choo choo","cdi_words","1","produces",NA,0,"207","2026-04-08 10:48:19","VVI193",450,"f","8/26/04"
"542","choo choo","cdi_words","1","understands",1,1,"207","2026-04-08 10:48:19","VVI193",450,"f","8/26/04"
"543","choo choo","cdi_words","1","produces",NA,0,"131","2026-04-28 16:52:20","VVI201",420,"m","4/27/26"
"544","choo choo","cdi_words","1","understands",NA,0,"131","2026-04-28 16:52:20","VVI201",420,"m","4/27/26"
"545","choo choo","cdi_words","1","produces",2,1,"216","2026-03-08 20:15:37","VVI146",510,"f","2/17/26"
"546","choo choo","cdi_words","1","understands",2,1,"216","2026-03-08 20:15:37","VVI146",510,"f","2/17/26"
"547","choo choo","cdi_words","1","produces",NA,0,"179","2026-03-09 12:13:10","VVI160",510,"m","2/23/26"
"548","choo choo","cdi_words","1","understands",1,1,"179","2026-03-09 12:13:10","VVI160",510,"m","2/23/26"
"549","choo choo","cdi_words","1","produces",NA,0,"102","2026-03-08 18:49:54","VVI164",480,"m","2/25/26"
"550","choo choo","cdi_words","1","understands",NA,0,"102","2026-03-08 18:49:54","VVI164",480,"m","2/25/26"
"551","mouse","cdi_words","1","produces",NA,0,"245","2026-04-29 06:56:14","VVI196",450,"f","4/14/26"
"552","mouse","cdi_words","1","understands",1,1,"245","2026-04-29 06:56:14","VVI196",450,"f","4/14/26"
"553","mouse","cdi_words","1","produces",NA,0,"104","2026-03-29 15:34:33","VVI183",420,"m","3/29/26"
"554","mouse","cdi_words","1","understands",NA,0,"104","2026-03-29 15:34:33","VVI183",420,"m","3/29/26"
"555","mouse","cdi_words","1","produces",NA,0,"125","2026-04-30 08:46:28","VVI197",450,"m","4/14/26"
"556","mouse","cdi_words","1","understands",NA,0,"125","2026-04-30 08:46:28","VVI197",450,"m","4/14/26"
"557","mouse","cdi_words","1","produces",NA,0,"213","2026-02-15 21:07:24","VVI142",450,"f","2/16/26"
"558","mouse","cdi_words","1","understands",NA,0,"213","2026-02-15 21:07:24","VVI142",450,"f","2/16/26"
"559","mouse","cdi_words","1","produces",NA,0,"76","2026-04-02 15:03:35","VVI186",450,"m","2/26/04"
"560","mouse","cdi_words","1","understands",1,1,"76","2026-04-02 15:03:35","VVI186",450,"m","2/26/04"
"561","mouse","cdi_words","1","produces",NA,0,"223","2026-03-09 15:51:32","VVI162",510,"f","2/24/26"
"562","mouse","cdi_words","1","understands",NA,0,"223","2026-03-09 15:51:32","VVI162",510,"f","2/24/26"
"563","mouse","cdi_words","1","produces",NA,0,"207","2026-04-08 10:48:19","VVI193",450,"f","8/26/04"
"564","mouse","cdi_words","1","understands",1,1,"207","2026-04-08 10:48:19","VVI193",450,"f","8/26/04"
"565","mouse","cdi_words","1","produces",NA,0,"131","2026-04-28 16:52:20","VVI201",420,"m","4/27/26"
"566","mouse","cdi_words","1","understands",NA,0,"131","2026-04-28 16:52:20","VVI201",420,"m","4/27/26"
"567","mouse","cdi_words","1","produces",NA,0,"216","2026-03-08 20:15:37","VVI146",510,"f","2/17/26"
"568","mouse","cdi_words","1","understands",NA,0,"216","2026-03-08 20:15:37","VVI146",510,"f","2/17/26"
"569","mouse","cdi_words","1","produces",NA,0,"179","2026-03-09 12:13:10","VVI160",510,"m","2/23/26"
"570","mouse","cdi_words","1","understands",NA,0,"179","2026-03-09 12:13:10","VVI160",510,"m","2/23/26"
"571","mouse","cdi_words","1","produces",NA,0,"102","2026-03-08 18:49:54","VVI164",480,"m","2/25/26"
"572","mouse","cdi_words","1","understands",NA,0,"102","2026-03-08 18:49:54","VVI164",480,"m","2/25/26"
"573","car","cdi_words","1","produces",NA,0,"245","2026-04-29 06:56:14","VVI196",450,"f","4/14/26"
"574","car","cdi_words","1","understands",1,1,"245","2026-04-29 06:56:14","VVI196",450,"f","4/14/26"
"575","car","cdi_words","1","produces",NA,0,"104","2026-03-29 15:34:33","VVI183",420,"m","3/29/26"
"576","car","cdi_words","1","understands",NA,0,"104","2026-03-29 15:34:33","VVI183",420,"m","3/29/26"
"577","car","cdi_words","1","produces",NA,0,"125","2026-04-30 08:46:28","VVI197",450,"m","4/14/26"
"578","car","cdi_words","1","understands",1,1,"125","2026-04-30 08:46:28","VVI197",450,"m","4/14/26"
"579","car","cdi_words","1","produces",NA,0,"213","2026-02-15 21:07:24","VVI142",450,"f","2/16/26"
"580","car","cdi_words","1","understands",1,1,"213","2026-02-15 21:07:24","VVI142",450,"f","2/16/26"
"581","car","cdi_words","1","produces",NA,0,"76","2026-04-02 15:03:35","VVI186",450,"m","2/26/04"
"582","car","cdi_words","1","understands",1,1,"76","2026-04-02 15:03:35","VVI186",450,"m","2/26/04"
"583","car","cdi_words","1","produces",NA,0,"223","2026-03-09 15:51:32","VVI162",510,"f","2/24/26"
"584","car","cdi_words","1","understands",1,1,"223","2026-03-09 15:51:32","VVI162",510,"f","2/24/26"
"585","car","cdi_words","1","produces",NA,0,"207","2026-04-08 10:48:19","VVI193",450,"f","8/26/04"
"586","car","cdi_words","1","understands",1,1,"207","2026-04-08 10:48:19","VVI193",450,"f","8/26/04"
"587","car","cdi_words","1","produces",NA,0,"131","2026-04-28 16:52:20","VVI201",420,"m","4/27/26"
"588","car","cdi_words","1","understands",1,1,"131","2026-04-28 16:52:20","VVI201",420,"m","4/27/26"
"589","car","cdi_words","1","produces",2,1,"216","2026-03-08 20:15:37","VVI146",510,"f","2/17/26"
"590","car","cdi_words","1","understands",2,1,"216","2026-03-08 20:15:37","VVI146",510,"f","2/17/26"
"591","car","cdi_words","1","produces",NA,0,"179","2026-03-09 12:13:10","VVI160",510,"m","2/23/26"
"592","car","cdi_words","1","understands",1,1,"179","2026-03-09 12:13:10","VVI160",510,"m","2/23/26"
"593","car","cdi_words","1","produces",2,1,"102","2026-03-08 18:49:54","VVI164",480,"m","2/25/26"
"594","car","cdi_words","1","understands",2,1,"102","2026-03-08 18:49:54","VVI164",480,"m","2/25/26"
"595","stroller","cdi_words","1","produces",NA,0,"245","2026-04-29 06:56:14","VVI196",450,"f","4/14/26"
"596","stroller","cdi_words","1","understands",1,1,"245","2026-04-29 06:56:14","VVI196",450,"f","4/14/26"
"597","stroller","cdi_words","1","produces",NA,0,"104","2026-03-29 15:34:33","VVI183",420,"m","3/29/26"
"598","stroller","cdi_words","1","understands",NA,0,"104","2026-03-29 15:34:33","VVI183",420,"m","3/29/26"
"599","stroller","cdi_words","1","produces",NA,0,"125","2026-04-30 08:46:28","VVI197",450,"m","4/14/26"
"600","stroller","cdi_words","1","understands",1,1,"125","2026-04-30 08:46:28","VVI197",450,"m","4/14/26"
"601","stroller","cdi_words","1","produces",NA,0,"213","2026-02-15 21:07:24","VVI142",450,"f","2/16/26"
"602","stroller","cdi_words","1","understands",1,1,"213","2026-02-15 21:07:24","VVI142",450,"f","2/16/26"
"603","stroller","cdi_words","1","produces",NA,0,"76","2026-04-02 15:03:35","VVI186",450,"m","2/26/04"
"604","stroller","cdi_words","1","understands",NA,0,"76","2026-04-02 15:03:35","VVI186",450,"m","2/26/04"
"605","stroller","cdi_words","1","produces",NA,0,"223","2026-03-09 15:51:32","VVI162",510,"f","2/24/26"
"606","stroller","cdi_words","1","understands",1,1,"223","2026-03-09 15:51:32","VVI162",510,"f","2/24/26"
"607","stroller","cdi_words","1","produces",NA,0,"207","2026-04-08 10:48:19","VVI193",450,"f","8/26/04"
"608","stroller","cdi_words","1","understands",1,1,"207","2026-04-08 10:48:19","VVI193",450,"f","8/26/04"
"609","stroller","cdi_words","1","produces",NA,0,"131","2026-04-28 16:52:20","VVI201",420,"m","4/27/26"
"610","stroller","cdi_words","1","understands",1,1,"131","2026-04-28 16:52:20","VVI201",420,"m","4/27/26"
"611","stroller","cdi_words","1","produces",NA,0,"216","2026-03-08 20:15:37","VVI146",510,"f","2/17/26"
"612","stroller","cdi_words","1","understands",1,1,"216","2026-03-08 20:15:37","VVI146",510,"f","2/17/26"
"613","stroller","cdi_words","1","produces",NA,0,"179","2026-03-09 12:13:10","VVI160",510,"m","2/23/26"
"614","stroller","cdi_words","1","understands",NA,0,"179","2026-03-09 12:13:10","VVI160",510,"m","2/23/26"
"615","stroller","cdi_words","1","produces",NA,0,"102","2026-03-08 18:49:54","VVI164",480,"m","2/25/26"
"616","stroller","cdi_words","1","understands",NA,0,"102","2026-03-08 18:49:54","VVI164",480,"m","2/25/26"
"617","ball","cdi_words","1","produces",NA,0,"245","2026-04-29 06:56:14","VVI196",450,"f","4/14/26"
"618","ball","cdi_words","1","understands",1,1,"245","2026-04-29 06:56:14","VVI196",450,"f","4/14/26"
"619","ball","cdi_words","1","produces",NA,0,"104","2026-03-29 15:34:33","VVI183",420,"m","3/29/26"
"620","ball","cdi_words","1","understands",1,1,"104","2026-03-29 15:34:33","VVI183",420,"m","3/29/26"
"621","ball","cdi_words","1","produces",NA,0,"125","2026-04-30 08:46:28","VVI197",450,"m","4/14/26"
"622","ball","cdi_words","1","understands",1,1,"125","2026-04-30 08:46:28","VVI197",450,"m","4/14/26"
"623","ball","cdi_words","1","produces",2,1,"213","2026-02-15 21:07:24","VVI142",450,"f","2/16/26"
"624","ball","cdi_words","1","understands",2,1,"213","2026-02-15 21:07:24","VVI142",450,"f","2/16/26"
"625","ball","cdi_words","1","produces",NA,0,"76","2026-04-02 15:03:35","VVI186",450,"m","2/26/04"
"626","ball","cdi_words","1","understands",1,1,"76","2026-04-02 15:03:35","VVI186",450,"m","2/26/04"
"627","ball","cdi_words","1","produces",2,1,"223","2026-03-09 15:51:32","VVI162",510,"f","2/24/26"
"628","ball","cdi_words","1","understands",2,1,"223","2026-03-09 15:51:32","VVI162",510,"f","2/24/26"
"629","ball","cdi_words","1","produces",NA,0,"207","2026-04-08 10:48:19","VVI193",450,"f","8/26/04"
"630","ball","cdi_words","1","understands",1,1,"207","2026-04-08 10:48:19","VVI193",450,"f","8/26/04"
"631","ball","cdi_words","1","produces",NA,0,"131","2026-04-28 16:52:20","VVI201",420,"m","4/27/26"
"632","ball","cdi_words","1","understands",1,1,"131","2026-04-28 16:52:20","VVI201",420,"m","4/27/26"
"633","ball","cdi_words","1","produces",2,1,"216","2026-03-08 20:15:37","VVI146",510,"f","2/17/26"
"634","ball","cdi_words","1","understands",2,1,"216","2026-03-08 20:15:37","VVI146",510,"f","2/17/26"
"635","ball","cdi_words","1","produces",2,1,"179","2026-03-09 12:13:10","VVI160",510,"m","2/23/26"
"636","ball","cdi_words","1","understands",2,1,"179","2026-03-09 12:13:10","VVI160",510,"m","2/23/26"
"637","ball","cdi_words","1","produces",2,1,"102","2026-03-08 18:49:54","VVI164",480,"m","2/25/26"
"638","ball","cdi_words","1","understands",2,1,"102","2026-03-08 18:49:54","VVI164",480,"m","2/25/26"
"639","book","cdi_words","1","produces",NA,0,"245","2026-04-29 06:56:14","VVI196",450,"f","4/14/26"
"640","book","cdi_words","1","understands",1,1,"245","2026-04-29 06:56:14","VVI196",450,"f","4/14/26"
"641","book","cdi_words","1","produces",NA,0,"104","2026-03-29 15:34:33","VVI183",420,"m","3/29/26"
"642","book","cdi_words","1","understands",1,1,"104","2026-03-29 15:34:33","VVI183",420,"m","3/29/26"
"643","book","cdi_words","1","produces",NA,0,"125","2026-04-30 08:46:28","VVI197",450,"m","4/14/26"
"644","book","cdi_words","1","understands",1,1,"125","2026-04-30 08:46:28","VVI197",450,"m","4/14/26"
"645","book","cdi_words","1","produces",NA,0,"213","2026-02-15 21:07:24","VVI142",450,"f","2/16/26"
"646","book","cdi_words","1","understands",1,1,"213","2026-02-15 21:07:24","VVI142",450,"f","2/16/26"
"647","book","cdi_words","1","produces",NA,0,"76","2026-04-02 15:03:35","VVI186",450,"m","2/26/04"
"648","book","cdi_words","1","understands",1,1,"76","2026-04-02 15:03:35","VVI186",450,"m","2/26/04"
"649","book","cdi_words","1","produces",2,1,"223","2026-03-09 15:51:32","VVI162",510,"f","2/24/26"
"650","book","cdi_words","1","understands",2,1,"223","2026-03-09 15:51:32","VVI162",510,"f","2/24/26"
"651","book","cdi_words","1","produces",NA,0,"207","2026-04-08 10:48:19","VVI193",450,"f","8/26/04"
"652","book","cdi_words","1","understands",1,1,"207","2026-04-08 10:48:19","VVI193",450,"f","8/26/04"
"653","book","cdi_words","1","produces",NA,0,"131","2026-04-28 16:52:20","VVI201",420,"m","4/27/26"
"654","book","cdi_words","1","understands",1,1,"131","2026-04-28 16:52:20","VVI201",420,"m","4/27/26"
"655","book","cdi_words","1","produces",2,1,"216","2026-03-08 20:15:37","VVI146",510,"f","2/17/26"
"656","book","cdi_words","1","understands",2,1,"216","2026-03-08 20:15:37","VVI146",510,"f","2/17/26"
"657","book","cdi_words","1","produces",NA,0,"179","2026-03-09 12:13:10","VVI160",510,"m","2/23/26"
"658","book","cdi_words","1","understands",1,1,"179","2026-03-09 12:13:10","VVI160",510,"m","2/23/26"
"659","book","cdi_words","1","produces",2,1,"102","2026-03-08 18:49:54","VVI164",480,"m","2/25/26"
"660","book","cdi_words","1","understands",2,1,"102","2026-03-08 18:49:54","VVI164",480,"m","2/25/26"
"661","doll","cdi_words","1","produces",NA,0,"245","2026-04-29 06:56:14","VVI196",450,"f","4/14/26"
"662","doll","cdi_words","1","understands",1,1,"245","2026-04-29 06:56:14","VVI196",450,"f","4/14/26"
"663","doll","cdi_words","1","produces",NA,0,"104","2026-03-29 15:34:33","VVI183",420,"m","3/29/26"
"664","doll","cdi_words","1","understands",NA,0,"104","2026-03-29 15:34:33","VVI183",420,"m","3/29/26"
"665","doll","cdi_words","1","produces",NA,0,"125","2026-04-30 08:46:28","VVI197",450,"m","4/14/26"
"666","doll","cdi_words","1","understands",NA,0,"125","2026-04-30 08:46:28","VVI197",450,"m","4/14/26"
"667","doll","cdi_words","1","produces",NA,0,"213","2026-02-15 21:07:24","VVI142",450,"f","2/16/26"
"668","doll","cdi_words","1","understands",1,1,"213","2026-02-15 21:07:24","VVI142",450,"f","2/16/26"
"669","doll","cdi_words","1","produces",NA,0,"76","2026-04-02 15:03:35","VVI186",450,"m","2/26/04"
"670","doll","cdi_words","1","understands",NA,0,"76","2026-04-02 15:03:35","VVI186",450,"m","2/26/04"
"671","doll","cdi_words","1","produces",NA,0,"223","2026-03-09 15:51:32","VVI162",510,"f","2/24/26"
"672","doll","cdi_words","1","understands",1,1,"223","2026-03-09 15:51:32","VVI162",510,"f","2/24/26"
"673","doll","cdi_words","1","produces",NA,0,"207","2026-04-08 10:48:19","VVI193",450,"f","8/26/04"
"674","doll","cdi_words","1","understands",1,1,"207","2026-04-08 10:48:19","VVI193",450,"f","8/26/04"
"675","doll","cdi_words","1","produces",NA,0,"131","2026-04-28 16:52:20","VVI201",420,"m","4/27/26"
"676","doll","cdi_words","1","understands",NA,0,"131","2026-04-28 16:52:20","VVI201",420,"m","4/27/26"
"677","doll","cdi_words","1","produces",NA,0,"216","2026-03-08 20:15:37","VVI146",510,"f","2/17/26"
"678","doll","cdi_words","1","understands",1,1,"216","2026-03-08 20:15:37","VVI146",510,"f","2/17/26"
"679","doll","cdi_words","1","produces",NA,0,"179","2026-03-09 12:13:10","VVI160",510,"m","2/23/26"
"680","doll","cdi_words","1","understands",NA,0,"179","2026-03-09 12:13:10","VVI160",510,"m","2/23/26"
"681","doll","cdi_words","1","produces",NA,0,"102","2026-03-08 18:49:54","VVI164",480,"m","2/25/26"
"682","doll","cdi_words","1","understands",NA,0,"102","2026-03-08 18:49:54","VVI164",480,"m","2/25/26"
"683","bread","cdi_words","1","produces",NA,0,"245","2026-04-29 06:56:14","VVI196",450,"f","4/14/26"
"684","bread","cdi_words","1","understands",1,1,"245","2026-04-29 06:56:14","VVI196",450,"f","4/14/26"
"685","bread","cdi_words","1","produces",NA,0,"104","2026-03-29 15:34:33","VVI183",420,"m","3/29/26"
"686","bread","cdi_words","1","understands",NA,0,"104","2026-03-29 15:34:33","VVI183",420,"m","3/29/26"
"687","bread","cdi_words","1","produces",NA,0,"125","2026-04-30 08:46:28","VVI197",450,"m","4/14/26"
"688","bread","cdi_words","1","understands",1,1,"125","2026-04-30 08:46:28","VVI197",450,"m","4/14/26"
"689","bread","cdi_words","1","produces",NA,0,"213","2026-02-15 21:07:24","VVI142",450,"f","2/16/26"
"690","bread","cdi_words","1","understands",NA,0,"213","2026-02-15 21:07:24","VVI142",450,"f","2/16/26"
"691","bread","cdi_words","1","produces",NA,0,"76","2026-04-02 15:03:35","VVI186",450,"m","2/26/04"
"692","bread","cdi_words","1","understands",NA,0,"76","2026-04-02 15:03:35","VVI186",450,"m","2/26/04"
"693","bread","cdi_words","1","produces",NA,0,"223","2026-03-09 15:51:32","VVI162",510,"f","2/24/26"
"694","bread","cdi_words","1","understands",1,1,"223","2026-03-09 15:51:32","VVI162",510,"f","2/24/26"
"695","bread","cdi_words","1","produces",NA,0,"207","2026-04-08 10:48:19","VVI193",450,"f","8/26/04"
"696","bread","cdi_words","1","understands",1,1,"207","2026-04-08 10:48:19","VVI193",450,"f","8/26/04"
"697","bread","cdi_words","1","produces",NA,0,"131","2026-04-28 16:52:20","VVI201",420,"m","4/27/26"
"698","bread","cdi_words","1","understands",1,1,"131","2026-04-28 16:52:20","VVI201",420,"m","4/27/26"
"699","bread","cdi_words","1","produces",2,1,"216","2026-03-08 20:15:37","VVI146",510,"f","2/17/26"
"700","bread","cdi_words","1","understands",2,1,"216","2026-03-08 20:15:37","VVI146",510,"f","2/17/26"
"701","bread","cdi_words","1","produces",NA,0,"179","2026-03-09 12:13:10","VVI160",510,"m","2/23/26"
"702","bread","cdi_words","1","understands",NA,0,"179","2026-03-09 12:13:10","VVI160",510,"m","2/23/26"
"703","bread","cdi_words","1","produces",NA,0,"102","2026-03-08 18:49:54","VVI164",480,"m","2/25/26"
"704","bread","cdi_words","1","understands",NA,0,"102","2026-03-08 18:49:54","VVI164",480,"m","2/25/26"
"705","candy","cdi_words","1","produces",NA,0,"245","2026-04-29 06:56:14","VVI196",450,"f","4/14/26"
"706","candy","cdi_words","1","understands",1,1,"245","2026-04-29 06:56:14","VVI196",450,"f","4/14/26"
"707","candy","cdi_words","1","produces",NA,0,"104","2026-03-29 15:34:33","VVI183",420,"m","3/29/26"
"708","candy","cdi_words","1","understands",NA,0,"104","2026-03-29 15:34:33","VVI183",420,"m","3/29/26"
"709","candy","cdi_words","1","produces",NA,0,"125","2026-04-30 08:46:28","VVI197",450,"m","4/14/26"
"710","candy","cdi_words","1","understands",1,1,"125","2026-04-30 08:46:28","VVI197",450,"m","4/14/26"
"711","candy","cdi_words","1","produces",NA,0,"213","2026-02-15 21:07:24","VVI142",450,"f","2/16/26"
"712","candy","cdi_words","1","understands",NA,0,"213","2026-02-15 21:07:24","VVI142",450,"f","2/16/26"
"713","candy","cdi_words","1","produces",NA,0,"76","2026-04-02 15:03:35","VVI186",450,"m","2/26/04"
"714","candy","cdi_words","1","understands",NA,0,"76","2026-04-02 15:03:35","VVI186",450,"m","2/26/04"
"715","candy","cdi_words","1","produces",NA,0,"223","2026-03-09 15:51:32","VVI162",510,"f","2/24/26"
"716","candy","cdi_words","1","understands",NA,0,"223","2026-03-09 15:51:32","VVI162",510,"f","2/24/26"
"717","candy","cdi_words","1","produces",NA,0,"207","2026-04-08 10:48:19","VVI193",450,"f","8/26/04"
"718","candy","cdi_words","1","understands",NA,0,"207","2026-04-08 10:48:19","VVI193",450,"f","8/26/04"
"719","candy","cdi_words","1","produces",NA,0,"131","2026-04-28 16:52:20","VVI201",420,"m","4/27/26"
"720","candy","cdi_words","1","understands",NA,0,"131","2026-04-28 16:52:20","VVI201",420,"m","4/27/26"
"721","candy","cdi_words","1","produces",NA,0,"216","2026-03-08 20:15:37","VVI146",510,"f","2/17/26"
"722","candy","cdi_words","1","understands",NA,0,"216","2026-03-08 20:15:37","VVI146",510,"f","2/17/26"
"723","candy","cdi_words","1","produces",NA,0,"179","2026-03-09 12:13:10","VVI160",510,"m","2/23/26"
"724","candy","cdi_words","1","understands",NA,0,"179","2026-03-09 12:13:10","VVI160",510,"m","2/23/26"
"725","candy","cdi_words","1","produces",NA,0,"102","2026-03-08 18:49:54","VVI164",480,"m","2/25/26"
"726","candy","cdi_words","1","understands",NA,0,"102","2026-03-08 18:49:54","VVI164",480,"m","2/25/26"
"727","cereal","cdi_words","1","produces",NA,0,"245","2026-04-29 06:56:14","VVI196",450,"f","4/14/26"
"728","cereal","cdi_words","1","understands",1,1,"245","2026-04-29 06:56:14","VVI196",450,"f","4/14/26"
"729","cereal","cdi_words","1","produces",NA,0,"104","2026-03-29 15:34:33","VVI183",420,"m","3/29/26"
"730","cereal","cdi_words","1","understands",NA,0,"104","2026-03-29 15:34:33","VVI183",420,"m","3/29/26"
"731","cereal","cdi_words","1","produces",NA,0,"125","2026-04-30 08:46:28","VVI197",450,"m","4/14/26"
"732","cereal","cdi_words","1","understands",NA,0,"125","2026-04-30 08:46:28","VVI197",450,"m","4/14/26"
"733","cereal","cdi_words","1","produces",NA,0,"213","2026-02-15 21:07:24","VVI142",450,"f","2/16/26"
"734","cereal","cdi_words","1","understands",NA,0,"213","2026-02-15 21:07:24","VVI142",450,"f","2/16/26"
"735","cereal","cdi_words","1","produces",NA,0,"76","2026-04-02 15:03:35","VVI186",450,"m","2/26/04"
"736","cereal","cdi_words","1","understands",NA,0,"76","2026-04-02 15:03:35","VVI186",450,"m","2/26/04"
"737","cereal","cdi_words","1","produces",NA,0,"223","2026-03-09 15:51:32","VVI162",510,"f","2/24/26"
"738","cereal","cdi_words","1","understands",NA,0,"223","2026-03-09 15:51:32","VVI162",510,"f","2/24/26"
"739","cereal","cdi_words","1","produces",NA,0,"207","2026-04-08 10:48:19","VVI193",450,"f","8/26/04"
"740","cereal","cdi_words","1","understands",1,1,"207","2026-04-08 10:48:19","VVI193",450,"f","8/26/04"
"741","cereal","cdi_words","1","produces",NA,0,"131","2026-04-28 16:52:20","VVI201",420,"m","4/27/26"
"742","cereal","cdi_words","1","understands",NA,0,"131","2026-04-28 16:52:20","VVI201",420,"m","4/27/26"
"743","cereal","cdi_words","1","produces",2,1,"216","2026-03-08 20:15:37","VVI146",510,"f","2/17/26"
"744","cereal","cdi_words","1","understands",2,1,"216","2026-03-08 20:15:37","VVI146",510,"f","2/17/26"
"745","cereal","cdi_words","1","produces",NA,0,"179","2026-03-09 12:13:10","VVI160",510,"m","2/23/26"
"746","cereal","cdi_words","1","understands",NA,0,"179","2026-03-09 12:13:10","VVI160",510,"m","2/23/26"
"747","cereal","cdi_words","1","produces",NA,0,"102","2026-03-08 18:49:54","VVI164",480,"m","2/25/26"
"748","cereal","cdi_words","1","understands",NA,0,"102","2026-03-08 18:49:54","VVI164",480,"m","2/25/26"
"749","cookie","cdi_words","1","produces",NA,0,"245","2026-04-29 06:56:14","VVI196",450,"f","4/14/26"
"750","cookie","cdi_words","1","understands",1,1,"245","2026-04-29 06:56:14","VVI196",450,"f","4/14/26"
"751","cookie","cdi_words","1","produces",NA,0,"104","2026-03-29 15:34:33","VVI183",420,"m","3/29/26"
"752","cookie","cdi_words","1","understands",NA,0,"104","2026-03-29 15:34:33","VVI183",420,"m","3/29/26"
"753","cookie","cdi_words","1","produces",NA,0,"125","2026-04-30 08:46:28","VVI197",450,"m","4/14/26"
"754","cookie","cdi_words","1","understands",1,1,"125","2026-04-30 08:46:28","VVI197",450,"m","4/14/26"
"755","cookie","cdi_words","1","produces",NA,0,"213","2026-02-15 21:07:24","VVI142",450,"f","2/16/26"
"756","cookie","cdi_words","1","understands",1,1,"213","2026-02-15 21:07:24","VVI142",450,"f","2/16/26"
"757","cookie","cdi_words","1","produces",NA,0,"76","2026-04-02 15:03:35","VVI186",450,"m","2/26/04"
"758","cookie","cdi_words","1","understands",NA,0,"76","2026-04-02 15:03:35","VVI186",450,"m","2/26/04"
"759","cookie","cdi_words","1","produces",NA,0,"223","2026-03-09 15:51:32","VVI162",510,"f","2/24/26"
"760","cookie","cdi_words","1","understands",NA,0,"223","2026-03-09 15:51:32","VVI162",510,"f","2/24/26"
"761","cookie","cdi_words","1","produces",NA,0,"207","2026-04-08 10:48:19","VVI193",450,"f","8/26/04"
"762","cookie","cdi_words","1","understands",NA,0,"207","2026-04-08 10:48:19","VVI193",450,"f","8/26/04"
"763","cookie","cdi_words","1","produces",NA,0,"131","2026-04-28 16:52:20","VVI201",420,"m","4/27/26"
"764","cookie","cdi_words","1","understands",1,1,"131","2026-04-28 16:52:20","VVI201",420,"m","4/27/26"
"765","cookie","cdi_words","1","produces",2,1,"216","2026-03-08 20:15:37","VVI146",510,"f","2/17/26"
"766","cookie","cdi_words","1","understands",2,1,"216","2026-03-08 20:15:37","VVI146",510,"f","2/17/26"
"767","cookie","cdi_words","1","produces",NA,0,"179","2026-03-09 12:13:10","VVI160",510,"m","2/23/26"
"768","cookie","cdi_words","1","understands",NA,0,"179","2026-03-09 12:13:10","VVI160",510,"m","2/23/26"
"769","cookie","cdi_words","1","produces",2,1,"102","2026-03-08 18:49:54","VVI164",480,"m","2/25/26"
"770","cookie","cdi_words","1","understands",2,1,"102","2026-03-08 18:49:54","VVI164",480,"m","2/25/26"
"771","meow","cdi_words","1","produces",NA,0,"245","2026-04-29 06:56:14","VVI196",450,"f","4/14/26"
"772","meow","cdi_words","1","understands",1,1,"245","2026-04-29 06:56:14","VVI196",450,"f","4/14/26"
"773","meow","cdi_words","1","produces",NA,0,"104","2026-03-29 15:34:33","VVI183",420,"m","3/29/26"
"774","meow","cdi_words","1","understands",NA,0,"104","2026-03-29 15:34:33","VVI183",420,"m","3/29/26"
"775","meow","cdi_words","1","produces",NA,0,"125","2026-04-30 08:46:28","VVI197",450,"m","4/14/26"
"776","meow","cdi_words","1","understands",1,1,"125","2026-04-30 08:46:28","VVI197",450,"m","4/14/26"
"777","meow","cdi_words","1","produces",NA,0,"213","2026-02-15 21:07:24","VVI142",450,"f","2/16/26"
"778","meow","cdi_words","1","understands",NA,0,"213","2026-02-15 21:07:24","VVI142",450,"f","2/16/26"
"779","meow","cdi_words","1","produces",NA,0,"76","2026-04-02 15:03:35","VVI186",450,"m","2/26/04"
"780","meow","cdi_words","1","understands",NA,0,"76","2026-04-02 15:03:35","VVI186",450,"m","2/26/04"
"781","meow","cdi_words","1","produces",2,1,"223","2026-03-09 15:51:32","VVI162",510,"f","2/24/26"
"782","meow","cdi_words","1","understands",2,1,"223","2026-03-09 15:51:32","VVI162",510,"f","2/24/26"
"783","meow","cdi_words","1","produces",NA,0,"207","2026-04-08 10:48:19","VVI193",450,"f","8/26/04"
"784","meow","cdi_words","1","understands",1,1,"207","2026-04-08 10:48:19","VVI193",450,"f","8/26/04"
"785","meow","cdi_words","1","produces",NA,0,"131","2026-04-28 16:52:20","VVI201",420,"m","4/27/26"
"786","meow","cdi_words","1","understands",NA,0,"131","2026-04-28 16:52:20","VVI201",420,"m","4/27/26"
"787","meow","cdi_words","1","produces",2,1,"216","2026-03-08 20:15:37","VVI146",510,"f","2/17/26"
"788","meow","cdi_words","1","understands",2,1,"216","2026-03-08 20:15:37","VVI146",510,"f","2/17/26"
"789","meow","cdi_words","1","produces",NA,0,"179","2026-03-09 12:13:10","VVI160",510,"m","2/23/26"
"790","meow","cdi_words","1","understands",1,1,"179","2026-03-09 12:13:10","VVI160",510,"m","2/23/26"
"791","meow","cdi_words","1","produces",NA,0,"102","2026-03-08 18:49:54","VVI164",480,"m","2/25/26"
"792","meow","cdi_words","1","understands",NA,0,"102","2026-03-08 18:49:54","VVI164",480,"m","2/25/26"
"793","juice","cdi_words","1","produces",NA,0,"245","2026-04-29 06:56:14","VVI196",450,"f","4/14/26"
"794","juice","cdi_words","1","understands",1,1,"245","2026-04-29 06:56:14","VVI196",450,"f","4/14/26"
"795","juice","cdi_words","1","produces",NA,0,"104","2026-03-29 15:34:33","VVI183",420,"m","3/29/26"
"796","juice","cdi_words","1","understands",NA,0,"104","2026-03-29 15:34:33","VVI183",420,"m","3/29/26"
"797","juice","cdi_words","1","produces",NA,0,"125","2026-04-30 08:46:28","VVI197",450,"m","4/14/26"
"798","juice","cdi_words","1","understands",NA,0,"125","2026-04-30 08:46:28","VVI197",450,"m","4/14/26"
"799","juice","cdi_words","1","produces",NA,0,"213","2026-02-15 21:07:24","VVI142",450,"f","2/16/26"
"800","juice","cdi_words","1","understands",NA,0,"213","2026-02-15 21:07:24","VVI142",450,"f","2/16/26"
"801","juice","cdi_words","1","produces",NA,0,"76","2026-04-02 15:03:35","VVI186",450,"m","2/26/04"
"802","juice","cdi_words","1","understands",NA,0,"76","2026-04-02 15:03:35","VVI186",450,"m","2/26/04"
"803","juice","cdi_words","1","produces",NA,0,"223","2026-03-09 15:51:32","VVI162",510,"f","2/24/26"
"804","juice","cdi_words","1","understands",NA,0,"223","2026-03-09 15:51:32","VVI162",510,"f","2/24/26"
"805","juice","cdi_words","1","produces",NA,0,"207","2026-04-08 10:48:19","VVI193",450,"f","8/26/04"
"806","juice","cdi_words","1","understands",NA,0,"207","2026-04-08 10:48:19","VVI193",450,"f","8/26/04"
"807","juice","cdi_words","1","produces",NA,0,"131","2026-04-28 16:52:20","VVI201",420,"m","4/27/26"
"808","juice","cdi_words","1","understands",NA,0,"131","2026-04-28 16:52:20","VVI201",420,"m","4/27/26"
"809","juice","cdi_words","1","produces",NA,0,"216","2026-03-08 20:15:37","VVI146",510,"f","2/17/26"
"810","juice","cdi_words","1","understands",1,1,"216","2026-03-08 20:15:37","VVI146",510,"f","2/17/26"
"811","juice","cdi_words","1","produces",NA,0,"179","2026-03-09 12:13:10","VVI160",510,"m","2/23/26"
"812","juice","cdi_words","1","understands",NA,0,"179","2026-03-09 12:13:10","VVI160",510,"m","2/23/26"
"813","juice","cdi_words","1","produces",NA,0,"102","2026-03-08 18:49:54","VVI164",480,"m","2/25/26"
"814","juice","cdi_words","1","understands",NA,0,"102","2026-03-08 18:49:54","VVI164",480,"m","2/25/26"
"815","toast","cdi_words","1","produces",NA,0,"245","2026-04-29 06:56:14","VVI196",450,"f","4/14/26"
"816","toast","cdi_words","1","understands",1,1,"245","2026-04-29 06:56:14","VVI196",450,"f","4/14/26"
"817","toast","cdi_words","1","produces",NA,0,"104","2026-03-29 15:34:33","VVI183",420,"m","3/29/26"
"818","toast","cdi_words","1","understands",NA,0,"104","2026-03-29 15:34:33","VVI183",420,"m","3/29/26"
"819","toast","cdi_words","1","produces",NA,0,"125","2026-04-30 08:46:28","VVI197",450,"m","4/14/26"
"820","toast","cdi_words","1","understands",NA,0,"125","2026-04-30 08:46:28","VVI197",450,"m","4/14/26"
"821","toast","cdi_words","1","produces",NA,0,"213","2026-02-15 21:07:24","VVI142",450,"f","2/16/26"
"822","toast","cdi_words","1","understands",NA,0,"213","2026-02-15 21:07:24","VVI142",450,"f","2/16/26"
"823","toast","cdi_words","1","produces",NA,0,"76","2026-04-02 15:03:35","VVI186",450,"m","2/26/04"
"824","toast","cdi_words","1","understands",NA,0,"76","2026-04-02 15:03:35","VVI186",450,"m","2/26/04"
"825","toast","cdi_words","1","produces",NA,0,"223","2026-03-09 15:51:32","VVI162",510,"f","2/24/26"
"826","toast","cdi_words","1","understands",NA,0,"223","2026-03-09 15:51:32","VVI162",510,"f","2/24/26"
"827","toast","cdi_words","1","produces",NA,0,"207","2026-04-08 10:48:19","VVI193",450,"f","8/26/04"
"828","toast","cdi_words","1","understands",NA,0,"207","2026-04-08 10:48:19","VVI193",450,"f","8/26/04"
"829","toast","cdi_words","1","produces",NA,0,"131","2026-04-28 16:52:20","VVI201",420,"m","4/27/26"
"830","toast","cdi_words","1","understands",1,1,"131","2026-04-28 16:52:20","VVI201",420,"m","4/27/26"
"831","toast","cdi_words","1","produces",NA,0,"216","2026-03-08 20:15:37","VVI146",510,"f","2/17/26"
"832","toast","cdi_words","1","understands",NA,0,"216","2026-03-08 20:15:37","VVI146",510,"f","2/17/26"
"833","toast","cdi_words","1","produces",NA,0,"179","2026-03-09 12:13:10","VVI160",510,"m","2/23/26"
"834","toast","cdi_words","1","understands",NA,0,"179","2026-03-09 12:13:10","VVI160",510,"m","2/23/26"
"835","toast","cdi_words","1","produces",NA,0,"102","2026-03-08 18:49:54","VVI164",480,"m","2/25/26"
"836","toast","cdi_words","1","understands",NA,0,"102","2026-03-08 18:49:54","VVI164",480,"m","2/25/26"
"837","hat","cdi_words","1","produces",NA,0,"245","2026-04-29 06:56:14","VVI196",450,"f","4/14/26"
"838","hat","cdi_words","1","understands",1,1,"245","2026-04-29 06:56:14","VVI196",450,"f","4/14/26"
"839","hat","cdi_words","1","produces",NA,0,"104","2026-03-29 15:34:33","VVI183",420,"m","3/29/26"
"840","hat","cdi_words","1","understands",NA,0,"104","2026-03-29 15:34:33","VVI183",420,"m","3/29/26"
"841","hat","cdi_words","1","produces",NA,0,"125","2026-04-30 08:46:28","VVI197",450,"m","4/14/26"
"842","hat","cdi_words","1","understands",NA,0,"125","2026-04-30 08:46:28","VVI197",450,"m","4/14/26"
"843","hat","cdi_words","1","produces",NA,0,"213","2026-02-15 21:07:24","VVI142",450,"f","2/16/26"
"844","hat","cdi_words","1","understands",1,1,"213","2026-02-15 21:07:24","VVI142",450,"f","2/16/26"
"845","hat","cdi_words","1","produces",NA,0,"76","2026-04-02 15:03:35","VVI186",450,"m","2/26/04"
"846","hat","cdi_words","1","understands",NA,0,"76","2026-04-02 15:03:35","VVI186",450,"m","2/26/04"
"847","hat","cdi_words","1","produces",NA,0,"223","2026-03-09 15:51:32","VVI162",510,"f","2/24/26"
"848","hat","cdi_words","1","understands",NA,0,"223","2026-03-09 15:51:32","VVI162",510,"f","2/24/26"
"849","hat","cdi_words","1","produces",NA,0,"207","2026-04-08 10:48:19","VVI193",450,"f","8/26/04"
"850","hat","cdi_words","1","understands",1,1,"207","2026-04-08 10:48:19","VVI193",450,"f","8/26/04"
"851","hat","cdi_words","1","produces",NA,0,"131","2026-04-28 16:52:20","VVI201",420,"m","4/27/26"
"852","hat","cdi_words","1","understands",1,1,"131","2026-04-28 16:52:20","VVI201",420,"m","4/27/26"
"853","hat","cdi_words","1","produces",2,1,"216","2026-03-08 20:15:37","VVI146",510,"f","2/17/26"
"854","hat","cdi_words","1","understands",2,1,"216","2026-03-08 20:15:37","VVI146",510,"f","2/17/26"
"855","hat","cdi_words","1","produces",NA,0,"179","2026-03-09 12:13:10","VVI160",510,"m","2/23/26"
"856","hat","cdi_words","1","understands",NA,0,"179","2026-03-09 12:13:10","VVI160",510,"m","2/23/26"
"857","hat","cdi_words","1","produces",2,1,"102","2026-03-08 18:49:54","VVI164",480,"m","2/25/26"
"858","hat","cdi_words","1","understands",2,1,"102","2026-03-08 18:49:54","VVI164",480,"m","2/25/26"
"859","pants","cdi_words","1","produces",NA,0,"245","2026-04-29 06:56:14","VVI196",450,"f","4/14/26"
"860","pants","cdi_words","1","understands",1,1,"245","2026-04-29 06:56:14","VVI196",450,"f","4/14/26"
"861","pants","cdi_words","1","produces",NA,0,"104","2026-03-29 15:34:33","VVI183",420,"m","3/29/26"
"862","pants","cdi_words","1","understands",NA,0,"104","2026-03-29 15:34:33","VVI183",420,"m","3/29/26"
"863","pants","cdi_words","1","produces",NA,0,"125","2026-04-30 08:46:28","VVI197",450,"m","4/14/26"
"864","pants","cdi_words","1","understands",1,1,"125","2026-04-30 08:46:28","VVI197",450,"m","4/14/26"
"865","pants","cdi_words","1","produces",NA,0,"213","2026-02-15 21:07:24","VVI142",450,"f","2/16/26"
"866","pants","cdi_words","1","understands",1,1,"213","2026-02-15 21:07:24","VVI142",450,"f","2/16/26"
"867","pants","cdi_words","1","produces",NA,0,"76","2026-04-02 15:03:35","VVI186",450,"m","2/26/04"
"868","pants","cdi_words","1","understands",NA,0,"76","2026-04-02 15:03:35","VVI186",450,"m","2/26/04"
"869","pants","cdi_words","1","produces",NA,0,"223","2026-03-09 15:51:32","VVI162",510,"f","2/24/26"
"870","pants","cdi_words","1","understands",NA,0,"223","2026-03-09 15:51:32","VVI162",510,"f","2/24/26"
"871","pants","cdi_words","1","produces",NA,0,"207","2026-04-08 10:48:19","VVI193",450,"f","8/26/04"
"872","pants","cdi_words","1","understands",1,1,"207","2026-04-08 10:48:19","VVI193",450,"f","8/26/04"
"873","pants","cdi_words","1","produces",NA,0,"131","2026-04-28 16:52:20","VVI201",420,"m","4/27/26"
"874","pants","cdi_words","1","understands",1,1,"131","2026-04-28 16:52:20","VVI201",420,"m","4/27/26"
"875","pants","cdi_words","1","produces",NA,0,"216","2026-03-08 20:15:37","VVI146",510,"f","2/17/26"
"876","pants","cdi_words","1","understands",1,1,"216","2026-03-08 20:15:37","VVI146",510,"f","2/17/26"
"877","pants","cdi_words","1","produces",NA,0,"179","2026-03-09 12:13:10","VVI160",510,"m","2/23/26"
"878","pants","cdi_words","1","understands",1,1,"179","2026-03-09 12:13:10","VVI160",510,"m","2/23/26"
"879","pants","cdi_words","1","produces",NA,0,"102","2026-03-08 18:49:54","VVI164",480,"m","2/25/26"
"880","pants","cdi_words","1","understands",NA,0,"102","2026-03-08 18:49:54","VVI164",480,"m","2/25/26"
"881","shoe","cdi_words","1","produces",NA,0,"245","2026-04-29 06:56:14","VVI196",450,"f","4/14/26"
"882","shoe","cdi_words","1","understands",1,1,"245","2026-04-29 06:56:14","VVI196",450,"f","4/14/26"
"883","shoe","cdi_words","1","produces",NA,0,"104","2026-03-29 15:34:33","VVI183",420,"m","3/29/26"
"884","shoe","cdi_words","1","understands",NA,0,"104","2026-03-29 15:34:33","VVI183",420,"m","3/29/26"
"885","shoe","cdi_words","1","produces",NA,0,"125","2026-04-30 08:46:28","VVI197",450,"m","4/14/26"
"886","shoe","cdi_words","1","understands",1,1,"125","2026-04-30 08:46:28","VVI197",450,"m","4/14/26"
"887","shoe","cdi_words","1","produces",NA,0,"213","2026-02-15 21:07:24","VVI142",450,"f","2/16/26"
"888","shoe","cdi_words","1","understands",1,1,"213","2026-02-15 21:07:24","VVI142",450,"f","2/16/26"
"889","shoe","cdi_words","1","produces",NA,0,"76","2026-04-02 15:03:35","VVI186",450,"m","2/26/04"
"890","shoe","cdi_words","1","understands",NA,0,"76","2026-04-02 15:03:35","VVI186",450,"m","2/26/04"
"891","shoe","cdi_words","1","produces",NA,0,"223","2026-03-09 15:51:32","VVI162",510,"f","2/24/26"
"892","shoe","cdi_words","1","understands",1,1,"223","2026-03-09 15:51:32","VVI162",510,"f","2/24/26"
"893","shoe","cdi_words","1","produces",NA,0,"207","2026-04-08 10:48:19","VVI193",450,"f","8/26/04"
"894","shoe","cdi_words","1","understands",1,1,"207","2026-04-08 10:48:19","VVI193",450,"f","8/26/04"
"895","shoe","cdi_words","1","produces",NA,0,"131","2026-04-28 16:52:20","VVI201",420,"m","4/27/26"
"896","shoe","cdi_words","1","understands",1,1,"131","2026-04-28 16:52:20","VVI201",420,"m","4/27/26"
"897","shoe","cdi_words","1","produces",2,1,"216","2026-03-08 20:15:37","VVI146",510,"f","2/17/26"
"898","shoe","cdi_words","1","understands",2,1,"216","2026-03-08 20:15:37","VVI146",510,"f","2/17/26"
"899","shoe","cdi_words","1","produces",NA,0,"179","2026-03-09 12:13:10","VVI160",510,"m","2/23/26"
"900","shoe","cdi_words","1","understands",1,1,"179","2026-03-09 12:13:10","VVI160",510,"m","2/23/26"
"901","shoe","cdi_words","1","produces",2,1,"102","2026-03-08 18:49:54","VVI164",480,"m","2/25/26"
"902","shoe","cdi_words","1","understands",2,1,"102","2026-03-08 18:49:54","VVI164",480,"m","2/25/26"
"903","sock","cdi_words","1","produces",2,1,"245","2026-04-29 06:56:14","VVI196",450,"f","4/14/26"
"904","sock","cdi_words","1","understands",2,1,"245","2026-04-29 06:56:14","VVI196",450,"f","4/14/26"
"905","sock","cdi_words","1","produces",NA,0,"104","2026-03-29 15:34:33","VVI183",420,"m","3/29/26"
"906","sock","cdi_words","1","understands",NA,0,"104","2026-03-29 15:34:33","VVI183",420,"m","3/29/26"
"907","sock","cdi_words","1","produces",NA,0,"125","2026-04-30 08:46:28","VVI197",450,"m","4/14/26"
"908","sock","cdi_words","1","understands",1,1,"125","2026-04-30 08:46:28","VVI197",450,"m","4/14/26"
"909","sock","cdi_words","1","produces",NA,0,"213","2026-02-15 21:07:24","VVI142",450,"f","2/16/26"
"910","sock","cdi_words","1","understands",1,1,"213","2026-02-15 21:07:24","VVI142",450,"f","2/16/26"
"911","sock","cdi_words","1","produces",NA,0,"76","2026-04-02 15:03:35","VVI186",450,"m","2/26/04"
"912","sock","cdi_words","1","understands",NA,0,"76","2026-04-02 15:03:35","VVI186",450,"m","2/26/04"
"913","sock","cdi_words","1","produces",NA,0,"223","2026-03-09 15:51:32","VVI162",510,"f","2/24/26"
"914","sock","cdi_words","1","understands",1,1,"223","2026-03-09 15:51:32","VVI162",510,"f","2/24/26"
"915","sock","cdi_words","1","produces",NA,0,"207","2026-04-08 10:48:19","VVI193",450,"f","8/26/04"
"916","sock","cdi_words","1","understands",1,1,"207","2026-04-08 10:48:19","VVI193",450,"f","8/26/04"
"917","sock","cdi_words","1","produces",NA,0,"131","2026-04-28 16:52:20","VVI201",420,"m","4/27/26"
"918","sock","cdi_words","1","understands",1,1,"131","2026-04-28 16:52:20","VVI201",420,"m","4/27/26"
"919","sock","cdi_words","1","produces",NA,0,"216","2026-03-08 20:15:37","VVI146",510,"f","2/17/26"
"920","sock","cdi_words","1","understands",1,1,"216","2026-03-08 20:15:37","VVI146",510,"f","2/17/26"
"921","sock","cdi_words","1","produces",NA,0,"179","2026-03-09 12:13:10","VVI160",510,"m","2/23/26"
"922","sock","cdi_words","1","understands",1,1,"179","2026-03-09 12:13:10","VVI160",510,"m","2/23/26"
"923","sock","cdi_words","1","produces",NA,0,"102","2026-03-08 18:49:54","VVI164",480,"m","2/25/26"
"924","sock","cdi_words","1","understands",1,1,"102","2026-03-08 18:49:54","VVI164",480,"m","2/25/26"
"925","eye","cdi_words","1","produces",NA,0,"245","2026-04-29 06:56:14","VVI196",450,"f","4/14/26"
"926","eye","cdi_words","1","understands",1,1,"245","2026-04-29 06:56:14","VVI196",450,"f","4/14/26"
"927","eye","cdi_words","1","produces",NA,0,"104","2026-03-29 15:34:33","VVI183",420,"m","3/29/26"
"928","eye","cdi_words","1","understands",NA,0,"104","2026-03-29 15:34:33","VVI183",420,"m","3/29/26"
"929","eye","cdi_words","1","produces",NA,0,"125","2026-04-30 08:46:28","VVI197",450,"m","4/14/26"
"930","eye","cdi_words","1","understands",1,1,"125","2026-04-30 08:46:28","VVI197",450,"m","4/14/26"
"931","eye","cdi_words","1","produces",NA,0,"213","2026-02-15 21:07:24","VVI142",450,"f","2/16/26"
"932","eye","cdi_words","1","understands",1,1,"213","2026-02-15 21:07:24","VVI142",450,"f","2/16/26"
"933","eye","cdi_words","1","produces",NA,0,"76","2026-04-02 15:03:35","VVI186",450,"m","2/26/04"
"934","eye","cdi_words","1","understands",NA,0,"76","2026-04-02 15:03:35","VVI186",450,"m","2/26/04"
"935","eye","cdi_words","1","produces",NA,0,"223","2026-03-09 15:51:32","VVI162",510,"f","2/24/26"
"936","eye","cdi_words","1","understands",1,1,"223","2026-03-09 15:51:32","VVI162",510,"f","2/24/26"
"937","eye","cdi_words","1","produces",NA,0,"207","2026-04-08 10:48:19","VVI193",450,"f","8/26/04"
"938","eye","cdi_words","1","understands",1,1,"207","2026-04-08 10:48:19","VVI193",450,"f","8/26/04"
"939","eye","cdi_words","1","produces",NA,0,"131","2026-04-28 16:52:20","VVI201",420,"m","4/27/26"
"940","eye","cdi_words","1","understands",NA,0,"131","2026-04-28 16:52:20","VVI201",420,"m","4/27/26"
"941","eye","cdi_words","1","produces",NA,0,"216","2026-03-08 20:15:37","VVI146",510,"f","2/17/26"
"942","eye","cdi_words","1","understands",1,1,"216","2026-03-08 20:15:37","VVI146",510,"f","2/17/26"
"943","eye","cdi_words","1","produces",NA,0,"179","2026-03-09 12:13:10","VVI160",510,"m","2/23/26"
"944","eye","cdi_words","1","understands",1,1,"179","2026-03-09 12:13:10","VVI160",510,"m","2/23/26"
"945","eye","cdi_words","1","produces",NA,0,"102","2026-03-08 18:49:54","VVI164",480,"m","2/25/26"
"946","eye","cdi_words","1","understands",NA,0,"102","2026-03-08 18:49:54","VVI164",480,"m","2/25/26"
"947","head","cdi_words","1","produces",NA,0,"245","2026-04-29 06:56:14","VVI196",450,"f","4/14/26"
"948","head","cdi_words","1","understands",1,1,"245","2026-04-29 06:56:14","VVI196",450,"f","4/14/26"
"949","head","cdi_words","1","produces",NA,0,"104","2026-03-29 15:34:33","VVI183",420,"m","3/29/26"
"950","head","cdi_words","1","understands",NA,0,"104","2026-03-29 15:34:33","VVI183",420,"m","3/29/26"
"951","head","cdi_words","1","produces",NA,0,"125","2026-04-30 08:46:28","VVI197",450,"m","4/14/26"
"952","head","cdi_words","1","understands",1,1,"125","2026-04-30 08:46:28","VVI197",450,"m","4/14/26"
"953","head","cdi_words","1","produces",NA,0,"213","2026-02-15 21:07:24","VVI142",450,"f","2/16/26"
"954","head","cdi_words","1","understands",1,1,"213","2026-02-15 21:07:24","VVI142",450,"f","2/16/26"
"955","head","cdi_words","1","produces",NA,0,"76","2026-04-02 15:03:35","VVI186",450,"m","2/26/04"
"956","head","cdi_words","1","understands",1,1,"76","2026-04-02 15:03:35","VVI186",450,"m","2/26/04"
"957","head","cdi_words","1","produces",NA,0,"223","2026-03-09 15:51:32","VVI162",510,"f","2/24/26"
"958","head","cdi_words","1","understands",1,1,"223","2026-03-09 15:51:32","VVI162",510,"f","2/24/26"
"959","head","cdi_words","1","produces",NA,0,"207","2026-04-08 10:48:19","VVI193",450,"f","8/26/04"
"960","head","cdi_words","1","understands",1,1,"207","2026-04-08 10:48:19","VVI193",450,"f","8/26/04"
"961","head","cdi_words","1","produces",NA,0,"131","2026-04-28 16:52:20","VVI201",420,"m","4/27/26"
"962","head","cdi_words","1","understands",NA,0,"131","2026-04-28 16:52:20","VVI201",420,"m","4/27/26"
"963","head","cdi_words","1","produces",NA,0,"216","2026-03-08 20:15:37","VVI146",510,"f","2/17/26"
"964","head","cdi_words","1","understands",1,1,"216","2026-03-08 20:15:37","VVI146",510,"f","2/17/26"
"965","head","cdi_words","1","produces",NA,0,"179","2026-03-09 12:13:10","VVI160",510,"m","2/23/26"
"966","head","cdi_words","1","understands",NA,0,"179","2026-03-09 12:13:10","VVI160",510,"m","2/23/26"
"967","head","cdi_words","1","produces",NA,0,"102","2026-03-08 18:49:54","VVI164",480,"m","2/25/26"
"968","head","cdi_words","1","understands",NA,0,"102","2026-03-08 18:49:54","VVI164",480,"m","2/25/26"
"969","leg","cdi_words","1","produces",NA,0,"245","2026-04-29 06:56:14","VVI196",450,"f","4/14/26"
"970","leg","cdi_words","1","understands",1,1,"245","2026-04-29 06:56:14","VVI196",450,"f","4/14/26"
"971","leg","cdi_words","1","produces",NA,0,"104","2026-03-29 15:34:33","VVI183",420,"m","3/29/26"
"972","leg","cdi_words","1","understands",NA,0,"104","2026-03-29 15:34:33","VVI183",420,"m","3/29/26"
"973","leg","cdi_words","1","produces",NA,0,"125","2026-04-30 08:46:28","VVI197",450,"m","4/14/26"
"974","leg","cdi_words","1","understands",1,1,"125","2026-04-30 08:46:28","VVI197",450,"m","4/14/26"
"975","leg","cdi_words","1","produces",NA,0,"213","2026-02-15 21:07:24","VVI142",450,"f","2/16/26"
"976","leg","cdi_words","1","understands",1,1,"213","2026-02-15 21:07:24","VVI142",450,"f","2/16/26"
"977","leg","cdi_words","1","produces",NA,0,"76","2026-04-02 15:03:35","VVI186",450,"m","2/26/04"
"978","leg","cdi_words","1","understands",NA,0,"76","2026-04-02 15:03:35","VVI186",450,"m","2/26/04"
"979","leg","cdi_words","1","produces",NA,0,"223","2026-03-09 15:51:32","VVI162",510,"f","2/24/26"
"980","leg","cdi_words","1","understands",1,1,"223","2026-03-09 15:51:32","VVI162",510,"f","2/24/26"
"981","leg","cdi_words","1","produces",NA,0,"207","2026-04-08 10:48:19","VVI193",450,"f","8/26/04"
"982","leg","cdi_words","1","understands",1,1,"207","2026-04-08 10:48:19","VVI193",450,"f","8/26/04"
"983","leg","cdi_words","1","produces",NA,0,"131","2026-04-28 16:52:20","VVI201",420,"m","4/27/26"
"984","leg","cdi_words","1","understands",NA,0,"131","2026-04-28 16:52:20","VVI201",420,"m","4/27/26"
"985","leg","cdi_words","1","produces",NA,0,"216","2026-03-08 20:15:37","VVI146",510,"f","2/17/26"
"986","leg","cdi_words","1","understands",1,1,"216","2026-03-08 20:15:37","VVI146",510,"f","2/17/26"
"987","leg","cdi_words","1","produces",NA,0,"179","2026-03-09 12:13:10","VVI160",510,"m","2/23/26"
"988","leg","cdi_words","1","understands",NA,0,"179","2026-03-09 12:13:10","VVI160",510,"m","2/23/26"
"989","leg","cdi_words","1","produces",NA,0,"102","2026-03-08 18:49:54","VVI164",480,"m","2/25/26"
"990","leg","cdi_words","1","understands",NA,0,"102","2026-03-08 18:49:54","VVI164",480,"m","2/25/26"
"991","nose","cdi_words","1","produces",NA,0,"245","2026-04-29 06:56:14","VVI196",450,"f","4/14/26"
"992","nose","cdi_words","1","understands",1,1,"245","2026-04-29 06:56:14","VVI196",450,"f","4/14/26"
"993","nose","cdi_words","1","produces",NA,0,"104","2026-03-29 15:34:33","VVI183",420,"m","3/29/26"
"994","nose","cdi_words","1","understands",NA,0,"104","2026-03-29 15:34:33","VVI183",420,"m","3/29/26"
"995","nose","cdi_words","1","produces",NA,0,"125","2026-04-30 08:46:28","VVI197",450,"m","4/14/26"
"996","nose","cdi_words","1","understands",1,1,"125","2026-04-30 08:46:28","VVI197",450,"m","4/14/26"
"997","nose","cdi_words","1","produces",NA,0,"213","2026-02-15 21:07:24","VVI142",450,"f","2/16/26"
"998","nose","cdi_words","1","understands",1,1,"213","2026-02-15 21:07:24","VVI142",450,"f","2/16/26"
"999","nose","cdi_words","1","produces",NA,0,"76","2026-04-02 15:03:35","VVI186",450,"m","2/26/04"
"1000","nose","cdi_words","1","understands",NA,0,"76","2026-04-02 15:03:35","VVI186",450,"m","2/26/04"
"1001","nose","cdi_words","1","produces",NA,0,"223","2026-03-09 15:51:32","VVI162",510,"f","2/24/26"
"1002","nose","cdi_words","1","understands",1,1,"223","2026-03-09 15:51:32","VVI162",510,"f","2/24/26"
"1003","nose","cdi_words","1","produces",NA,0,"207","2026-04-08 10:48:19","VVI193",450,"f","8/26/04"
"1004","nose","cdi_words","1","understands",1,1,"207","2026-04-08 10:48:19","VVI193",450,"f","8/26/04"
"1005","nose","cdi_words","1","produces",NA,0,"131","2026-04-28 16:52:20","VVI201",420,"m","4/27/26"
"1006","nose","cdi_words","1","understands",NA,0,"131","2026-04-28 16:52:20","VVI201",420,"m","4/27/26"
"1007","nose","cdi_words","1","produces",NA,0,"216","2026-03-08 20:15:37","VVI146",510,"f","2/17/26"
"1008","nose","cdi_words","1","understands",1,1,"216","2026-03-08 20:15:37","VVI146",510,"f","2/17/26"
"1009","nose","cdi_words","1","produces",NA,0,"179","2026-03-09 12:13:10","VVI160",510,"m","2/23/26"
"1010","nose","cdi_words","1","understands",NA,0,"179","2026-03-09 12:13:10","VVI160",510,"m","2/23/26"
"1011","nose","cdi_words","1","produces",NA,0,"102","2026-03-08 18:49:54","VVI164",480,"m","2/25/26"
"1012","nose","cdi_words","1","understands",1,1,"102","2026-03-08 18:49:54","VVI164",480,"m","2/25/26"
"1013","ouch","cdi_words","1","produces",NA,0,"245","2026-04-29 06:56:14","VVI196",450,"f","4/14/26"
"1014","ouch","cdi_words","1","understands",1,1,"245","2026-04-29 06:56:14","VVI196",450,"f","4/14/26"
"1015","ouch","cdi_words","1","produces",NA,0,"104","2026-03-29 15:34:33","VVI183",420,"m","3/29/26"
"1016","ouch","cdi_words","1","understands",NA,0,"104","2026-03-29 15:34:33","VVI183",420,"m","3/29/26"
"1017","ouch","cdi_words","1","produces",NA,0,"125","2026-04-30 08:46:28","VVI197",450,"m","4/14/26"
"1018","ouch","cdi_words","1","understands",1,1,"125","2026-04-30 08:46:28","VVI197",450,"m","4/14/26"
"1019","ouch","cdi_words","1","produces",NA,0,"213","2026-02-15 21:07:24","VVI142",450,"f","2/16/26"
"1020","ouch","cdi_words","1","understands",1,1,"213","2026-02-15 21:07:24","VVI142",450,"f","2/16/26"
"1021","ouch","cdi_words","1","produces",NA,0,"76","2026-04-02 15:03:35","VVI186",450,"m","2/26/04"
"1022","ouch","cdi_words","1","understands",NA,0,"76","2026-04-02 15:03:35","VVI186",450,"m","2/26/04"
"1023","ouch","cdi_words","1","produces",NA,0,"223","2026-03-09 15:51:32","VVI162",510,"f","2/24/26"
"1024","ouch","cdi_words","1","understands",NA,0,"223","2026-03-09 15:51:32","VVI162",510,"f","2/24/26"
"1025","ouch","cdi_words","1","produces",NA,0,"207","2026-04-08 10:48:19","VVI193",450,"f","8/26/04"
"1026","ouch","cdi_words","1","understands",1,1,"207","2026-04-08 10:48:19","VVI193",450,"f","8/26/04"
"1027","ouch","cdi_words","1","produces",NA,0,"131","2026-04-28 16:52:20","VVI201",420,"m","4/27/26"
"1028","ouch","cdi_words","1","understands",1,1,"131","2026-04-28 16:52:20","VVI201",420,"m","4/27/26"
"1029","ouch","cdi_words","1","produces",2,1,"216","2026-03-08 20:15:37","VVI146",510,"f","2/17/26"
"1030","ouch","cdi_words","1","understands",2,1,"216","2026-03-08 20:15:37","VVI146",510,"f","2/17/26"
"1031","ouch","cdi_words","1","produces",NA,0,"179","2026-03-09 12:13:10","VVI160",510,"m","2/23/26"
"1032","ouch","cdi_words","1","understands",NA,0,"179","2026-03-09 12:13:10","VVI160",510,"m","2/23/26"
"1033","ouch","cdi_words","1","produces",NA,0,"102","2026-03-08 18:49:54","VVI164",480,"m","2/25/26"
"1034","ouch","cdi_words","1","understands",NA,0,"102","2026-03-08 18:49:54","VVI164",480,"m","2/25/26"
"1035","tooth","cdi_words","1","produces",NA,0,"245","2026-04-29 06:56:14","VVI196",450,"f","4/14/26"
"1036","tooth","cdi_words","1","understands",1,1,"245","2026-04-29 06:56:14","VVI196",450,"f","4/14/26"
"1037","tooth","cdi_words","1","produces",NA,0,"104","2026-03-29 15:34:33","VVI183",420,"m","3/29/26"
"1038","tooth","cdi_words","1","understands",NA,0,"104","2026-03-29 15:34:33","VVI183",420,"m","3/29/26"
"1039","tooth","cdi_words","1","produces",NA,0,"125","2026-04-30 08:46:28","VVI197",450,"m","4/14/26"
"1040","tooth","cdi_words","1","understands",1,1,"125","2026-04-30 08:46:28","VVI197",450,"m","4/14/26"
"1041","tooth","cdi_words","1","produces",NA,0,"213","2026-02-15 21:07:24","VVI142",450,"f","2/16/26"
"1042","tooth","cdi_words","1","understands",1,1,"213","2026-02-15 21:07:24","VVI142",450,"f","2/16/26"
"1043","tooth","cdi_words","1","produces",NA,0,"76","2026-04-02 15:03:35","VVI186",450,"m","2/26/04"
"1044","tooth","cdi_words","1","understands",NA,0,"76","2026-04-02 15:03:35","VVI186",450,"m","2/26/04"
"1045","tooth","cdi_words","1","produces",NA,0,"223","2026-03-09 15:51:32","VVI162",510,"f","2/24/26"
"1046","tooth","cdi_words","1","understands",1,1,"223","2026-03-09 15:51:32","VVI162",510,"f","2/24/26"
"1047","tooth","cdi_words","1","produces",NA,0,"207","2026-04-08 10:48:19","VVI193",450,"f","8/26/04"
"1048","tooth","cdi_words","1","understands",1,1,"207","2026-04-08 10:48:19","VVI193",450,"f","8/26/04"
"1049","tooth","cdi_words","1","produces",NA,0,"131","2026-04-28 16:52:20","VVI201",420,"m","4/27/26"
"1050","tooth","cdi_words","1","understands",NA,0,"131","2026-04-28 16:52:20","VVI201",420,"m","4/27/26"
"1051","tooth","cdi_words","1","produces",NA,0,"216","2026-03-08 20:15:37","VVI146",510,"f","2/17/26"
"1052","tooth","cdi_words","1","understands",1,1,"216","2026-03-08 20:15:37","VVI146",510,"f","2/17/26"
"1053","tooth","cdi_words","1","produces",NA,0,"179","2026-03-09 12:13:10","VVI160",510,"m","2/23/26"
"1054","tooth","cdi_words","1","understands",1,1,"179","2026-03-09 12:13:10","VVI160",510,"m","2/23/26"
"1055","tooth","cdi_words","1","produces",NA,0,"102","2026-03-08 18:49:54","VVI164",480,"m","2/25/26"
"1056","tooth","cdi_words","1","understands",NA,0,"102","2026-03-08 18:49:54","VVI164",480,"m","2/25/26"
"1057","chair","cdi_words","1","produces",NA,0,"245","2026-04-29 06:56:14","VVI196",450,"f","4/14/26"
"1058","chair","cdi_words","1","understands",1,1,"245","2026-04-29 06:56:14","VVI196",450,"f","4/14/26"
"1059","chair","cdi_words","1","produces",NA,0,"104","2026-03-29 15:34:33","VVI183",420,"m","3/29/26"
"1060","chair","cdi_words","1","understands",NA,0,"104","2026-03-29 15:34:33","VVI183",420,"m","3/29/26"
"1061","chair","cdi_words","1","produces",NA,0,"125","2026-04-30 08:46:28","VVI197",450,"m","4/14/26"
"1062","chair","cdi_words","1","understands",1,1,"125","2026-04-30 08:46:28","VVI197",450,"m","4/14/26"
"1063","chair","cdi_words","1","produces",NA,0,"213","2026-02-15 21:07:24","VVI142",450,"f","2/16/26"
"1064","chair","cdi_words","1","understands",1,1,"213","2026-02-15 21:07:24","VVI142",450,"f","2/16/26"
"1065","chair","cdi_words","1","produces",NA,0,"76","2026-04-02 15:03:35","VVI186",450,"m","2/26/04"
"1066","chair","cdi_words","1","understands",NA,0,"76","2026-04-02 15:03:35","VVI186",450,"m","2/26/04"
"1067","chair","cdi_words","1","produces",NA,0,"223","2026-03-09 15:51:32","VVI162",510,"f","2/24/26"
"1068","chair","cdi_words","1","understands",1,1,"223","2026-03-09 15:51:32","VVI162",510,"f","2/24/26"
"1069","chair","cdi_words","1","produces",NA,0,"207","2026-04-08 10:48:19","VVI193",450,"f","8/26/04"
"1070","chair","cdi_words","1","understands",1,1,"207","2026-04-08 10:48:19","VVI193",450,"f","8/26/04"
"1071","chair","cdi_words","1","produces",NA,0,"131","2026-04-28 16:52:20","VVI201",420,"m","4/27/26"
"1072","chair","cdi_words","1","understands",1,1,"131","2026-04-28 16:52:20","VVI201",420,"m","4/27/26"
"1073","chair","cdi_words","1","produces",NA,0,"216","2026-03-08 20:15:37","VVI146",510,"f","2/17/26"
"1074","chair","cdi_words","1","understands",1,1,"216","2026-03-08 20:15:37","VVI146",510,"f","2/17/26"
"1075","chair","cdi_words","1","produces",NA,0,"179","2026-03-09 12:13:10","VVI160",510,"m","2/23/26"
"1076","chair","cdi_words","1","understands",NA,0,"179","2026-03-09 12:13:10","VVI160",510,"m","2/23/26"
"1077","chair","cdi_words","1","produces",NA,0,"102","2026-03-08 18:49:54","VVI164",480,"m","2/25/26"
"1078","chair","cdi_words","1","understands",NA,0,"102","2026-03-08 18:49:54","VVI164",480,"m","2/25/26"
"1079","couch","cdi_words","1","produces",NA,0,"245","2026-04-29 06:56:14","VVI196",450,"f","4/14/26"
"1080","couch","cdi_words","1","understands",1,1,"245","2026-04-29 06:56:14","VVI196",450,"f","4/14/26"
"1081","couch","cdi_words","1","produces",NA,0,"104","2026-03-29 15:34:33","VVI183",420,"m","3/29/26"
"1082","couch","cdi_words","1","understands",NA,0,"104","2026-03-29 15:34:33","VVI183",420,"m","3/29/26"
"1083","couch","cdi_words","1","produces",NA,0,"125","2026-04-30 08:46:28","VVI197",450,"m","4/14/26"
"1084","couch","cdi_words","1","understands",1,1,"125","2026-04-30 08:46:28","VVI197",450,"m","4/14/26"
"1085","couch","cdi_words","1","produces",NA,0,"213","2026-02-15 21:07:24","VVI142",450,"f","2/16/26"
"1086","couch","cdi_words","1","understands",1,1,"213","2026-02-15 21:07:24","VVI142",450,"f","2/16/26"
"1087","couch","cdi_words","1","produces",NA,0,"76","2026-04-02 15:03:35","VVI186",450,"m","2/26/04"
"1088","couch","cdi_words","1","understands",NA,0,"76","2026-04-02 15:03:35","VVI186",450,"m","2/26/04"
"1089","couch","cdi_words","1","produces",NA,0,"223","2026-03-09 15:51:32","VVI162",510,"f","2/24/26"
"1090","couch","cdi_words","1","understands",1,1,"223","2026-03-09 15:51:32","VVI162",510,"f","2/24/26"
"1091","couch","cdi_words","1","produces",NA,0,"207","2026-04-08 10:48:19","VVI193",450,"f","8/26/04"
"1092","couch","cdi_words","1","understands",1,1,"207","2026-04-08 10:48:19","VVI193",450,"f","8/26/04"
"1093","couch","cdi_words","1","produces",NA,0,"131","2026-04-28 16:52:20","VVI201",420,"m","4/27/26"
"1094","couch","cdi_words","1","understands",NA,0,"131","2026-04-28 16:52:20","VVI201",420,"m","4/27/26"
"1095","couch","cdi_words","1","produces",NA,0,"216","2026-03-08 20:15:37","VVI146",510,"f","2/17/26"
"1096","couch","cdi_words","1","understands",1,1,"216","2026-03-08 20:15:37","VVI146",510,"f","2/17/26"
"1097","couch","cdi_words","1","produces",NA,0,"179","2026-03-09 12:13:10","VVI160",510,"m","2/23/26"
"1098","couch","cdi_words","1","understands",NA,0,"179","2026-03-09 12:13:10","VVI160",510,"m","2/23/26"
"1099","couch","cdi_words","1","produces",NA,0,"102","2026-03-08 18:49:54","VVI164",480,"m","2/25/26"
"1100","couch","cdi_words","1","understands",1,1,"102","2026-03-08 18:49:54","VVI164",480,"m","2/25/26"
"1101","kitchen","cdi_words","1","produces",NA,0,"245","2026-04-29 06:56:14","VVI196",450,"f","4/14/26"
"1102","kitchen","cdi_words","1","understands",1,1,"245","2026-04-29 06:56:14","VVI196",450,"f","4/14/26"
"1103","kitchen","cdi_words","1","produces",NA,0,"104","2026-03-29 15:34:33","VVI183",420,"m","3/29/26"
"1104","kitchen","cdi_words","1","understands",NA,0,"104","2026-03-29 15:34:33","VVI183",420,"m","3/29/26"
"1105","kitchen","cdi_words","1","produces",NA,0,"125","2026-04-30 08:46:28","VVI197",450,"m","4/14/26"
"1106","kitchen","cdi_words","1","understands",NA,0,"125","2026-04-30 08:46:28","VVI197",450,"m","4/14/26"
"1107","kitchen","cdi_words","1","produces",NA,0,"213","2026-02-15 21:07:24","VVI142",450,"f","2/16/26"
"1108","kitchen","cdi_words","1","understands",1,1,"213","2026-02-15 21:07:24","VVI142",450,"f","2/16/26"
"1109","kitchen","cdi_words","1","produces",NA,0,"76","2026-04-02 15:03:35","VVI186",450,"m","2/26/04"
"1110","kitchen","cdi_words","1","understands",NA,0,"76","2026-04-02 15:03:35","VVI186",450,"m","2/26/04"
"1111","kitchen","cdi_words","1","produces",NA,0,"223","2026-03-09 15:51:32","VVI162",510,"f","2/24/26"
"1112","kitchen","cdi_words","1","understands",1,1,"223","2026-03-09 15:51:32","VVI162",510,"f","2/24/26"
"1113","kitchen","cdi_words","1","produces",NA,0,"207","2026-04-08 10:48:19","VVI193",450,"f","8/26/04"
"1114","kitchen","cdi_words","1","understands",1,1,"207","2026-04-08 10:48:19","VVI193",450,"f","8/26/04"
"1115","kitchen","cdi_words","1","produces",NA,0,"131","2026-04-28 16:52:20","VVI201",420,"m","4/27/26"
"1116","kitchen","cdi_words","1","understands",1,1,"131","2026-04-28 16:52:20","VVI201",420,"m","4/27/26"
"1117","kitchen","cdi_words","1","produces",NA,0,"216","2026-03-08 20:15:37","VVI146",510,"f","2/17/26"
"1118","kitchen","cdi_words","1","understands",NA,0,"216","2026-03-08 20:15:37","VVI146",510,"f","2/17/26"
"1119","kitchen","cdi_words","1","produces",NA,0,"179","2026-03-09 12:13:10","VVI160",510,"m","2/23/26"
"1120","kitchen","cdi_words","1","understands",NA,0,"179","2026-03-09 12:13:10","VVI160",510,"m","2/23/26"
"1121","kitchen","cdi_words","1","produces",NA,0,"102","2026-03-08 18:49:54","VVI164",480,"m","2/25/26"
"1122","kitchen","cdi_words","1","understands",1,1,"102","2026-03-08 18:49:54","VVI164",480,"m","2/25/26"
"1123","table","cdi_words","1","produces",NA,0,"245","2026-04-29 06:56:14","VVI196",450,"f","4/14/26"
"1124","table","cdi_words","1","understands",1,1,"245","2026-04-29 06:56:14","VVI196",450,"f","4/14/26"
"1125","table","cdi_words","1","produces",NA,0,"104","2026-03-29 15:34:33","VVI183",420,"m","3/29/26"
"1126","table","cdi_words","1","understands",NA,0,"104","2026-03-29 15:34:33","VVI183",420,"m","3/29/26"
"1127","table","cdi_words","1","produces",NA,0,"125","2026-04-30 08:46:28","VVI197",450,"m","4/14/26"
"1128","table","cdi_words","1","understands",1,1,"125","2026-04-30 08:46:28","VVI197",450,"m","4/14/26"
"1129","table","cdi_words","1","produces",NA,0,"213","2026-02-15 21:07:24","VVI142",450,"f","2/16/26"
"1130","table","cdi_words","1","understands",1,1,"213","2026-02-15 21:07:24","VVI142",450,"f","2/16/26"
"1131","table","cdi_words","1","produces",NA,0,"76","2026-04-02 15:03:35","VVI186",450,"m","2/26/04"
"1132","table","cdi_words","1","understands",NA,0,"76","2026-04-02 15:03:35","VVI186",450,"m","2/26/04"
"1133","table","cdi_words","1","produces",NA,0,"223","2026-03-09 15:51:32","VVI162",510,"f","2/24/26"
"1134","table","cdi_words","1","understands",NA,0,"223","2026-03-09 15:51:32","VVI162",510,"f","2/24/26"
"1135","table","cdi_words","1","produces",NA,0,"207","2026-04-08 10:48:19","VVI193",450,"f","8/26/04"
"1136","table","cdi_words","1","understands",1,1,"207","2026-04-08 10:48:19","VVI193",450,"f","8/26/04"
"1137","table","cdi_words","1","produces",NA,0,"131","2026-04-28 16:52:20","VVI201",420,"m","4/27/26"
"1138","table","cdi_words","1","understands",1,1,"131","2026-04-28 16:52:20","VVI201",420,"m","4/27/26"
"1139","table","cdi_words","1","produces",NA,0,"216","2026-03-08 20:15:37","VVI146",510,"f","2/17/26"
"1140","table","cdi_words","1","understands",1,1,"216","2026-03-08 20:15:37","VVI146",510,"f","2/17/26"
"1141","table","cdi_words","1","produces",NA,0,"179","2026-03-09 12:13:10","VVI160",510,"m","2/23/26"
"1142","table","cdi_words","1","understands",NA,0,"179","2026-03-09 12:13:10","VVI160",510,"m","2/23/26"
"1143","table","cdi_words","1","produces",NA,0,"102","2026-03-08 18:49:54","VVI164",480,"m","2/25/26"
"1144","table","cdi_words","1","understands",NA,0,"102","2026-03-08 18:49:54","VVI164",480,"m","2/25/26"
"1145","television","cdi_words","1","produces",2,1,"245","2026-04-29 06:56:14","VVI196",450,"f","4/14/26"
"1146","television","cdi_words","1","understands",2,1,"245","2026-04-29 06:56:14","VVI196",450,"f","4/14/26"
"1147","television","cdi_words","1","produces",NA,0,"104","2026-03-29 15:34:33","VVI183",420,"m","3/29/26"
"1148","television","cdi_words","1","understands",NA,0,"104","2026-03-29 15:34:33","VVI183",420,"m","3/29/26"
"1149","television","cdi_words","1","produces",NA,0,"125","2026-04-30 08:46:28","VVI197",450,"m","4/14/26"
"1150","television","cdi_words","1","understands",NA,0,"125","2026-04-30 08:46:28","VVI197",450,"m","4/14/26"
"1151","television","cdi_words","1","produces",NA,0,"213","2026-02-15 21:07:24","VVI142",450,"f","2/16/26"
"1152","television","cdi_words","1","understands",1,1,"213","2026-02-15 21:07:24","VVI142",450,"f","2/16/26"
"1153","television","cdi_words","1","produces",NA,0,"76","2026-04-02 15:03:35","VVI186",450,"m","2/26/04"
"1154","television","cdi_words","1","understands",NA,0,"76","2026-04-02 15:03:35","VVI186",450,"m","2/26/04"
"1155","television","cdi_words","1","produces",NA,0,"223","2026-03-09 15:51:32","VVI162",510,"f","2/24/26"
"1156","television","cdi_words","1","understands",NA,0,"223","2026-03-09 15:51:32","VVI162",510,"f","2/24/26"
"1157","television","cdi_words","1","produces",NA,0,"207","2026-04-08 10:48:19","VVI193",450,"f","8/26/04"
"1158","television","cdi_words","1","understands",1,1,"207","2026-04-08 10:48:19","VVI193",450,"f","8/26/04"
"1159","television","cdi_words","1","produces",NA,0,"131","2026-04-28 16:52:20","VVI201",420,"m","4/27/26"
"1160","television","cdi_words","1","understands",NA,0,"131","2026-04-28 16:52:20","VVI201",420,"m","4/27/26"
"1161","television","cdi_words","1","produces",NA,0,"216","2026-03-08 20:15:37","VVI146",510,"f","2/17/26"
"1162","television","cdi_words","1","understands",1,1,"216","2026-03-08 20:15:37","VVI146",510,"f","2/17/26"
"1163","television","cdi_words","1","produces",NA,0,"179","2026-03-09 12:13:10","VVI160",510,"m","2/23/26"
"1164","television","cdi_words","1","understands",NA,0,"179","2026-03-09 12:13:10","VVI160",510,"m","2/23/26"
"1165","television","cdi_words","1","produces",NA,0,"102","2026-03-08 18:49:54","VVI164",480,"m","2/25/26"
"1166","television","cdi_words","1","understands",1,1,"102","2026-03-08 18:49:54","VVI164",480,"m","2/25/26"
"1167","blanket","cdi_words","1","produces",NA,0,"245","2026-04-29 06:56:14","VVI196",450,"f","4/14/26"
"1168","blanket","cdi_words","1","understands",1,1,"245","2026-04-29 06:56:14","VVI196",450,"f","4/14/26"
"1169","blanket","cdi_words","1","produces",NA,0,"104","2026-03-29 15:34:33","VVI183",420,"m","3/29/26"
"1170","blanket","cdi_words","1","understands",NA,0,"104","2026-03-29 15:34:33","VVI183",420,"m","3/29/26"
"1171","blanket","cdi_words","1","produces",NA,0,"125","2026-04-30 08:46:28","VVI197",450,"m","4/14/26"
"1172","blanket","cdi_words","1","understands",1,1,"125","2026-04-30 08:46:28","VVI197",450,"m","4/14/26"
"1173","blanket","cdi_words","1","produces",NA,0,"213","2026-02-15 21:07:24","VVI142",450,"f","2/16/26"
"1174","blanket","cdi_words","1","understands",1,1,"213","2026-02-15 21:07:24","VVI142",450,"f","2/16/26"
"1175","blanket","cdi_words","1","produces",NA,0,"76","2026-04-02 15:03:35","VVI186",450,"m","2/26/04"
"1176","blanket","cdi_words","1","understands",NA,0,"76","2026-04-02 15:03:35","VVI186",450,"m","2/26/04"
"1177","blanket","cdi_words","1","produces",NA,0,"223","2026-03-09 15:51:32","VVI162",510,"f","2/24/26"
"1178","blanket","cdi_words","1","understands",NA,0,"223","2026-03-09 15:51:32","VVI162",510,"f","2/24/26"
"1179","blanket","cdi_words","1","produces",NA,0,"207","2026-04-08 10:48:19","VVI193",450,"f","8/26/04"
"1180","blanket","cdi_words","1","understands",1,1,"207","2026-04-08 10:48:19","VVI193",450,"f","8/26/04"
"1181","blanket","cdi_words","1","produces",NA,0,"131","2026-04-28 16:52:20","VVI201",420,"m","4/27/26"
"1182","blanket","cdi_words","1","understands",1,1,"131","2026-04-28 16:52:20","VVI201",420,"m","4/27/26"
"1183","blanket","cdi_words","1","produces",2,1,"216","2026-03-08 20:15:37","VVI146",510,"f","2/17/26"
"1184","blanket","cdi_words","1","understands",2,1,"216","2026-03-08 20:15:37","VVI146",510,"f","2/17/26"
"1185","blanket","cdi_words","1","produces",NA,0,"179","2026-03-09 12:13:10","VVI160",510,"m","2/23/26"
"1186","blanket","cdi_words","1","understands",NA,0,"179","2026-03-09 12:13:10","VVI160",510,"m","2/23/26"
"1187","blanket","cdi_words","1","produces",NA,0,"102","2026-03-08 18:49:54","VVI164",480,"m","2/25/26"
"1188","blanket","cdi_words","1","understands",NA,0,"102","2026-03-08 18:49:54","VVI164",480,"m","2/25/26"
"1189","bottle","cdi_words","1","produces",NA,0,"245","2026-04-29 06:56:14","VVI196",450,"f","4/14/26"
"1190","bottle","cdi_words","1","understands",1,1,"245","2026-04-29 06:56:14","VVI196",450,"f","4/14/26"
"1191","bottle","cdi_words","1","produces",NA,0,"104","2026-03-29 15:34:33","VVI183",420,"m","3/29/26"
"1192","bottle","cdi_words","1","understands",1,1,"104","2026-03-29 15:34:33","VVI183",420,"m","3/29/26"
"1193","bottle","cdi_words","1","produces",NA,0,"125","2026-04-30 08:46:28","VVI197",450,"m","4/14/26"
"1194","bottle","cdi_words","1","understands",1,1,"125","2026-04-30 08:46:28","VVI197",450,"m","4/14/26"
"1195","bottle","cdi_words","1","produces",NA,0,"213","2026-02-15 21:07:24","VVI142",450,"f","2/16/26"
"1196","bottle","cdi_words","1","understands",NA,0,"213","2026-02-15 21:07:24","VVI142",450,"f","2/16/26"
"1197","bottle","cdi_words","1","produces",NA,0,"76","2026-04-02 15:03:35","VVI186",450,"m","2/26/04"
"1198","bottle","cdi_words","1","understands",NA,0,"76","2026-04-02 15:03:35","VVI186",450,"m","2/26/04"
"1199","bottle","cdi_words","1","produces",NA,0,"223","2026-03-09 15:51:32","VVI162",510,"f","2/24/26"
"1200","bottle","cdi_words","1","understands",NA,0,"223","2026-03-09 15:51:32","VVI162",510,"f","2/24/26"
"1201","bottle","cdi_words","1","produces",NA,0,"207","2026-04-08 10:48:19","VVI193",450,"f","8/26/04"
"1202","bottle","cdi_words","1","understands",1,1,"207","2026-04-08 10:48:19","VVI193",450,"f","8/26/04"
"1203","bottle","cdi_words","1","produces",NA,0,"131","2026-04-28 16:52:20","VVI201",420,"m","4/27/26"
"1204","bottle","cdi_words","1","understands",1,1,"131","2026-04-28 16:52:20","VVI201",420,"m","4/27/26"
"1205","bottle","cdi_words","1","produces",NA,0,"216","2026-03-08 20:15:37","VVI146",510,"f","2/17/26"
"1206","bottle","cdi_words","1","understands",NA,0,"216","2026-03-08 20:15:37","VVI146",510,"f","2/17/26"
"1207","bottle","cdi_words","1","produces",NA,0,"179","2026-03-09 12:13:10","VVI160",510,"m","2/23/26"
"1208","bottle","cdi_words","1","understands",1,1,"179","2026-03-09 12:13:10","VVI160",510,"m","2/23/26"
"1209","bottle","cdi_words","1","produces",NA,0,"102","2026-03-08 18:49:54","VVI164",480,"m","2/25/26"
"1210","bottle","cdi_words","1","understands",NA,0,"102","2026-03-08 18:49:54","VVI164",480,"m","2/25/26"
"1211","cup","cdi_words","1","produces",NA,0,"245","2026-04-29 06:56:14","VVI196",450,"f","4/14/26"
"1212","cup","cdi_words","1","understands",1,1,"245","2026-04-29 06:56:14","VVI196",450,"f","4/14/26"
"1213","cup","cdi_words","1","produces",NA,0,"104","2026-03-29 15:34:33","VVI183",420,"m","3/29/26"
"1214","cup","cdi_words","1","understands",NA,0,"104","2026-03-29 15:34:33","VVI183",420,"m","3/29/26"
"1215","cup","cdi_words","1","produces",NA,0,"125","2026-04-30 08:46:28","VVI197",450,"m","4/14/26"
"1216","cup","cdi_words","1","understands",1,1,"125","2026-04-30 08:46:28","VVI197",450,"m","4/14/26"
"1217","cup","cdi_words","1","produces",NA,0,"213","2026-02-15 21:07:24","VVI142",450,"f","2/16/26"
"1218","cup","cdi_words","1","understands",1,1,"213","2026-02-15 21:07:24","VVI142",450,"f","2/16/26"
"1219","cup","cdi_words","1","produces",NA,0,"76","2026-04-02 15:03:35","VVI186",450,"m","2/26/04"
"1220","cup","cdi_words","1","understands",NA,0,"76","2026-04-02 15:03:35","VVI186",450,"m","2/26/04"
"1221","cup","cdi_words","1","produces",NA,0,"223","2026-03-09 15:51:32","VVI162",510,"f","2/24/26"
"1222","cup","cdi_words","1","understands",NA,0,"223","2026-03-09 15:51:32","VVI162",510,"f","2/24/26"
"1223","cup","cdi_words","1","produces",NA,0,"207","2026-04-08 10:48:19","VVI193",450,"f","8/26/04"
"1224","cup","cdi_words","1","understands",1,1,"207","2026-04-08 10:48:19","VVI193",450,"f","8/26/04"
"1225","cup","cdi_words","1","produces",NA,0,"131","2026-04-28 16:52:20","VVI201",420,"m","4/27/26"
"1226","cup","cdi_words","1","understands",1,1,"131","2026-04-28 16:52:20","VVI201",420,"m","4/27/26"
"1227","cup","cdi_words","1","produces",NA,0,"216","2026-03-08 20:15:37","VVI146",510,"f","2/17/26"
"1228","cup","cdi_words","1","understands",1,1,"216","2026-03-08 20:15:37","VVI146",510,"f","2/17/26"
"1229","cup","cdi_words","1","produces",NA,0,"179","2026-03-09 12:13:10","VVI160",510,"m","2/23/26"
"1230","cup","cdi_words","1","understands",1,1,"179","2026-03-09 12:13:10","VVI160",510,"m","2/23/26"
"1231","cup","cdi_words","1","produces",NA,0,"102","2026-03-08 18:49:54","VVI164",480,"m","2/25/26"
"1232","cup","cdi_words","1","understands",NA,0,"102","2026-03-08 18:49:54","VVI164",480,"m","2/25/26"
"1233","dish","cdi_words","1","produces",2,1,"245","2026-04-29 06:56:14","VVI196",450,"f","4/14/26"
"1234","dish","cdi_words","1","understands",2,1,"245","2026-04-29 06:56:14","VVI196",450,"f","4/14/26"
"1235","dish","cdi_words","1","produces",NA,0,"104","2026-03-29 15:34:33","VVI183",420,"m","3/29/26"
"1236","dish","cdi_words","1","understands",NA,0,"104","2026-03-29 15:34:33","VVI183",420,"m","3/29/26"
"1237","dish","cdi_words","1","produces",NA,0,"125","2026-04-30 08:46:28","VVI197",450,"m","4/14/26"
"1238","dish","cdi_words","1","understands",NA,0,"125","2026-04-30 08:46:28","VVI197",450,"m","4/14/26"
"1239","dish","cdi_words","1","produces",NA,0,"213","2026-02-15 21:07:24","VVI142",450,"f","2/16/26"
"1240","dish","cdi_words","1","understands",NA,0,"213","2026-02-15 21:07:24","VVI142",450,"f","2/16/26"
"1241","dish","cdi_words","1","produces",NA,0,"76","2026-04-02 15:03:35","VVI186",450,"m","2/26/04"
"1242","dish","cdi_words","1","understands",NA,0,"76","2026-04-02 15:03:35","VVI186",450,"m","2/26/04"
"1243","dish","cdi_words","1","produces",NA,0,"223","2026-03-09 15:51:32","VVI162",510,"f","2/24/26"
"1244","dish","cdi_words","1","understands",NA,0,"223","2026-03-09 15:51:32","VVI162",510,"f","2/24/26"
"1245","dish","cdi_words","1","produces",NA,0,"207","2026-04-08 10:48:19","VVI193",450,"f","8/26/04"
"1246","dish","cdi_words","1","understands",1,1,"207","2026-04-08 10:48:19","VVI193",450,"f","8/26/04"
"1247","dish","cdi_words","1","produces",NA,0,"131","2026-04-28 16:52:20","VVI201",420,"m","4/27/26"
"1248","dish","cdi_words","1","understands",NA,0,"131","2026-04-28 16:52:20","VVI201",420,"m","4/27/26"
"1249","dish","cdi_words","1","produces",NA,0,"216","2026-03-08 20:15:37","VVI146",510,"f","2/17/26"
"1250","dish","cdi_words","1","understands",1,1,"216","2026-03-08 20:15:37","VVI146",510,"f","2/17/26"
"1251","dish","cdi_words","1","produces",NA,0,"179","2026-03-09 12:13:10","VVI160",510,"m","2/23/26"
"1252","dish","cdi_words","1","understands",1,1,"179","2026-03-09 12:13:10","VVI160",510,"m","2/23/26"
"1253","dish","cdi_words","1","produces",NA,0,"102","2026-03-08 18:49:54","VVI164",480,"m","2/25/26"
"1254","dish","cdi_words","1","understands",NA,0,"102","2026-03-08 18:49:54","VVI164",480,"m","2/25/26"
"1255","uh oh","cdi_words","1","produces",NA,0,"245","2026-04-29 06:56:14","VVI196",450,"f","4/14/26"
"1256","uh oh","cdi_words","1","understands",1,1,"245","2026-04-29 06:56:14","VVI196",450,"f","4/14/26"
"1257","uh oh","cdi_words","1","produces",NA,0,"104","2026-03-29 15:34:33","VVI183",420,"m","3/29/26"
"1258","uh oh","cdi_words","1","understands",1,1,"104","2026-03-29 15:34:33","VVI183",420,"m","3/29/26"
"1259","uh oh","cdi_words","1","produces",NA,0,"125","2026-04-30 08:46:28","VVI197",450,"m","4/14/26"
"1260","uh oh","cdi_words","1","understands",1,1,"125","2026-04-30 08:46:28","VVI197",450,"m","4/14/26"
"1261","uh oh","cdi_words","1","produces",2,1,"213","2026-02-15 21:07:24","VVI142",450,"f","2/16/26"
"1262","uh oh","cdi_words","1","understands",2,1,"213","2026-02-15 21:07:24","VVI142",450,"f","2/16/26"
"1263","uh oh","cdi_words","1","produces",NA,0,"76","2026-04-02 15:03:35","VVI186",450,"m","2/26/04"
"1264","uh oh","cdi_words","1","understands",1,1,"76","2026-04-02 15:03:35","VVI186",450,"m","2/26/04"
"1265","uh oh","cdi_words","1","produces",2,1,"223","2026-03-09 15:51:32","VVI162",510,"f","2/24/26"
"1266","uh oh","cdi_words","1","understands",2,1,"223","2026-03-09 15:51:32","VVI162",510,"f","2/24/26"
"1267","uh oh","cdi_words","1","produces",NA,0,"207","2026-04-08 10:48:19","VVI193",450,"f","8/26/04"
"1268","uh oh","cdi_words","1","understands",1,1,"207","2026-04-08 10:48:19","VVI193",450,"f","8/26/04"
"1269","uh oh","cdi_words","1","produces",NA,0,"131","2026-04-28 16:52:20","VVI201",420,"m","4/27/26"
"1270","uh oh","cdi_words","1","understands",1,1,"131","2026-04-28 16:52:20","VVI201",420,"m","4/27/26"
"1271","uh oh","cdi_words","1","produces",2,1,"216","2026-03-08 20:15:37","VVI146",510,"f","2/17/26"
"1272","uh oh","cdi_words","1","understands",2,1,"216","2026-03-08 20:15:37","VVI146",510,"f","2/17/26"
"1273","uh oh","cdi_words","1","produces",2,1,"179","2026-03-09 12:13:10","VVI160",510,"m","2/23/26"
"1274","uh oh","cdi_words","1","understands",2,1,"179","2026-03-09 12:13:10","VVI160",510,"m","2/23/26"
"1275","uh oh","cdi_words","1","produces",2,1,"102","2026-03-08 18:49:54","VVI164",480,"m","2/25/26"
"1276","uh oh","cdi_words","1","understands",2,1,"102","2026-03-08 18:49:54","VVI164",480,"m","2/25/26"
"1277","lamp","cdi_words","1","produces",NA,0,"245","2026-04-29 06:56:14","VVI196",450,"f","4/14/26"
"1278","lamp","cdi_words","1","understands",1,1,"245","2026-04-29 06:56:14","VVI196",450,"f","4/14/26"
"1279","lamp","cdi_words","1","produces",NA,0,"104","2026-03-29 15:34:33","VVI183",420,"m","3/29/26"
"1280","lamp","cdi_words","1","understands",NA,0,"104","2026-03-29 15:34:33","VVI183",420,"m","3/29/26"
"1281","lamp","cdi_words","1","produces",NA,0,"125","2026-04-30 08:46:28","VVI197",450,"m","4/14/26"
"1282","lamp","cdi_words","1","understands",NA,0,"125","2026-04-30 08:46:28","VVI197",450,"m","4/14/26"
"1283","lamp","cdi_words","1","produces",NA,0,"213","2026-02-15 21:07:24","VVI142",450,"f","2/16/26"
"1284","lamp","cdi_words","1","understands",NA,0,"213","2026-02-15 21:07:24","VVI142",450,"f","2/16/26"
"1285","lamp","cdi_words","1","produces",NA,0,"76","2026-04-02 15:03:35","VVI186",450,"m","2/26/04"
"1286","lamp","cdi_words","1","understands",NA,0,"76","2026-04-02 15:03:35","VVI186",450,"m","2/26/04"
"1287","lamp","cdi_words","1","produces",NA,0,"223","2026-03-09 15:51:32","VVI162",510,"f","2/24/26"
"1288","lamp","cdi_words","1","understands",NA,0,"223","2026-03-09 15:51:32","VVI162",510,"f","2/24/26"
"1289","lamp","cdi_words","1","produces",NA,0,"207","2026-04-08 10:48:19","VVI193",450,"f","8/26/04"
"1290","lamp","cdi_words","1","understands",1,1,"207","2026-04-08 10:48:19","VVI193",450,"f","8/26/04"
"1291","lamp","cdi_words","1","produces",NA,0,"131","2026-04-28 16:52:20","VVI201",420,"m","4/27/26"
"1292","lamp","cdi_words","1","understands",NA,0,"131","2026-04-28 16:52:20","VVI201",420,"m","4/27/26"
"1293","lamp","cdi_words","1","produces",NA,0,"216","2026-03-08 20:15:37","VVI146",510,"f","2/17/26"
"1294","lamp","cdi_words","1","understands",NA,0,"216","2026-03-08 20:15:37","VVI146",510,"f","2/17/26"
"1295","lamp","cdi_words","1","produces",NA,0,"179","2026-03-09 12:13:10","VVI160",510,"m","2/23/26"
"1296","lamp","cdi_words","1","understands",NA,0,"179","2026-03-09 12:13:10","VVI160",510,"m","2/23/26"
"1297","lamp","cdi_words","1","produces",NA,0,"102","2026-03-08 18:49:54","VVI164",480,"m","2/25/26"
"1298","lamp","cdi_words","1","understands",NA,0,"102","2026-03-08 18:49:54","VVI164",480,"m","2/25/26"
"1299","radio","cdi_words","1","produces",NA,0,"245","2026-04-29 06:56:14","VVI196",450,"f","4/14/26"
"1300","radio","cdi_words","1","understands",1,1,"245","2026-04-29 06:56:14","VVI196",450,"f","4/14/26"
"1301","radio","cdi_words","1","produces",NA,0,"104","2026-03-29 15:34:33","VVI183",420,"m","3/29/26"
"1302","radio","cdi_words","1","understands",NA,0,"104","2026-03-29 15:34:33","VVI183",420,"m","3/29/26"
"1303","radio","cdi_words","1","produces",NA,0,"125","2026-04-30 08:46:28","VVI197",450,"m","4/14/26"
"1304","radio","cdi_words","1","understands",NA,0,"125","2026-04-30 08:46:28","VVI197",450,"m","4/14/26"
"1305","radio","cdi_words","1","produces",NA,0,"213","2026-02-15 21:07:24","VVI142",450,"f","2/16/26"
"1306","radio","cdi_words","1","understands",NA,0,"213","2026-02-15 21:07:24","VVI142",450,"f","2/16/26"
"1307","radio","cdi_words","1","produces",NA,0,"76","2026-04-02 15:03:35","VVI186",450,"m","2/26/04"
"1308","radio","cdi_words","1","understands",NA,0,"76","2026-04-02 15:03:35","VVI186",450,"m","2/26/04"
"1309","radio","cdi_words","1","produces",NA,0,"223","2026-03-09 15:51:32","VVI162",510,"f","2/24/26"
"1310","radio","cdi_words","1","understands",NA,0,"223","2026-03-09 15:51:32","VVI162",510,"f","2/24/26"
"1311","radio","cdi_words","1","produces",NA,0,"207","2026-04-08 10:48:19","VVI193",450,"f","8/26/04"
"1312","radio","cdi_words","1","understands",NA,0,"207","2026-04-08 10:48:19","VVI193",450,"f","8/26/04"
"1313","radio","cdi_words","1","produces",NA,0,"131","2026-04-28 16:52:20","VVI201",420,"m","4/27/26"
"1314","radio","cdi_words","1","understands",NA,0,"131","2026-04-28 16:52:20","VVI201",420,"m","4/27/26"
"1315","radio","cdi_words","1","produces",NA,0,"216","2026-03-08 20:15:37","VVI146",510,"f","2/17/26"
"1316","radio","cdi_words","1","understands",NA,0,"216","2026-03-08 20:15:37","VVI146",510,"f","2/17/26"
"1317","radio","cdi_words","1","produces",NA,0,"179","2026-03-09 12:13:10","VVI160",510,"m","2/23/26"
"1318","radio","cdi_words","1","understands",NA,0,"179","2026-03-09 12:13:10","VVI160",510,"m","2/23/26"
"1319","radio","cdi_words","1","produces",NA,0,"102","2026-03-08 18:49:54","VVI164",480,"m","2/25/26"
"1320","radio","cdi_words","1","understands",NA,0,"102","2026-03-08 18:49:54","VVI164",480,"m","2/25/26"
"1321","spoon","cdi_words","1","produces",NA,0,"245","2026-04-29 06:56:14","VVI196",450,"f","4/14/26"
"1322","spoon","cdi_words","1","understands",1,1,"245","2026-04-29 06:56:14","VVI196",450,"f","4/14/26"
"1323","spoon","cdi_words","1","produces",NA,0,"104","2026-03-29 15:34:33","VVI183",420,"m","3/29/26"
"1324","spoon","cdi_words","1","understands",NA,0,"104","2026-03-29 15:34:33","VVI183",420,"m","3/29/26"
"1325","spoon","cdi_words","1","produces",NA,0,"125","2026-04-30 08:46:28","VVI197",450,"m","4/14/26"
"1326","spoon","cdi_words","1","understands",NA,0,"125","2026-04-30 08:46:28","VVI197",450,"m","4/14/26"
"1327","spoon","cdi_words","1","produces",NA,0,"213","2026-02-15 21:07:24","VVI142",450,"f","2/16/26"
"1328","spoon","cdi_words","1","understands",1,1,"213","2026-02-15 21:07:24","VVI142",450,"f","2/16/26"
"1329","spoon","cdi_words","1","produces",NA,0,"76","2026-04-02 15:03:35","VVI186",450,"m","2/26/04"
"1330","spoon","cdi_words","1","understands",NA,0,"76","2026-04-02 15:03:35","VVI186",450,"m","2/26/04"
"1331","spoon","cdi_words","1","produces",NA,0,"223","2026-03-09 15:51:32","VVI162",510,"f","2/24/26"
"1332","spoon","cdi_words","1","understands",NA,0,"223","2026-03-09 15:51:32","VVI162",510,"f","2/24/26"
"1333","spoon","cdi_words","1","produces",NA,0,"207","2026-04-08 10:48:19","VVI193",450,"f","8/26/04"
"1334","spoon","cdi_words","1","understands",1,1,"207","2026-04-08 10:48:19","VVI193",450,"f","8/26/04"
"1335","spoon","cdi_words","1","produces",NA,0,"131","2026-04-28 16:52:20","VVI201",420,"m","4/27/26"
"1336","spoon","cdi_words","1","understands",1,1,"131","2026-04-28 16:52:20","VVI201",420,"m","4/27/26"
"1337","spoon","cdi_words","1","produces",NA,0,"216","2026-03-08 20:15:37","VVI146",510,"f","2/17/26"
"1338","spoon","cdi_words","1","understands",1,1,"216","2026-03-08 20:15:37","VVI146",510,"f","2/17/26"
"1339","spoon","cdi_words","1","produces",NA,0,"179","2026-03-09 12:13:10","VVI160",510,"m","2/23/26"
"1340","spoon","cdi_words","1","understands",NA,0,"179","2026-03-09 12:13:10","VVI160",510,"m","2/23/26"
"1341","spoon","cdi_words","1","produces",NA,0,"102","2026-03-08 18:49:54","VVI164",480,"m","2/25/26"
"1342","spoon","cdi_words","1","understands",1,1,"102","2026-03-08 18:49:54","VVI164",480,"m","2/25/26"
"1343","flower","cdi_words","1","produces",NA,0,"245","2026-04-29 06:56:14","VVI196",450,"f","4/14/26"
"1344","flower","cdi_words","1","understands",1,1,"245","2026-04-29 06:56:14","VVI196",450,"f","4/14/26"
"1345","flower","cdi_words","1","produces",NA,0,"104","2026-03-29 15:34:33","VVI183",420,"m","3/29/26"
"1346","flower","cdi_words","1","understands",NA,0,"104","2026-03-29 15:34:33","VVI183",420,"m","3/29/26"
"1347","flower","cdi_words","1","produces",NA,0,"125","2026-04-30 08:46:28","VVI197",450,"m","4/14/26"
"1348","flower","cdi_words","1","understands",NA,0,"125","2026-04-30 08:46:28","VVI197",450,"m","4/14/26"
"1349","flower","cdi_words","1","produces",NA,0,"213","2026-02-15 21:07:24","VVI142",450,"f","2/16/26"
"1350","flower","cdi_words","1","understands",NA,0,"213","2026-02-15 21:07:24","VVI142",450,"f","2/16/26"
"1351","flower","cdi_words","1","produces",NA,0,"76","2026-04-02 15:03:35","VVI186",450,"m","2/26/04"
"1352","flower","cdi_words","1","understands",NA,0,"76","2026-04-02 15:03:35","VVI186",450,"m","2/26/04"
"1353","flower","cdi_words","1","produces",NA,0,"223","2026-03-09 15:51:32","VVI162",510,"f","2/24/26"
"1354","flower","cdi_words","1","understands",NA,0,"223","2026-03-09 15:51:32","VVI162",510,"f","2/24/26"
"1355","flower","cdi_words","1","produces",NA,0,"207","2026-04-08 10:48:19","VVI193",450,"f","8/26/04"
"1356","flower","cdi_words","1","understands",1,1,"207","2026-04-08 10:48:19","VVI193",450,"f","8/26/04"
"1357","flower","cdi_words","1","produces",NA,0,"131","2026-04-28 16:52:20","VVI201",420,"m","4/27/26"
"1358","flower","cdi_words","1","understands",1,1,"131","2026-04-28 16:52:20","VVI201",420,"m","4/27/26"
"1359","flower","cdi_words","1","produces",NA,0,"216","2026-03-08 20:15:37","VVI146",510,"f","2/17/26"
"1360","flower","cdi_words","1","understands",1,1,"216","2026-03-08 20:15:37","VVI146",510,"f","2/17/26"
"1361","flower","cdi_words","1","produces",NA,0,"179","2026-03-09 12:13:10","VVI160",510,"m","2/23/26"
"1362","flower","cdi_words","1","understands",NA,0,"179","2026-03-09 12:13:10","VVI160",510,"m","2/23/26"
"1363","flower","cdi_words","1","produces",NA,0,"102","2026-03-08 18:49:54","VVI164",480,"m","2/25/26"
"1364","flower","cdi_words","1","understands",NA,0,"102","2026-03-08 18:49:54","VVI164",480,"m","2/25/26"
"1365","home","cdi_words","1","produces",NA,0,"245","2026-04-29 06:56:14","VVI196",450,"f","4/14/26"
"1366","home","cdi_words","1","understands",1,1,"245","2026-04-29 06:56:14","VVI196",450,"f","4/14/26"
"1367","home","cdi_words","1","produces",NA,0,"104","2026-03-29 15:34:33","VVI183",420,"m","3/29/26"
"1368","home","cdi_words","1","understands",NA,0,"104","2026-03-29 15:34:33","VVI183",420,"m","3/29/26"
"1369","home","cdi_words","1","produces",NA,0,"125","2026-04-30 08:46:28","VVI197",450,"m","4/14/26"
"1370","home","cdi_words","1","understands",1,1,"125","2026-04-30 08:46:28","VVI197",450,"m","4/14/26"
"1371","home","cdi_words","1","produces",NA,0,"213","2026-02-15 21:07:24","VVI142",450,"f","2/16/26"
"1372","home","cdi_words","1","understands",1,1,"213","2026-02-15 21:07:24","VVI142",450,"f","2/16/26"
"1373","home","cdi_words","1","produces",NA,0,"76","2026-04-02 15:03:35","VVI186",450,"m","2/26/04"
"1374","home","cdi_words","1","understands",NA,0,"76","2026-04-02 15:03:35","VVI186",450,"m","2/26/04"
"1375","home","cdi_words","1","produces",NA,0,"223","2026-03-09 15:51:32","VVI162",510,"f","2/24/26"
"1376","home","cdi_words","1","understands",NA,0,"223","2026-03-09 15:51:32","VVI162",510,"f","2/24/26"
"1377","home","cdi_words","1","produces",NA,0,"207","2026-04-08 10:48:19","VVI193",450,"f","8/26/04"
"1378","home","cdi_words","1","understands",1,1,"207","2026-04-08 10:48:19","VVI193",450,"f","8/26/04"
"1379","home","cdi_words","1","produces",NA,0,"131","2026-04-28 16:52:20","VVI201",420,"m","4/27/26"
"1380","home","cdi_words","1","understands",1,1,"131","2026-04-28 16:52:20","VVI201",420,"m","4/27/26"
"1381","home","cdi_words","1","produces",NA,0,"216","2026-03-08 20:15:37","VVI146",510,"f","2/17/26"
"1382","home","cdi_words","1","understands",1,1,"216","2026-03-08 20:15:37","VVI146",510,"f","2/17/26"
"1383","home","cdi_words","1","produces",NA,0,"179","2026-03-09 12:13:10","VVI160",510,"m","2/23/26"
"1384","home","cdi_words","1","understands",NA,0,"179","2026-03-09 12:13:10","VVI160",510,"m","2/23/26"
"1385","home","cdi_words","1","produces",NA,0,"102","2026-03-08 18:49:54","VVI164",480,"m","2/25/26"
"1386","home","cdi_words","1","understands",NA,0,"102","2026-03-08 18:49:54","VVI164",480,"m","2/25/26"
"1387","moon","cdi_words","1","produces",NA,0,"245","2026-04-29 06:56:14","VVI196",450,"f","4/14/26"
"1388","moon","cdi_words","1","understands",1,1,"245","2026-04-29 06:56:14","VVI196",450,"f","4/14/26"
"1389","moon","cdi_words","1","produces",NA,0,"104","2026-03-29 15:34:33","VVI183",420,"m","3/29/26"
"1390","moon","cdi_words","1","understands",NA,0,"104","2026-03-29 15:34:33","VVI183",420,"m","3/29/26"
"1391","moon","cdi_words","1","produces",NA,0,"125","2026-04-30 08:46:28","VVI197",450,"m","4/14/26"
"1392","moon","cdi_words","1","understands",1,1,"125","2026-04-30 08:46:28","VVI197",450,"m","4/14/26"
"1393","moon","cdi_words","1","produces",NA,0,"213","2026-02-15 21:07:24","VVI142",450,"f","2/16/26"
"1394","moon","cdi_words","1","understands",NA,0,"213","2026-02-15 21:07:24","VVI142",450,"f","2/16/26"
"1395","moon","cdi_words","1","produces",NA,0,"76","2026-04-02 15:03:35","VVI186",450,"m","2/26/04"
"1396","moon","cdi_words","1","understands",NA,0,"76","2026-04-02 15:03:35","VVI186",450,"m","2/26/04"
"1397","moon","cdi_words","1","produces",NA,0,"223","2026-03-09 15:51:32","VVI162",510,"f","2/24/26"
"1398","moon","cdi_words","1","understands",NA,0,"223","2026-03-09 15:51:32","VVI162",510,"f","2/24/26"
"1399","moon","cdi_words","1","produces",NA,0,"207","2026-04-08 10:48:19","VVI193",450,"f","8/26/04"
"1400","moon","cdi_words","1","understands",NA,0,"207","2026-04-08 10:48:19","VVI193",450,"f","8/26/04"
"1401","moon","cdi_words","1","produces",NA,0,"131","2026-04-28 16:52:20","VVI201",420,"m","4/27/26"
"1402","moon","cdi_words","1","understands",NA,0,"131","2026-04-28 16:52:20","VVI201",420,"m","4/27/26"
"1403","moon","cdi_words","1","produces",2,1,"216","2026-03-08 20:15:37","VVI146",510,"f","2/17/26"
"1404","moon","cdi_words","1","understands",2,1,"216","2026-03-08 20:15:37","VVI146",510,"f","2/17/26"
"1405","moon","cdi_words","1","produces",NA,0,"179","2026-03-09 12:13:10","VVI160",510,"m","2/23/26"
"1406","moon","cdi_words","1","understands",NA,0,"179","2026-03-09 12:13:10","VVI160",510,"m","2/23/26"
"1407","moon","cdi_words","1","produces",NA,0,"102","2026-03-08 18:49:54","VVI164",480,"m","2/25/26"
"1408","moon","cdi_words","1","understands",NA,0,"102","2026-03-08 18:49:54","VVI164",480,"m","2/25/26"
"1409","outside","cdi_words","1","produces",NA,0,"245","2026-04-29 06:56:14","VVI196",450,"f","4/14/26"
"1410","outside","cdi_words","1","understands",1,1,"245","2026-04-29 06:56:14","VVI196",450,"f","4/14/26"
"1411","outside","cdi_words","1","produces",NA,0,"104","2026-03-29 15:34:33","VVI183",420,"m","3/29/26"
"1412","outside","cdi_words","1","understands",NA,0,"104","2026-03-29 15:34:33","VVI183",420,"m","3/29/26"
"1413","outside","cdi_words","1","produces",NA,0,"125","2026-04-30 08:46:28","VVI197",450,"m","4/14/26"
"1414","outside","cdi_words","1","understands",1,1,"125","2026-04-30 08:46:28","VVI197",450,"m","4/14/26"
"1415","outside","cdi_words","1","produces",NA,0,"213","2026-02-15 21:07:24","VVI142",450,"f","2/16/26"
"1416","outside","cdi_words","1","understands",1,1,"213","2026-02-15 21:07:24","VVI142",450,"f","2/16/26"
"1417","outside","cdi_words","1","produces",NA,0,"76","2026-04-02 15:03:35","VVI186",450,"m","2/26/04"
"1418","outside","cdi_words","1","understands",NA,0,"76","2026-04-02 15:03:35","VVI186",450,"m","2/26/04"
"1419","outside","cdi_words","1","produces",NA,0,"223","2026-03-09 15:51:32","VVI162",510,"f","2/24/26"
"1420","outside","cdi_words","1","understands",1,1,"223","2026-03-09 15:51:32","VVI162",510,"f","2/24/26"
"1421","outside","cdi_words","1","produces",NA,0,"207","2026-04-08 10:48:19","VVI193",450,"f","8/26/04"
"1422","outside","cdi_words","1","understands",1,1,"207","2026-04-08 10:48:19","VVI193",450,"f","8/26/04"
"1423","outside","cdi_words","1","produces",NA,0,"131","2026-04-28 16:52:20","VVI201",420,"m","4/27/26"
"1424","outside","cdi_words","1","understands",1,1,"131","2026-04-28 16:52:20","VVI201",420,"m","4/27/26"
"1425","outside","cdi_words","1","produces",2,1,"216","2026-03-08 20:15:37","VVI146",510,"f","2/17/26"
"1426","outside","cdi_words","1","understands",2,1,"216","2026-03-08 20:15:37","VVI146",510,"f","2/17/26"
"1427","outside","cdi_words","1","produces",NA,0,"179","2026-03-09 12:13:10","VVI160",510,"m","2/23/26"
"1428","outside","cdi_words","1","understands",1,1,"179","2026-03-09 12:13:10","VVI160",510,"m","2/23/26"
"1429","outside","cdi_words","1","produces",NA,0,"102","2026-03-08 18:49:54","VVI164",480,"m","2/25/26"
"1430","outside","cdi_words","1","understands",1,1,"102","2026-03-08 18:49:54","VVI164",480,"m","2/25/26"
"1431","plant","cdi_words","1","produces",NA,0,"245","2026-04-29 06:56:14","VVI196",450,"f","4/14/26"
"1432","plant","cdi_words","1","understands",1,1,"245","2026-04-29 06:56:14","VVI196",450,"f","4/14/26"
"1433","plant","cdi_words","1","produces",NA,0,"104","2026-03-29 15:34:33","VVI183",420,"m","3/29/26"
"1434","plant","cdi_words","1","understands",NA,0,"104","2026-03-29 15:34:33","VVI183",420,"m","3/29/26"
"1435","plant","cdi_words","1","produces",NA,0,"125","2026-04-30 08:46:28","VVI197",450,"m","4/14/26"
"1436","plant","cdi_words","1","understands",1,1,"125","2026-04-30 08:46:28","VVI197",450,"m","4/14/26"
"1437","plant","cdi_words","1","produces",NA,0,"213","2026-02-15 21:07:24","VVI142",450,"f","2/16/26"
"1438","plant","cdi_words","1","understands",NA,0,"213","2026-02-15 21:07:24","VVI142",450,"f","2/16/26"
"1439","plant","cdi_words","1","produces",NA,0,"76","2026-04-02 15:03:35","VVI186",450,"m","2/26/04"
"1440","plant","cdi_words","1","understands",NA,0,"76","2026-04-02 15:03:35","VVI186",450,"m","2/26/04"
"1441","plant","cdi_words","1","produces",NA,0,"223","2026-03-09 15:51:32","VVI162",510,"f","2/24/26"
"1442","plant","cdi_words","1","understands",NA,0,"223","2026-03-09 15:51:32","VVI162",510,"f","2/24/26"
"1443","plant","cdi_words","1","produces",NA,0,"207","2026-04-08 10:48:19","VVI193",450,"f","8/26/04"
"1444","plant","cdi_words","1","understands",1,1,"207","2026-04-08 10:48:19","VVI193",450,"f","8/26/04"
"1445","plant","cdi_words","1","produces",NA,0,"131","2026-04-28 16:52:20","VVI201",420,"m","4/27/26"
"1446","plant","cdi_words","1","understands",NA,0,"131","2026-04-28 16:52:20","VVI201",420,"m","4/27/26"
"1447","plant","cdi_words","1","produces",NA,0,"216","2026-03-08 20:15:37","VVI146",510,"f","2/17/26"
"1448","plant","cdi_words","1","understands",1,1,"216","2026-03-08 20:15:37","VVI146",510,"f","2/17/26"
"1449","plant","cdi_words","1","produces",NA,0,"179","2026-03-09 12:13:10","VVI160",510,"m","2/23/26"
"1450","plant","cdi_words","1","understands",NA,0,"179","2026-03-09 12:13:10","VVI160",510,"m","2/23/26"
"1451","plant","cdi_words","1","produces",NA,0,"102","2026-03-08 18:49:54","VVI164",480,"m","2/25/26"
"1452","plant","cdi_words","1","understands",NA,0,"102","2026-03-08 18:49:54","VVI164",480,"m","2/25/26"
"1453","rain","cdi_words","1","produces",NA,0,"245","2026-04-29 06:56:14","VVI196",450,"f","4/14/26"
"1454","rain","cdi_words","1","understands",1,1,"245","2026-04-29 06:56:14","VVI196",450,"f","4/14/26"
"1455","rain","cdi_words","1","produces",NA,0,"104","2026-03-29 15:34:33","VVI183",420,"m","3/29/26"
"1456","rain","cdi_words","1","understands",NA,0,"104","2026-03-29 15:34:33","VVI183",420,"m","3/29/26"
"1457","rain","cdi_words","1","produces",NA,0,"125","2026-04-30 08:46:28","VVI197",450,"m","4/14/26"
"1458","rain","cdi_words","1","understands",1,1,"125","2026-04-30 08:46:28","VVI197",450,"m","4/14/26"
"1459","rain","cdi_words","1","produces",NA,0,"213","2026-02-15 21:07:24","VVI142",450,"f","2/16/26"
"1460","rain","cdi_words","1","understands",NA,0,"213","2026-02-15 21:07:24","VVI142",450,"f","2/16/26"
"1461","rain","cdi_words","1","produces",NA,0,"76","2026-04-02 15:03:35","VVI186",450,"m","2/26/04"
"1462","rain","cdi_words","1","understands",NA,0,"76","2026-04-02 15:03:35","VVI186",450,"m","2/26/04"
"1463","rain","cdi_words","1","produces",NA,0,"223","2026-03-09 15:51:32","VVI162",510,"f","2/24/26"
"1464","rain","cdi_words","1","understands",NA,0,"223","2026-03-09 15:51:32","VVI162",510,"f","2/24/26"
"1465","rain","cdi_words","1","produces",NA,0,"207","2026-04-08 10:48:19","VVI193",450,"f","8/26/04"
"1466","rain","cdi_words","1","understands",1,1,"207","2026-04-08 10:48:19","VVI193",450,"f","8/26/04"
"1467","rain","cdi_words","1","produces",NA,0,"131","2026-04-28 16:52:20","VVI201",420,"m","4/27/26"
"1468","rain","cdi_words","1","understands",1,1,"131","2026-04-28 16:52:20","VVI201",420,"m","4/27/26"
"1469","rain","cdi_words","1","produces",NA,0,"216","2026-03-08 20:15:37","VVI146",510,"f","2/17/26"
"1470","rain","cdi_words","1","understands",1,1,"216","2026-03-08 20:15:37","VVI146",510,"f","2/17/26"
"1471","rain","cdi_words","1","produces",NA,0,"179","2026-03-09 12:13:10","VVI160",510,"m","2/23/26"
"1472","rain","cdi_words","1","understands",NA,0,"179","2026-03-09 12:13:10","VVI160",510,"m","2/23/26"
"1473","rain","cdi_words","1","produces",NA,0,"102","2026-03-08 18:49:54","VVI164",480,"m","2/25/26"
"1474","rain","cdi_words","1","understands",NA,0,"102","2026-03-08 18:49:54","VVI164",480,"m","2/25/26"
"1475","rock","cdi_words","1","produces",NA,0,"245","2026-04-29 06:56:14","VVI196",450,"f","4/14/26"
"1476","rock","cdi_words","1","understands",1,1,"245","2026-04-29 06:56:14","VVI196",450,"f","4/14/26"
"1477","rock","cdi_words","1","produces",NA,0,"104","2026-03-29 15:34:33","VVI183",420,"m","3/29/26"
"1478","rock","cdi_words","1","understands",NA,0,"104","2026-03-29 15:34:33","VVI183",420,"m","3/29/26"
"1479","rock","cdi_words","1","produces",NA,0,"125","2026-04-30 08:46:28","VVI197",450,"m","4/14/26"
"1480","rock","cdi_words","1","understands",1,1,"125","2026-04-30 08:46:28","VVI197",450,"m","4/14/26"
"1481","rock","cdi_words","1","produces",NA,0,"213","2026-02-15 21:07:24","VVI142",450,"f","2/16/26"
"1482","rock","cdi_words","1","understands",1,1,"213","2026-02-15 21:07:24","VVI142",450,"f","2/16/26"
"1483","rock","cdi_words","1","produces",NA,0,"76","2026-04-02 15:03:35","VVI186",450,"m","2/26/04"
"1484","rock","cdi_words","1","understands",NA,0,"76","2026-04-02 15:03:35","VVI186",450,"m","2/26/04"
"1485","rock","cdi_words","1","produces",NA,0,"223","2026-03-09 15:51:32","VVI162",510,"f","2/24/26"
"1486","rock","cdi_words","1","understands",NA,0,"223","2026-03-09 15:51:32","VVI162",510,"f","2/24/26"
"1487","rock","cdi_words","1","produces",NA,0,"207","2026-04-08 10:48:19","VVI193",450,"f","8/26/04"
"1488","rock","cdi_words","1","understands",1,1,"207","2026-04-08 10:48:19","VVI193",450,"f","8/26/04"
"1489","rock","cdi_words","1","produces",NA,0,"131","2026-04-28 16:52:20","VVI201",420,"m","4/27/26"
"1490","rock","cdi_words","1","understands",NA,0,"131","2026-04-28 16:52:20","VVI201",420,"m","4/27/26"
"1491","rock","cdi_words","1","produces",2,1,"216","2026-03-08 20:15:37","VVI146",510,"f","2/17/26"
"1492","rock","cdi_words","1","understands",2,1,"216","2026-03-08 20:15:37","VVI146",510,"f","2/17/26"
"1493","rock","cdi_words","1","produces",NA,0,"179","2026-03-09 12:13:10","VVI160",510,"m","2/23/26"
"1494","rock","cdi_words","1","understands",NA,0,"179","2026-03-09 12:13:10","VVI160",510,"m","2/23/26"
"1495","rock","cdi_words","1","produces",NA,0,"102","2026-03-08 18:49:54","VVI164",480,"m","2/25/26"
"1496","rock","cdi_words","1","understands",NA,0,"102","2026-03-08 18:49:54","VVI164",480,"m","2/25/26"
"1497","bird","cdi_words","1","produces",NA,0,"245","2026-04-29 06:56:14","VVI196",450,"f","4/14/26"
"1498","bird","cdi_words","1","understands",1,1,"245","2026-04-29 06:56:14","VVI196",450,"f","4/14/26"
"1499","bird","cdi_words","1","produces",NA,0,"104","2026-03-29 15:34:33","VVI183",420,"m","3/29/26"
"1500","bird","cdi_words","1","understands",NA,0,"104","2026-03-29 15:34:33","VVI183",420,"m","3/29/26"
"1501","bird","cdi_words","1","produces",NA,0,"125","2026-04-30 08:46:28","VVI197",450,"m","4/14/26"
"1502","bird","cdi_words","1","understands",1,1,"125","2026-04-30 08:46:28","VVI197",450,"m","4/14/26"
"1503","bird","cdi_words","1","produces",NA,0,"213","2026-02-15 21:07:24","VVI142",450,"f","2/16/26"
"1504","bird","cdi_words","1","understands",1,1,"213","2026-02-15 21:07:24","VVI142",450,"f","2/16/26"
"1505","bird","cdi_words","1","produces",NA,0,"76","2026-04-02 15:03:35","VVI186",450,"m","2/26/04"
"1506","bird","cdi_words","1","understands",NA,0,"76","2026-04-02 15:03:35","VVI186",450,"m","2/26/04"
"1507","bird","cdi_words","1","produces",NA,0,"223","2026-03-09 15:51:32","VVI162",510,"f","2/24/26"
"1508","bird","cdi_words","1","understands",1,1,"223","2026-03-09 15:51:32","VVI162",510,"f","2/24/26"
"1509","bird","cdi_words","1","produces",NA,0,"207","2026-04-08 10:48:19","VVI193",450,"f","8/26/04"
"1510","bird","cdi_words","1","understands",1,1,"207","2026-04-08 10:48:19","VVI193",450,"f","8/26/04"
"1511","bird","cdi_words","1","produces",NA,0,"131","2026-04-28 16:52:20","VVI201",420,"m","4/27/26"
"1512","bird","cdi_words","1","understands",1,1,"131","2026-04-28 16:52:20","VVI201",420,"m","4/27/26"
"1513","bird","cdi_words","1","produces",2,1,"216","2026-03-08 20:15:37","VVI146",510,"f","2/17/26"
"1514","bird","cdi_words","1","understands",2,1,"216","2026-03-08 20:15:37","VVI146",510,"f","2/17/26"
"1515","bird","cdi_words","1","produces",NA,0,"179","2026-03-09 12:13:10","VVI160",510,"m","2/23/26"
"1516","bird","cdi_words","1","understands",NA,0,"179","2026-03-09 12:13:10","VVI160",510,"m","2/23/26"
"1517","bird","cdi_words","1","produces",NA,0,"102","2026-03-08 18:49:54","VVI164",480,"m","2/25/26"
"1518","bird","cdi_words","1","understands",NA,0,"102","2026-03-08 18:49:54","VVI164",480,"m","2/25/26"
"1519","water","cdi_words","1","produces",NA,0,"245","2026-04-29 06:56:14","VVI196",450,"f","4/14/26"
"1520","water","cdi_words","1","understands",1,1,"245","2026-04-29 06:56:14","VVI196",450,"f","4/14/26"
"1521","water","cdi_words","1","produces",NA,0,"104","2026-03-29 15:34:33","VVI183",420,"m","3/29/26"
"1522","water","cdi_words","1","understands",NA,0,"104","2026-03-29 15:34:33","VVI183",420,"m","3/29/26"
"1523","water","cdi_words","1","produces",NA,0,"125","2026-04-30 08:46:28","VVI197",450,"m","4/14/26"
"1524","water","cdi_words","1","understands",1,1,"125","2026-04-30 08:46:28","VVI197",450,"m","4/14/26"
"1525","water","cdi_words","1","produces",NA,0,"213","2026-02-15 21:07:24","VVI142",450,"f","2/16/26"
"1526","water","cdi_words","1","understands",1,1,"213","2026-02-15 21:07:24","VVI142",450,"f","2/16/26"
"1527","water","cdi_words","1","produces",NA,0,"76","2026-04-02 15:03:35","VVI186",450,"m","2/26/04"
"1528","water","cdi_words","1","understands",NA,0,"76","2026-04-02 15:03:35","VVI186",450,"m","2/26/04"
"1529","water","cdi_words","1","produces",NA,0,"223","2026-03-09 15:51:32","VVI162",510,"f","2/24/26"
"1530","water","cdi_words","1","understands",1,1,"223","2026-03-09 15:51:32","VVI162",510,"f","2/24/26"
"1531","water","cdi_words","1","produces",NA,0,"207","2026-04-08 10:48:19","VVI193",450,"f","8/26/04"
"1532","water","cdi_words","1","understands",1,1,"207","2026-04-08 10:48:19","VVI193",450,"f","8/26/04"
"1533","water","cdi_words","1","produces",NA,0,"131","2026-04-28 16:52:20","VVI201",420,"m","4/27/26"
"1534","water","cdi_words","1","understands",1,1,"131","2026-04-28 16:52:20","VVI201",420,"m","4/27/26"
"1535","water","cdi_words","1","produces",2,1,"216","2026-03-08 20:15:37","VVI146",510,"f","2/17/26"
"1536","water","cdi_words","1","understands",2,1,"216","2026-03-08 20:15:37","VVI146",510,"f","2/17/26"
"1537","water","cdi_words","1","produces",2,1,"179","2026-03-09 12:13:10","VVI160",510,"m","2/23/26"
"1538","water","cdi_words","1","understands",2,1,"179","2026-03-09 12:13:10","VVI160",510,"m","2/23/26"
"1539","water","cdi_words","1","produces",2,1,"102","2026-03-08 18:49:54","VVI164",480,"m","2/25/26"
"1540","water","cdi_words","1","understands",2,1,"102","2026-03-08 18:49:54","VVI164",480,"m","2/25/26"
"1541","babysitter","cdi_words","1","produces",NA,0,"245","2026-04-29 06:56:14","VVI196",450,"f","4/14/26"
"1542","babysitter","cdi_words","1","understands",NA,0,"245","2026-04-29 06:56:14","VVI196",450,"f","4/14/26"
"1543","babysitter","cdi_words","1","produces",NA,0,"104","2026-03-29 15:34:33","VVI183",420,"m","3/29/26"
"1544","babysitter","cdi_words","1","understands",NA,0,"104","2026-03-29 15:34:33","VVI183",420,"m","3/29/26"
"1545","babysitter","cdi_words","1","produces",NA,0,"125","2026-04-30 08:46:28","VVI197",450,"m","4/14/26"
"1546","babysitter","cdi_words","1","understands",NA,0,"125","2026-04-30 08:46:28","VVI197",450,"m","4/14/26"
"1547","babysitter","cdi_words","1","produces",NA,0,"213","2026-02-15 21:07:24","VVI142",450,"f","2/16/26"
"1548","babysitter","cdi_words","1","understands",NA,0,"213","2026-02-15 21:07:24","VVI142",450,"f","2/16/26"
"1549","babysitter","cdi_words","1","produces",NA,0,"76","2026-04-02 15:03:35","VVI186",450,"m","2/26/04"
"1550","babysitter","cdi_words","1","understands",NA,0,"76","2026-04-02 15:03:35","VVI186",450,"m","2/26/04"
"1551","babysitter","cdi_words","1","produces",NA,0,"223","2026-03-09 15:51:32","VVI162",510,"f","2/24/26"
"1552","babysitter","cdi_words","1","understands",NA,0,"223","2026-03-09 15:51:32","VVI162",510,"f","2/24/26"
"1553","babysitter","cdi_words","1","produces",NA,0,"207","2026-04-08 10:48:19","VVI193",450,"f","8/26/04"
"1554","babysitter","cdi_words","1","understands",NA,0,"207","2026-04-08 10:48:19","VVI193",450,"f","8/26/04"
"1555","babysitter","cdi_words","1","produces",NA,0,"131","2026-04-28 16:52:20","VVI201",420,"m","4/27/26"
"1556","babysitter","cdi_words","1","understands",NA,0,"131","2026-04-28 16:52:20","VVI201",420,"m","4/27/26"
"1557","babysitter","cdi_words","1","produces",NA,0,"216","2026-03-08 20:15:37","VVI146",510,"f","2/17/26"
"1558","babysitter","cdi_words","1","understands",NA,0,"216","2026-03-08 20:15:37","VVI146",510,"f","2/17/26"
"1559","babysitter","cdi_words","1","produces",NA,0,"179","2026-03-09 12:13:10","VVI160",510,"m","2/23/26"
"1560","babysitter","cdi_words","1","understands",NA,0,"179","2026-03-09 12:13:10","VVI160",510,"m","2/23/26"
"1561","babysitter","cdi_words","1","produces",NA,0,"102","2026-03-08 18:49:54","VVI164",480,"m","2/25/26"
"1562","babysitter","cdi_words","1","understands",NA,0,"102","2026-03-08 18:49:54","VVI164",480,"m","2/25/26"
"1563","girl","cdi_words","1","produces",NA,0,"245","2026-04-29 06:56:14","VVI196",450,"f","4/14/26"
"1564","girl","cdi_words","1","understands",1,1,"245","2026-04-29 06:56:14","VVI196",450,"f","4/14/26"
"1565","girl","cdi_words","1","produces",NA,0,"104","2026-03-29 15:34:33","VVI183",420,"m","3/29/26"
"1566","girl","cdi_words","1","understands",NA,0,"104","2026-03-29 15:34:33","VVI183",420,"m","3/29/26"
"1567","girl","cdi_words","1","produces",NA,0,"125","2026-04-30 08:46:28","VVI197",450,"m","4/14/26"
"1568","girl","cdi_words","1","understands",1,1,"125","2026-04-30 08:46:28","VVI197",450,"m","4/14/26"
"1569","girl","cdi_words","1","produces",NA,0,"213","2026-02-15 21:07:24","VVI142",450,"f","2/16/26"
"1570","girl","cdi_words","1","understands",NA,0,"213","2026-02-15 21:07:24","VVI142",450,"f","2/16/26"
"1571","girl","cdi_words","1","produces",NA,0,"76","2026-04-02 15:03:35","VVI186",450,"m","2/26/04"
"1572","girl","cdi_words","1","understands",NA,0,"76","2026-04-02 15:03:35","VVI186",450,"m","2/26/04"
"1573","girl","cdi_words","1","produces",NA,0,"223","2026-03-09 15:51:32","VVI162",510,"f","2/24/26"
"1574","girl","cdi_words","1","understands",NA,0,"223","2026-03-09 15:51:32","VVI162",510,"f","2/24/26"
"1575","girl","cdi_words","1","produces",NA,0,"207","2026-04-08 10:48:19","VVI193",450,"f","8/26/04"
"1576","girl","cdi_words","1","understands",1,1,"207","2026-04-08 10:48:19","VVI193",450,"f","8/26/04"
"1577","girl","cdi_words","1","produces",NA,0,"131","2026-04-28 16:52:20","VVI201",420,"m","4/27/26"
"1578","girl","cdi_words","1","understands",NA,0,"131","2026-04-28 16:52:20","VVI201",420,"m","4/27/26"
"1579","girl","cdi_words","1","produces",NA,0,"216","2026-03-08 20:15:37","VVI146",510,"f","2/17/26"
"1580","girl","cdi_words","1","understands",NA,0,"216","2026-03-08 20:15:37","VVI146",510,"f","2/17/26"
"1581","girl","cdi_words","1","produces",NA,0,"179","2026-03-09 12:13:10","VVI160",510,"m","2/23/26"
"1582","girl","cdi_words","1","understands",NA,0,"179","2026-03-09 12:13:10","VVI160",510,"m","2/23/26"
"1583","girl","cdi_words","1","produces",NA,0,"102","2026-03-08 18:49:54","VVI164",480,"m","2/25/26"
"1584","girl","cdi_words","1","understands",NA,0,"102","2026-03-08 18:49:54","VVI164",480,"m","2/25/26"
"1585","grandma","cdi_words","1","produces",NA,0,"245","2026-04-29 06:56:14","VVI196",450,"f","4/14/26"
"1586","grandma","cdi_words","1","understands",1,1,"245","2026-04-29 06:56:14","VVI196",450,"f","4/14/26"
"1587","grandma","cdi_words","1","produces",NA,0,"104","2026-03-29 15:34:33","VVI183",420,"m","3/29/26"
"1588","grandma","cdi_words","1","understands",NA,0,"104","2026-03-29 15:34:33","VVI183",420,"m","3/29/26"
"1589","grandma","cdi_words","1","produces",NA,0,"125","2026-04-30 08:46:28","VVI197",450,"m","4/14/26"
"1590","grandma","cdi_words","1","understands",1,1,"125","2026-04-30 08:46:28","VVI197",450,"m","4/14/26"
"1591","grandma","cdi_words","1","produces",NA,0,"213","2026-02-15 21:07:24","VVI142",450,"f","2/16/26"
"1592","grandma","cdi_words","1","understands",1,1,"213","2026-02-15 21:07:24","VVI142",450,"f","2/16/26"
"1593","grandma","cdi_words","1","produces",2,1,"76","2026-04-02 15:03:35","VVI186",450,"m","2/26/04"
"1594","grandma","cdi_words","1","understands",2,1,"76","2026-04-02 15:03:35","VVI186",450,"m","2/26/04"
"1595","grandma","cdi_words","1","produces",NA,0,"223","2026-03-09 15:51:32","VVI162",510,"f","2/24/26"
"1596","grandma","cdi_words","1","understands",1,1,"223","2026-03-09 15:51:32","VVI162",510,"f","2/24/26"
"1597","grandma","cdi_words","1","produces",NA,0,"207","2026-04-08 10:48:19","VVI193",450,"f","8/26/04"
"1598","grandma","cdi_words","1","understands",1,1,"207","2026-04-08 10:48:19","VVI193",450,"f","8/26/04"
"1599","grandma","cdi_words","1","produces",NA,0,"131","2026-04-28 16:52:20","VVI201",420,"m","4/27/26"
"1600","grandma","cdi_words","1","understands",1,1,"131","2026-04-28 16:52:20","VVI201",420,"m","4/27/26"
"1601","grandma","cdi_words","1","produces",NA,0,"216","2026-03-08 20:15:37","VVI146",510,"f","2/17/26"
"1602","grandma","cdi_words","1","understands",1,1,"216","2026-03-08 20:15:37","VVI146",510,"f","2/17/26"
"1603","grandma","cdi_words","1","produces",NA,0,"179","2026-03-09 12:13:10","VVI160",510,"m","2/23/26"
"1604","grandma","cdi_words","1","understands",NA,0,"179","2026-03-09 12:13:10","VVI160",510,"m","2/23/26"
"1605","grandma","cdi_words","1","produces",NA,0,"102","2026-03-08 18:49:54","VVI164",480,"m","2/25/26"
"1606","grandma","cdi_words","1","understands",NA,0,"102","2026-03-08 18:49:54","VVI164",480,"m","2/25/26"
"1607","mommy","cdi_words","1","produces",NA,0,"245","2026-04-29 06:56:14","VVI196",450,"f","4/14/26"
"1608","mommy","cdi_words","1","understands",1,1,"245","2026-04-29 06:56:14","VVI196",450,"f","4/14/26"
"1609","mommy","cdi_words","1","produces",NA,0,"104","2026-03-29 15:34:33","VVI183",420,"m","3/29/26"
"1610","mommy","cdi_words","1","understands",1,1,"104","2026-03-29 15:34:33","VVI183",420,"m","3/29/26"
"1611","mommy","cdi_words","1","produces",NA,0,"125","2026-04-30 08:46:28","VVI197",450,"m","4/14/26"
"1612","mommy","cdi_words","1","understands",1,1,"125","2026-04-30 08:46:28","VVI197",450,"m","4/14/26"
"1613","mommy","cdi_words","1","produces",NA,0,"213","2026-02-15 21:07:24","VVI142",450,"f","2/16/26"
"1614","mommy","cdi_words","1","understands",1,1,"213","2026-02-15 21:07:24","VVI142",450,"f","2/16/26"
"1615","mommy","cdi_words","1","produces",2,1,"76","2026-04-02 15:03:35","VVI186",450,"m","2/26/04"
"1616","mommy","cdi_words","1","understands",2,1,"76","2026-04-02 15:03:35","VVI186",450,"m","2/26/04"
"1617","mommy","cdi_words","1","produces",2,1,"223","2026-03-09 15:51:32","VVI162",510,"f","2/24/26"
"1618","mommy","cdi_words","1","understands",2,1,"223","2026-03-09 15:51:32","VVI162",510,"f","2/24/26"
"1619","mommy","cdi_words","1","produces",NA,0,"207","2026-04-08 10:48:19","VVI193",450,"f","8/26/04"
"1620","mommy","cdi_words","1","understands",1,1,"207","2026-04-08 10:48:19","VVI193",450,"f","8/26/04"
"1621","mommy","cdi_words","1","produces",2,1,"131","2026-04-28 16:52:20","VVI201",420,"m","4/27/26"
"1622","mommy","cdi_words","1","understands",2,1,"131","2026-04-28 16:52:20","VVI201",420,"m","4/27/26"
"1623","mommy","cdi_words","1","produces",2,1,"216","2026-03-08 20:15:37","VVI146",510,"f","2/17/26"
"1624","mommy","cdi_words","1","understands",2,1,"216","2026-03-08 20:15:37","VVI146",510,"f","2/17/26"
"1625","mommy","cdi_words","1","produces",2,1,"179","2026-03-09 12:13:10","VVI160",510,"m","2/23/26"
"1626","mommy","cdi_words","1","understands",2,1,"179","2026-03-09 12:13:10","VVI160",510,"m","2/23/26"
"1627","mommy","cdi_words","1","produces",2,1,"102","2026-03-08 18:49:54","VVI164",480,"m","2/25/26"
"1628","mommy","cdi_words","1","understands",2,1,"102","2026-03-08 18:49:54","VVI164",480,"m","2/25/26"
"1629","bath","cdi_words","1","produces",2,1,"245","2026-04-29 06:56:14","VVI196",450,"f","4/14/26"
"1630","bath","cdi_words","1","understands",2,1,"245","2026-04-29 06:56:14","VVI196",450,"f","4/14/26"
"1631","bath","cdi_words","1","produces",NA,0,"104","2026-03-29 15:34:33","VVI183",420,"m","3/29/26"
"1632","bath","cdi_words","1","understands",1,1,"104","2026-03-29 15:34:33","VVI183",420,"m","3/29/26"
"1633","bath","cdi_words","1","produces",NA,0,"125","2026-04-30 08:46:28","VVI197",450,"m","4/14/26"
"1634","bath","cdi_words","1","understands",1,1,"125","2026-04-30 08:46:28","VVI197",450,"m","4/14/26"
"1635","bath","cdi_words","1","produces",NA,0,"213","2026-02-15 21:07:24","VVI142",450,"f","2/16/26"
"1636","bath","cdi_words","1","understands",1,1,"213","2026-02-15 21:07:24","VVI142",450,"f","2/16/26"
"1637","bath","cdi_words","1","produces",NA,0,"76","2026-04-02 15:03:35","VVI186",450,"m","2/26/04"
"1638","bath","cdi_words","1","understands",NA,0,"76","2026-04-02 15:03:35","VVI186",450,"m","2/26/04"
"1639","bath","cdi_words","1","produces",NA,0,"223","2026-03-09 15:51:32","VVI162",510,"f","2/24/26"
"1640","bath","cdi_words","1","understands",1,1,"223","2026-03-09 15:51:32","VVI162",510,"f","2/24/26"
"1641","bath","cdi_words","1","produces",NA,0,"207","2026-04-08 10:48:19","VVI193",450,"f","8/26/04"
"1642","bath","cdi_words","1","understands",1,1,"207","2026-04-08 10:48:19","VVI193",450,"f","8/26/04"
"1643","bath","cdi_words","1","produces",NA,0,"131","2026-04-28 16:52:20","VVI201",420,"m","4/27/26"
"1644","bath","cdi_words","1","understands",1,1,"131","2026-04-28 16:52:20","VVI201",420,"m","4/27/26"
"1645","bath","cdi_words","1","produces",2,1,"216","2026-03-08 20:15:37","VVI146",510,"f","2/17/26"
"1646","bath","cdi_words","1","understands",2,1,"216","2026-03-08 20:15:37","VVI146",510,"f","2/17/26"
"1647","bath","cdi_words","1","produces",NA,0,"179","2026-03-09 12:13:10","VVI160",510,"m","2/23/26"
"1648","bath","cdi_words","1","understands",NA,0,"179","2026-03-09 12:13:10","VVI160",510,"m","2/23/26"
"1649","bath","cdi_words","1","produces",NA,0,"102","2026-03-08 18:49:54","VVI164",480,"m","2/25/26"
"1650","bath","cdi_words","1","understands",1,1,"102","2026-03-08 18:49:54","VVI164",480,"m","2/25/26"
"1651","don't","cdi_words","1","produces",2,1,"245","2026-04-29 06:56:14","VVI196",450,"f","4/14/26"
"1652","don't","cdi_words","1","understands",2,1,"245","2026-04-29 06:56:14","VVI196",450,"f","4/14/26"
"1653","don't","cdi_words","1","produces",NA,0,"104","2026-03-29 15:34:33","VVI183",420,"m","3/29/26"
"1654","don't","cdi_words","1","understands",NA,0,"104","2026-03-29 15:34:33","VVI183",420,"m","3/29/26"
"1655","don't","cdi_words","1","produces",NA,0,"125","2026-04-30 08:46:28","VVI197",450,"m","4/14/26"
"1656","don't","cdi_words","1","understands",1,1,"125","2026-04-30 08:46:28","VVI197",450,"m","4/14/26"
"1657","don't","cdi_words","1","produces",NA,0,"213","2026-02-15 21:07:24","VVI142",450,"f","2/16/26"
"1658","don't","cdi_words","1","understands",1,1,"213","2026-02-15 21:07:24","VVI142",450,"f","2/16/26"
"1659","don't","cdi_words","1","produces",NA,0,"76","2026-04-02 15:03:35","VVI186",450,"m","2/26/04"
"1660","don't","cdi_words","1","understands",NA,0,"76","2026-04-02 15:03:35","VVI186",450,"m","2/26/04"
"1661","don't","cdi_words","1","produces",NA,0,"223","2026-03-09 15:51:32","VVI162",510,"f","2/24/26"
"1662","don't","cdi_words","1","understands",1,1,"223","2026-03-09 15:51:32","VVI162",510,"f","2/24/26"
"1663","don't","cdi_words","1","produces",NA,0,"207","2026-04-08 10:48:19","VVI193",450,"f","8/26/04"
"1664","don't","cdi_words","1","understands",NA,0,"207","2026-04-08 10:48:19","VVI193",450,"f","8/26/04"
"1665","don't","cdi_words","1","produces",NA,0,"131","2026-04-28 16:52:20","VVI201",420,"m","4/27/26"
"1666","don't","cdi_words","1","understands",NA,0,"131","2026-04-28 16:52:20","VVI201",420,"m","4/27/26"
"1667","don't","cdi_words","1","produces",NA,0,"216","2026-03-08 20:15:37","VVI146",510,"f","2/17/26"
"1668","don't","cdi_words","1","understands",NA,0,"216","2026-03-08 20:15:37","VVI146",510,"f","2/17/26"
"1669","don't","cdi_words","1","produces",NA,0,"179","2026-03-09 12:13:10","VVI160",510,"m","2/23/26"
"1670","don't","cdi_words","1","understands",NA,0,"179","2026-03-09 12:13:10","VVI160",510,"m","2/23/26"
"1671","don't","cdi_words","1","produces",NA,0,"102","2026-03-08 18:49:54","VVI164",480,"m","2/25/26"
"1672","don't","cdi_words","1","understands",NA,0,"102","2026-03-08 18:49:54","VVI164",480,"m","2/25/26"
"1673","hi","cdi_words","1","produces",NA,0,"245","2026-04-29 06:56:14","VVI196",450,"f","4/14/26"
"1674","hi","cdi_words","1","understands",1,1,"245","2026-04-29 06:56:14","VVI196",450,"f","4/14/26"
"1675","hi","cdi_words","1","produces",NA,0,"104","2026-03-29 15:34:33","VVI183",420,"m","3/29/26"
"1676","hi","cdi_words","1","understands",NA,0,"104","2026-03-29 15:34:33","VVI183",420,"m","3/29/26"
"1677","hi","cdi_words","1","produces",NA,0,"125","2026-04-30 08:46:28","VVI197",450,"m","4/14/26"
"1678","hi","cdi_words","1","understands",1,1,"125","2026-04-30 08:46:28","VVI197",450,"m","4/14/26"
"1679","hi","cdi_words","1","produces",2,1,"213","2026-02-15 21:07:24","VVI142",450,"f","2/16/26"
"1680","hi","cdi_words","1","understands",2,1,"213","2026-02-15 21:07:24","VVI142",450,"f","2/16/26"
"1681","hi","cdi_words","1","produces",NA,0,"76","2026-04-02 15:03:35","VVI186",450,"m","2/26/04"
"1682","hi","cdi_words","1","understands",NA,0,"76","2026-04-02 15:03:35","VVI186",450,"m","2/26/04"
"1683","hi","cdi_words","1","produces",2,1,"223","2026-03-09 15:51:32","VVI162",510,"f","2/24/26"
"1684","hi","cdi_words","1","understands",2,1,"223","2026-03-09 15:51:32","VVI162",510,"f","2/24/26"
"1685","hi","cdi_words","1","produces",NA,0,"207","2026-04-08 10:48:19","VVI193",450,"f","8/26/04"
"1686","hi","cdi_words","1","understands",1,1,"207","2026-04-08 10:48:19","VVI193",450,"f","8/26/04"
"1687","hi","cdi_words","1","produces",NA,0,"131","2026-04-28 16:52:20","VVI201",420,"m","4/27/26"
"1688","hi","cdi_words","1","understands",1,1,"131","2026-04-28 16:52:20","VVI201",420,"m","4/27/26"
"1689","hi","cdi_words","1","produces",2,1,"216","2026-03-08 20:15:37","VVI146",510,"f","2/17/26"
"1690","hi","cdi_words","1","understands",2,1,"216","2026-03-08 20:15:37","VVI146",510,"f","2/17/26"
"1691","hi","cdi_words","1","produces",2,1,"179","2026-03-09 12:13:10","VVI160",510,"m","2/23/26"
"1692","hi","cdi_words","1","understands",2,1,"179","2026-03-09 12:13:10","VVI160",510,"m","2/23/26"
"1693","hi","cdi_words","1","produces",2,1,"102","2026-03-08 18:49:54","VVI164",480,"m","2/25/26"
"1694","hi","cdi_words","1","understands",2,1,"102","2026-03-08 18:49:54","VVI164",480,"m","2/25/26"
"1695","night night","cdi_words","1","produces",2,1,"245","2026-04-29 06:56:14","VVI196",450,"f","4/14/26"
"1696","night night","cdi_words","1","understands",2,1,"245","2026-04-29 06:56:14","VVI196",450,"f","4/14/26"
"1697","night night","cdi_words","1","produces",NA,0,"104","2026-03-29 15:34:33","VVI183",420,"m","3/29/26"
"1698","night night","cdi_words","1","understands",1,1,"104","2026-03-29 15:34:33","VVI183",420,"m","3/29/26"
"1699","night night","cdi_words","1","produces",NA,0,"125","2026-04-30 08:46:28","VVI197",450,"m","4/14/26"
"1700","night night","cdi_words","1","understands",1,1,"125","2026-04-30 08:46:28","VVI197",450,"m","4/14/26"
"1701","night night","cdi_words","1","produces",NA,0,"213","2026-02-15 21:07:24","VVI142",450,"f","2/16/26"
"1702","night night","cdi_words","1","understands",NA,0,"213","2026-02-15 21:07:24","VVI142",450,"f","2/16/26"
"1703","night night","cdi_words","1","produces",NA,0,"76","2026-04-02 15:03:35","VVI186",450,"m","2/26/04"
"1704","night night","cdi_words","1","understands",1,1,"76","2026-04-02 15:03:35","VVI186",450,"m","2/26/04"
"1705","night night","cdi_words","1","produces",2,1,"223","2026-03-09 15:51:32","VVI162",510,"f","2/24/26"
"1706","night night","cdi_words","1","understands",2,1,"223","2026-03-09 15:51:32","VVI162",510,"f","2/24/26"
"1707","night night","cdi_words","1","produces",NA,0,"207","2026-04-08 10:48:19","VVI193",450,"f","8/26/04"
"1708","night night","cdi_words","1","understands",1,1,"207","2026-04-08 10:48:19","VVI193",450,"f","8/26/04"
"1709","night night","cdi_words","1","produces",NA,0,"131","2026-04-28 16:52:20","VVI201",420,"m","4/27/26"
"1710","night night","cdi_words","1","understands",1,1,"131","2026-04-28 16:52:20","VVI201",420,"m","4/27/26"
"1711","night night","cdi_words","1","produces",2,1,"216","2026-03-08 20:15:37","VVI146",510,"f","2/17/26"
"1712","night night","cdi_words","1","understands",2,1,"216","2026-03-08 20:15:37","VVI146",510,"f","2/17/26"
"1713","night night","cdi_words","1","produces",NA,0,"179","2026-03-09 12:13:10","VVI160",510,"m","2/23/26"
"1714","night night","cdi_words","1","understands",1,1,"179","2026-03-09 12:13:10","VVI160",510,"m","2/23/26"
"1715","night night","cdi_words","1","produces",NA,0,"102","2026-03-08 18:49:54","VVI164",480,"m","2/25/26"
"1716","night night","cdi_words","1","understands",NA,0,"102","2026-03-08 18:49:54","VVI164",480,"m","2/25/26"
"1717","patty cake","cdi_words","1","produces",NA,0,"245","2026-04-29 06:56:14","VVI196",450,"f","4/14/26"
"1718","patty cake","cdi_words","1","understands",1,1,"245","2026-04-29 06:56:14","VVI196",450,"f","4/14/26"
"1719","patty cake","cdi_words","1","produces",NA,0,"104","2026-03-29 15:34:33","VVI183",420,"m","3/29/26"
"1720","patty cake","cdi_words","1","understands",1,1,"104","2026-03-29 15:34:33","VVI183",420,"m","3/29/26"
"1721","patty cake","cdi_words","1","produces",NA,0,"125","2026-04-30 08:46:28","VVI197",450,"m","4/14/26"
"1722","patty cake","cdi_words","1","understands",1,1,"125","2026-04-30 08:46:28","VVI197",450,"m","4/14/26"
"1723","patty cake","cdi_words","1","produces",NA,0,"213","2026-02-15 21:07:24","VVI142",450,"f","2/16/26"
"1724","patty cake","cdi_words","1","understands",NA,0,"213","2026-02-15 21:07:24","VVI142",450,"f","2/16/26"
"1725","patty cake","cdi_words","1","produces",NA,0,"76","2026-04-02 15:03:35","VVI186",450,"m","2/26/04"
"1726","patty cake","cdi_words","1","understands",NA,0,"76","2026-04-02 15:03:35","VVI186",450,"m","2/26/04"
"1727","patty cake","cdi_words","1","produces",NA,0,"223","2026-03-09 15:51:32","VVI162",510,"f","2/24/26"
"1728","patty cake","cdi_words","1","understands",NA,0,"223","2026-03-09 15:51:32","VVI162",510,"f","2/24/26"
"1729","patty cake","cdi_words","1","produces",NA,0,"207","2026-04-08 10:48:19","VVI193",450,"f","8/26/04"
"1730","patty cake","cdi_words","1","understands",NA,0,"207","2026-04-08 10:48:19","VVI193",450,"f","8/26/04"
"1731","patty cake","cdi_words","1","produces",NA,0,"131","2026-04-28 16:52:20","VVI201",420,"m","4/27/26"
"1732","patty cake","cdi_words","1","understands",1,1,"131","2026-04-28 16:52:20","VVI201",420,"m","4/27/26"
"1733","patty cake","cdi_words","1","produces",NA,0,"216","2026-03-08 20:15:37","VVI146",510,"f","2/17/26"
"1734","patty cake","cdi_words","1","understands",NA,0,"216","2026-03-08 20:15:37","VVI146",510,"f","2/17/26"
"1735","patty cake","cdi_words","1","produces",NA,0,"179","2026-03-09 12:13:10","VVI160",510,"m","2/23/26"
"1736","patty cake","cdi_words","1","understands",NA,0,"179","2026-03-09 12:13:10","VVI160",510,"m","2/23/26"
"1737","patty cake","cdi_words","1","produces",NA,0,"102","2026-03-08 18:49:54","VVI164",480,"m","2/25/26"
"1738","patty cake","cdi_words","1","understands",NA,0,"102","2026-03-08 18:49:54","VVI164",480,"m","2/25/26"
"1739","dog","cdi_words","1","produces",NA,0,"245","2026-04-29 06:56:14","VVI196",450,"f","4/14/26"
"1740","dog","cdi_words","1","understands",1,1,"245","2026-04-29 06:56:14","VVI196",450,"f","4/14/26"
"1741","dog","cdi_words","1","produces",NA,0,"104","2026-03-29 15:34:33","VVI183",420,"m","3/29/26"
"1742","dog","cdi_words","1","understands",1,1,"104","2026-03-29 15:34:33","VVI183",420,"m","3/29/26"
"1743","dog","cdi_words","1","produces",NA,0,"125","2026-04-30 08:46:28","VVI197",450,"m","4/14/26"
"1744","dog","cdi_words","1","understands",1,1,"125","2026-04-30 08:46:28","VVI197",450,"m","4/14/26"
"1745","dog","cdi_words","1","produces",NA,0,"213","2026-02-15 21:07:24","VVI142",450,"f","2/16/26"
"1746","dog","cdi_words","1","understands",1,1,"213","2026-02-15 21:07:24","VVI142",450,"f","2/16/26"
"1747","dog","cdi_words","1","produces",NA,0,"76","2026-04-02 15:03:35","VVI186",450,"m","2/26/04"
"1748","dog","cdi_words","1","understands",NA,0,"76","2026-04-02 15:03:35","VVI186",450,"m","2/26/04"
"1749","dog","cdi_words","1","produces",2,1,"223","2026-03-09 15:51:32","VVI162",510,"f","2/24/26"
"1750","dog","cdi_words","1","understands",2,1,"223","2026-03-09 15:51:32","VVI162",510,"f","2/24/26"
"1751","dog","cdi_words","1","produces",NA,0,"207","2026-04-08 10:48:19","VVI193",450,"f","8/26/04"
"1752","dog","cdi_words","1","understands",1,1,"207","2026-04-08 10:48:19","VVI193",450,"f","8/26/04"
"1753","dog","cdi_words","1","produces",NA,0,"131","2026-04-28 16:52:20","VVI201",420,"m","4/27/26"
"1754","dog","cdi_words","1","understands",1,1,"131","2026-04-28 16:52:20","VVI201",420,"m","4/27/26"
"1755","dog","cdi_words","1","produces",2,1,"216","2026-03-08 20:15:37","VVI146",510,"f","2/17/26"
"1756","dog","cdi_words","1","understands",2,1,"216","2026-03-08 20:15:37","VVI146",510,"f","2/17/26"
"1757","dog","cdi_words","1","produces",NA,0,"179","2026-03-09 12:13:10","VVI160",510,"m","2/23/26"
"1758","dog","cdi_words","1","understands",1,1,"179","2026-03-09 12:13:10","VVI160",510,"m","2/23/26"
"1759","dog","cdi_words","1","produces",NA,0,"102","2026-03-08 18:49:54","VVI164",480,"m","2/25/26"
"1760","dog","cdi_words","1","understands",NA,0,"102","2026-03-08 18:49:54","VVI164",480,"m","2/25/26"
"1761","please","cdi_words","1","produces",NA,0,"245","2026-04-29 06:56:14","VVI196",450,"f","4/14/26"
"1762","please","cdi_words","1","understands",1,1,"245","2026-04-29 06:56:14","VVI196",450,"f","4/14/26"
"1763","please","cdi_words","1","produces",NA,0,"104","2026-03-29 15:34:33","VVI183",420,"m","3/29/26"
"1764","please","cdi_words","1","understands",NA,0,"104","2026-03-29 15:34:33","VVI183",420,"m","3/29/26"
"1765","please","cdi_words","1","produces",NA,0,"125","2026-04-30 08:46:28","VVI197",450,"m","4/14/26"
"1766","please","cdi_words","1","understands",1,1,"125","2026-04-30 08:46:28","VVI197",450,"m","4/14/26"
"1767","please","cdi_words","1","produces",NA,0,"213","2026-02-15 21:07:24","VVI142",450,"f","2/16/26"
"1768","please","cdi_words","1","understands",1,1,"213","2026-02-15 21:07:24","VVI142",450,"f","2/16/26"
"1769","please","cdi_words","1","produces",NA,0,"76","2026-04-02 15:03:35","VVI186",450,"m","2/26/04"
"1770","please","cdi_words","1","understands",NA,0,"76","2026-04-02 15:03:35","VVI186",450,"m","2/26/04"
"1771","please","cdi_words","1","produces",NA,0,"223","2026-03-09 15:51:32","VVI162",510,"f","2/24/26"
"1772","please","cdi_words","1","understands",1,1,"223","2026-03-09 15:51:32","VVI162",510,"f","2/24/26"
"1773","please","cdi_words","1","produces",NA,0,"207","2026-04-08 10:48:19","VVI193",450,"f","8/26/04"
"1774","please","cdi_words","1","understands",1,1,"207","2026-04-08 10:48:19","VVI193",450,"f","8/26/04"
"1775","please","cdi_words","1","produces",NA,0,"131","2026-04-28 16:52:20","VVI201",420,"m","4/27/26"
"1776","please","cdi_words","1","understands",1,1,"131","2026-04-28 16:52:20","VVI201",420,"m","4/27/26"
"1777","please","cdi_words","1","produces",NA,0,"216","2026-03-08 20:15:37","VVI146",510,"f","2/17/26"
"1778","please","cdi_words","1","understands",NA,0,"216","2026-03-08 20:15:37","VVI146",510,"f","2/17/26"
"1779","please","cdi_words","1","produces",NA,0,"179","2026-03-09 12:13:10","VVI160",510,"m","2/23/26"
"1780","please","cdi_words","1","understands",NA,0,"179","2026-03-09 12:13:10","VVI160",510,"m","2/23/26"
"1781","please","cdi_words","1","produces",NA,0,"102","2026-03-08 18:49:54","VVI164",480,"m","2/25/26"
"1782","please","cdi_words","1","understands",NA,0,"102","2026-03-08 18:49:54","VVI164",480,"m","2/25/26"
"1783","wait","cdi_words","1","produces",NA,0,"245","2026-04-29 06:56:14","VVI196",450,"f","4/14/26"
"1784","wait","cdi_words","1","understands",1,1,"245","2026-04-29 06:56:14","VVI196",450,"f","4/14/26"
"1785","wait","cdi_words","1","produces",NA,0,"104","2026-03-29 15:34:33","VVI183",420,"m","3/29/26"
"1786","wait","cdi_words","1","understands",NA,0,"104","2026-03-29 15:34:33","VVI183",420,"m","3/29/26"
"1787","wait","cdi_words","1","produces",NA,0,"125","2026-04-30 08:46:28","VVI197",450,"m","4/14/26"
"1788","wait","cdi_words","1","understands",1,1,"125","2026-04-30 08:46:28","VVI197",450,"m","4/14/26"
"1789","wait","cdi_words","1","produces",NA,0,"213","2026-02-15 21:07:24","VVI142",450,"f","2/16/26"
"1790","wait","cdi_words","1","understands",1,1,"213","2026-02-15 21:07:24","VVI142",450,"f","2/16/26"
"1791","wait","cdi_words","1","produces",NA,0,"76","2026-04-02 15:03:35","VVI186",450,"m","2/26/04"
"1792","wait","cdi_words","1","understands",NA,0,"76","2026-04-02 15:03:35","VVI186",450,"m","2/26/04"
"1793","wait","cdi_words","1","produces",NA,0,"223","2026-03-09 15:51:32","VVI162",510,"f","2/24/26"
"1794","wait","cdi_words","1","understands",1,1,"223","2026-03-09 15:51:32","VVI162",510,"f","2/24/26"
"1795","wait","cdi_words","1","produces",NA,0,"207","2026-04-08 10:48:19","VVI193",450,"f","8/26/04"
"1796","wait","cdi_words","1","understands",1,1,"207","2026-04-08 10:48:19","VVI193",450,"f","8/26/04"
"1797","wait","cdi_words","1","produces",NA,0,"131","2026-04-28 16:52:20","VVI201",420,"m","4/27/26"
"1798","wait","cdi_words","1","understands",1,1,"131","2026-04-28 16:52:20","VVI201",420,"m","4/27/26"
"1799","wait","cdi_words","1","produces",NA,0,"216","2026-03-08 20:15:37","VVI146",510,"f","2/17/26"
"1800","wait","cdi_words","1","understands",NA,0,"216","2026-03-08 20:15:37","VVI146",510,"f","2/17/26"
"1801","wait","cdi_words","1","produces",NA,0,"179","2026-03-09 12:13:10","VVI160",510,"m","2/23/26"
"1802","wait","cdi_words","1","understands",NA,0,"179","2026-03-09 12:13:10","VVI160",510,"m","2/23/26"
"1803","wait","cdi_words","1","produces",NA,0,"102","2026-03-08 18:49:54","VVI164",480,"m","2/25/26"
"1804","wait","cdi_words","1","understands",NA,0,"102","2026-03-08 18:49:54","VVI164",480,"m","2/25/26"
"1805","break","cdi_words","1","produces",NA,0,"245","2026-04-29 06:56:14","VVI196",450,"f","4/14/26"
"1806","break","cdi_words","1","understands",1,1,"245","2026-04-29 06:56:14","VVI196",450,"f","4/14/26"
"1807","break","cdi_words","1","produces",NA,0,"104","2026-03-29 15:34:33","VVI183",420,"m","3/29/26"
"1808","break","cdi_words","1","understands",NA,0,"104","2026-03-29 15:34:33","VVI183",420,"m","3/29/26"
"1809","break","cdi_words","1","produces",NA,0,"125","2026-04-30 08:46:28","VVI197",450,"m","4/14/26"
"1810","break","cdi_words","1","understands",1,1,"125","2026-04-30 08:46:28","VVI197",450,"m","4/14/26"
"1811","break","cdi_words","1","produces",NA,0,"213","2026-02-15 21:07:24","VVI142",450,"f","2/16/26"
"1812","break","cdi_words","1","understands",NA,0,"213","2026-02-15 21:07:24","VVI142",450,"f","2/16/26"
"1813","break","cdi_words","1","produces",NA,0,"76","2026-04-02 15:03:35","VVI186",450,"m","2/26/04"
"1814","break","cdi_words","1","understands",NA,0,"76","2026-04-02 15:03:35","VVI186",450,"m","2/26/04"
"1815","break","cdi_words","1","produces",NA,0,"223","2026-03-09 15:51:32","VVI162",510,"f","2/24/26"
"1816","break","cdi_words","1","understands",NA,0,"223","2026-03-09 15:51:32","VVI162",510,"f","2/24/26"
"1817","break","cdi_words","1","produces",NA,0,"207","2026-04-08 10:48:19","VVI193",450,"f","8/26/04"
"1818","break","cdi_words","1","understands",1,1,"207","2026-04-08 10:48:19","VVI193",450,"f","8/26/04"
"1819","break","cdi_words","1","produces",NA,0,"131","2026-04-28 16:52:20","VVI201",420,"m","4/27/26"
"1820","break","cdi_words","1","understands",NA,0,"131","2026-04-28 16:52:20","VVI201",420,"m","4/27/26"
"1821","break","cdi_words","1","produces",NA,0,"216","2026-03-08 20:15:37","VVI146",510,"f","2/17/26"
"1822","break","cdi_words","1","understands",NA,0,"216","2026-03-08 20:15:37","VVI146",510,"f","2/17/26"
"1823","break","cdi_words","1","produces",NA,0,"179","2026-03-09 12:13:10","VVI160",510,"m","2/23/26"
"1824","break","cdi_words","1","understands",NA,0,"179","2026-03-09 12:13:10","VVI160",510,"m","2/23/26"
"1825","break","cdi_words","1","produces",NA,0,"102","2026-03-08 18:49:54","VVI164",480,"m","2/25/26"
"1826","break","cdi_words","1","understands",NA,0,"102","2026-03-08 18:49:54","VVI164",480,"m","2/25/26"
"1827","feed","cdi_words","1","produces",NA,0,"245","2026-04-29 06:56:14","VVI196",450,"f","4/14/26"
"1828","feed","cdi_words","1","understands",1,1,"245","2026-04-29 06:56:14","VVI196",450,"f","4/14/26"
"1829","feed","cdi_words","1","produces",NA,0,"104","2026-03-29 15:34:33","VVI183",420,"m","3/29/26"
"1830","feed","cdi_words","1","understands",NA,0,"104","2026-03-29 15:34:33","VVI183",420,"m","3/29/26"
"1831","feed","cdi_words","1","produces",NA,0,"125","2026-04-30 08:46:28","VVI197",450,"m","4/14/26"
"1832","feed","cdi_words","1","understands",1,1,"125","2026-04-30 08:46:28","VVI197",450,"m","4/14/26"
"1833","feed","cdi_words","1","produces",NA,0,"213","2026-02-15 21:07:24","VVI142",450,"f","2/16/26"
"1834","feed","cdi_words","1","understands",1,1,"213","2026-02-15 21:07:24","VVI142",450,"f","2/16/26"
"1835","feed","cdi_words","1","produces",NA,0,"76","2026-04-02 15:03:35","VVI186",450,"m","2/26/04"
"1836","feed","cdi_words","1","understands",NA,0,"76","2026-04-02 15:03:35","VVI186",450,"m","2/26/04"
"1837","feed","cdi_words","1","produces",NA,0,"223","2026-03-09 15:51:32","VVI162",510,"f","2/24/26"
"1838","feed","cdi_words","1","understands",NA,0,"223","2026-03-09 15:51:32","VVI162",510,"f","2/24/26"
"1839","feed","cdi_words","1","produces",NA,0,"207","2026-04-08 10:48:19","VVI193",450,"f","8/26/04"
"1840","feed","cdi_words","1","understands",1,1,"207","2026-04-08 10:48:19","VVI193",450,"f","8/26/04"
"1841","feed","cdi_words","1","produces",NA,0,"131","2026-04-28 16:52:20","VVI201",420,"m","4/27/26"
"1842","feed","cdi_words","1","understands",NA,0,"131","2026-04-28 16:52:20","VVI201",420,"m","4/27/26"
"1843","feed","cdi_words","1","produces",NA,0,"216","2026-03-08 20:15:37","VVI146",510,"f","2/17/26"
"1844","feed","cdi_words","1","understands",NA,0,"216","2026-03-08 20:15:37","VVI146",510,"f","2/17/26"
"1845","feed","cdi_words","1","produces",NA,0,"179","2026-03-09 12:13:10","VVI160",510,"m","2/23/26"
"1846","feed","cdi_words","1","understands",NA,0,"179","2026-03-09 12:13:10","VVI160",510,"m","2/23/26"
"1847","feed","cdi_words","1","produces",NA,0,"102","2026-03-08 18:49:54","VVI164",480,"m","2/25/26"
"1848","feed","cdi_words","1","understands",NA,0,"102","2026-03-08 18:49:54","VVI164",480,"m","2/25/26"
"1849","finish","cdi_words","1","produces",NA,0,"245","2026-04-29 06:56:14","VVI196",450,"f","4/14/26"
"1850","finish","cdi_words","1","understands",1,1,"245","2026-04-29 06:56:14","VVI196",450,"f","4/14/26"
"1851","finish","cdi_words","1","produces",NA,0,"104","2026-03-29 15:34:33","VVI183",420,"m","3/29/26"
"1852","finish","cdi_words","1","understands",NA,0,"104","2026-03-29 15:34:33","VVI183",420,"m","3/29/26"
"1853","finish","cdi_words","1","produces",NA,0,"125","2026-04-30 08:46:28","VVI197",450,"m","4/14/26"
"1854","finish","cdi_words","1","understands",1,1,"125","2026-04-30 08:46:28","VVI197",450,"m","4/14/26"
"1855","finish","cdi_words","1","produces",NA,0,"213","2026-02-15 21:07:24","VVI142",450,"f","2/16/26"
"1856","finish","cdi_words","1","understands",1,1,"213","2026-02-15 21:07:24","VVI142",450,"f","2/16/26"
"1857","finish","cdi_words","1","produces",NA,0,"76","2026-04-02 15:03:35","VVI186",450,"m","2/26/04"
"1858","finish","cdi_words","1","understands",NA,0,"76","2026-04-02 15:03:35","VVI186",450,"m","2/26/04"
"1859","finish","cdi_words","1","produces",NA,0,"223","2026-03-09 15:51:32","VVI162",510,"f","2/24/26"
"1860","finish","cdi_words","1","understands",NA,0,"223","2026-03-09 15:51:32","VVI162",510,"f","2/24/26"
"1861","finish","cdi_words","1","produces",NA,0,"207","2026-04-08 10:48:19","VVI193",450,"f","8/26/04"
"1862","finish","cdi_words","1","understands",NA,0,"207","2026-04-08 10:48:19","VVI193",450,"f","8/26/04"
"1863","finish","cdi_words","1","produces",NA,0,"131","2026-04-28 16:52:20","VVI201",420,"m","4/27/26"
"1864","finish","cdi_words","1","understands",1,1,"131","2026-04-28 16:52:20","VVI201",420,"m","4/27/26"
"1865","finish","cdi_words","1","produces",NA,0,"216","2026-03-08 20:15:37","VVI146",510,"f","2/17/26"
"1866","finish","cdi_words","1","understands",NA,0,"216","2026-03-08 20:15:37","VVI146",510,"f","2/17/26"
"1867","finish","cdi_words","1","produces",NA,0,"179","2026-03-09 12:13:10","VVI160",510,"m","2/23/26"
"1868","finish","cdi_words","1","understands",NA,0,"179","2026-03-09 12:13:10","VVI160",510,"m","2/23/26"
"1869","finish","cdi_words","1","produces",NA,0,"102","2026-03-08 18:49:54","VVI164",480,"m","2/25/26"
"1870","finish","cdi_words","1","understands",NA,0,"102","2026-03-08 18:49:54","VVI164",480,"m","2/25/26"
"1871","help","cdi_words","1","produces",NA,0,"245","2026-04-29 06:56:14","VVI196",450,"f","4/14/26"
"1872","help","cdi_words","1","understands",1,1,"245","2026-04-29 06:56:14","VVI196",450,"f","4/14/26"
"1873","help","cdi_words","1","produces",NA,0,"104","2026-03-29 15:34:33","VVI183",420,"m","3/29/26"
"1874","help","cdi_words","1","understands",NA,0,"104","2026-03-29 15:34:33","VVI183",420,"m","3/29/26"
"1875","help","cdi_words","1","produces",NA,0,"125","2026-04-30 08:46:28","VVI197",450,"m","4/14/26"
"1876","help","cdi_words","1","understands",1,1,"125","2026-04-30 08:46:28","VVI197",450,"m","4/14/26"
"1877","help","cdi_words","1","produces",NA,0,"213","2026-02-15 21:07:24","VVI142",450,"f","2/16/26"
"1878","help","cdi_words","1","understands",1,1,"213","2026-02-15 21:07:24","VVI142",450,"f","2/16/26"
"1879","help","cdi_words","1","produces",NA,0,"76","2026-04-02 15:03:35","VVI186",450,"m","2/26/04"
"1880","help","cdi_words","1","understands",NA,0,"76","2026-04-02 15:03:35","VVI186",450,"m","2/26/04"
"1881","help","cdi_words","1","produces",NA,0,"223","2026-03-09 15:51:32","VVI162",510,"f","2/24/26"
"1882","help","cdi_words","1","understands",1,1,"223","2026-03-09 15:51:32","VVI162",510,"f","2/24/26"
"1883","help","cdi_words","1","produces",NA,0,"207","2026-04-08 10:48:19","VVI193",450,"f","8/26/04"
"1884","help","cdi_words","1","understands",1,1,"207","2026-04-08 10:48:19","VVI193",450,"f","8/26/04"
"1885","help","cdi_words","1","produces",NA,0,"131","2026-04-28 16:52:20","VVI201",420,"m","4/27/26"
"1886","help","cdi_words","1","understands",1,1,"131","2026-04-28 16:52:20","VVI201",420,"m","4/27/26"
"1887","help","cdi_words","1","produces",NA,0,"216","2026-03-08 20:15:37","VVI146",510,"f","2/17/26"
"1888","help","cdi_words","1","understands",NA,0,"216","2026-03-08 20:15:37","VVI146",510,"f","2/17/26"
"1889","help","cdi_words","1","produces",NA,0,"179","2026-03-09 12:13:10","VVI160",510,"m","2/23/26"
"1890","help","cdi_words","1","understands",NA,0,"179","2026-03-09 12:13:10","VVI160",510,"m","2/23/26"
"1891","help","cdi_words","1","produces",NA,0,"102","2026-03-08 18:49:54","VVI164",480,"m","2/25/26"
"1892","help","cdi_words","1","understands",NA,0,"102","2026-03-08 18:49:54","VVI164",480,"m","2/25/26"
"1893","jump","cdi_words","1","produces",NA,0,"245","2026-04-29 06:56:14","VVI196",450,"f","4/14/26"
"1894","jump","cdi_words","1","understands",1,1,"245","2026-04-29 06:56:14","VVI196",450,"f","4/14/26"
"1895","jump","cdi_words","1","produces",NA,0,"104","2026-03-29 15:34:33","VVI183",420,"m","3/29/26"
"1896","jump","cdi_words","1","understands",NA,0,"104","2026-03-29 15:34:33","VVI183",420,"m","3/29/26"
"1897","jump","cdi_words","1","produces",NA,0,"125","2026-04-30 08:46:28","VVI197",450,"m","4/14/26"
"1898","jump","cdi_words","1","understands",1,1,"125","2026-04-30 08:46:28","VVI197",450,"m","4/14/26"
"1899","jump","cdi_words","1","produces",NA,0,"213","2026-02-15 21:07:24","VVI142",450,"f","2/16/26"
"1900","jump","cdi_words","1","understands",1,1,"213","2026-02-15 21:07:24","VVI142",450,"f","2/16/26"
"1901","jump","cdi_words","1","produces",NA,0,"76","2026-04-02 15:03:35","VVI186",450,"m","2/26/04"
"1902","jump","cdi_words","1","understands",NA,0,"76","2026-04-02 15:03:35","VVI186",450,"m","2/26/04"
"1903","jump","cdi_words","1","produces",NA,0,"223","2026-03-09 15:51:32","VVI162",510,"f","2/24/26"
"1904","jump","cdi_words","1","understands",1,1,"223","2026-03-09 15:51:32","VVI162",510,"f","2/24/26"
"1905","jump","cdi_words","1","produces",NA,0,"207","2026-04-08 10:48:19","VVI193",450,"f","8/26/04"
"1906","jump","cdi_words","1","understands",NA,0,"207","2026-04-08 10:48:19","VVI193",450,"f","8/26/04"
"1907","jump","cdi_words","1","produces",NA,0,"131","2026-04-28 16:52:20","VVI201",420,"m","4/27/26"
"1908","jump","cdi_words","1","understands",NA,0,"131","2026-04-28 16:52:20","VVI201",420,"m","4/27/26"
"1909","jump","cdi_words","1","produces",NA,0,"216","2026-03-08 20:15:37","VVI146",510,"f","2/17/26"
"1910","jump","cdi_words","1","understands",1,1,"216","2026-03-08 20:15:37","VVI146",510,"f","2/17/26"
"1911","jump","cdi_words","1","produces",NA,0,"179","2026-03-09 12:13:10","VVI160",510,"m","2/23/26"
"1912","jump","cdi_words","1","understands",NA,0,"179","2026-03-09 12:13:10","VVI160",510,"m","2/23/26"
"1913","jump","cdi_words","1","produces",NA,0,"102","2026-03-08 18:49:54","VVI164",480,"m","2/25/26"
"1914","jump","cdi_words","1","understands",NA,0,"102","2026-03-08 18:49:54","VVI164",480,"m","2/25/26"
"1915","kick","cdi_words","1","produces",NA,0,"245","2026-04-29 06:56:14","VVI196",450,"f","4/14/26"
"1916","kick","cdi_words","1","understands",1,1,"245","2026-04-29 06:56:14","VVI196",450,"f","4/14/26"
"1917","kick","cdi_words","1","produces",NA,0,"104","2026-03-29 15:34:33","VVI183",420,"m","3/29/26"
"1918","kick","cdi_words","1","understands",NA,0,"104","2026-03-29 15:34:33","VVI183",420,"m","3/29/26"
"1919","kick","cdi_words","1","produces",NA,0,"125","2026-04-30 08:46:28","VVI197",450,"m","4/14/26"
"1920","kick","cdi_words","1","understands",1,1,"125","2026-04-30 08:46:28","VVI197",450,"m","4/14/26"
"1921","kick","cdi_words","1","produces",NA,0,"213","2026-02-15 21:07:24","VVI142",450,"f","2/16/26"
"1922","kick","cdi_words","1","understands",1,1,"213","2026-02-15 21:07:24","VVI142",450,"f","2/16/26"
"1923","kick","cdi_words","1","produces",NA,0,"76","2026-04-02 15:03:35","VVI186",450,"m","2/26/04"
"1924","kick","cdi_words","1","understands",NA,0,"76","2026-04-02 15:03:35","VVI186",450,"m","2/26/04"
"1925","kick","cdi_words","1","produces",NA,0,"223","2026-03-09 15:51:32","VVI162",510,"f","2/24/26"
"1926","kick","cdi_words","1","understands",NA,0,"223","2026-03-09 15:51:32","VVI162",510,"f","2/24/26"
"1927","kick","cdi_words","1","produces",NA,0,"207","2026-04-08 10:48:19","VVI193",450,"f","8/26/04"
"1928","kick","cdi_words","1","understands",NA,0,"207","2026-04-08 10:48:19","VVI193",450,"f","8/26/04"
"1929","kick","cdi_words","1","produces",NA,0,"131","2026-04-28 16:52:20","VVI201",420,"m","4/27/26"
"1930","kick","cdi_words","1","understands",NA,0,"131","2026-04-28 16:52:20","VVI201",420,"m","4/27/26"
"1931","kick","cdi_words","1","produces",NA,0,"216","2026-03-08 20:15:37","VVI146",510,"f","2/17/26"
"1932","kick","cdi_words","1","understands",1,1,"216","2026-03-08 20:15:37","VVI146",510,"f","2/17/26"
"1933","kick","cdi_words","1","produces",NA,0,"179","2026-03-09 12:13:10","VVI160",510,"m","2/23/26"
"1934","kick","cdi_words","1","understands",NA,0,"179","2026-03-09 12:13:10","VVI160",510,"m","2/23/26"
"1935","kick","cdi_words","1","produces",NA,0,"102","2026-03-08 18:49:54","VVI164",480,"m","2/25/26"
"1936","kick","cdi_words","1","understands",NA,0,"102","2026-03-08 18:49:54","VVI164",480,"m","2/25/26"
"1937","kiss","cdi_words","1","produces",NA,0,"245","2026-04-29 06:56:14","VVI196",450,"f","4/14/26"
"1938","kiss","cdi_words","1","understands",1,1,"245","2026-04-29 06:56:14","VVI196",450,"f","4/14/26"
"1939","kiss","cdi_words","1","produces",NA,0,"104","2026-03-29 15:34:33","VVI183",420,"m","3/29/26"
"1940","kiss","cdi_words","1","understands",1,1,"104","2026-03-29 15:34:33","VVI183",420,"m","3/29/26"
"1941","kiss","cdi_words","1","produces",NA,0,"125","2026-04-30 08:46:28","VVI197",450,"m","4/14/26"
"1942","kiss","cdi_words","1","understands",1,1,"125","2026-04-30 08:46:28","VVI197",450,"m","4/14/26"
"1943","kiss","cdi_words","1","produces",NA,0,"213","2026-02-15 21:07:24","VVI142",450,"f","2/16/26"
"1944","kiss","cdi_words","1","understands",1,1,"213","2026-02-15 21:07:24","VVI142",450,"f","2/16/26"
"1945","kiss","cdi_words","1","produces",NA,0,"76","2026-04-02 15:03:35","VVI186",450,"m","2/26/04"
"1946","kiss","cdi_words","1","understands",NA,0,"76","2026-04-02 15:03:35","VVI186",450,"m","2/26/04"
"1947","kiss","cdi_words","1","produces",NA,0,"223","2026-03-09 15:51:32","VVI162",510,"f","2/24/26"
"1948","kiss","cdi_words","1","understands",1,1,"223","2026-03-09 15:51:32","VVI162",510,"f","2/24/26"
"1949","kiss","cdi_words","1","produces",NA,0,"207","2026-04-08 10:48:19","VVI193",450,"f","8/26/04"
"1950","kiss","cdi_words","1","understands",NA,0,"207","2026-04-08 10:48:19","VVI193",450,"f","8/26/04"
"1951","kiss","cdi_words","1","produces",NA,0,"131","2026-04-28 16:52:20","VVI201",420,"m","4/27/26"
"1952","kiss","cdi_words","1","understands",NA,0,"131","2026-04-28 16:52:20","VVI201",420,"m","4/27/26"
"1953","kiss","cdi_words","1","produces",NA,0,"216","2026-03-08 20:15:37","VVI146",510,"f","2/17/26"
"1954","kiss","cdi_words","1","understands",1,1,"216","2026-03-08 20:15:37","VVI146",510,"f","2/17/26"
"1955","kiss","cdi_words","1","produces",NA,0,"179","2026-03-09 12:13:10","VVI160",510,"m","2/23/26"
"1956","kiss","cdi_words","1","understands",1,1,"179","2026-03-09 12:13:10","VVI160",510,"m","2/23/26"
"1957","kiss","cdi_words","1","produces",NA,0,"102","2026-03-08 18:49:54","VVI164",480,"m","2/25/26"
"1958","kiss","cdi_words","1","understands",1,1,"102","2026-03-08 18:49:54","VVI164",480,"m","2/25/26"
"1959","push","cdi_words","1","produces",NA,0,"245","2026-04-29 06:56:14","VVI196",450,"f","4/14/26"
"1960","push","cdi_words","1","understands",1,1,"245","2026-04-29 06:56:14","VVI196",450,"f","4/14/26"
"1961","push","cdi_words","1","produces",NA,0,"104","2026-03-29 15:34:33","VVI183",420,"m","3/29/26"
"1962","push","cdi_words","1","understands",NA,0,"104","2026-03-29 15:34:33","VVI183",420,"m","3/29/26"
"1963","push","cdi_words","1","produces",NA,0,"125","2026-04-30 08:46:28","VVI197",450,"m","4/14/26"
"1964","push","cdi_words","1","understands",NA,0,"125","2026-04-30 08:46:28","VVI197",450,"m","4/14/26"
"1965","push","cdi_words","1","produces",NA,0,"213","2026-02-15 21:07:24","VVI142",450,"f","2/16/26"
"1966","push","cdi_words","1","understands",NA,0,"213","2026-02-15 21:07:24","VVI142",450,"f","2/16/26"
"1967","push","cdi_words","1","produces",NA,0,"76","2026-04-02 15:03:35","VVI186",450,"m","2/26/04"
"1968","push","cdi_words","1","understands",NA,0,"76","2026-04-02 15:03:35","VVI186",450,"m","2/26/04"
"1969","push","cdi_words","1","produces",NA,0,"223","2026-03-09 15:51:32","VVI162",510,"f","2/24/26"
"1970","push","cdi_words","1","understands",NA,0,"223","2026-03-09 15:51:32","VVI162",510,"f","2/24/26"
"1971","push","cdi_words","1","produces",NA,0,"207","2026-04-08 10:48:19","VVI193",450,"f","8/26/04"
"1972","push","cdi_words","1","understands",NA,0,"207","2026-04-08 10:48:19","VVI193",450,"f","8/26/04"
"1973","push","cdi_words","1","produces",NA,0,"131","2026-04-28 16:52:20","VVI201",420,"m","4/27/26"
"1974","push","cdi_words","1","understands",NA,0,"131","2026-04-28 16:52:20","VVI201",420,"m","4/27/26"
"1975","push","cdi_words","1","produces",NA,0,"216","2026-03-08 20:15:37","VVI146",510,"f","2/17/26"
"1976","push","cdi_words","1","understands",1,1,"216","2026-03-08 20:15:37","VVI146",510,"f","2/17/26"
"1977","push","cdi_words","1","produces",NA,0,"179","2026-03-09 12:13:10","VVI160",510,"m","2/23/26"
"1978","push","cdi_words","1","understands",NA,0,"179","2026-03-09 12:13:10","VVI160",510,"m","2/23/26"
"1979","push","cdi_words","1","produces",NA,0,"102","2026-03-08 18:49:54","VVI164",480,"m","2/25/26"
"1980","push","cdi_words","1","understands",NA,0,"102","2026-03-08 18:49:54","VVI164",480,"m","2/25/26"
"1981","duck","cdi_words","1","produces",NA,0,"245","2026-04-29 06:56:14","VVI196",450,"f","4/14/26"
"1982","duck","cdi_words","1","understands",1,1,"245","2026-04-29 06:56:14","VVI196",450,"f","4/14/26"
"1983","duck","cdi_words","1","produces",NA,0,"104","2026-03-29 15:34:33","VVI183",420,"m","3/29/26"
"1984","duck","cdi_words","1","understands",NA,0,"104","2026-03-29 15:34:33","VVI183",420,"m","3/29/26"
"1985","duck","cdi_words","1","produces",NA,0,"125","2026-04-30 08:46:28","VVI197",450,"m","4/14/26"
"1986","duck","cdi_words","1","understands",1,1,"125","2026-04-30 08:46:28","VVI197",450,"m","4/14/26"
"1987","duck","cdi_words","1","produces",NA,0,"213","2026-02-15 21:07:24","VVI142",450,"f","2/16/26"
"1988","duck","cdi_words","1","understands",1,1,"213","2026-02-15 21:07:24","VVI142",450,"f","2/16/26"
"1989","duck","cdi_words","1","produces",NA,0,"76","2026-04-02 15:03:35","VVI186",450,"m","2/26/04"
"1990","duck","cdi_words","1","understands",1,1,"76","2026-04-02 15:03:35","VVI186",450,"m","2/26/04"
"1991","duck","cdi_words","1","produces",2,1,"223","2026-03-09 15:51:32","VVI162",510,"f","2/24/26"
"1992","duck","cdi_words","1","understands",2,1,"223","2026-03-09 15:51:32","VVI162",510,"f","2/24/26"
"1993","duck","cdi_words","1","produces",NA,0,"207","2026-04-08 10:48:19","VVI193",450,"f","8/26/04"
"1994","duck","cdi_words","1","understands",1,1,"207","2026-04-08 10:48:19","VVI193",450,"f","8/26/04"
"1995","duck","cdi_words","1","produces",NA,0,"131","2026-04-28 16:52:20","VVI201",420,"m","4/27/26"
"1996","duck","cdi_words","1","understands",NA,0,"131","2026-04-28 16:52:20","VVI201",420,"m","4/27/26"
"1997","duck","cdi_words","1","produces",NA,0,"216","2026-03-08 20:15:37","VVI146",510,"f","2/17/26"
"1998","duck","cdi_words","1","understands",NA,0,"216","2026-03-08 20:15:37","VVI146",510,"f","2/17/26"
"1999","duck","cdi_words","1","produces",NA,0,"179","2026-03-09 12:13:10","VVI160",510,"m","2/23/26"
"2000","duck","cdi_words","1","understands",1,1,"179","2026-03-09 12:13:10","VVI160",510,"m","2/23/26"
"2001","duck","cdi_words","1","produces",NA,0,"102","2026-03-08 18:49:54","VVI164",480,"m","2/25/26"
"2002","duck","cdi_words","1","understands",NA,0,"102","2026-03-08 18:49:54","VVI164",480,"m","2/25/26"
"2003","sing","cdi_words","1","produces",NA,0,"245","2026-04-29 06:56:14","VVI196",450,"f","4/14/26"
"2004","sing","cdi_words","1","understands",1,1,"245","2026-04-29 06:56:14","VVI196",450,"f","4/14/26"
"2005","sing","cdi_words","1","produces",NA,0,"104","2026-03-29 15:34:33","VVI183",420,"m","3/29/26"
"2006","sing","cdi_words","1","understands",NA,0,"104","2026-03-29 15:34:33","VVI183",420,"m","3/29/26"
"2007","sing","cdi_words","1","produces",NA,0,"125","2026-04-30 08:46:28","VVI197",450,"m","4/14/26"
"2008","sing","cdi_words","1","understands",1,1,"125","2026-04-30 08:46:28","VVI197",450,"m","4/14/26"
"2009","sing","cdi_words","1","produces",NA,0,"213","2026-02-15 21:07:24","VVI142",450,"f","2/16/26"
"2010","sing","cdi_words","1","understands",NA,0,"213","2026-02-15 21:07:24","VVI142",450,"f","2/16/26"
"2011","sing","cdi_words","1","produces",NA,0,"76","2026-04-02 15:03:35","VVI186",450,"m","2/26/04"
"2012","sing","cdi_words","1","understands",NA,0,"76","2026-04-02 15:03:35","VVI186",450,"m","2/26/04"
"2013","sing","cdi_words","1","produces",NA,0,"223","2026-03-09 15:51:32","VVI162",510,"f","2/24/26"
"2014","sing","cdi_words","1","understands",1,1,"223","2026-03-09 15:51:32","VVI162",510,"f","2/24/26"
"2015","sing","cdi_words","1","produces",NA,0,"207","2026-04-08 10:48:19","VVI193",450,"f","8/26/04"
"2016","sing","cdi_words","1","understands",NA,0,"207","2026-04-08 10:48:19","VVI193",450,"f","8/26/04"
"2017","sing","cdi_words","1","produces",NA,0,"131","2026-04-28 16:52:20","VVI201",420,"m","4/27/26"
"2018","sing","cdi_words","1","understands",1,1,"131","2026-04-28 16:52:20","VVI201",420,"m","4/27/26"
"2019","sing","cdi_words","1","produces",NA,0,"216","2026-03-08 20:15:37","VVI146",510,"f","2/17/26"
"2020","sing","cdi_words","1","understands",1,1,"216","2026-03-08 20:15:37","VVI146",510,"f","2/17/26"
"2021","sing","cdi_words","1","produces",NA,0,"179","2026-03-09 12:13:10","VVI160",510,"m","2/23/26"
"2022","sing","cdi_words","1","understands",NA,0,"179","2026-03-09 12:13:10","VVI160",510,"m","2/23/26"
"2023","sing","cdi_words","1","produces",NA,0,"102","2026-03-08 18:49:54","VVI164",480,"m","2/25/26"
"2024","sing","cdi_words","1","understands",NA,0,"102","2026-03-08 18:49:54","VVI164",480,"m","2/25/26"
"2025","smile","cdi_words","1","produces",NA,0,"245","2026-04-29 06:56:14","VVI196",450,"f","4/14/26"
"2026","smile","cdi_words","1","understands",1,1,"245","2026-04-29 06:56:14","VVI196",450,"f","4/14/26"
"2027","smile","cdi_words","1","produces",NA,0,"104","2026-03-29 15:34:33","VVI183",420,"m","3/29/26"
"2028","smile","cdi_words","1","understands",NA,0,"104","2026-03-29 15:34:33","VVI183",420,"m","3/29/26"
"2029","smile","cdi_words","1","produces",NA,0,"125","2026-04-30 08:46:28","VVI197",450,"m","4/14/26"
"2030","smile","cdi_words","1","understands",1,1,"125","2026-04-30 08:46:28","VVI197",450,"m","4/14/26"
"2031","smile","cdi_words","1","produces",NA,0,"213","2026-02-15 21:07:24","VVI142",450,"f","2/16/26"
"2032","smile","cdi_words","1","understands",NA,0,"213","2026-02-15 21:07:24","VVI142",450,"f","2/16/26"
"2033","smile","cdi_words","1","produces",NA,0,"76","2026-04-02 15:03:35","VVI186",450,"m","2/26/04"
"2034","smile","cdi_words","1","understands",NA,0,"76","2026-04-02 15:03:35","VVI186",450,"m","2/26/04"
"2035","smile","cdi_words","1","produces",NA,0,"223","2026-03-09 15:51:32","VVI162",510,"f","2/24/26"
"2036","smile","cdi_words","1","understands",NA,0,"223","2026-03-09 15:51:32","VVI162",510,"f","2/24/26"
"2037","smile","cdi_words","1","produces",NA,0,"207","2026-04-08 10:48:19","VVI193",450,"f","8/26/04"
"2038","smile","cdi_words","1","understands",NA,0,"207","2026-04-08 10:48:19","VVI193",450,"f","8/26/04"
"2039","smile","cdi_words","1","produces",NA,0,"131","2026-04-28 16:52:20","VVI201",420,"m","4/27/26"
"2040","smile","cdi_words","1","understands",1,1,"131","2026-04-28 16:52:20","VVI201",420,"m","4/27/26"
"2041","smile","cdi_words","1","produces",NA,0,"216","2026-03-08 20:15:37","VVI146",510,"f","2/17/26"
"2042","smile","cdi_words","1","understands",1,1,"216","2026-03-08 20:15:37","VVI146",510,"f","2/17/26"
"2043","smile","cdi_words","1","produces",NA,0,"179","2026-03-09 12:13:10","VVI160",510,"m","2/23/26"
"2044","smile","cdi_words","1","understands",NA,0,"179","2026-03-09 12:13:10","VVI160",510,"m","2/23/26"
"2045","smile","cdi_words","1","produces",NA,0,"102","2026-03-08 18:49:54","VVI164",480,"m","2/25/26"
"2046","smile","cdi_words","1","understands",NA,0,"102","2026-03-08 18:49:54","VVI164",480,"m","2/25/26"
"2047","night","cdi_words","1","produces",NA,0,"245","2026-04-29 06:56:14","VVI196",450,"f","4/14/26"
"2048","night","cdi_words","1","understands",1,1,"245","2026-04-29 06:56:14","VVI196",450,"f","4/14/26"
"2049","night","cdi_words","1","produces",NA,0,"104","2026-03-29 15:34:33","VVI183",420,"m","3/29/26"
"2050","night","cdi_words","1","understands",NA,0,"104","2026-03-29 15:34:33","VVI183",420,"m","3/29/26"
"2051","night","cdi_words","1","produces",NA,0,"125","2026-04-30 08:46:28","VVI197",450,"m","4/14/26"
"2052","night","cdi_words","1","understands",1,1,"125","2026-04-30 08:46:28","VVI197",450,"m","4/14/26"
"2053","night","cdi_words","1","produces",NA,0,"213","2026-02-15 21:07:24","VVI142",450,"f","2/16/26"
"2054","night","cdi_words","1","understands",NA,0,"213","2026-02-15 21:07:24","VVI142",450,"f","2/16/26"
"2055","night","cdi_words","1","produces",NA,0,"76","2026-04-02 15:03:35","VVI186",450,"m","2/26/04"
"2056","night","cdi_words","1","understands",1,1,"76","2026-04-02 15:03:35","VVI186",450,"m","2/26/04"
"2057","night","cdi_words","1","produces",NA,0,"223","2026-03-09 15:51:32","VVI162",510,"f","2/24/26"
"2058","night","cdi_words","1","understands",NA,0,"223","2026-03-09 15:51:32","VVI162",510,"f","2/24/26"
"2059","night","cdi_words","1","produces",NA,0,"207","2026-04-08 10:48:19","VVI193",450,"f","8/26/04"
"2060","night","cdi_words","1","understands",1,1,"207","2026-04-08 10:48:19","VVI193",450,"f","8/26/04"
"2061","night","cdi_words","1","produces",NA,0,"131","2026-04-28 16:52:20","VVI201",420,"m","4/27/26"
"2062","night","cdi_words","1","understands",1,1,"131","2026-04-28 16:52:20","VVI201",420,"m","4/27/26"
"2063","night","cdi_words","1","produces",NA,0,"216","2026-03-08 20:15:37","VVI146",510,"f","2/17/26"
"2064","night","cdi_words","1","understands",NA,0,"216","2026-03-08 20:15:37","VVI146",510,"f","2/17/26"
"2065","night","cdi_words","1","produces",NA,0,"179","2026-03-09 12:13:10","VVI160",510,"m","2/23/26"
"2066","night","cdi_words","1","understands",NA,0,"179","2026-03-09 12:13:10","VVI160",510,"m","2/23/26"
"2067","night","cdi_words","1","produces",NA,0,"102","2026-03-08 18:49:54","VVI164",480,"m","2/25/26"
"2068","night","cdi_words","1","understands",NA,0,"102","2026-03-08 18:49:54","VVI164",480,"m","2/25/26"
"2069","today","cdi_words","1","produces",2,1,"245","2026-04-29 06:56:14","VVI196",450,"f","4/14/26"
"2070","today","cdi_words","1","understands",2,1,"245","2026-04-29 06:56:14","VVI196",450,"f","4/14/26"
"2071","today","cdi_words","1","produces",NA,0,"104","2026-03-29 15:34:33","VVI183",420,"m","3/29/26"
"2072","today","cdi_words","1","understands",NA,0,"104","2026-03-29 15:34:33","VVI183",420,"m","3/29/26"
"2073","today","cdi_words","1","produces",NA,0,"125","2026-04-30 08:46:28","VVI197",450,"m","4/14/26"
"2074","today","cdi_words","1","understands",NA,0,"125","2026-04-30 08:46:28","VVI197",450,"m","4/14/26"
"2075","today","cdi_words","1","produces",NA,0,"213","2026-02-15 21:07:24","VVI142",450,"f","2/16/26"
"2076","today","cdi_words","1","understands",NA,0,"213","2026-02-15 21:07:24","VVI142",450,"f","2/16/26"
"2077","today","cdi_words","1","produces",NA,0,"76","2026-04-02 15:03:35","VVI186",450,"m","2/26/04"
"2078","today","cdi_words","1","understands",NA,0,"76","2026-04-02 15:03:35","VVI186",450,"m","2/26/04"
"2079","today","cdi_words","1","produces",NA,0,"223","2026-03-09 15:51:32","VVI162",510,"f","2/24/26"
"2080","today","cdi_words","1","understands",NA,0,"223","2026-03-09 15:51:32","VVI162",510,"f","2/24/26"
"2081","today","cdi_words","1","produces",NA,0,"207","2026-04-08 10:48:19","VVI193",450,"f","8/26/04"
"2082","today","cdi_words","1","understands",NA,0,"207","2026-04-08 10:48:19","VVI193",450,"f","8/26/04"
"2083","today","cdi_words","1","produces",NA,0,"131","2026-04-28 16:52:20","VVI201",420,"m","4/27/26"
"2084","today","cdi_words","1","understands",1,1,"131","2026-04-28 16:52:20","VVI201",420,"m","4/27/26"
"2085","today","cdi_words","1","produces",NA,0,"216","2026-03-08 20:15:37","VVI146",510,"f","2/17/26"
"2086","today","cdi_words","1","understands",NA,0,"216","2026-03-08 20:15:37","VVI146",510,"f","2/17/26"
"2087","today","cdi_words","1","produces",NA,0,"179","2026-03-09 12:13:10","VVI160",510,"m","2/23/26"
"2088","today","cdi_words","1","understands",NA,0,"179","2026-03-09 12:13:10","VVI160",510,"m","2/23/26"
"2089","today","cdi_words","1","produces",NA,0,"102","2026-03-08 18:49:54","VVI164",480,"m","2/25/26"
"2090","today","cdi_words","1","understands",NA,0,"102","2026-03-08 18:49:54","VVI164",480,"m","2/25/26"
"2091","all gone","cdi_words","1","produces",2,1,"245","2026-04-29 06:56:14","VVI196",450,"f","4/14/26"
"2092","all gone","cdi_words","1","understands",2,1,"245","2026-04-29 06:56:14","VVI196",450,"f","4/14/26"
"2093","all gone","cdi_words","1","produces",NA,0,"104","2026-03-29 15:34:33","VVI183",420,"m","3/29/26"
"2094","all gone","cdi_words","1","understands",NA,0,"104","2026-03-29 15:34:33","VVI183",420,"m","3/29/26"
"2095","all gone","cdi_words","1","produces",NA,0,"125","2026-04-30 08:46:28","VVI197",450,"m","4/14/26"
"2096","all gone","cdi_words","1","understands",1,1,"125","2026-04-30 08:46:28","VVI197",450,"m","4/14/26"
"2097","all gone","cdi_words","1","produces",NA,0,"213","2026-02-15 21:07:24","VVI142",450,"f","2/16/26"
"2098","all gone","cdi_words","1","understands",NA,0,"213","2026-02-15 21:07:24","VVI142",450,"f","2/16/26"
"2099","all gone","cdi_words","1","produces",NA,0,"76","2026-04-02 15:03:35","VVI186",450,"m","2/26/04"
"2100","all gone","cdi_words","1","understands",1,1,"76","2026-04-02 15:03:35","VVI186",450,"m","2/26/04"
"2101","all gone","cdi_words","1","produces",2,1,"223","2026-03-09 15:51:32","VVI162",510,"f","2/24/26"
"2102","all gone","cdi_words","1","understands",2,1,"223","2026-03-09 15:51:32","VVI162",510,"f","2/24/26"
"2103","all gone","cdi_words","1","produces",NA,0,"207","2026-04-08 10:48:19","VVI193",450,"f","8/26/04"
"2104","all gone","cdi_words","1","understands",NA,0,"207","2026-04-08 10:48:19","VVI193",450,"f","8/26/04"
"2105","all gone","cdi_words","1","produces",NA,0,"131","2026-04-28 16:52:20","VVI201",420,"m","4/27/26"
"2106","all gone","cdi_words","1","understands",1,1,"131","2026-04-28 16:52:20","VVI201",420,"m","4/27/26"
"2107","all gone","cdi_words","1","produces",NA,0,"216","2026-03-08 20:15:37","VVI146",510,"f","2/17/26"
"2108","all gone","cdi_words","1","understands",1,1,"216","2026-03-08 20:15:37","VVI146",510,"f","2/17/26"
"2109","all gone","cdi_words","1","produces",NA,0,"179","2026-03-09 12:13:10","VVI160",510,"m","2/23/26"
"2110","all gone","cdi_words","1","understands",1,1,"179","2026-03-09 12:13:10","VVI160",510,"m","2/23/26"
"2111","all gone","cdi_words","1","produces",2,1,"102","2026-03-08 18:49:54","VVI164",480,"m","2/25/26"
"2112","all gone","cdi_words","1","understands",2,1,"102","2026-03-08 18:49:54","VVI164",480,"m","2/25/26"
"2113","big","cdi_words","1","produces",NA,0,"245","2026-04-29 06:56:14","VVI196",450,"f","4/14/26"
"2114","big","cdi_words","1","understands",1,1,"245","2026-04-29 06:56:14","VVI196",450,"f","4/14/26"
"2115","big","cdi_words","1","produces",NA,0,"104","2026-03-29 15:34:33","VVI183",420,"m","3/29/26"
"2116","big","cdi_words","1","understands",NA,0,"104","2026-03-29 15:34:33","VVI183",420,"m","3/29/26"
"2117","big","cdi_words","1","produces",NA,0,"125","2026-04-30 08:46:28","VVI197",450,"m","4/14/26"
"2118","big","cdi_words","1","understands",1,1,"125","2026-04-30 08:46:28","VVI197",450,"m","4/14/26"
"2119","big","cdi_words","1","produces",NA,0,"213","2026-02-15 21:07:24","VVI142",450,"f","2/16/26"
"2120","big","cdi_words","1","understands",1,1,"213","2026-02-15 21:07:24","VVI142",450,"f","2/16/26"
"2121","big","cdi_words","1","produces",NA,0,"76","2026-04-02 15:03:35","VVI186",450,"m","2/26/04"
"2122","big","cdi_words","1","understands",NA,0,"76","2026-04-02 15:03:35","VVI186",450,"m","2/26/04"
"2123","big","cdi_words","1","produces",NA,0,"223","2026-03-09 15:51:32","VVI162",510,"f","2/24/26"
"2124","big","cdi_words","1","understands",NA,0,"223","2026-03-09 15:51:32","VVI162",510,"f","2/24/26"
"2125","big","cdi_words","1","produces",NA,0,"207","2026-04-08 10:48:19","VVI193",450,"f","8/26/04"
"2126","big","cdi_words","1","understands",1,1,"207","2026-04-08 10:48:19","VVI193",450,"f","8/26/04"
"2127","big","cdi_words","1","produces",NA,0,"131","2026-04-28 16:52:20","VVI201",420,"m","4/27/26"
"2128","big","cdi_words","1","understands",1,1,"131","2026-04-28 16:52:20","VVI201",420,"m","4/27/26"
"2129","big","cdi_words","1","produces",NA,0,"216","2026-03-08 20:15:37","VVI146",510,"f","2/17/26"
"2130","big","cdi_words","1","understands",NA,0,"216","2026-03-08 20:15:37","VVI146",510,"f","2/17/26"
"2131","big","cdi_words","1","produces",NA,0,"179","2026-03-09 12:13:10","VVI160",510,"m","2/23/26"
"2132","big","cdi_words","1","understands",1,1,"179","2026-03-09 12:13:10","VVI160",510,"m","2/23/26"
"2133","big","cdi_words","1","produces",NA,0,"102","2026-03-08 18:49:54","VVI164",480,"m","2/25/26"
"2134","big","cdi_words","1","understands",NA,0,"102","2026-03-08 18:49:54","VVI164",480,"m","2/25/26"
"2135","broken","cdi_words","1","produces",NA,0,"245","2026-04-29 06:56:14","VVI196",450,"f","4/14/26"
"2136","broken","cdi_words","1","understands",1,1,"245","2026-04-29 06:56:14","VVI196",450,"f","4/14/26"
"2137","broken","cdi_words","1","produces",NA,0,"104","2026-03-29 15:34:33","VVI183",420,"m","3/29/26"
"2138","broken","cdi_words","1","understands",NA,0,"104","2026-03-29 15:34:33","VVI183",420,"m","3/29/26"
"2139","broken","cdi_words","1","produces",NA,0,"125","2026-04-30 08:46:28","VVI197",450,"m","4/14/26"
"2140","broken","cdi_words","1","understands",1,1,"125","2026-04-30 08:46:28","VVI197",450,"m","4/14/26"
"2141","broken","cdi_words","1","produces",NA,0,"213","2026-02-15 21:07:24","VVI142",450,"f","2/16/26"
"2142","broken","cdi_words","1","understands",NA,0,"213","2026-02-15 21:07:24","VVI142",450,"f","2/16/26"
"2143","broken","cdi_words","1","produces",NA,0,"76","2026-04-02 15:03:35","VVI186",450,"m","2/26/04"
"2144","broken","cdi_words","1","understands",NA,0,"76","2026-04-02 15:03:35","VVI186",450,"m","2/26/04"
"2145","broken","cdi_words","1","produces",NA,0,"223","2026-03-09 15:51:32","VVI162",510,"f","2/24/26"
"2146","broken","cdi_words","1","understands",NA,0,"223","2026-03-09 15:51:32","VVI162",510,"f","2/24/26"
"2147","broken","cdi_words","1","produces",NA,0,"207","2026-04-08 10:48:19","VVI193",450,"f","8/26/04"
"2148","broken","cdi_words","1","understands",NA,0,"207","2026-04-08 10:48:19","VVI193",450,"f","8/26/04"
"2149","broken","cdi_words","1","produces",NA,0,"131","2026-04-28 16:52:20","VVI201",420,"m","4/27/26"
"2150","broken","cdi_words","1","understands",NA,0,"131","2026-04-28 16:52:20","VVI201",420,"m","4/27/26"
"2151","broken","cdi_words","1","produces",2,1,"216","2026-03-08 20:15:37","VVI146",510,"f","2/17/26"
"2152","broken","cdi_words","1","understands",2,1,"216","2026-03-08 20:15:37","VVI146",510,"f","2/17/26"
"2153","broken","cdi_words","1","produces",NA,0,"179","2026-03-09 12:13:10","VVI160",510,"m","2/23/26"
"2154","broken","cdi_words","1","understands",NA,0,"179","2026-03-09 12:13:10","VVI160",510,"m","2/23/26"
"2155","broken","cdi_words","1","produces",NA,0,"102","2026-03-08 18:49:54","VVI164",480,"m","2/25/26"
"2156","broken","cdi_words","1","understands",NA,0,"102","2026-03-08 18:49:54","VVI164",480,"m","2/25/26"
"2157","dark","cdi_words","1","produces",NA,0,"245","2026-04-29 06:56:14","VVI196",450,"f","4/14/26"
"2158","dark","cdi_words","1","understands",1,1,"245","2026-04-29 06:56:14","VVI196",450,"f","4/14/26"
"2159","dark","cdi_words","1","produces",NA,0,"104","2026-03-29 15:34:33","VVI183",420,"m","3/29/26"
"2160","dark","cdi_words","1","understands",NA,0,"104","2026-03-29 15:34:33","VVI183",420,"m","3/29/26"
"2161","dark","cdi_words","1","produces",NA,0,"125","2026-04-30 08:46:28","VVI197",450,"m","4/14/26"
"2162","dark","cdi_words","1","understands",1,1,"125","2026-04-30 08:46:28","VVI197",450,"m","4/14/26"
"2163","dark","cdi_words","1","produces",NA,0,"213","2026-02-15 21:07:24","VVI142",450,"f","2/16/26"
"2164","dark","cdi_words","1","understands",NA,0,"213","2026-02-15 21:07:24","VVI142",450,"f","2/16/26"
"2165","dark","cdi_words","1","produces",NA,0,"76","2026-04-02 15:03:35","VVI186",450,"m","2/26/04"
"2166","dark","cdi_words","1","understands",NA,0,"76","2026-04-02 15:03:35","VVI186",450,"m","2/26/04"
"2167","dark","cdi_words","1","produces",NA,0,"223","2026-03-09 15:51:32","VVI162",510,"f","2/24/26"
"2168","dark","cdi_words","1","understands",NA,0,"223","2026-03-09 15:51:32","VVI162",510,"f","2/24/26"
"2169","dark","cdi_words","1","produces",NA,0,"207","2026-04-08 10:48:19","VVI193",450,"f","8/26/04"
"2170","dark","cdi_words","1","understands",NA,0,"207","2026-04-08 10:48:19","VVI193",450,"f","8/26/04"
"2171","dark","cdi_words","1","produces",NA,0,"131","2026-04-28 16:52:20","VVI201",420,"m","4/27/26"
"2172","dark","cdi_words","1","understands",NA,0,"131","2026-04-28 16:52:20","VVI201",420,"m","4/27/26"
"2173","dark","cdi_words","1","produces",NA,0,"216","2026-03-08 20:15:37","VVI146",510,"f","2/17/26"
"2174","dark","cdi_words","1","understands",NA,0,"216","2026-03-08 20:15:37","VVI146",510,"f","2/17/26"
"2175","dark","cdi_words","1","produces",NA,0,"179","2026-03-09 12:13:10","VVI160",510,"m","2/23/26"
"2176","dark","cdi_words","1","understands",NA,0,"179","2026-03-09 12:13:10","VVI160",510,"m","2/23/26"
"2177","dark","cdi_words","1","produces",NA,0,"102","2026-03-08 18:49:54","VVI164",480,"m","2/25/26"
"2178","dark","cdi_words","1","understands",NA,0,"102","2026-03-08 18:49:54","VVI164",480,"m","2/25/26"
"2179","fast","cdi_words","1","produces",2,1,"245","2026-04-29 06:56:14","VVI196",450,"f","4/14/26"
"2180","fast","cdi_words","1","understands",2,1,"245","2026-04-29 06:56:14","VVI196",450,"f","4/14/26"
"2181","fast","cdi_words","1","produces",NA,0,"104","2026-03-29 15:34:33","VVI183",420,"m","3/29/26"
"2182","fast","cdi_words","1","understands",NA,0,"104","2026-03-29 15:34:33","VVI183",420,"m","3/29/26"
"2183","fast","cdi_words","1","produces",NA,0,"125","2026-04-30 08:46:28","VVI197",450,"m","4/14/26"
"2184","fast","cdi_words","1","understands",1,1,"125","2026-04-30 08:46:28","VVI197",450,"m","4/14/26"
"2185","fast","cdi_words","1","produces",NA,0,"213","2026-02-15 21:07:24","VVI142",450,"f","2/16/26"
"2186","fast","cdi_words","1","understands",NA,0,"213","2026-02-15 21:07:24","VVI142",450,"f","2/16/26"
"2187","fast","cdi_words","1","produces",NA,0,"76","2026-04-02 15:03:35","VVI186",450,"m","2/26/04"
"2188","fast","cdi_words","1","understands",NA,0,"76","2026-04-02 15:03:35","VVI186",450,"m","2/26/04"
"2189","fast","cdi_words","1","produces",NA,0,"223","2026-03-09 15:51:32","VVI162",510,"f","2/24/26"
"2190","fast","cdi_words","1","understands",NA,0,"223","2026-03-09 15:51:32","VVI162",510,"f","2/24/26"
"2191","fast","cdi_words","1","produces",NA,0,"207","2026-04-08 10:48:19","VVI193",450,"f","8/26/04"
"2192","fast","cdi_words","1","understands",NA,0,"207","2026-04-08 10:48:19","VVI193",450,"f","8/26/04"
"2193","fast","cdi_words","1","produces",NA,0,"131","2026-04-28 16:52:20","VVI201",420,"m","4/27/26"
"2194","fast","cdi_words","1","understands",NA,0,"131","2026-04-28 16:52:20","VVI201",420,"m","4/27/26"
"2195","fast","cdi_words","1","produces",NA,0,"216","2026-03-08 20:15:37","VVI146",510,"f","2/17/26"
"2196","fast","cdi_words","1","understands",NA,0,"216","2026-03-08 20:15:37","VVI146",510,"f","2/17/26"
"2197","fast","cdi_words","1","produces",NA,0,"179","2026-03-09 12:13:10","VVI160",510,"m","2/23/26"
"2198","fast","cdi_words","1","understands",NA,0,"179","2026-03-09 12:13:10","VVI160",510,"m","2/23/26"
"2199","fast","cdi_words","1","produces",NA,0,"102","2026-03-08 18:49:54","VVI164",480,"m","2/25/26"
"2200","fast","cdi_words","1","understands",NA,0,"102","2026-03-08 18:49:54","VVI164",480,"m","2/25/26"
"2201","hurt","cdi_words","1","produces",NA,0,"245","2026-04-29 06:56:14","VVI196",450,"f","4/14/26"
"2202","hurt","cdi_words","1","understands",1,1,"245","2026-04-29 06:56:14","VVI196",450,"f","4/14/26"
"2203","hurt","cdi_words","1","produces",NA,0,"104","2026-03-29 15:34:33","VVI183",420,"m","3/29/26"
"2204","hurt","cdi_words","1","understands",NA,0,"104","2026-03-29 15:34:33","VVI183",420,"m","3/29/26"
"2205","hurt","cdi_words","1","produces",NA,0,"125","2026-04-30 08:46:28","VVI197",450,"m","4/14/26"
"2206","hurt","cdi_words","1","understands",1,1,"125","2026-04-30 08:46:28","VVI197",450,"m","4/14/26"
"2207","hurt","cdi_words","1","produces",NA,0,"213","2026-02-15 21:07:24","VVI142",450,"f","2/16/26"
"2208","hurt","cdi_words","1","understands",1,1,"213","2026-02-15 21:07:24","VVI142",450,"f","2/16/26"
"2209","hurt","cdi_words","1","produces",NA,0,"76","2026-04-02 15:03:35","VVI186",450,"m","2/26/04"
"2210","hurt","cdi_words","1","understands",NA,0,"76","2026-04-02 15:03:35","VVI186",450,"m","2/26/04"
"2211","hurt","cdi_words","1","produces",NA,0,"223","2026-03-09 15:51:32","VVI162",510,"f","2/24/26"
"2212","hurt","cdi_words","1","understands",NA,0,"223","2026-03-09 15:51:32","VVI162",510,"f","2/24/26"
"2213","hurt","cdi_words","1","produces",NA,0,"207","2026-04-08 10:48:19","VVI193",450,"f","8/26/04"
"2214","hurt","cdi_words","1","understands",NA,0,"207","2026-04-08 10:48:19","VVI193",450,"f","8/26/04"
"2215","hurt","cdi_words","1","produces",NA,0,"131","2026-04-28 16:52:20","VVI201",420,"m","4/27/26"
"2216","hurt","cdi_words","1","understands",NA,0,"131","2026-04-28 16:52:20","VVI201",420,"m","4/27/26"
"2217","hurt","cdi_words","1","produces",NA,0,"216","2026-03-08 20:15:37","VVI146",510,"f","2/17/26"
"2218","hurt","cdi_words","1","understands",NA,0,"216","2026-03-08 20:15:37","VVI146",510,"f","2/17/26"
"2219","hurt","cdi_words","1","produces",NA,0,"179","2026-03-09 12:13:10","VVI160",510,"m","2/23/26"
"2220","hurt","cdi_words","1","understands",NA,0,"179","2026-03-09 12:13:10","VVI160",510,"m","2/23/26"
"2221","hurt","cdi_words","1","produces",NA,0,"102","2026-03-08 18:49:54","VVI164",480,"m","2/25/26"
"2222","hurt","cdi_words","1","understands",NA,0,"102","2026-03-08 18:49:54","VVI164",480,"m","2/25/26"
"2223","kitty","cdi_words","1","produces",NA,0,"245","2026-04-29 06:56:14","VVI196",450,"f","4/14/26"
"2224","kitty","cdi_words","1","understands",1,1,"245","2026-04-29 06:56:14","VVI196",450,"f","4/14/26"
"2225","kitty","cdi_words","1","produces",NA,0,"104","2026-03-29 15:34:33","VVI183",420,"m","3/29/26"
"2226","kitty","cdi_words","1","understands",NA,0,"104","2026-03-29 15:34:33","VVI183",420,"m","3/29/26"
"2227","kitty","cdi_words","1","produces",NA,0,"125","2026-04-30 08:46:28","VVI197",450,"m","4/14/26"
"2228","kitty","cdi_words","1","understands",1,1,"125","2026-04-30 08:46:28","VVI197",450,"m","4/14/26"
"2229","kitty","cdi_words","1","produces",NA,0,"213","2026-02-15 21:07:24","VVI142",450,"f","2/16/26"
"2230","kitty","cdi_words","1","understands",NA,0,"213","2026-02-15 21:07:24","VVI142",450,"f","2/16/26"
"2231","kitty","cdi_words","1","produces",NA,0,"76","2026-04-02 15:03:35","VVI186",450,"m","2/26/04"
"2232","kitty","cdi_words","1","understands",NA,0,"76","2026-04-02 15:03:35","VVI186",450,"m","2/26/04"
"2233","kitty","cdi_words","1","produces",2,1,"223","2026-03-09 15:51:32","VVI162",510,"f","2/24/26"
"2234","kitty","cdi_words","1","understands",2,1,"223","2026-03-09 15:51:32","VVI162",510,"f","2/24/26"
"2235","kitty","cdi_words","1","produces",NA,0,"207","2026-04-08 10:48:19","VVI193",450,"f","8/26/04"
"2236","kitty","cdi_words","1","understands",1,1,"207","2026-04-08 10:48:19","VVI193",450,"f","8/26/04"
"2237","kitty","cdi_words","1","produces",NA,0,"131","2026-04-28 16:52:20","VVI201",420,"m","4/27/26"
"2238","kitty","cdi_words","1","understands",NA,0,"131","2026-04-28 16:52:20","VVI201",420,"m","4/27/26"
"2239","kitty","cdi_words","1","produces",2,1,"216","2026-03-08 20:15:37","VVI146",510,"f","2/17/26"
"2240","kitty","cdi_words","1","understands",2,1,"216","2026-03-08 20:15:37","VVI146",510,"f","2/17/26"
"2241","kitty","cdi_words","1","produces",NA,0,"179","2026-03-09 12:13:10","VVI160",510,"m","2/23/26"
"2242","kitty","cdi_words","1","understands",NA,0,"179","2026-03-09 12:13:10","VVI160",510,"m","2/23/26"
"2243","kitty","cdi_words","1","produces",NA,0,"102","2026-03-08 18:49:54","VVI164",480,"m","2/25/26"
"2244","kitty","cdi_words","1","understands",NA,0,"102","2026-03-08 18:49:54","VVI164",480,"m","2/25/26"
"2245","pretty","cdi_words","1","produces",NA,0,"245","2026-04-29 06:56:14","VVI196",450,"f","4/14/26"
"2246","pretty","cdi_words","1","understands",1,1,"245","2026-04-29 06:56:14","VVI196",450,"f","4/14/26"
"2247","pretty","cdi_words","1","produces",NA,0,"104","2026-03-29 15:34:33","VVI183",420,"m","3/29/26"
"2248","pretty","cdi_words","1","understands",NA,0,"104","2026-03-29 15:34:33","VVI183",420,"m","3/29/26"
"2249","pretty","cdi_words","1","produces",NA,0,"125","2026-04-30 08:46:28","VVI197",450,"m","4/14/26"
"2250","pretty","cdi_words","1","understands",NA,0,"125","2026-04-30 08:46:28","VVI197",450,"m","4/14/26"
"2251","pretty","cdi_words","1","produces",NA,0,"213","2026-02-15 21:07:24","VVI142",450,"f","2/16/26"
"2252","pretty","cdi_words","1","understands",NA,0,"213","2026-02-15 21:07:24","VVI142",450,"f","2/16/26"
"2253","pretty","cdi_words","1","produces",NA,0,"76","2026-04-02 15:03:35","VVI186",450,"m","2/26/04"
"2254","pretty","cdi_words","1","understands",NA,0,"76","2026-04-02 15:03:35","VVI186",450,"m","2/26/04"
"2255","pretty","cdi_words","1","produces",NA,0,"223","2026-03-09 15:51:32","VVI162",510,"f","2/24/26"
"2256","pretty","cdi_words","1","understands",NA,0,"223","2026-03-09 15:51:32","VVI162",510,"f","2/24/26"
"2257","pretty","cdi_words","1","produces",NA,0,"207","2026-04-08 10:48:19","VVI193",450,"f","8/26/04"
"2258","pretty","cdi_words","1","understands",NA,0,"207","2026-04-08 10:48:19","VVI193",450,"f","8/26/04"
"2259","pretty","cdi_words","1","produces",NA,0,"131","2026-04-28 16:52:20","VVI201",420,"m","4/27/26"
"2260","pretty","cdi_words","1","understands",NA,0,"131","2026-04-28 16:52:20","VVI201",420,"m","4/27/26"
"2261","pretty","cdi_words","1","produces",NA,0,"216","2026-03-08 20:15:37","VVI146",510,"f","2/17/26"
"2262","pretty","cdi_words","1","understands",NA,0,"216","2026-03-08 20:15:37","VVI146",510,"f","2/17/26"
"2263","pretty","cdi_words","1","produces",NA,0,"179","2026-03-09 12:13:10","VVI160",510,"m","2/23/26"
"2264","pretty","cdi_words","1","understands",NA,0,"179","2026-03-09 12:13:10","VVI160",510,"m","2/23/26"
"2265","pretty","cdi_words","1","produces",NA,0,"102","2026-03-08 18:49:54","VVI164",480,"m","2/25/26"
"2266","pretty","cdi_words","1","understands",NA,0,"102","2026-03-08 18:49:54","VVI164",480,"m","2/25/26"
"2267","soft","cdi_words","1","produces",NA,0,"245","2026-04-29 06:56:14","VVI196",450,"f","4/14/26"
"2268","soft","cdi_words","1","understands",1,1,"245","2026-04-29 06:56:14","VVI196",450,"f","4/14/26"
"2269","soft","cdi_words","1","produces",NA,0,"104","2026-03-29 15:34:33","VVI183",420,"m","3/29/26"
"2270","soft","cdi_words","1","understands",NA,0,"104","2026-03-29 15:34:33","VVI183",420,"m","3/29/26"
"2271","soft","cdi_words","1","produces",NA,0,"125","2026-04-30 08:46:28","VVI197",450,"m","4/14/26"
"2272","soft","cdi_words","1","understands",1,1,"125","2026-04-30 08:46:28","VVI197",450,"m","4/14/26"
"2273","soft","cdi_words","1","produces",NA,0,"213","2026-02-15 21:07:24","VVI142",450,"f","2/16/26"
"2274","soft","cdi_words","1","understands",NA,0,"213","2026-02-15 21:07:24","VVI142",450,"f","2/16/26"
"2275","soft","cdi_words","1","produces",NA,0,"76","2026-04-02 15:03:35","VVI186",450,"m","2/26/04"
"2276","soft","cdi_words","1","understands",NA,0,"76","2026-04-02 15:03:35","VVI186",450,"m","2/26/04"
"2277","soft","cdi_words","1","produces",NA,0,"223","2026-03-09 15:51:32","VVI162",510,"f","2/24/26"
"2278","soft","cdi_words","1","understands",NA,0,"223","2026-03-09 15:51:32","VVI162",510,"f","2/24/26"
"2279","soft","cdi_words","1","produces",NA,0,"207","2026-04-08 10:48:19","VVI193",450,"f","8/26/04"
"2280","soft","cdi_words","1","understands",NA,0,"207","2026-04-08 10:48:19","VVI193",450,"f","8/26/04"
"2281","soft","cdi_words","1","produces",NA,0,"131","2026-04-28 16:52:20","VVI201",420,"m","4/27/26"
"2282","soft","cdi_words","1","understands",NA,0,"131","2026-04-28 16:52:20","VVI201",420,"m","4/27/26"
"2283","soft","cdi_words","1","produces",NA,0,"216","2026-03-08 20:15:37","VVI146",510,"f","2/17/26"
"2284","soft","cdi_words","1","understands",NA,0,"216","2026-03-08 20:15:37","VVI146",510,"f","2/17/26"
"2285","soft","cdi_words","1","produces",NA,0,"179","2026-03-09 12:13:10","VVI160",510,"m","2/23/26"
"2286","soft","cdi_words","1","understands",NA,0,"179","2026-03-09 12:13:10","VVI160",510,"m","2/23/26"
"2287","soft","cdi_words","1","produces",NA,0,"102","2026-03-08 18:49:54","VVI164",480,"m","2/25/26"
"2288","soft","cdi_words","1","understands",NA,0,"102","2026-03-08 18:49:54","VVI164",480,"m","2/25/26"
"2289","I","cdi_words","1","produces",NA,0,"245","2026-04-29 06:56:14","VVI196",450,"f","4/14/26"
"2290","I","cdi_words","1","understands",1,1,"245","2026-04-29 06:56:14","VVI196",450,"f","4/14/26"
"2291","I","cdi_words","1","produces",NA,0,"104","2026-03-29 15:34:33","VVI183",420,"m","3/29/26"
"2292","I","cdi_words","1","understands",NA,0,"104","2026-03-29 15:34:33","VVI183",420,"m","3/29/26"
"2293","I","cdi_words","1","produces",NA,0,"125","2026-04-30 08:46:28","VVI197",450,"m","4/14/26"
"2294","I","cdi_words","1","understands",1,1,"125","2026-04-30 08:46:28","VVI197",450,"m","4/14/26"
"2295","I","cdi_words","1","produces",NA,0,"213","2026-02-15 21:07:24","VVI142",450,"f","2/16/26"
"2296","I","cdi_words","1","understands",NA,0,"213","2026-02-15 21:07:24","VVI142",450,"f","2/16/26"
"2297","I","cdi_words","1","produces",NA,0,"76","2026-04-02 15:03:35","VVI186",450,"m","2/26/04"
"2298","I","cdi_words","1","understands",NA,0,"76","2026-04-02 15:03:35","VVI186",450,"m","2/26/04"
"2299","I","cdi_words","1","produces",NA,0,"223","2026-03-09 15:51:32","VVI162",510,"f","2/24/26"
"2300","I","cdi_words","1","understands",NA,0,"223","2026-03-09 15:51:32","VVI162",510,"f","2/24/26"
"2301","I","cdi_words","1","produces",NA,0,"207","2026-04-08 10:48:19","VVI193",450,"f","8/26/04"
"2302","I","cdi_words","1","understands",NA,0,"207","2026-04-08 10:48:19","VVI193",450,"f","8/26/04"
"2303","I","cdi_words","1","produces",NA,0,"131","2026-04-28 16:52:20","VVI201",420,"m","4/27/26"
"2304","I","cdi_words","1","understands",NA,0,"131","2026-04-28 16:52:20","VVI201",420,"m","4/27/26"
"2305","I","cdi_words","1","produces",NA,0,"216","2026-03-08 20:15:37","VVI146",510,"f","2/17/26"
"2306","I","cdi_words","1","understands",NA,0,"216","2026-03-08 20:15:37","VVI146",510,"f","2/17/26"
"2307","I","cdi_words","1","produces",NA,0,"179","2026-03-09 12:13:10","VVI160",510,"m","2/23/26"
"2308","I","cdi_words","1","understands",NA,0,"179","2026-03-09 12:13:10","VVI160",510,"m","2/23/26"
"2309","I","cdi_words","1","produces",NA,0,"102","2026-03-08 18:49:54","VVI164",480,"m","2/25/26"
"2310","I","cdi_words","1","understands",NA,0,"102","2026-03-08 18:49:54","VVI164",480,"m","2/25/26"
"2311","me","cdi_words","1","produces",NA,0,"245","2026-04-29 06:56:14","VVI196",450,"f","4/14/26"
"2312","me","cdi_words","1","understands",1,1,"245","2026-04-29 06:56:14","VVI196",450,"f","4/14/26"
"2313","me","cdi_words","1","produces",NA,0,"104","2026-03-29 15:34:33","VVI183",420,"m","3/29/26"
"2314","me","cdi_words","1","understands",NA,0,"104","2026-03-29 15:34:33","VVI183",420,"m","3/29/26"
"2315","me","cdi_words","1","produces",NA,0,"125","2026-04-30 08:46:28","VVI197",450,"m","4/14/26"
"2316","me","cdi_words","1","understands",1,1,"125","2026-04-30 08:46:28","VVI197",450,"m","4/14/26"
"2317","me","cdi_words","1","produces",NA,0,"213","2026-02-15 21:07:24","VVI142",450,"f","2/16/26"
"2318","me","cdi_words","1","understands",1,1,"213","2026-02-15 21:07:24","VVI142",450,"f","2/16/26"
"2319","me","cdi_words","1","produces",NA,0,"76","2026-04-02 15:03:35","VVI186",450,"m","2/26/04"
"2320","me","cdi_words","1","understands",NA,0,"76","2026-04-02 15:03:35","VVI186",450,"m","2/26/04"
"2321","me","cdi_words","1","produces",NA,0,"223","2026-03-09 15:51:32","VVI162",510,"f","2/24/26"
"2322","me","cdi_words","1","understands",NA,0,"223","2026-03-09 15:51:32","VVI162",510,"f","2/24/26"
"2323","me","cdi_words","1","produces",NA,0,"207","2026-04-08 10:48:19","VVI193",450,"f","8/26/04"
"2324","me","cdi_words","1","understands",NA,0,"207","2026-04-08 10:48:19","VVI193",450,"f","8/26/04"
"2325","me","cdi_words","1","produces",NA,0,"131","2026-04-28 16:52:20","VVI201",420,"m","4/27/26"
"2326","me","cdi_words","1","understands",NA,0,"131","2026-04-28 16:52:20","VVI201",420,"m","4/27/26"
"2327","me","cdi_words","1","produces",NA,0,"216","2026-03-08 20:15:37","VVI146",510,"f","2/17/26"
"2328","me","cdi_words","1","understands",NA,0,"216","2026-03-08 20:15:37","VVI146",510,"f","2/17/26"
"2329","me","cdi_words","1","produces",2,1,"179","2026-03-09 12:13:10","VVI160",510,"m","2/23/26"
"2330","me","cdi_words","1","understands",2,1,"179","2026-03-09 12:13:10","VVI160",510,"m","2/23/26"
"2331","me","cdi_words","1","produces",NA,0,"102","2026-03-08 18:49:54","VVI164",480,"m","2/25/26"
"2332","me","cdi_words","1","understands",NA,0,"102","2026-03-08 18:49:54","VVI164",480,"m","2/25/26"
"2333","how","cdi_words","1","produces",NA,0,"245","2026-04-29 06:56:14","VVI196",450,"f","4/14/26"
"2334","how","cdi_words","1","understands",1,1,"245","2026-04-29 06:56:14","VVI196",450,"f","4/14/26"
"2335","how","cdi_words","1","produces",NA,0,"104","2026-03-29 15:34:33","VVI183",420,"m","3/29/26"
"2336","how","cdi_words","1","understands",NA,0,"104","2026-03-29 15:34:33","VVI183",420,"m","3/29/26"
"2337","how","cdi_words","1","produces",NA,0,"125","2026-04-30 08:46:28","VVI197",450,"m","4/14/26"
"2338","how","cdi_words","1","understands",1,1,"125","2026-04-30 08:46:28","VVI197",450,"m","4/14/26"
"2339","how","cdi_words","1","produces",NA,0,"213","2026-02-15 21:07:24","VVI142",450,"f","2/16/26"
"2340","how","cdi_words","1","understands",NA,0,"213","2026-02-15 21:07:24","VVI142",450,"f","2/16/26"
"2341","how","cdi_words","1","produces",NA,0,"76","2026-04-02 15:03:35","VVI186",450,"m","2/26/04"
"2342","how","cdi_words","1","understands",NA,0,"76","2026-04-02 15:03:35","VVI186",450,"m","2/26/04"
"2343","how","cdi_words","1","produces",NA,0,"223","2026-03-09 15:51:32","VVI162",510,"f","2/24/26"
"2344","how","cdi_words","1","understands",NA,0,"223","2026-03-09 15:51:32","VVI162",510,"f","2/24/26"
"2345","how","cdi_words","1","produces",NA,0,"207","2026-04-08 10:48:19","VVI193",450,"f","8/26/04"
"2346","how","cdi_words","1","understands",NA,0,"207","2026-04-08 10:48:19","VVI193",450,"f","8/26/04"
"2347","how","cdi_words","1","produces",NA,0,"131","2026-04-28 16:52:20","VVI201",420,"m","4/27/26"
"2348","how","cdi_words","1","understands",NA,0,"131","2026-04-28 16:52:20","VVI201",420,"m","4/27/26"
"2349","how","cdi_words","1","produces",NA,0,"216","2026-03-08 20:15:37","VVI146",510,"f","2/17/26"
"2350","how","cdi_words","1","understands",NA,0,"216","2026-03-08 20:15:37","VVI146",510,"f","2/17/26"
"2351","how","cdi_words","1","produces",NA,0,"179","2026-03-09 12:13:10","VVI160",510,"m","2/23/26"
"2352","how","cdi_words","1","understands",NA,0,"179","2026-03-09 12:13:10","VVI160",510,"m","2/23/26"
"2353","how","cdi_words","1","produces",NA,0,"102","2026-03-08 18:49:54","VVI164",480,"m","2/25/26"
"2354","how","cdi_words","1","understands",NA,0,"102","2026-03-08 18:49:54","VVI164",480,"m","2/25/26"
"2355","who","cdi_words","1","produces",NA,0,"245","2026-04-29 06:56:14","VVI196",450,"f","4/14/26"
"2356","who","cdi_words","1","understands",1,1,"245","2026-04-29 06:56:14","VVI196",450,"f","4/14/26"
"2357","who","cdi_words","1","produces",NA,0,"104","2026-03-29 15:34:33","VVI183",420,"m","3/29/26"
"2358","who","cdi_words","1","understands",NA,0,"104","2026-03-29 15:34:33","VVI183",420,"m","3/29/26"
"2359","who","cdi_words","1","produces",NA,0,"125","2026-04-30 08:46:28","VVI197",450,"m","4/14/26"
"2360","who","cdi_words","1","understands",1,1,"125","2026-04-30 08:46:28","VVI197",450,"m","4/14/26"
"2361","who","cdi_words","1","produces",NA,0,"213","2026-02-15 21:07:24","VVI142",450,"f","2/16/26"
"2362","who","cdi_words","1","understands",NA,0,"213","2026-02-15 21:07:24","VVI142",450,"f","2/16/26"
"2363","who","cdi_words","1","produces",NA,0,"76","2026-04-02 15:03:35","VVI186",450,"m","2/26/04"
"2364","who","cdi_words","1","understands",NA,0,"76","2026-04-02 15:03:35","VVI186",450,"m","2/26/04"
"2365","who","cdi_words","1","produces",NA,0,"223","2026-03-09 15:51:32","VVI162",510,"f","2/24/26"
"2366","who","cdi_words","1","understands",NA,0,"223","2026-03-09 15:51:32","VVI162",510,"f","2/24/26"
"2367","who","cdi_words","1","produces",NA,0,"207","2026-04-08 10:48:19","VVI193",450,"f","8/26/04"
"2368","who","cdi_words","1","understands",NA,0,"207","2026-04-08 10:48:19","VVI193",450,"f","8/26/04"
"2369","who","cdi_words","1","produces",NA,0,"131","2026-04-28 16:52:20","VVI201",420,"m","4/27/26"
"2370","who","cdi_words","1","understands",NA,0,"131","2026-04-28 16:52:20","VVI201",420,"m","4/27/26"
"2371","who","cdi_words","1","produces",NA,0,"216","2026-03-08 20:15:37","VVI146",510,"f","2/17/26"
"2372","who","cdi_words","1","understands",NA,0,"216","2026-03-08 20:15:37","VVI146",510,"f","2/17/26"
"2373","who","cdi_words","1","produces",NA,0,"179","2026-03-09 12:13:10","VVI160",510,"m","2/23/26"
"2374","who","cdi_words","1","understands",NA,0,"179","2026-03-09 12:13:10","VVI160",510,"m","2/23/26"
"2375","who","cdi_words","1","produces",NA,0,"102","2026-03-08 18:49:54","VVI164",480,"m","2/25/26"
"2376","who","cdi_words","1","understands",NA,0,"102","2026-03-08 18:49:54","VVI164",480,"m","2/25/26"
"2377","away","cdi_words","1","produces",NA,0,"245","2026-04-29 06:56:14","VVI196",450,"f","4/14/26"
"2378","away","cdi_words","1","understands",1,1,"245","2026-04-29 06:56:14","VVI196",450,"f","4/14/26"
"2379","away","cdi_words","1","produces",NA,0,"104","2026-03-29 15:34:33","VVI183",420,"m","3/29/26"
"2380","away","cdi_words","1","understands",NA,0,"104","2026-03-29 15:34:33","VVI183",420,"m","3/29/26"
"2381","away","cdi_words","1","produces",NA,0,"125","2026-04-30 08:46:28","VVI197",450,"m","4/14/26"
"2382","away","cdi_words","1","understands",1,1,"125","2026-04-30 08:46:28","VVI197",450,"m","4/14/26"
"2383","away","cdi_words","1","produces",NA,0,"213","2026-02-15 21:07:24","VVI142",450,"f","2/16/26"
"2384","away","cdi_words","1","understands",NA,0,"213","2026-02-15 21:07:24","VVI142",450,"f","2/16/26"
"2385","away","cdi_words","1","produces",NA,0,"76","2026-04-02 15:03:35","VVI186",450,"m","2/26/04"
"2386","away","cdi_words","1","understands",NA,0,"76","2026-04-02 15:03:35","VVI186",450,"m","2/26/04"
"2387","away","cdi_words","1","produces",NA,0,"223","2026-03-09 15:51:32","VVI162",510,"f","2/24/26"
"2388","away","cdi_words","1","understands",NA,0,"223","2026-03-09 15:51:32","VVI162",510,"f","2/24/26"
"2389","away","cdi_words","1","produces",NA,0,"207","2026-04-08 10:48:19","VVI193",450,"f","8/26/04"
"2390","away","cdi_words","1","understands",NA,0,"207","2026-04-08 10:48:19","VVI193",450,"f","8/26/04"
"2391","away","cdi_words","1","produces",NA,0,"131","2026-04-28 16:52:20","VVI201",420,"m","4/27/26"
"2392","away","cdi_words","1","understands",NA,0,"131","2026-04-28 16:52:20","VVI201",420,"m","4/27/26"
"2393","away","cdi_words","1","produces",NA,0,"216","2026-03-08 20:15:37","VVI146",510,"f","2/17/26"
"2394","away","cdi_words","1","understands",NA,0,"216","2026-03-08 20:15:37","VVI146",510,"f","2/17/26"
"2395","away","cdi_words","1","produces",NA,0,"179","2026-03-09 12:13:10","VVI160",510,"m","2/23/26"
"2396","away","cdi_words","1","understands",NA,0,"179","2026-03-09 12:13:10","VVI160",510,"m","2/23/26"
"2397","away","cdi_words","1","produces",NA,0,"102","2026-03-08 18:49:54","VVI164",480,"m","2/25/26"
"2398","away","cdi_words","1","understands",NA,0,"102","2026-03-08 18:49:54","VVI164",480,"m","2/25/26"
"2399","out","cdi_words","1","produces",NA,0,"245","2026-04-29 06:56:14","VVI196",450,"f","4/14/26"
"2400","out","cdi_words","1","understands",1,1,"245","2026-04-29 06:56:14","VVI196",450,"f","4/14/26"
"2401","out","cdi_words","1","produces",NA,0,"104","2026-03-29 15:34:33","VVI183",420,"m","3/29/26"
"2402","out","cdi_words","1","understands",NA,0,"104","2026-03-29 15:34:33","VVI183",420,"m","3/29/26"
"2403","out","cdi_words","1","produces",NA,0,"125","2026-04-30 08:46:28","VVI197",450,"m","4/14/26"
"2404","out","cdi_words","1","understands",1,1,"125","2026-04-30 08:46:28","VVI197",450,"m","4/14/26"
"2405","out","cdi_words","1","produces",NA,0,"213","2026-02-15 21:07:24","VVI142",450,"f","2/16/26"
"2406","out","cdi_words","1","understands",NA,0,"213","2026-02-15 21:07:24","VVI142",450,"f","2/16/26"
"2407","out","cdi_words","1","produces",NA,0,"76","2026-04-02 15:03:35","VVI186",450,"m","2/26/04"
"2408","out","cdi_words","1","understands",NA,0,"76","2026-04-02 15:03:35","VVI186",450,"m","2/26/04"
"2409","out","cdi_words","1","produces",NA,0,"223","2026-03-09 15:51:32","VVI162",510,"f","2/24/26"
"2410","out","cdi_words","1","understands",NA,0,"223","2026-03-09 15:51:32","VVI162",510,"f","2/24/26"
"2411","out","cdi_words","1","produces",NA,0,"207","2026-04-08 10:48:19","VVI193",450,"f","8/26/04"
"2412","out","cdi_words","1","understands",NA,0,"207","2026-04-08 10:48:19","VVI193",450,"f","8/26/04"
"2413","out","cdi_words","1","produces",NA,0,"131","2026-04-28 16:52:20","VVI201",420,"m","4/27/26"
"2414","out","cdi_words","1","understands",NA,0,"131","2026-04-28 16:52:20","VVI201",420,"m","4/27/26"
"2415","out","cdi_words","1","produces",NA,0,"216","2026-03-08 20:15:37","VVI146",510,"f","2/17/26"
"2416","out","cdi_words","1","understands",1,1,"216","2026-03-08 20:15:37","VVI146",510,"f","2/17/26"
"2417","out","cdi_words","1","produces",NA,0,"179","2026-03-09 12:13:10","VVI160",510,"m","2/23/26"
"2418","out","cdi_words","1","understands",1,1,"179","2026-03-09 12:13:10","VVI160",510,"m","2/23/26"
"2419","out","cdi_words","1","produces",NA,0,"102","2026-03-08 18:49:54","VVI164",480,"m","2/25/26"
"2420","out","cdi_words","1","understands",NA,0,"102","2026-03-08 18:49:54","VVI164",480,"m","2/25/26"
"2421","other","cdi_words","1","produces",2,1,"245","2026-04-29 06:56:14","VVI196",450,"f","4/14/26"
"2422","other","cdi_words","1","understands",2,1,"245","2026-04-29 06:56:14","VVI196",450,"f","4/14/26"
"2423","other","cdi_words","1","produces",NA,0,"104","2026-03-29 15:34:33","VVI183",420,"m","3/29/26"
"2424","other","cdi_words","1","understands",NA,0,"104","2026-03-29 15:34:33","VVI183",420,"m","3/29/26"
"2425","other","cdi_words","1","produces",NA,0,"125","2026-04-30 08:46:28","VVI197",450,"m","4/14/26"
"2426","other","cdi_words","1","understands",NA,0,"125","2026-04-30 08:46:28","VVI197",450,"m","4/14/26"
"2427","other","cdi_words","1","produces",NA,0,"213","2026-02-15 21:07:24","VVI142",450,"f","2/16/26"
"2428","other","cdi_words","1","understands",NA,0,"213","2026-02-15 21:07:24","VVI142",450,"f","2/16/26"
"2429","other","cdi_words","1","produces",NA,0,"76","2026-04-02 15:03:35","VVI186",450,"m","2/26/04"
"2430","other","cdi_words","1","understands",NA,0,"76","2026-04-02 15:03:35","VVI186",450,"m","2/26/04"
"2431","other","cdi_words","1","produces",NA,0,"223","2026-03-09 15:51:32","VVI162",510,"f","2/24/26"
"2432","other","cdi_words","1","understands",NA,0,"223","2026-03-09 15:51:32","VVI162",510,"f","2/24/26"
"2433","other","cdi_words","1","produces",NA,0,"207","2026-04-08 10:48:19","VVI193",450,"f","8/26/04"
"2434","other","cdi_words","1","understands",NA,0,"207","2026-04-08 10:48:19","VVI193",450,"f","8/26/04"
"2435","other","cdi_words","1","produces",NA,0,"131","2026-04-28 16:52:20","VVI201",420,"m","4/27/26"
"2436","other","cdi_words","1","understands",1,1,"131","2026-04-28 16:52:20","VVI201",420,"m","4/27/26"
"2437","other","cdi_words","1","produces",NA,0,"216","2026-03-08 20:15:37","VVI146",510,"f","2/17/26"
"2438","other","cdi_words","1","understands",NA,0,"216","2026-03-08 20:15:37","VVI146",510,"f","2/17/26"
"2439","other","cdi_words","1","produces",NA,0,"179","2026-03-09 12:13:10","VVI160",510,"m","2/23/26"
"2440","other","cdi_words","1","understands",NA,0,"179","2026-03-09 12:13:10","VVI160",510,"m","2/23/26"
"2441","other","cdi_words","1","produces",NA,0,"102","2026-03-08 18:49:54","VVI164",480,"m","2/25/26"
"2442","other","cdi_words","1","understands",NA,0,"102","2026-03-08 18:49:54","VVI164",480,"m","2/25/26"
"2443","some","cdi_words","1","produces",NA,0,"245","2026-04-29 06:56:14","VVI196",450,"f","4/14/26"
"2444","some","cdi_words","1","understands",1,1,"245","2026-04-29 06:56:14","VVI196",450,"f","4/14/26"
"2445","some","cdi_words","1","produces",NA,0,"104","2026-03-29 15:34:33","VVI183",420,"m","3/29/26"
"2446","some","cdi_words","1","understands",NA,0,"104","2026-03-29 15:34:33","VVI183",420,"m","3/29/26"
"2447","some","cdi_words","1","produces",NA,0,"125","2026-04-30 08:46:28","VVI197",450,"m","4/14/26"
"2448","some","cdi_words","1","understands",1,1,"125","2026-04-30 08:46:28","VVI197",450,"m","4/14/26"
"2449","some","cdi_words","1","produces",NA,0,"213","2026-02-15 21:07:24","VVI142",450,"f","2/16/26"
"2450","some","cdi_words","1","understands",NA,0,"213","2026-02-15 21:07:24","VVI142",450,"f","2/16/26"
"2451","some","cdi_words","1","produces",NA,0,"76","2026-04-02 15:03:35","VVI186",450,"m","2/26/04"
"2452","some","cdi_words","1","understands",NA,0,"76","2026-04-02 15:03:35","VVI186",450,"m","2/26/04"
"2453","some","cdi_words","1","produces",NA,0,"223","2026-03-09 15:51:32","VVI162",510,"f","2/24/26"
"2454","some","cdi_words","1","understands",NA,0,"223","2026-03-09 15:51:32","VVI162",510,"f","2/24/26"
"2455","some","cdi_words","1","produces",NA,0,"207","2026-04-08 10:48:19","VVI193",450,"f","8/26/04"
"2456","some","cdi_words","1","understands",NA,0,"207","2026-04-08 10:48:19","VVI193",450,"f","8/26/04"
"2457","some","cdi_words","1","produces",NA,0,"131","2026-04-28 16:52:20","VVI201",420,"m","4/27/26"
"2458","some","cdi_words","1","understands",NA,0,"131","2026-04-28 16:52:20","VVI201",420,"m","4/27/26"
"2459","some","cdi_words","1","produces",NA,0,"216","2026-03-08 20:15:37","VVI146",510,"f","2/17/26"
"2460","some","cdi_words","1","understands",NA,0,"216","2026-03-08 20:15:37","VVI146",510,"f","2/17/26"
"2461","some","cdi_words","1","produces",NA,0,"179","2026-03-09 12:13:10","VVI160",510,"m","2/23/26"
"2462","some","cdi_words","1","understands",NA,0,"179","2026-03-09 12:13:10","VVI160",510,"m","2/23/26"
"2463","some","cdi_words","1","produces",NA,0,"102","2026-03-08 18:49:54","VVI164",480,"m","2/25/26"
"2464","some","cdi_words","1","understands",NA,0,"102","2026-03-08 18:49:54","VVI164",480,"m","2/25/26"
"2465","lion","cdi_words","1","produces",NA,0,"245","2026-04-29 06:56:14","VVI196",450,"f","4/14/26"
"2466","lion","cdi_words","1","understands",1,1,"245","2026-04-29 06:56:14","VVI196",450,"f","4/14/26"
"2467","lion","cdi_words","1","produces",NA,0,"104","2026-03-29 15:34:33","VVI183",420,"m","3/29/26"
"2468","lion","cdi_words","1","understands",NA,0,"104","2026-03-29 15:34:33","VVI183",420,"m","3/29/26"
"2469","lion","cdi_words","1","produces",NA,0,"125","2026-04-30 08:46:28","VVI197",450,"m","4/14/26"
"2470","lion","cdi_words","1","understands",NA,0,"125","2026-04-30 08:46:28","VVI197",450,"m","4/14/26"
"2471","lion","cdi_words","1","produces",NA,0,"213","2026-02-15 21:07:24","VVI142",450,"f","2/16/26"
"2472","lion","cdi_words","1","understands",1,1,"213","2026-02-15 21:07:24","VVI142",450,"f","2/16/26"
"2473","lion","cdi_words","1","produces",NA,0,"76","2026-04-02 15:03:35","VVI186",450,"m","2/26/04"
"2474","lion","cdi_words","1","understands",NA,0,"76","2026-04-02 15:03:35","VVI186",450,"m","2/26/04"
"2475","lion","cdi_words","1","produces",NA,0,"223","2026-03-09 15:51:32","VVI162",510,"f","2/24/26"
"2476","lion","cdi_words","1","understands",NA,0,"223","2026-03-09 15:51:32","VVI162",510,"f","2/24/26"
"2477","lion","cdi_words","1","produces",NA,0,"207","2026-04-08 10:48:19","VVI193",450,"f","8/26/04"
"2478","lion","cdi_words","1","understands",1,1,"207","2026-04-08 10:48:19","VVI193",450,"f","8/26/04"
"2479","lion","cdi_words","1","produces",NA,0,"131","2026-04-28 16:52:20","VVI201",420,"m","4/27/26"
"2480","lion","cdi_words","1","understands",NA,0,"131","2026-04-28 16:52:20","VVI201",420,"m","4/27/26"
"2481","lion","cdi_words","1","produces",NA,0,"216","2026-03-08 20:15:37","VVI146",510,"f","2/17/26"
"2482","lion","cdi_words","1","understands",NA,0,"216","2026-03-08 20:15:37","VVI146",510,"f","2/17/26"
"2483","lion","cdi_words","1","produces",NA,0,"179","2026-03-09 12:13:10","VVI160",510,"m","2/23/26"
"2484","lion","cdi_words","1","understands",1,1,"179","2026-03-09 12:13:10","VVI160",510,"m","2/23/26"
"2485","lion","cdi_words","1","produces",NA,0,"102","2026-03-08 18:49:54","VVI164",480,"m","2/25/26"
"2486","lion","cdi_words","1","understands",NA,0,"102","2026-03-08 18:49:54","VVI164",480,"m","2/25/26"
"2487","sock","extra_words","2A","produces",1,1,"157","2026-04-09 08:59:38","VVI172",690,"f","5/26/03"
"2488","bathtub","extra_words","2A","produces",1,1,"157","2026-04-09 08:59:38","VVI172",690,"f","5/26/03"
"2489","shower","extra_words","2A","produces",NA,0,"157","2026-04-09 08:59:38","VVI172",690,"f","5/26/03"
"2490","balloon","extra_words","2A","produces",1,1,"157","2026-04-09 08:59:38","VVI172",690,"f","5/26/03"
"2491","dresser","extra_words","2A","produces",NA,0,"157","2026-04-09 08:59:38","VVI172",690,"f","5/26/03"
"2492","kite","extra_words","2A","produces",NA,0,"157","2026-04-09 08:59:38","VVI172",690,"f","5/26/03"
"2493","camel","extra_words","2A","produces",NA,0,"157","2026-04-09 08:59:38","VVI172",690,"f","5/26/03"
"2494","elephant","extra_words","2A","produces",NA,0,"157","2026-04-09 08:59:38","VVI172",690,"f","5/26/03"
"2495","ladybug","extra_words","2A","produces",NA,0,"157","2026-04-09 08:59:38","VVI172",690,"f","5/26/03"
"2496","cloud","extra_words","2A","produces",NA,0,"157","2026-04-09 08:59:38","VVI172",690,"f","5/26/03"
"2497","tree","extra_words","2A","produces",1,1,"157","2026-04-09 08:59:38","VVI172",690,"f","5/26/03"
"2498","zipper","extra_words","2A","produces",NA,0,"157","2026-04-09 08:59:38","VVI172",690,"f","5/26/03"
"2499","crow","extra_words","2A","produces",NA,0,"157","2026-04-09 08:59:38","VVI172",690,"f","5/26/03"
"2500","penguin","extra_words","2A","produces",NA,0,"157","2026-04-09 08:59:38","VVI172",690,"f","5/26/03"
"2501","seahorse","extra_words","2A","produces",NA,0,"157","2026-04-09 08:59:38","VVI172",690,"f","5/26/03"
"2502","duck","extra_words","2A","produces",1,1,"157","2026-04-09 08:59:38","VVI172",690,"f","5/26/03"
"2503","chicken","extra_words","2A","produces",NA,0,"157","2026-04-09 08:59:38","VVI172",690,"f","5/26/03"
"2504","butterfly","extra_words","2A","produces",NA,0,"157","2026-04-09 08:59:38","VVI172",690,"f","5/26/03"
"2505","lizard","extra_words","2A","produces",NA,0,"157","2026-04-09 08:59:38","VVI172",690,"f","5/26/03"
"2506","walrus","extra_words","2A","produces",NA,0,"157","2026-04-09 08:59:38","VVI172",690,"f","5/26/03"
"2507","snake","extra_words","2A","produces",NA,0,"157","2026-04-09 08:59:38","VVI172",690,"f","5/26/03"
"2508","truck","extra_words","2A","produces",NA,0,"157","2026-04-09 08:59:38","VVI172",690,"f","5/26/03"
"2509","car","extra_words","2A","produces",1,1,"157","2026-04-09 08:59:38","VVI172",690,"f","5/26/03"
"2510","airplane","extra_words","2A","produces",1,1,"157","2026-04-09 08:59:38","VVI172",690,"f","5/26/03"
"2511","baa baa","cdi_words","2A","produces",1,1,"157","2026-04-09 08:59:38","VVI172",690,"f","5/26/03"
"2512","meow","cdi_words","2A","produces",1,1,"157","2026-04-09 08:59:38","VVI172",690,"f","5/26/03"
"2513","ouch","cdi_words","2A","produces",1,1,"157","2026-04-09 08:59:38","VVI172",690,"f","5/26/03"
"2514","uh oh","cdi_words","2A","produces",1,1,"157","2026-04-09 08:59:38","VVI172",690,"f","5/26/03"
"2515","woof woof","cdi_words","2A","produces",1,1,"157","2026-04-09 08:59:38","VVI172",690,"f","5/26/03"
"2516","bear","cdi_words","2A","produces",NA,0,"157","2026-04-09 08:59:38","VVI172",690,"f","5/26/03"
"2517","bird","cdi_words","2A","produces",1,1,"157","2026-04-09 08:59:38","VVI172",690,"f","5/26/03"
"2518","cat","cdi_words","2A","produces",1,1,"157","2026-04-09 08:59:38","VVI172",690,"f","5/26/03"
"2519","dog","cdi_words","2A","produces",1,1,"157","2026-04-09 08:59:38","VVI172",690,"f","5/26/03"
"2520","duck","cdi_words","2A","produces",1,1,"157","2026-04-09 08:59:38","VVI172",690,"f","5/26/03"
"2521","horse","cdi_words","2A","produces",1,1,"157","2026-04-09 08:59:38","VVI172",690,"f","5/26/03"
"2522","airplane","cdi_words","2A","produces",1,1,"157","2026-04-09 08:59:38","VVI172",690,"f","5/26/03"
"2523","boat","cdi_words","2A","produces",1,1,"157","2026-04-09 08:59:38","VVI172",690,"f","5/26/03"
"2524","car","cdi_words","2A","produces",1,1,"157","2026-04-09 08:59:38","VVI172",690,"f","5/26/03"
"2525","ball","cdi_words","2A","produces",1,1,"157","2026-04-09 08:59:38","VVI172",690,"f","5/26/03"
"2526","book","cdi_words","2A","produces",1,1,"157","2026-04-09 08:59:38","VVI172",690,"f","5/26/03"
"2527","game","cdi_words","2A","produces",NA,0,"157","2026-04-09 08:59:38","VVI172",690,"f","5/26/03"
"2528","applesauce","cdi_words","2A","produces",NA,0,"157","2026-04-09 08:59:38","VVI172",690,"f","5/26/03"
"2529","candy","cdi_words","2A","produces",1,1,"157","2026-04-09 08:59:38","VVI172",690,"f","5/26/03"
"2530","coke","cdi_words","2A","produces",1,1,"157","2026-04-09 08:59:38","VVI172",690,"f","5/26/03"
"2531","cracker","cdi_words","2A","produces",1,1,"157","2026-04-09 08:59:38","VVI172",690,"f","5/26/03"
"2532","juice","cdi_words","2A","produces",1,1,"157","2026-04-09 08:59:38","VVI172",690,"f","5/26/03"
"2533","meat","cdi_words","2A","produces",NA,0,"157","2026-04-09 08:59:38","VVI172",690,"f","5/26/03"
"2534","milk","cdi_words","2A","produces",1,1,"157","2026-04-09 08:59:38","VVI172",690,"f","5/26/03"
"2535","peas","cdi_words","2A","produces",NA,0,"157","2026-04-09 08:59:38","VVI172",690,"f","5/26/03"
"2536","hat","cdi_words","2A","produces",1,1,"157","2026-04-09 08:59:38","VVI172",690,"f","5/26/03"
"2537","necklace","cdi_words","2A","produces",NA,0,"157","2026-04-09 08:59:38","VVI172",690,"f","5/26/03"
"2538","shoe","cdi_words","2A","produces",1,1,"157","2026-04-09 08:59:38","VVI172",690,"f","5/26/03"
"2539","sock","cdi_words","2A","produces",1,1,"157","2026-04-09 08:59:38","VVI172",690,"f","5/26/03"
"2540","chin","cdi_words","2A","produces",1,1,"157","2026-04-09 08:59:38","VVI172",690,"f","5/26/03"
"2541","ear","cdi_words","2A","produces",1,1,"157","2026-04-09 08:59:38","VVI172",690,"f","5/26/03"
"2542","hand","cdi_words","2A","produces",1,1,"157","2026-04-09 08:59:38","VVI172",690,"f","5/26/03"
"2543","leg","cdi_words","2A","produces",1,1,"157","2026-04-09 08:59:38","VVI172",690,"f","5/26/03"
"2544","broom","cdi_words","2A","produces",NA,0,"157","2026-04-09 08:59:38","VVI172",690,"f","5/26/03"
"2545","comb","cdi_words","2A","produces",NA,0,"157","2026-04-09 08:59:38","VVI172",690,"f","5/26/03"
"2546","mop","cdi_words","2A","produces",NA,0,"157","2026-04-09 08:59:38","VVI172",690,"f","5/26/03"
"2547","plate","cdi_words","2A","produces",1,1,"157","2026-04-09 08:59:38","VVI172",690,"f","5/26/03"
"2548","trash","cdi_words","2A","produces",NA,0,"157","2026-04-09 08:59:38","VVI172",690,"f","5/26/03"
"2549","tray","cdi_words","2A","produces",NA,0,"157","2026-04-09 08:59:38","VVI172",690,"f","5/26/03"
"2550","towel","cdi_words","2A","produces",NA,0,"157","2026-04-09 08:59:38","VVI172",690,"f","5/26/03"
"2551","bed","cdi_words","2A","produces",1,1,"157","2026-04-09 08:59:38","VVI172",690,"f","5/26/03"
"2552","bedroom","cdi_words","2A","produces",NA,0,"157","2026-04-09 08:59:38","VVI172",690,"f","5/26/03"
"2553","bench","cdi_words","2A","produces",NA,0,"157","2026-04-09 08:59:38","VVI172",690,"f","5/26/03"
"2554","oven","cdi_words","2A","produces",NA,0,"157","2026-04-09 08:59:38","VVI172",690,"f","5/26/03"
"2555","stairs","cdi_words","2A","produces",1,1,"157","2026-04-09 08:59:38","VVI172",690,"f","5/26/03"
"2556","flag","cdi_words","2A","produces",NA,0,"157","2026-04-09 08:59:38","VVI172",690,"f","5/26/03"
"2557","rain","cdi_words","2A","produces",NA,0,"157","2026-04-09 08:59:38","VVI172",690,"f","5/26/03"
"2558","star","cdi_words","2A","produces",NA,0,"157","2026-04-09 08:59:38","VVI172",690,"f","5/26/03"
"2559","swing","cdi_words","2A","produces",NA,0,"157","2026-04-09 08:59:38","VVI172",690,"f","5/26/03"
"2560","school","cdi_words","2A","produces",NA,0,"157","2026-04-09 08:59:38","VVI172",690,"f","5/26/03"
"2561","sky","cdi_words","2A","produces",NA,0,"157","2026-04-09 08:59:38","VVI172",690,"f","5/26/03"
"2562","party","cdi_words","2A","produces",NA,0,"157","2026-04-09 08:59:38","VVI172",690,"f","5/26/03"
"2563","friend","cdi_words","2A","produces",NA,0,"157","2026-04-09 08:59:38","VVI172",690,"f","5/26/03"
"2564","mommy","cdi_words","2A","produces",1,1,"157","2026-04-09 08:59:38","VVI172",690,"f","5/26/03"
"2565","person","cdi_words","2A","produces",NA,0,"157","2026-04-09 08:59:38","VVI172",690,"f","5/26/03"
"2566","bye","cdi_words","2A","produces",1,1,"157","2026-04-09 08:59:38","VVI172",690,"f","5/26/03"
"2567","hi","cdi_words","2A","produces",1,1,"157","2026-04-09 08:59:38","VVI172",690,"f","5/26/03"
"2568","no","cdi_words","2A","produces",1,1,"157","2026-04-09 08:59:38","VVI172",690,"f","5/26/03"
"2569","shopping","cdi_words","2A","produces",NA,0,"157","2026-04-09 08:59:38","VVI172",690,"f","5/26/03"
"2570","thank you","cdi_words","2A","produces",1,1,"157","2026-04-09 08:59:38","VVI172",690,"f","5/26/03"
"2571","carry","cdi_words","2A","produces",NA,0,"157","2026-04-09 08:59:38","VVI172",690,"f","5/26/03"
"2572","chase","cdi_words","2A","produces",NA,0,"157","2026-04-09 08:59:38","VVI172",690,"f","5/26/03"
"2573","dump","cdi_words","2A","produces",NA,0,"157","2026-04-09 08:59:38","VVI172",690,"f","5/26/03"
"2574","finish","cdi_words","2A","produces",1,1,"157","2026-04-09 08:59:38","VVI172",690,"f","5/26/03"
"2575","fit","cdi_words","2A","produces",NA,0,"157","2026-04-09 08:59:38","VVI172",690,"f","5/26/03"
"2576","hug","cdi_words","2A","produces",1,1,"157","2026-04-09 08:59:38","VVI172",690,"f","5/26/03"
"2577","listen","cdi_words","2A","produces",NA,0,"157","2026-04-09 08:59:38","VVI172",690,"f","5/26/03"
"2578","like","cdi_words","2A","produces",NA,0,"157","2026-04-09 08:59:38","VVI172",690,"f","5/26/03"
"2579","pretend","cdi_words","2A","produces",NA,0,"157","2026-04-09 08:59:38","VVI172",690,"f","5/26/03"
"2580","rip","cdi_words","2A","produces",NA,0,"157","2026-04-09 08:59:38","VVI172",690,"f","5/26/03"
"2581","shake","cdi_words","2A","produces",NA,0,"157","2026-04-09 08:59:38","VVI172",690,"f","5/26/03"
"2582","taste","cdi_words","2A","produces",NA,0,"157","2026-04-09 08:59:38","VVI172",690,"f","5/26/03"
"2583","gentle","cdi_words","2A","produces",NA,0,"157","2026-04-09 08:59:38","VVI172",690,"f","5/26/03"
"2584","think","cdi_words","2A","produces",NA,0,"157","2026-04-09 08:59:38","VVI172",690,"f","5/26/03"
"2585","wish","cdi_words","2A","produces",NA,0,"157","2026-04-09 08:59:38","VVI172",690,"f","5/26/03"
"2586","all gone","cdi_words","2A","produces",1,1,"157","2026-04-09 08:59:38","VVI172",690,"f","5/26/03"
"2587","cold","cdi_words","2A","produces",1,1,"157","2026-04-09 08:59:38","VVI172",690,"f","5/26/03"
"2588","fast","cdi_words","2A","produces",1,1,"157","2026-04-09 08:59:38","VVI172",690,"f","5/26/03"
"2589","happy","cdi_words","2A","produces",1,1,"157","2026-04-09 08:59:38","VVI172",690,"f","5/26/03"
"2590","hot","cdi_words","2A","produces",1,1,"157","2026-04-09 08:59:38","VVI172",690,"f","5/26/03"
"2591","last","cdi_words","2A","produces",NA,0,"157","2026-04-09 08:59:38","VVI172",690,"f","5/26/03"
"2592","tiny","cdi_words","2A","produces",NA,0,"157","2026-04-09 08:59:38","VVI172",690,"f","5/26/03"
"2593","wet","cdi_words","2A","produces",1,1,"157","2026-04-09 08:59:38","VVI172",690,"f","5/26/03"
"2594","after","cdi_words","2A","produces",NA,0,"157","2026-04-09 08:59:38","VVI172",690,"f","5/26/03"
"2595","day","cdi_words","2A","produces",NA,0,"157","2026-04-09 08:59:38","VVI172",690,"f","5/26/03"
"2596","tonight","cdi_words","2A","produces",NA,0,"157","2026-04-09 08:59:38","VVI172",690,"f","5/26/03"
"2597","our","cdi_words","2A","produces",NA,0,"157","2026-04-09 08:59:38","VVI172",690,"f","5/26/03"
"2598","them","cdi_words","2A","produces",NA,0,"157","2026-04-09 08:59:38","VVI172",690,"f","5/26/03"
"2599","this","cdi_words","2A","produces",1,1,"157","2026-04-09 08:59:38","VVI172",690,"f","5/26/03"
"2600","us","cdi_words","2A","produces",NA,0,"157","2026-04-09 08:59:38","VVI172",690,"f","5/26/03"
"2601","where","cdi_words","2A","produces",NA,0,"157","2026-04-09 08:59:38","VVI172",690,"f","5/26/03"
"2602","beside","cdi_words","2A","produces",NA,0,"157","2026-04-09 08:59:38","VVI172",690,"f","5/26/03"
"2603","down","cdi_words","2A","produces",1,1,"157","2026-04-09 08:59:38","VVI172",690,"f","5/26/03"
"2604","under","cdi_words","2A","produces",NA,0,"157","2026-04-09 08:59:38","VVI172",690,"f","5/26/03"
"2605","all","cdi_words","2A","produces",NA,0,"157","2026-04-09 08:59:38","VVI172",690,"f","5/26/03"
"2606","much","cdi_words","2A","produces",NA,0,"157","2026-04-09 08:59:38","VVI172",690,"f","5/26/03"
"2607","could","cdi_words","2A","produces",NA,0,"157","2026-04-09 08:59:38","VVI172",690,"f","5/26/03"
"2608","need","cdi_words","2A","produces",NA,0,"157","2026-04-09 08:59:38","VVI172",690,"f","5/26/03"
"2609","would","cdi_words","2A","produces",NA,0,"157","2026-04-09 08:59:38","VVI172",690,"f","5/26/03"
"2610","if","cdi_words","2A","produces",NA,0,"157","2026-04-09 08:59:38","VVI172",690,"f","5/26/03"
"2611","sock","extra_words","2A","produces",1,1,"140","2026-03-08 19:06:56","VVI141",750,"f","2/14/26"
"2612","bathtub","extra_words","2A","produces",1,1,"140","2026-03-08 19:06:56","VVI141",750,"f","2/14/26"
"2613","shower","extra_words","2A","produces",1,1,"140","2026-03-08 19:06:56","VVI141",750,"f","2/14/26"
"2614","balloon","extra_words","2A","produces",1,1,"140","2026-03-08 19:06:56","VVI141",750,"f","2/14/26"
"2615","dresser","extra_words","2A","produces",1,1,"140","2026-03-08 19:06:56","VVI141",750,"f","2/14/26"
"2616","kite","extra_words","2A","produces",1,1,"140","2026-03-08 19:06:56","VVI141",750,"f","2/14/26"
"2617","camel","extra_words","2A","produces",1,1,"140","2026-03-08 19:06:56","VVI141",750,"f","2/14/26"
"2618","elephant","extra_words","2A","produces",1,1,"140","2026-03-08 19:06:56","VVI141",750,"f","2/14/26"
"2619","ladybug","extra_words","2A","produces",1,1,"140","2026-03-08 19:06:56","VVI141",750,"f","2/14/26"
"2620","cloud","extra_words","2A","produces",1,1,"140","2026-03-08 19:06:56","VVI141",750,"f","2/14/26"
"2621","tree","extra_words","2A","produces",1,1,"140","2026-03-08 19:06:56","VVI141",750,"f","2/14/26"
"2622","zipper","extra_words","2A","produces",1,1,"140","2026-03-08 19:06:56","VVI141",750,"f","2/14/26"
"2623","crow","extra_words","2A","produces",1,1,"140","2026-03-08 19:06:56","VVI141",750,"f","2/14/26"
"2624","penguin","extra_words","2A","produces",1,1,"140","2026-03-08 19:06:56","VVI141",750,"f","2/14/26"
"2625","seahorse","extra_words","2A","produces",NA,0,"140","2026-03-08 19:06:56","VVI141",750,"f","2/14/26"
"2626","duck","extra_words","2A","produces",1,1,"140","2026-03-08 19:06:56","VVI141",750,"f","2/14/26"
"2627","chicken","extra_words","2A","produces",1,1,"140","2026-03-08 19:06:56","VVI141",750,"f","2/14/26"
"2628","butterfly","extra_words","2A","produces",1,1,"140","2026-03-08 19:06:56","VVI141",750,"f","2/14/26"
"2629","lizard","extra_words","2A","produces",NA,0,"140","2026-03-08 19:06:56","VVI141",750,"f","2/14/26"
"2630","walrus","extra_words","2A","produces",NA,0,"140","2026-03-08 19:06:56","VVI141",750,"f","2/14/26"
"2631","snake","extra_words","2A","produces",1,1,"140","2026-03-08 19:06:56","VVI141",750,"f","2/14/26"
"2632","truck","extra_words","2A","produces",1,1,"140","2026-03-08 19:06:56","VVI141",750,"f","2/14/26"
"2633","car","extra_words","2A","produces",1,1,"140","2026-03-08 19:06:56","VVI141",750,"f","2/14/26"
"2634","airplane","extra_words","2A","produces",1,1,"140","2026-03-08 19:06:56","VVI141",750,"f","2/14/26"
"2635","baa baa","cdi_words","2A","produces",1,1,"140","2026-03-08 19:06:56","VVI141",750,"f","2/14/26"
"2636","meow","cdi_words","2A","produces",1,1,"140","2026-03-08 19:06:56","VVI141",750,"f","2/14/26"
"2637","ouch","cdi_words","2A","produces",1,1,"140","2026-03-08 19:06:56","VVI141",750,"f","2/14/26"
"2638","uh oh","cdi_words","2A","produces",1,1,"140","2026-03-08 19:06:56","VVI141",750,"f","2/14/26"
"2639","woof woof","cdi_words","2A","produces",1,1,"140","2026-03-08 19:06:56","VVI141",750,"f","2/14/26"
"2640","bear","cdi_words","2A","produces",1,1,"140","2026-03-08 19:06:56","VVI141",750,"f","2/14/26"
"2641","bird","cdi_words","2A","produces",1,1,"140","2026-03-08 19:06:56","VVI141",750,"f","2/14/26"
"2642","cat","cdi_words","2A","produces",1,1,"140","2026-03-08 19:06:56","VVI141",750,"f","2/14/26"
"2643","dog","cdi_words","2A","produces",1,1,"140","2026-03-08 19:06:56","VVI141",750,"f","2/14/26"
"2644","duck","cdi_words","2A","produces",1,1,"140","2026-03-08 19:06:56","VVI141",750,"f","2/14/26"
"2645","horse","cdi_words","2A","produces",1,1,"140","2026-03-08 19:06:56","VVI141",750,"f","2/14/26"
"2646","airplane","cdi_words","2A","produces",1,1,"140","2026-03-08 19:06:56","VVI141",750,"f","2/14/26"
"2647","boat","cdi_words","2A","produces",1,1,"140","2026-03-08 19:06:56","VVI141",750,"f","2/14/26"
"2648","car","cdi_words","2A","produces",1,1,"140","2026-03-08 19:06:56","VVI141",750,"f","2/14/26"
"2649","ball","cdi_words","2A","produces",1,1,"140","2026-03-08 19:06:56","VVI141",750,"f","2/14/26"
"2650","book","cdi_words","2A","produces",1,1,"140","2026-03-08 19:06:56","VVI141",750,"f","2/14/26"
"2651","game","cdi_words","2A","produces",1,1,"140","2026-03-08 19:06:56","VVI141",750,"f","2/14/26"
"2652","applesauce","cdi_words","2A","produces",1,1,"140","2026-03-08 19:06:56","VVI141",750,"f","2/14/26"
"2653","candy","cdi_words","2A","produces",1,1,"140","2026-03-08 19:06:56","VVI141",750,"f","2/14/26"
"2654","coke","cdi_words","2A","produces",1,1,"140","2026-03-08 19:06:56","VVI141",750,"f","2/14/26"
"2655","cracker","cdi_words","2A","produces",1,1,"140","2026-03-08 19:06:56","VVI141",750,"f","2/14/26"
"2656","juice","cdi_words","2A","produces",1,1,"140","2026-03-08 19:06:56","VVI141",750,"f","2/14/26"
"2657","meat","cdi_words","2A","produces",1,1,"140","2026-03-08 19:06:56","VVI141",750,"f","2/14/26"
"2658","milk","cdi_words","2A","produces",1,1,"140","2026-03-08 19:06:56","VVI141",750,"f","2/14/26"
"2659","peas","cdi_words","2A","produces",1,1,"140","2026-03-08 19:06:56","VVI141",750,"f","2/14/26"
"2660","hat","cdi_words","2A","produces",1,1,"140","2026-03-08 19:06:56","VVI141",750,"f","2/14/26"
"2661","necklace","cdi_words","2A","produces",1,1,"140","2026-03-08 19:06:56","VVI141",750,"f","2/14/26"
"2662","shoe","cdi_words","2A","produces",1,1,"140","2026-03-08 19:06:56","VVI141",750,"f","2/14/26"
"2663","sock","cdi_words","2A","produces",1,1,"140","2026-03-08 19:06:56","VVI141",750,"f","2/14/26"
"2664","chin","cdi_words","2A","produces",1,1,"140","2026-03-08 19:06:56","VVI141",750,"f","2/14/26"
"2665","ear","cdi_words","2A","produces",1,1,"140","2026-03-08 19:06:56","VVI141",750,"f","2/14/26"
"2666","hand","cdi_words","2A","produces",1,1,"140","2026-03-08 19:06:56","VVI141",750,"f","2/14/26"
"2667","leg","cdi_words","2A","produces",1,1,"140","2026-03-08 19:06:56","VVI141",750,"f","2/14/26"
"2668","broom","cdi_words","2A","produces",1,1,"140","2026-03-08 19:06:56","VVI141",750,"f","2/14/26"
"2669","comb","cdi_words","2A","produces",NA,0,"140","2026-03-08 19:06:56","VVI141",750,"f","2/14/26"
"2670","mop","cdi_words","2A","produces",1,1,"140","2026-03-08 19:06:56","VVI141",750,"f","2/14/26"
"2671","plate","cdi_words","2A","produces",1,1,"140","2026-03-08 19:06:56","VVI141",750,"f","2/14/26"
"2672","trash","cdi_words","2A","produces",1,1,"140","2026-03-08 19:06:56","VVI141",750,"f","2/14/26"
"2673","tray","cdi_words","2A","produces",1,1,"140","2026-03-08 19:06:56","VVI141",750,"f","2/14/26"
"2674","towel","cdi_words","2A","produces",1,1,"140","2026-03-08 19:06:56","VVI141",750,"f","2/14/26"
"2675","bed","cdi_words","2A","produces",1,1,"140","2026-03-08 19:06:56","VVI141",750,"f","2/14/26"
"2676","bedroom","cdi_words","2A","produces",1,1,"140","2026-03-08 19:06:56","VVI141",750,"f","2/14/26"
"2677","bench","cdi_words","2A","produces",1,1,"140","2026-03-08 19:06:56","VVI141",750,"f","2/14/26"
"2678","oven","cdi_words","2A","produces",1,1,"140","2026-03-08 19:06:56","VVI141",750,"f","2/14/26"
"2679","stairs","cdi_words","2A","produces",1,1,"140","2026-03-08 19:06:56","VVI141",750,"f","2/14/26"
"2680","flag","cdi_words","2A","produces",1,1,"140","2026-03-08 19:06:56","VVI141",750,"f","2/14/26"
"2681","rain","cdi_words","2A","produces",1,1,"140","2026-03-08 19:06:56","VVI141",750,"f","2/14/26"
"2682","star","cdi_words","2A","produces",1,1,"140","2026-03-08 19:06:56","VVI141",750,"f","2/14/26"
"2683","swing","cdi_words","2A","produces",1,1,"140","2026-03-08 19:06:56","VVI141",750,"f","2/14/26"
"2684","school","cdi_words","2A","produces",1,1,"140","2026-03-08 19:06:56","VVI141",750,"f","2/14/26"
"2685","sky","cdi_words","2A","produces",1,1,"140","2026-03-08 19:06:56","VVI141",750,"f","2/14/26"
"2686","party","cdi_words","2A","produces",1,1,"140","2026-03-08 19:06:56","VVI141",750,"f","2/14/26"
"2687","friend","cdi_words","2A","produces",1,1,"140","2026-03-08 19:06:56","VVI141",750,"f","2/14/26"
"2688","mommy","cdi_words","2A","produces",1,1,"140","2026-03-08 19:06:56","VVI141",750,"f","2/14/26"
"2689","person","cdi_words","2A","produces",1,1,"140","2026-03-08 19:06:56","VVI141",750,"f","2/14/26"
"2690","bye","cdi_words","2A","produces",1,1,"140","2026-03-08 19:06:56","VVI141",750,"f","2/14/26"
"2691","hi","cdi_words","2A","produces",1,1,"140","2026-03-08 19:06:56","VVI141",750,"f","2/14/26"
"2692","no","cdi_words","2A","produces",1,1,"140","2026-03-08 19:06:56","VVI141",750,"f","2/14/26"
"2693","shopping","cdi_words","2A","produces",1,1,"140","2026-03-08 19:06:56","VVI141",750,"f","2/14/26"
"2694","thank you","cdi_words","2A","produces",1,1,"140","2026-03-08 19:06:56","VVI141",750,"f","2/14/26"
"2695","carry","cdi_words","2A","produces",1,1,"140","2026-03-08 19:06:56","VVI141",750,"f","2/14/26"
"2696","chase","cdi_words","2A","produces",NA,0,"140","2026-03-08 19:06:56","VVI141",750,"f","2/14/26"
"2697","dump","cdi_words","2A","produces",1,1,"140","2026-03-08 19:06:56","VVI141",750,"f","2/14/26"
"2698","finish","cdi_words","2A","produces",1,1,"140","2026-03-08 19:06:56","VVI141",750,"f","2/14/26"
"2699","fit","cdi_words","2A","produces",NA,0,"140","2026-03-08 19:06:56","VVI141",750,"f","2/14/26"
"2700","hug","cdi_words","2A","produces",1,1,"140","2026-03-08 19:06:56","VVI141",750,"f","2/14/26"
"2701","listen","cdi_words","2A","produces",1,1,"140","2026-03-08 19:06:56","VVI141",750,"f","2/14/26"
"2702","like","cdi_words","2A","produces",1,1,"140","2026-03-08 19:06:56","VVI141",750,"f","2/14/26"
"2703","pretend","cdi_words","2A","produces",NA,0,"140","2026-03-08 19:06:56","VVI141",750,"f","2/14/26"
"2704","rip","cdi_words","2A","produces",NA,0,"140","2026-03-08 19:06:56","VVI141",750,"f","2/14/26"
"2705","shake","cdi_words","2A","produces",NA,0,"140","2026-03-08 19:06:56","VVI141",750,"f","2/14/26"
"2706","taste","cdi_words","2A","produces",1,1,"140","2026-03-08 19:06:56","VVI141",750,"f","2/14/26"
"2707","gentle","cdi_words","2A","produces",1,1,"140","2026-03-08 19:06:56","VVI141",750,"f","2/14/26"
"2708","think","cdi_words","2A","produces",NA,0,"140","2026-03-08 19:06:56","VVI141",750,"f","2/14/26"
"2709","wish","cdi_words","2A","produces",NA,0,"140","2026-03-08 19:06:56","VVI141",750,"f","2/14/26"
"2710","all gone","cdi_words","2A","produces",1,1,"140","2026-03-08 19:06:56","VVI141",750,"f","2/14/26"
"2711","cold","cdi_words","2A","produces",1,1,"140","2026-03-08 19:06:56","VVI141",750,"f","2/14/26"
"2712","fast","cdi_words","2A","produces",1,1,"140","2026-03-08 19:06:56","VVI141",750,"f","2/14/26"
"2713","happy","cdi_words","2A","produces",1,1,"140","2026-03-08 19:06:56","VVI141",750,"f","2/14/26"
"2714","hot","cdi_words","2A","produces",1,1,"140","2026-03-08 19:06:56","VVI141",750,"f","2/14/26"
"2715","last","cdi_words","2A","produces",1,1,"140","2026-03-08 19:06:56","VVI141",750,"f","2/14/26"
"2716","tiny","cdi_words","2A","produces",NA,0,"140","2026-03-08 19:06:56","VVI141",750,"f","2/14/26"
"2717","wet","cdi_words","2A","produces",1,1,"140","2026-03-08 19:06:56","VVI141",750,"f","2/14/26"
"2718","after","cdi_words","2A","produces",NA,0,"140","2026-03-08 19:06:56","VVI141",750,"f","2/14/26"
"2719","day","cdi_words","2A","produces",NA,0,"140","2026-03-08 19:06:56","VVI141",750,"f","2/14/26"
"2720","tonight","cdi_words","2A","produces",NA,0,"140","2026-03-08 19:06:56","VVI141",750,"f","2/14/26"
"2721","our","cdi_words","2A","produces",NA,0,"140","2026-03-08 19:06:56","VVI141",750,"f","2/14/26"
"2722","them","cdi_words","2A","produces",NA,0,"140","2026-03-08 19:06:56","VVI141",750,"f","2/14/26"
"2723","this","cdi_words","2A","produces",NA,0,"140","2026-03-08 19:06:56","VVI141",750,"f","2/14/26"
"2724","us","cdi_words","2A","produces",NA,0,"140","2026-03-08 19:06:56","VVI141",750,"f","2/14/26"
"2725","where","cdi_words","2A","produces",1,1,"140","2026-03-08 19:06:56","VVI141",750,"f","2/14/26"
"2726","beside","cdi_words","2A","produces",NA,0,"140","2026-03-08 19:06:56","VVI141",750,"f","2/14/26"
"2727","down","cdi_words","2A","produces",NA,0,"140","2026-03-08 19:06:56","VVI141",750,"f","2/14/26"
"2728","under","cdi_words","2A","produces",1,1,"140","2026-03-08 19:06:56","VVI141",750,"f","2/14/26"
"2729","all","cdi_words","2A","produces",NA,0,"140","2026-03-08 19:06:56","VVI141",750,"f","2/14/26"
"2730","much","cdi_words","2A","produces",NA,0,"140","2026-03-08 19:06:56","VVI141",750,"f","2/14/26"
"2731","could","cdi_words","2A","produces",NA,0,"140","2026-03-08 19:06:56","VVI141",750,"f","2/14/26"
"2732","need","cdi_words","2A","produces",1,1,"140","2026-03-08 19:06:56","VVI141",750,"f","2/14/26"
"2733","would","cdi_words","2A","produces",NA,0,"140","2026-03-08 19:06:56","VVI141",750,"f","2/14/26"
"2734","if","cdi_words","2A","produces",NA,0,"140","2026-03-08 19:06:56","VVI141",750,"f","2/14/26"
"2735","sock","extra_words","2A","produces",1,1,"248","2026-02-18 10:40:52","VVI148",630,"f","2/18/26"
"2736","bathtub","extra_words","2A","produces",1,1,"248","2026-02-18 10:40:52","VVI148",630,"f","2/18/26"
"2737","shower","extra_words","2A","produces",1,1,"248","2026-02-18 10:40:52","VVI148",630,"f","2/18/26"
"2738","balloon","extra_words","2A","produces",1,1,"248","2026-02-18 10:40:52","VVI148",630,"f","2/18/26"
"2739","dresser","extra_words","2A","produces",NA,0,"248","2026-02-18 10:40:52","VVI148",630,"f","2/18/26"
"2740","kite","extra_words","2A","produces",NA,0,"248","2026-02-18 10:40:52","VVI148",630,"f","2/18/26"
"2741","camel","extra_words","2A","produces",NA,0,"248","2026-02-18 10:40:52","VVI148",630,"f","2/18/26"
"2742","elephant","extra_words","2A","produces",1,1,"248","2026-02-18 10:40:52","VVI148",630,"f","2/18/26"
"2743","ladybug","extra_words","2A","produces",1,1,"248","2026-02-18 10:40:52","VVI148",630,"f","2/18/26"
"2744","cloud","extra_words","2A","produces",1,1,"248","2026-02-18 10:40:52","VVI148",630,"f","2/18/26"
"2745","tree","extra_words","2A","produces",1,1,"248","2026-02-18 10:40:52","VVI148",630,"f","2/18/26"
"2746","zipper","extra_words","2A","produces",1,1,"248","2026-02-18 10:40:52","VVI148",630,"f","2/18/26"
"2747","crow","extra_words","2A","produces",NA,0,"248","2026-02-18 10:40:52","VVI148",630,"f","2/18/26"
"2748","penguin","extra_words","2A","produces",1,1,"248","2026-02-18 10:40:52","VVI148",630,"f","2/18/26"
"2749","seahorse","extra_words","2A","produces",NA,0,"248","2026-02-18 10:40:52","VVI148",630,"f","2/18/26"
"2750","duck","extra_words","2A","produces",1,1,"248","2026-02-18 10:40:52","VVI148",630,"f","2/18/26"
"2751","chicken","extra_words","2A","produces",1,1,"248","2026-02-18 10:40:52","VVI148",630,"f","2/18/26"
"2752","butterfly","extra_words","2A","produces",1,1,"248","2026-02-18 10:40:52","VVI148",630,"f","2/18/26"
"2753","lizard","extra_words","2A","produces",NA,0,"248","2026-02-18 10:40:52","VVI148",630,"f","2/18/26"
"2754","walrus","extra_words","2A","produces",1,1,"248","2026-02-18 10:40:52","VVI148",630,"f","2/18/26"
"2755","snake","extra_words","2A","produces",1,1,"248","2026-02-18 10:40:52","VVI148",630,"f","2/18/26"
"2756","truck","extra_words","2A","produces",1,1,"248","2026-02-18 10:40:52","VVI148",630,"f","2/18/26"
"2757","car","extra_words","2A","produces",1,1,"248","2026-02-18 10:40:52","VVI148",630,"f","2/18/26"
"2758","airplane","extra_words","2A","produces",1,1,"248","2026-02-18 10:40:52","VVI148",630,"f","2/18/26"
"2759","baa baa","cdi_words","2A","produces",1,1,"248","2026-02-18 10:40:52","VVI148",630,"f","2/18/26"
"2760","meow","cdi_words","2A","produces",1,1,"248","2026-02-18 10:40:52","VVI148",630,"f","2/18/26"
"2761","ouch","cdi_words","2A","produces",1,1,"248","2026-02-18 10:40:52","VVI148",630,"f","2/18/26"
"2762","uh oh","cdi_words","2A","produces",1,1,"248","2026-02-18 10:40:52","VVI148",630,"f","2/18/26"
"2763","woof woof","cdi_words","2A","produces",1,1,"248","2026-02-18 10:40:52","VVI148",630,"f","2/18/26"
"2764","bear","cdi_words","2A","produces",1,1,"248","2026-02-18 10:40:52","VVI148",630,"f","2/18/26"
"2765","bird","cdi_words","2A","produces",1,1,"248","2026-02-18 10:40:52","VVI148",630,"f","2/18/26"
"2766","cat","cdi_words","2A","produces",1,1,"248","2026-02-18 10:40:52","VVI148",630,"f","2/18/26"
"2767","dog","cdi_words","2A","produces",1,1,"248","2026-02-18 10:40:52","VVI148",630,"f","2/18/26"
"2768","duck","cdi_words","2A","produces",1,1,"248","2026-02-18 10:40:52","VVI148",630,"f","2/18/26"
"2769","horse","cdi_words","2A","produces",1,1,"248","2026-02-18 10:40:52","VVI148",630,"f","2/18/26"
"2770","airplane","cdi_words","2A","produces",1,1,"248","2026-02-18 10:40:52","VVI148",630,"f","2/18/26"
"2771","boat","cdi_words","2A","produces",1,1,"248","2026-02-18 10:40:52","VVI148",630,"f","2/18/26"
"2772","car","cdi_words","2A","produces",1,1,"248","2026-02-18 10:40:52","VVI148",630,"f","2/18/26"
"2773","ball","cdi_words","2A","produces",1,1,"248","2026-02-18 10:40:52","VVI148",630,"f","2/18/26"
"2774","book","cdi_words","2A","produces",1,1,"248","2026-02-18 10:40:52","VVI148",630,"f","2/18/26"
"2775","game","cdi_words","2A","produces",1,1,"248","2026-02-18 10:40:52","VVI148",630,"f","2/18/26"
"2776","applesauce","cdi_words","2A","produces",1,1,"248","2026-02-18 10:40:52","VVI148",630,"f","2/18/26"
"2777","candy","cdi_words","2A","produces",1,1,"248","2026-02-18 10:40:52","VVI148",630,"f","2/18/26"
"2778","coke","cdi_words","2A","produces",NA,0,"248","2026-02-18 10:40:52","VVI148",630,"f","2/18/26"
"2779","cracker","cdi_words","2A","produces",1,1,"248","2026-02-18 10:40:52","VVI148",630,"f","2/18/26"
"2780","juice","cdi_words","2A","produces",1,1,"248","2026-02-18 10:40:52","VVI148",630,"f","2/18/26"
"2781","meat","cdi_words","2A","produces",NA,0,"248","2026-02-18 10:40:52","VVI148",630,"f","2/18/26"
"2782","milk","cdi_words","2A","produces",1,1,"248","2026-02-18 10:40:52","VVI148",630,"f","2/18/26"
"2783","peas","cdi_words","2A","produces",1,1,"248","2026-02-18 10:40:52","VVI148",630,"f","2/18/26"
"2784","hat","cdi_words","2A","produces",1,1,"248","2026-02-18 10:40:52","VVI148",630,"f","2/18/26"
"2785","necklace","cdi_words","2A","produces",1,1,"248","2026-02-18 10:40:52","VVI148",630,"f","2/18/26"
"2786","shoe","cdi_words","2A","produces",1,1,"248","2026-02-18 10:40:52","VVI148",630,"f","2/18/26"
"2787","sock","cdi_words","2A","produces",1,1,"248","2026-02-18 10:40:52","VVI148",630,"f","2/18/26"
"2788","chin","cdi_words","2A","produces",1,1,"248","2026-02-18 10:40:52","VVI148",630,"f","2/18/26"
"2789","ear","cdi_words","2A","produces",1,1,"248","2026-02-18 10:40:52","VVI148",630,"f","2/18/26"
"2790","hand","cdi_words","2A","produces",1,1,"248","2026-02-18 10:40:52","VVI148",630,"f","2/18/26"
"2791","leg","cdi_words","2A","produces",1,1,"248","2026-02-18 10:40:52","VVI148",630,"f","2/18/26"
"2792","broom","cdi_words","2A","produces",1,1,"248","2026-02-18 10:40:52","VVI148",630,"f","2/18/26"
"2793","comb","cdi_words","2A","produces",NA,0,"248","2026-02-18 10:40:52","VVI148",630,"f","2/18/26"
"2794","mop","cdi_words","2A","produces",1,1,"248","2026-02-18 10:40:52","VVI148",630,"f","2/18/26"
"2795","plate","cdi_words","2A","produces",1,1,"248","2026-02-18 10:40:52","VVI148",630,"f","2/18/26"
"2796","trash","cdi_words","2A","produces",1,1,"248","2026-02-18 10:40:52","VVI148",630,"f","2/18/26"
"2797","tray","cdi_words","2A","produces",NA,0,"248","2026-02-18 10:40:52","VVI148",630,"f","2/18/26"
"2798","towel","cdi_words","2A","produces",1,1,"248","2026-02-18 10:40:52","VVI148",630,"f","2/18/26"
"2799","bed","cdi_words","2A","produces",1,1,"248","2026-02-18 10:40:52","VVI148",630,"f","2/18/26"
"2800","bedroom","cdi_words","2A","produces",NA,0,"248","2026-02-18 10:40:52","VVI148",630,"f","2/18/26"
"2801","bench","cdi_words","2A","produces",NA,0,"248","2026-02-18 10:40:52","VVI148",630,"f","2/18/26"
"2802","oven","cdi_words","2A","produces",1,1,"248","2026-02-18 10:40:52","VVI148",630,"f","2/18/26"
"2803","stairs","cdi_words","2A","produces",1,1,"248","2026-02-18 10:40:52","VVI148",630,"f","2/18/26"
"2804","flag","cdi_words","2A","produces",1,1,"248","2026-02-18 10:40:52","VVI148",630,"f","2/18/26"
"2805","rain","cdi_words","2A","produces",1,1,"248","2026-02-18 10:40:52","VVI148",630,"f","2/18/26"
"2806","star","cdi_words","2A","produces",1,1,"248","2026-02-18 10:40:52","VVI148",630,"f","2/18/26"
"2807","swing","cdi_words","2A","produces",1,1,"248","2026-02-18 10:40:52","VVI148",630,"f","2/18/26"
"2808","school","cdi_words","2A","produces",NA,0,"248","2026-02-18 10:40:52","VVI148",630,"f","2/18/26"
"2809","sky","cdi_words","2A","produces",1,1,"248","2026-02-18 10:40:52","VVI148",630,"f","2/18/26"
"2810","party","cdi_words","2A","produces",1,1,"248","2026-02-18 10:40:52","VVI148",630,"f","2/18/26"
"2811","friend","cdi_words","2A","produces",1,1,"248","2026-02-18 10:40:52","VVI148",630,"f","2/18/26"
"2812","mommy","cdi_words","2A","produces",1,1,"248","2026-02-18 10:40:52","VVI148",630,"f","2/18/26"
"2813","person","cdi_words","2A","produces",1,1,"248","2026-02-18 10:40:52","VVI148",630,"f","2/18/26"
"2814","bye","cdi_words","2A","produces",1,1,"248","2026-02-18 10:40:52","VVI148",630,"f","2/18/26"
"2815","hi","cdi_words","2A","produces",1,1,"248","2026-02-18 10:40:52","VVI148",630,"f","2/18/26"
"2816","no","cdi_words","2A","produces",1,1,"248","2026-02-18 10:40:52","VVI148",630,"f","2/18/26"
"2817","shopping","cdi_words","2A","produces",1,1,"248","2026-02-18 10:40:52","VVI148",630,"f","2/18/26"
"2818","thank you","cdi_words","2A","produces",1,1,"248","2026-02-18 10:40:52","VVI148",630,"f","2/18/26"
"2819","carry","cdi_words","2A","produces",NA,0,"248","2026-02-18 10:40:52","VVI148",630,"f","2/18/26"
"2820","chase","cdi_words","2A","produces",NA,0,"248","2026-02-18 10:40:52","VVI148",630,"f","2/18/26"
"2821","dump","cdi_words","2A","produces",1,1,"248","2026-02-18 10:40:52","VVI148",630,"f","2/18/26"
"2822","finish","cdi_words","2A","produces",NA,0,"248","2026-02-18 10:40:52","VVI148",630,"f","2/18/26"
"2823","fit","cdi_words","2A","produces",1,1,"248","2026-02-18 10:40:52","VVI148",630,"f","2/18/26"
"2824","hug","cdi_words","2A","produces",1,1,"248","2026-02-18 10:40:52","VVI148",630,"f","2/18/26"
"2825","listen","cdi_words","2A","produces",1,1,"248","2026-02-18 10:40:52","VVI148",630,"f","2/18/26"
"2826","like","cdi_words","2A","produces",NA,0,"248","2026-02-18 10:40:52","VVI148",630,"f","2/18/26"
"2827","pretend","cdi_words","2A","produces",NA,0,"248","2026-02-18 10:40:52","VVI148",630,"f","2/18/26"
"2828","rip","cdi_words","2A","produces",NA,0,"248","2026-02-18 10:40:52","VVI148",630,"f","2/18/26"
"2829","shake","cdi_words","2A","produces",1,1,"248","2026-02-18 10:40:52","VVI148",630,"f","2/18/26"
"2830","taste","cdi_words","2A","produces",NA,0,"248","2026-02-18 10:40:52","VVI148",630,"f","2/18/26"
"2831","gentle","cdi_words","2A","produces",NA,0,"248","2026-02-18 10:40:52","VVI148",630,"f","2/18/26"
"2832","think","cdi_words","2A","produces",NA,0,"248","2026-02-18 10:40:52","VVI148",630,"f","2/18/26"
"2833","wish","cdi_words","2A","produces",NA,0,"248","2026-02-18 10:40:52","VVI148",630,"f","2/18/26"
"2834","all gone","cdi_words","2A","produces",1,1,"248","2026-02-18 10:40:52","VVI148",630,"f","2/18/26"
"2835","cold","cdi_words","2A","produces",1,1,"248","2026-02-18 10:40:52","VVI148",630,"f","2/18/26"
"2836","fast","cdi_words","2A","produces",1,1,"248","2026-02-18 10:40:52","VVI148",630,"f","2/18/26"
"2837","happy","cdi_words","2A","produces",1,1,"248","2026-02-18 10:40:52","VVI148",630,"f","2/18/26"
"2838","hot","cdi_words","2A","produces",1,1,"248","2026-02-18 10:40:52","VVI148",630,"f","2/18/26"
"2839","last","cdi_words","2A","produces",NA,0,"248","2026-02-18 10:40:52","VVI148",630,"f","2/18/26"
"2840","tiny","cdi_words","2A","produces",NA,0,"248","2026-02-18 10:40:52","VVI148",630,"f","2/18/26"
"2841","wet","cdi_words","2A","produces",1,1,"248","2026-02-18 10:40:52","VVI148",630,"f","2/18/26"
"2842","after","cdi_words","2A","produces",NA,0,"248","2026-02-18 10:40:52","VVI148",630,"f","2/18/26"
"2843","day","cdi_words","2A","produces",NA,0,"248","2026-02-18 10:40:52","VVI148",630,"f","2/18/26"
"2844","tonight","cdi_words","2A","produces",NA,0,"248","2026-02-18 10:40:52","VVI148",630,"f","2/18/26"
"2845","our","cdi_words","2A","produces",NA,0,"248","2026-02-18 10:40:52","VVI148",630,"f","2/18/26"
"2846","them","cdi_words","2A","produces",NA,0,"248","2026-02-18 10:40:52","VVI148",630,"f","2/18/26"
"2847","this","cdi_words","2A","produces",NA,0,"248","2026-02-18 10:40:52","VVI148",630,"f","2/18/26"
"2848","us","cdi_words","2A","produces",NA,0,"248","2026-02-18 10:40:52","VVI148",630,"f","2/18/26"
"2849","where","cdi_words","2A","produces",1,1,"248","2026-02-18 10:40:52","VVI148",630,"f","2/18/26"
"2850","beside","cdi_words","2A","produces",NA,0,"248","2026-02-18 10:40:52","VVI148",630,"f","2/18/26"
"2851","down","cdi_words","2A","produces",1,1,"248","2026-02-18 10:40:52","VVI148",630,"f","2/18/26"
"2852","under","cdi_words","2A","produces",NA,0,"248","2026-02-18 10:40:52","VVI148",630,"f","2/18/26"
"2853","all","cdi_words","2A","produces",1,1,"248","2026-02-18 10:40:52","VVI148",630,"f","2/18/26"
"2854","much","cdi_words","2A","produces",NA,0,"248","2026-02-18 10:40:52","VVI148",630,"f","2/18/26"
"2855","could","cdi_words","2A","produces",NA,0,"248","2026-02-18 10:40:52","VVI148",630,"f","2/18/26"
"2856","need","cdi_words","2A","produces",NA,0,"248","2026-02-18 10:40:52","VVI148",630,"f","2/18/26"
"2857","would","cdi_words","2A","produces",NA,0,"248","2026-02-18 10:40:52","VVI148",630,"f","2/18/26"
"2858","if","cdi_words","2A","produces",NA,0,"248","2026-02-18 10:40:52","VVI148",630,"f","2/18/26"
"2859","sock","extra_words","2A","produces",NA,0,"105","2026-04-17 16:36:07","VVI190",570,"m","6/26/04"
"2860","bathtub","extra_words","2A","produces",NA,0,"105","2026-04-17 16:36:07","VVI190",570,"m","6/26/04"
"2861","shower","extra_words","2A","produces",NA,0,"105","2026-04-17 16:36:07","VVI190",570,"m","6/26/04"
"2862","balloon","extra_words","2A","produces",NA,0,"105","2026-04-17 16:36:07","VVI190",570,"m","6/26/04"
"2863","dresser","extra_words","2A","produces",NA,0,"105","2026-04-17 16:36:07","VVI190",570,"m","6/26/04"
"2864","kite","extra_words","2A","produces",NA,0,"105","2026-04-17 16:36:07","VVI190",570,"m","6/26/04"
"2865","camel","extra_words","2A","produces",NA,0,"105","2026-04-17 16:36:07","VVI190",570,"m","6/26/04"
"2866","elephant","extra_words","2A","produces",NA,0,"105","2026-04-17 16:36:07","VVI190",570,"m","6/26/04"
"2867","ladybug","extra_words","2A","produces",NA,0,"105","2026-04-17 16:36:07","VVI190",570,"m","6/26/04"
"2868","cloud","extra_words","2A","produces",NA,0,"105","2026-04-17 16:36:07","VVI190",570,"m","6/26/04"
"2869","tree","extra_words","2A","produces",NA,0,"105","2026-04-17 16:36:07","VVI190",570,"m","6/26/04"
"2870","zipper","extra_words","2A","produces",NA,0,"105","2026-04-17 16:36:07","VVI190",570,"m","6/26/04"
"2871","crow","extra_words","2A","produces",NA,0,"105","2026-04-17 16:36:07","VVI190",570,"m","6/26/04"
"2872","penguin","extra_words","2A","produces",NA,0,"105","2026-04-17 16:36:07","VVI190",570,"m","6/26/04"
"2873","seahorse","extra_words","2A","produces",NA,0,"105","2026-04-17 16:36:07","VVI190",570,"m","6/26/04"
"2874","duck","extra_words","2A","produces",NA,0,"105","2026-04-17 16:36:07","VVI190",570,"m","6/26/04"
"2875","chicken","extra_words","2A","produces",NA,0,"105","2026-04-17 16:36:07","VVI190",570,"m","6/26/04"
"2876","butterfly","extra_words","2A","produces",NA,0,"105","2026-04-17 16:36:07","VVI190",570,"m","6/26/04"
"2877","lizard","extra_words","2A","produces",NA,0,"105","2026-04-17 16:36:07","VVI190",570,"m","6/26/04"
"2878","walrus","extra_words","2A","produces",NA,0,"105","2026-04-17 16:36:07","VVI190",570,"m","6/26/04"
"2879","snake","extra_words","2A","produces",NA,0,"105","2026-04-17 16:36:07","VVI190",570,"m","6/26/04"
"2880","truck","extra_words","2A","produces",NA,0,"105","2026-04-17 16:36:07","VVI190",570,"m","6/26/04"
"2881","car","extra_words","2A","produces",1,1,"105","2026-04-17 16:36:07","VVI190",570,"m","6/26/04"
"2882","airplane","extra_words","2A","produces",NA,0,"105","2026-04-17 16:36:07","VVI190",570,"m","6/26/04"
"2883","baa baa","cdi_words","2A","produces",1,1,"105","2026-04-17 16:36:07","VVI190",570,"m","6/26/04"
"2884","meow","cdi_words","2A","produces",NA,0,"105","2026-04-17 16:36:07","VVI190",570,"m","6/26/04"
"2885","ouch","cdi_words","2A","produces",NA,0,"105","2026-04-17 16:36:07","VVI190",570,"m","6/26/04"
"2886","uh oh","cdi_words","2A","produces",NA,0,"105","2026-04-17 16:36:07","VVI190",570,"m","6/26/04"
"2887","woof woof","cdi_words","2A","produces",NA,0,"105","2026-04-17 16:36:07","VVI190",570,"m","6/26/04"
"2888","bear","cdi_words","2A","produces",NA,0,"105","2026-04-17 16:36:07","VVI190",570,"m","6/26/04"
"2889","bird","cdi_words","2A","produces",NA,0,"105","2026-04-17 16:36:07","VVI190",570,"m","6/26/04"
"2890","cat","cdi_words","2A","produces",NA,0,"105","2026-04-17 16:36:07","VVI190",570,"m","6/26/04"
"2891","dog","cdi_words","2A","produces",1,1,"105","2026-04-17 16:36:07","VVI190",570,"m","6/26/04"
"2892","duck","cdi_words","2A","produces",NA,0,"105","2026-04-17 16:36:07","VVI190",570,"m","6/26/04"
"2893","horse","cdi_words","2A","produces",NA,0,"105","2026-04-17 16:36:07","VVI190",570,"m","6/26/04"
"2894","airplane","cdi_words","2A","produces",NA,0,"105","2026-04-17 16:36:07","VVI190",570,"m","6/26/04"
"2895","boat","cdi_words","2A","produces",NA,0,"105","2026-04-17 16:36:07","VVI190",570,"m","6/26/04"
"2896","car","cdi_words","2A","produces",1,1,"105","2026-04-17 16:36:07","VVI190",570,"m","6/26/04"
"2897","ball","cdi_words","2A","produces",NA,0,"105","2026-04-17 16:36:07","VVI190",570,"m","6/26/04"
"2898","book","cdi_words","2A","produces",NA,0,"105","2026-04-17 16:36:07","VVI190",570,"m","6/26/04"
"2899","game","cdi_words","2A","produces",NA,0,"105","2026-04-17 16:36:07","VVI190",570,"m","6/26/04"
"2900","applesauce","cdi_words","2A","produces",NA,0,"105","2026-04-17 16:36:07","VVI190",570,"m","6/26/04"
"2901","candy","cdi_words","2A","produces",NA,0,"105","2026-04-17 16:36:07","VVI190",570,"m","6/26/04"
"2902","coke","cdi_words","2A","produces",NA,0,"105","2026-04-17 16:36:07","VVI190",570,"m","6/26/04"
"2903","cracker","cdi_words","2A","produces",NA,0,"105","2026-04-17 16:36:07","VVI190",570,"m","6/26/04"
"2904","juice","cdi_words","2A","produces",NA,0,"105","2026-04-17 16:36:07","VVI190",570,"m","6/26/04"
"2905","meat","cdi_words","2A","produces",NA,0,"105","2026-04-17 16:36:07","VVI190",570,"m","6/26/04"
"2906","milk","cdi_words","2A","produces",NA,0,"105","2026-04-17 16:36:07","VVI190",570,"m","6/26/04"
"2907","peas","cdi_words","2A","produces",NA,0,"105","2026-04-17 16:36:07","VVI190",570,"m","6/26/04"
"2908","hat","cdi_words","2A","produces",NA,0,"105","2026-04-17 16:36:07","VVI190",570,"m","6/26/04"
"2909","necklace","cdi_words","2A","produces",NA,0,"105","2026-04-17 16:36:07","VVI190",570,"m","6/26/04"
"2910","shoe","cdi_words","2A","produces",NA,0,"105","2026-04-17 16:36:07","VVI190",570,"m","6/26/04"
"2911","sock","cdi_words","2A","produces",NA,0,"105","2026-04-17 16:36:07","VVI190",570,"m","6/26/04"
"2912","chin","cdi_words","2A","produces",NA,0,"105","2026-04-17 16:36:07","VVI190",570,"m","6/26/04"
"2913","ear","cdi_words","2A","produces",NA,0,"105","2026-04-17 16:36:07","VVI190",570,"m","6/26/04"
"2914","hand","cdi_words","2A","produces",NA,0,"105","2026-04-17 16:36:07","VVI190",570,"m","6/26/04"
"2915","leg","cdi_words","2A","produces",NA,0,"105","2026-04-17 16:36:07","VVI190",570,"m","6/26/04"
"2916","broom","cdi_words","2A","produces",NA,0,"105","2026-04-17 16:36:07","VVI190",570,"m","6/26/04"
"2917","comb","cdi_words","2A","produces",NA,0,"105","2026-04-17 16:36:07","VVI190",570,"m","6/26/04"
"2918","mop","cdi_words","2A","produces",NA,0,"105","2026-04-17 16:36:07","VVI190",570,"m","6/26/04"
"2919","plate","cdi_words","2A","produces",NA,0,"105","2026-04-17 16:36:07","VVI190",570,"m","6/26/04"
"2920","trash","cdi_words","2A","produces",NA,0,"105","2026-04-17 16:36:07","VVI190",570,"m","6/26/04"
"2921","tray","cdi_words","2A","produces",NA,0,"105","2026-04-17 16:36:07","VVI190",570,"m","6/26/04"
"2922","towel","cdi_words","2A","produces",NA,0,"105","2026-04-17 16:36:07","VVI190",570,"m","6/26/04"
"2923","bed","cdi_words","2A","produces",NA,0,"105","2026-04-17 16:36:07","VVI190",570,"m","6/26/04"
"2924","bedroom","cdi_words","2A","produces",NA,0,"105","2026-04-17 16:36:07","VVI190",570,"m","6/26/04"
"2925","bench","cdi_words","2A","produces",NA,0,"105","2026-04-17 16:36:07","VVI190",570,"m","6/26/04"
"2926","oven","cdi_words","2A","produces",NA,0,"105","2026-04-17 16:36:07","VVI190",570,"m","6/26/04"
"2927","stairs","cdi_words","2A","produces",NA,0,"105","2026-04-17 16:36:07","VVI190",570,"m","6/26/04"
"2928","flag","cdi_words","2A","produces",NA,0,"105","2026-04-17 16:36:07","VVI190",570,"m","6/26/04"
"2929","rain","cdi_words","2A","produces",NA,0,"105","2026-04-17 16:36:07","VVI190",570,"m","6/26/04"
"2930","star","cdi_words","2A","produces",NA,0,"105","2026-04-17 16:36:07","VVI190",570,"m","6/26/04"
"2931","swing","cdi_words","2A","produces",NA,0,"105","2026-04-17 16:36:07","VVI190",570,"m","6/26/04"
"2932","school","cdi_words","2A","produces",NA,0,"105","2026-04-17 16:36:07","VVI190",570,"m","6/26/04"
"2933","sky","cdi_words","2A","produces",NA,0,"105","2026-04-17 16:36:07","VVI190",570,"m","6/26/04"
"2934","party","cdi_words","2A","produces",NA,0,"105","2026-04-17 16:36:07","VVI190",570,"m","6/26/04"
"2935","friend","cdi_words","2A","produces",NA,0,"105","2026-04-17 16:36:07","VVI190",570,"m","6/26/04"
"2936","mommy","cdi_words","2A","produces",NA,0,"105","2026-04-17 16:36:07","VVI190",570,"m","6/26/04"
"2937","person","cdi_words","2A","produces",NA,0,"105","2026-04-17 16:36:07","VVI190",570,"m","6/26/04"
"2938","bye","cdi_words","2A","produces",1,1,"105","2026-04-17 16:36:07","VVI190",570,"m","6/26/04"
"2939","hi","cdi_words","2A","produces",1,1,"105","2026-04-17 16:36:07","VVI190",570,"m","6/26/04"
"2940","no","cdi_words","2A","produces",1,1,"105","2026-04-17 16:36:07","VVI190",570,"m","6/26/04"
"2941","shopping","cdi_words","2A","produces",NA,0,"105","2026-04-17 16:36:07","VVI190",570,"m","6/26/04"
"2942","thank you","cdi_words","2A","produces",NA,0,"105","2026-04-17 16:36:07","VVI190",570,"m","6/26/04"
"2943","carry","cdi_words","2A","produces",NA,0,"105","2026-04-17 16:36:07","VVI190",570,"m","6/26/04"
"2944","chase","cdi_words","2A","produces",NA,0,"105","2026-04-17 16:36:07","VVI190",570,"m","6/26/04"
"2945","dump","cdi_words","2A","produces",NA,0,"105","2026-04-17 16:36:07","VVI190",570,"m","6/26/04"
"2946","finish","cdi_words","2A","produces",NA,0,"105","2026-04-17 16:36:07","VVI190",570,"m","6/26/04"
"2947","fit","cdi_words","2A","produces",NA,0,"105","2026-04-17 16:36:07","VVI190",570,"m","6/26/04"
"2948","hug","cdi_words","2A","produces",NA,0,"105","2026-04-17 16:36:07","VVI190",570,"m","6/26/04"
"2949","listen","cdi_words","2A","produces",NA,0,"105","2026-04-17 16:36:07","VVI190",570,"m","6/26/04"
"2950","like","cdi_words","2A","produces",NA,0,"105","2026-04-17 16:36:07","VVI190",570,"m","6/26/04"
"2951","pretend","cdi_words","2A","produces",NA,0,"105","2026-04-17 16:36:07","VVI190",570,"m","6/26/04"
"2952","rip","cdi_words","2A","produces",NA,0,"105","2026-04-17 16:36:07","VVI190",570,"m","6/26/04"
"2953","shake","cdi_words","2A","produces",NA,0,"105","2026-04-17 16:36:07","VVI190",570,"m","6/26/04"
"2954","taste","cdi_words","2A","produces",NA,0,"105","2026-04-17 16:36:07","VVI190",570,"m","6/26/04"
"2955","gentle","cdi_words","2A","produces",NA,0,"105","2026-04-17 16:36:07","VVI190",570,"m","6/26/04"
"2956","think","cdi_words","2A","produces",NA,0,"105","2026-04-17 16:36:07","VVI190",570,"m","6/26/04"
"2957","wish","cdi_words","2A","produces",NA,0,"105","2026-04-17 16:36:07","VVI190",570,"m","6/26/04"
"2958","all gone","cdi_words","2A","produces",NA,0,"105","2026-04-17 16:36:07","VVI190",570,"m","6/26/04"
"2959","cold","cdi_words","2A","produces",NA,0,"105","2026-04-17 16:36:07","VVI190",570,"m","6/26/04"
"2960","fast","cdi_words","2A","produces",NA,0,"105","2026-04-17 16:36:07","VVI190",570,"m","6/26/04"
"2961","happy","cdi_words","2A","produces",NA,0,"105","2026-04-17 16:36:07","VVI190",570,"m","6/26/04"
"2962","hot","cdi_words","2A","produces",NA,0,"105","2026-04-17 16:36:07","VVI190",570,"m","6/26/04"
"2963","last","cdi_words","2A","produces",NA,0,"105","2026-04-17 16:36:07","VVI190",570,"m","6/26/04"
"2964","tiny","cdi_words","2A","produces",NA,0,"105","2026-04-17 16:36:07","VVI190",570,"m","6/26/04"
"2965","wet","cdi_words","2A","produces",NA,0,"105","2026-04-17 16:36:07","VVI190",570,"m","6/26/04"
"2966","after","cdi_words","2A","produces",NA,0,"105","2026-04-17 16:36:07","VVI190",570,"m","6/26/04"
"2967","day","cdi_words","2A","produces",NA,0,"105","2026-04-17 16:36:07","VVI190",570,"m","6/26/04"
"2968","tonight","cdi_words","2A","produces",NA,0,"105","2026-04-17 16:36:07","VVI190",570,"m","6/26/04"
"2969","our","cdi_words","2A","produces",NA,0,"105","2026-04-17 16:36:07","VVI190",570,"m","6/26/04"
"2970","them","cdi_words","2A","produces",NA,0,"105","2026-04-17 16:36:07","VVI190",570,"m","6/26/04"
"2971","this","cdi_words","2A","produces",NA,0,"105","2026-04-17 16:36:07","VVI190",570,"m","6/26/04"
"2972","us","cdi_words","2A","produces",NA,0,"105","2026-04-17 16:36:07","VVI190",570,"m","6/26/04"
"2973","where","cdi_words","2A","produces",NA,0,"105","2026-04-17 16:36:07","VVI190",570,"m","6/26/04"
"2974","beside","cdi_words","2A","produces",NA,0,"105","2026-04-17 16:36:07","VVI190",570,"m","6/26/04"
"2975","down","cdi_words","2A","produces",NA,0,"105","2026-04-17 16:36:07","VVI190",570,"m","6/26/04"
"2976","under","cdi_words","2A","produces",NA,0,"105","2026-04-17 16:36:07","VVI190",570,"m","6/26/04"
"2977","all","cdi_words","2A","produces",NA,0,"105","2026-04-17 16:36:07","VVI190",570,"m","6/26/04"
"2978","much","cdi_words","2A","produces",NA,0,"105","2026-04-17 16:36:07","VVI190",570,"m","6/26/04"
"2979","could","cdi_words","2A","produces",NA,0,"105","2026-04-17 16:36:07","VVI190",570,"m","6/26/04"
"2980","need","cdi_words","2A","produces",NA,0,"105","2026-04-17 16:36:07","VVI190",570,"m","6/26/04"
"2981","would","cdi_words","2A","produces",NA,0,"105","2026-04-17 16:36:07","VVI190",570,"m","6/26/04"
"2982","if","cdi_words","2A","produces",NA,0,"105","2026-04-17 16:36:07","VVI190",570,"m","6/26/04"
"2983","sock","extra_words","2A","produces",NA,0,"92","2026-03-07 09:16:09","VVI174",690,"m","7/26/03"
"2984","bathtub","extra_words","2A","produces",NA,0,"92","2026-03-07 09:16:09","VVI174",690,"m","7/26/03"
"2985","shower","extra_words","2A","produces",NA,0,"92","2026-03-07 09:16:09","VVI174",690,"m","7/26/03"
"2986","balloon","extra_words","2A","produces",1,1,"92","2026-03-07 09:16:09","VVI174",690,"m","7/26/03"
"2987","dresser","extra_words","2A","produces",NA,0,"92","2026-03-07 09:16:09","VVI174",690,"m","7/26/03"
"2988","kite","extra_words","2A","produces",NA,0,"92","2026-03-07 09:16:09","VVI174",690,"m","7/26/03"
"2989","camel","extra_words","2A","produces",NA,0,"92","2026-03-07 09:16:09","VVI174",690,"m","7/26/03"
"2990","elephant","extra_words","2A","produces",NA,0,"92","2026-03-07 09:16:09","VVI174",690,"m","7/26/03"
"2991","ladybug","extra_words","2A","produces",NA,0,"92","2026-03-07 09:16:09","VVI174",690,"m","7/26/03"
"2992","cloud","extra_words","2A","produces",NA,0,"92","2026-03-07 09:16:09","VVI174",690,"m","7/26/03"
"2993","tree","extra_words","2A","produces",NA,0,"92","2026-03-07 09:16:09","VVI174",690,"m","7/26/03"
"2994","zipper","extra_words","2A","produces",NA,0,"92","2026-03-07 09:16:09","VVI174",690,"m","7/26/03"
"2995","crow","extra_words","2A","produces",NA,0,"92","2026-03-07 09:16:09","VVI174",690,"m","7/26/03"
"2996","penguin","extra_words","2A","produces",NA,0,"92","2026-03-07 09:16:09","VVI174",690,"m","7/26/03"
"2997","seahorse","extra_words","2A","produces",NA,0,"92","2026-03-07 09:16:09","VVI174",690,"m","7/26/03"
"2998","duck","extra_words","2A","produces",1,1,"92","2026-03-07 09:16:09","VVI174",690,"m","7/26/03"
"2999","chicken","extra_words","2A","produces",NA,0,"92","2026-03-07 09:16:09","VVI174",690,"m","7/26/03"
"3000","butterfly","extra_words","2A","produces",NA,0,"92","2026-03-07 09:16:09","VVI174",690,"m","7/26/03"
"3001","lizard","extra_words","2A","produces",NA,0,"92","2026-03-07 09:16:09","VVI174",690,"m","7/26/03"
"3002","walrus","extra_words","2A","produces",NA,0,"92","2026-03-07 09:16:09","VVI174",690,"m","7/26/03"
"3003","snake","extra_words","2A","produces",NA,0,"92","2026-03-07 09:16:09","VVI174",690,"m","7/26/03"
"3004","truck","extra_words","2A","produces",NA,0,"92","2026-03-07 09:16:09","VVI174",690,"m","7/26/03"
"3005","car","extra_words","2A","produces",NA,0,"92","2026-03-07 09:16:09","VVI174",690,"m","7/26/03"
"3006","airplane","extra_words","2A","produces",1,1,"92","2026-03-07 09:16:09","VVI174",690,"m","7/26/03"
"3007","baa baa","cdi_words","2A","produces",NA,0,"92","2026-03-07 09:16:09","VVI174",690,"m","7/26/03"
"3008","meow","cdi_words","2A","produces",NA,0,"92","2026-03-07 09:16:09","VVI174",690,"m","7/26/03"
"3009","ouch","cdi_words","2A","produces",NA,0,"92","2026-03-07 09:16:09","VVI174",690,"m","7/26/03"
"3010","uh oh","cdi_words","2A","produces",NA,0,"92","2026-03-07 09:16:09","VVI174",690,"m","7/26/03"
"3011","woof woof","cdi_words","2A","produces",NA,0,"92","2026-03-07 09:16:09","VVI174",690,"m","7/26/03"
"3012","bear","cdi_words","2A","produces",NA,0,"92","2026-03-07 09:16:09","VVI174",690,"m","7/26/03"
"3013","bird","cdi_words","2A","produces",NA,0,"92","2026-03-07 09:16:09","VVI174",690,"m","7/26/03"
"3014","cat","cdi_words","2A","produces",NA,0,"92","2026-03-07 09:16:09","VVI174",690,"m","7/26/03"
"3015","dog","cdi_words","2A","produces",NA,0,"92","2026-03-07 09:16:09","VVI174",690,"m","7/26/03"
"3016","duck","cdi_words","2A","produces",1,1,"92","2026-03-07 09:16:09","VVI174",690,"m","7/26/03"
"3017","horse","cdi_words","2A","produces",NA,0,"92","2026-03-07 09:16:09","VVI174",690,"m","7/26/03"
"3018","airplane","cdi_words","2A","produces",1,1,"92","2026-03-07 09:16:09","VVI174",690,"m","7/26/03"
"3019","boat","cdi_words","2A","produces",NA,0,"92","2026-03-07 09:16:09","VVI174",690,"m","7/26/03"
"3020","car","cdi_words","2A","produces",NA,0,"92","2026-03-07 09:16:09","VVI174",690,"m","7/26/03"
"3021","ball","cdi_words","2A","produces",1,1,"92","2026-03-07 09:16:09","VVI174",690,"m","7/26/03"
"3022","book","cdi_words","2A","produces",NA,0,"92","2026-03-07 09:16:09","VVI174",690,"m","7/26/03"
"3023","game","cdi_words","2A","produces",NA,0,"92","2026-03-07 09:16:09","VVI174",690,"m","7/26/03"
"3024","applesauce","cdi_words","2A","produces",NA,0,"92","2026-03-07 09:16:09","VVI174",690,"m","7/26/03"
"3025","candy","cdi_words","2A","produces",NA,0,"92","2026-03-07 09:16:09","VVI174",690,"m","7/26/03"
"3026","coke","cdi_words","2A","produces",NA,0,"92","2026-03-07 09:16:09","VVI174",690,"m","7/26/03"
"3027","cracker","cdi_words","2A","produces",NA,0,"92","2026-03-07 09:16:09","VVI174",690,"m","7/26/03"
"3028","juice","cdi_words","2A","produces",NA,0,"92","2026-03-07 09:16:09","VVI174",690,"m","7/26/03"
"3029","meat","cdi_words","2A","produces",NA,0,"92","2026-03-07 09:16:09","VVI174",690,"m","7/26/03"
"3030","milk","cdi_words","2A","produces",1,1,"92","2026-03-07 09:16:09","VVI174",690,"m","7/26/03"
"3031","peas","cdi_words","2A","produces",NA,0,"92","2026-03-07 09:16:09","VVI174",690,"m","7/26/03"
"3032","hat","cdi_words","2A","produces",1,1,"92","2026-03-07 09:16:09","VVI174",690,"m","7/26/03"
"3033","necklace","cdi_words","2A","produces",NA,0,"92","2026-03-07 09:16:09","VVI174",690,"m","7/26/03"
"3034","shoe","cdi_words","2A","produces",NA,0,"92","2026-03-07 09:16:09","VVI174",690,"m","7/26/03"
"3035","sock","cdi_words","2A","produces",NA,0,"92","2026-03-07 09:16:09","VVI174",690,"m","7/26/03"
"3036","chin","cdi_words","2A","produces",NA,0,"92","2026-03-07 09:16:09","VVI174",690,"m","7/26/03"
"3037","ear","cdi_words","2A","produces",NA,0,"92","2026-03-07 09:16:09","VVI174",690,"m","7/26/03"
"3038","hand","cdi_words","2A","produces",NA,0,"92","2026-03-07 09:16:09","VVI174",690,"m","7/26/03"
"3039","leg","cdi_words","2A","produces",NA,0,"92","2026-03-07 09:16:09","VVI174",690,"m","7/26/03"
"3040","broom","cdi_words","2A","produces",NA,0,"92","2026-03-07 09:16:09","VVI174",690,"m","7/26/03"
"3041","comb","cdi_words","2A","produces",NA,0,"92","2026-03-07 09:16:09","VVI174",690,"m","7/26/03"
"3042","mop","cdi_words","2A","produces",NA,0,"92","2026-03-07 09:16:09","VVI174",690,"m","7/26/03"
"3043","plate","cdi_words","2A","produces",NA,0,"92","2026-03-07 09:16:09","VVI174",690,"m","7/26/03"
"3044","trash","cdi_words","2A","produces",NA,0,"92","2026-03-07 09:16:09","VVI174",690,"m","7/26/03"
"3045","tray","cdi_words","2A","produces",NA,0,"92","2026-03-07 09:16:09","VVI174",690,"m","7/26/03"
"3046","towel","cdi_words","2A","produces",NA,0,"92","2026-03-07 09:16:09","VVI174",690,"m","7/26/03"
"3047","bed","cdi_words","2A","produces",NA,0,"92","2026-03-07 09:16:09","VVI174",690,"m","7/26/03"
"3048","bedroom","cdi_words","2A","produces",NA,0,"92","2026-03-07 09:16:09","VVI174",690,"m","7/26/03"
"3049","bench","cdi_words","2A","produces",NA,0,"92","2026-03-07 09:16:09","VVI174",690,"m","7/26/03"
"3050","oven","cdi_words","2A","produces",NA,0,"92","2026-03-07 09:16:09","VVI174",690,"m","7/26/03"
"3051","stairs","cdi_words","2A","produces",NA,0,"92","2026-03-07 09:16:09","VVI174",690,"m","7/26/03"
"3052","flag","cdi_words","2A","produces",NA,0,"92","2026-03-07 09:16:09","VVI174",690,"m","7/26/03"
"3053","rain","cdi_words","2A","produces",NA,0,"92","2026-03-07 09:16:09","VVI174",690,"m","7/26/03"
"3054","star","cdi_words","2A","produces",NA,0,"92","2026-03-07 09:16:09","VVI174",690,"m","7/26/03"
"3055","swing","cdi_words","2A","produces",NA,0,"92","2026-03-07 09:16:09","VVI174",690,"m","7/26/03"
"3056","school","cdi_words","2A","produces",NA,0,"92","2026-03-07 09:16:09","VVI174",690,"m","7/26/03"
"3057","sky","cdi_words","2A","produces",NA,0,"92","2026-03-07 09:16:09","VVI174",690,"m","7/26/03"
"3058","party","cdi_words","2A","produces",NA,0,"92","2026-03-07 09:16:09","VVI174",690,"m","7/26/03"
"3059","friend","cdi_words","2A","produces",NA,0,"92","2026-03-07 09:16:09","VVI174",690,"m","7/26/03"
"3060","mommy","cdi_words","2A","produces",1,1,"92","2026-03-07 09:16:09","VVI174",690,"m","7/26/03"
"3061","person","cdi_words","2A","produces",NA,0,"92","2026-03-07 09:16:09","VVI174",690,"m","7/26/03"
"3062","bye","cdi_words","2A","produces",1,1,"92","2026-03-07 09:16:09","VVI174",690,"m","7/26/03"
"3063","hi","cdi_words","2A","produces",1,1,"92","2026-03-07 09:16:09","VVI174",690,"m","7/26/03"
"3064","no","cdi_words","2A","produces",NA,0,"92","2026-03-07 09:16:09","VVI174",690,"m","7/26/03"
"3065","shopping","cdi_words","2A","produces",NA,0,"92","2026-03-07 09:16:09","VVI174",690,"m","7/26/03"
"3066","thank you","cdi_words","2A","produces",NA,0,"92","2026-03-07 09:16:09","VVI174",690,"m","7/26/03"
"3067","carry","cdi_words","2A","produces",NA,0,"92","2026-03-07 09:16:09","VVI174",690,"m","7/26/03"
"3068","chase","cdi_words","2A","produces",NA,0,"92","2026-03-07 09:16:09","VVI174",690,"m","7/26/03"
"3069","dump","cdi_words","2A","produces",NA,0,"92","2026-03-07 09:16:09","VVI174",690,"m","7/26/03"
"3070","finish","cdi_words","2A","produces",NA,0,"92","2026-03-07 09:16:09","VVI174",690,"m","7/26/03"
"3071","fit","cdi_words","2A","produces",NA,0,"92","2026-03-07 09:16:09","VVI174",690,"m","7/26/03"
"3072","hug","cdi_words","2A","produces",1,1,"92","2026-03-07 09:16:09","VVI174",690,"m","7/26/03"
"3073","listen","cdi_words","2A","produces",NA,0,"92","2026-03-07 09:16:09","VVI174",690,"m","7/26/03"
"3074","like","cdi_words","2A","produces",NA,0,"92","2026-03-07 09:16:09","VVI174",690,"m","7/26/03"
"3075","pretend","cdi_words","2A","produces",NA,0,"92","2026-03-07 09:16:09","VVI174",690,"m","7/26/03"
"3076","rip","cdi_words","2A","produces",NA,0,"92","2026-03-07 09:16:09","VVI174",690,"m","7/26/03"
"3077","shake","cdi_words","2A","produces",NA,0,"92","2026-03-07 09:16:09","VVI174",690,"m","7/26/03"
"3078","taste","cdi_words","2A","produces",NA,0,"92","2026-03-07 09:16:09","VVI174",690,"m","7/26/03"
"3079","gentle","cdi_words","2A","produces",NA,0,"92","2026-03-07 09:16:09","VVI174",690,"m","7/26/03"
"3080","think","cdi_words","2A","produces",NA,0,"92","2026-03-07 09:16:09","VVI174",690,"m","7/26/03"
"3081","wish","cdi_words","2A","produces",NA,0,"92","2026-03-07 09:16:09","VVI174",690,"m","7/26/03"
"3082","all gone","cdi_words","2A","produces",NA,0,"92","2026-03-07 09:16:09","VVI174",690,"m","7/26/03"
"3083","cold","cdi_words","2A","produces",NA,0,"92","2026-03-07 09:16:09","VVI174",690,"m","7/26/03"
"3084","fast","cdi_words","2A","produces",NA,0,"92","2026-03-07 09:16:09","VVI174",690,"m","7/26/03"
"3085","happy","cdi_words","2A","produces",NA,0,"92","2026-03-07 09:16:09","VVI174",690,"m","7/26/03"
"3086","hot","cdi_words","2A","produces",1,1,"92","2026-03-07 09:16:09","VVI174",690,"m","7/26/03"
"3087","last","cdi_words","2A","produces",NA,0,"92","2026-03-07 09:16:09","VVI174",690,"m","7/26/03"
"3088","tiny","cdi_words","2A","produces",NA,0,"92","2026-03-07 09:16:09","VVI174",690,"m","7/26/03"
"3089","wet","cdi_words","2A","produces",NA,0,"92","2026-03-07 09:16:09","VVI174",690,"m","7/26/03"
"3090","after","cdi_words","2A","produces",NA,0,"92","2026-03-07 09:16:09","VVI174",690,"m","7/26/03"
"3091","day","cdi_words","2A","produces",NA,0,"92","2026-03-07 09:16:09","VVI174",690,"m","7/26/03"
"3092","tonight","cdi_words","2A","produces",NA,0,"92","2026-03-07 09:16:09","VVI174",690,"m","7/26/03"
"3093","our","cdi_words","2A","produces",NA,0,"92","2026-03-07 09:16:09","VVI174",690,"m","7/26/03"
"3094","them","cdi_words","2A","produces",NA,0,"92","2026-03-07 09:16:09","VVI174",690,"m","7/26/03"
"3095","this","cdi_words","2A","produces",NA,0,"92","2026-03-07 09:16:09","VVI174",690,"m","7/26/03"
"3096","us","cdi_words","2A","produces",NA,0,"92","2026-03-07 09:16:09","VVI174",690,"m","7/26/03"
"3097","where","cdi_words","2A","produces",NA,0,"92","2026-03-07 09:16:09","VVI174",690,"m","7/26/03"
"3098","beside","cdi_words","2A","produces",NA,0,"92","2026-03-07 09:16:09","VVI174",690,"m","7/26/03"
"3099","down","cdi_words","2A","produces",NA,0,"92","2026-03-07 09:16:09","VVI174",690,"m","7/26/03"
"3100","under","cdi_words","2A","produces",NA,0,"92","2026-03-07 09:16:09","VVI174",690,"m","7/26/03"
"3101","all","cdi_words","2A","produces",NA,0,"92","2026-03-07 09:16:09","VVI174",690,"m","7/26/03"
"3102","much","cdi_words","2A","produces",NA,0,"92","2026-03-07 09:16:09","VVI174",690,"m","7/26/03"
"3103","could","cdi_words","2A","produces",NA,0,"92","2026-03-07 09:16:09","VVI174",690,"m","7/26/03"
"3104","need","cdi_words","2A","produces",NA,0,"92","2026-03-07 09:16:09","VVI174",690,"m","7/26/03"
"3105","would","cdi_words","2A","produces",NA,0,"92","2026-03-07 09:16:09","VVI174",690,"m","7/26/03"
"3106","if","cdi_words","2A","produces",NA,0,"92","2026-03-07 09:16:09","VVI174",690,"m","7/26/03"
"3107","sock","extra_words","2A","produces",NA,0,"66","2026-03-05 17:04:08","VVI173",690,"f","5/26/03"
"3108","bathtub","extra_words","2A","produces",NA,0,"66","2026-03-05 17:04:08","VVI173",690,"f","5/26/03"
"3109","shower","extra_words","2A","produces",NA,0,"66","2026-03-05 17:04:08","VVI173",690,"f","5/26/03"
"3110","balloon","extra_words","2A","produces",NA,0,"66","2026-03-05 17:04:08","VVI173",690,"f","5/26/03"
"3111","dresser","extra_words","2A","produces",NA,0,"66","2026-03-05 17:04:08","VVI173",690,"f","5/26/03"
"3112","kite","extra_words","2A","produces",NA,0,"66","2026-03-05 17:04:08","VVI173",690,"f","5/26/03"
"3113","camel","extra_words","2A","produces",NA,0,"66","2026-03-05 17:04:08","VVI173",690,"f","5/26/03"
"3114","elephant","extra_words","2A","produces",NA,0,"66","2026-03-05 17:04:08","VVI173",690,"f","5/26/03"
"3115","ladybug","extra_words","2A","produces",NA,0,"66","2026-03-05 17:04:08","VVI173",690,"f","5/26/03"
"3116","cloud","extra_words","2A","produces",NA,0,"66","2026-03-05 17:04:08","VVI173",690,"f","5/26/03"
"3117","tree","extra_words","2A","produces",NA,0,"66","2026-03-05 17:04:08","VVI173",690,"f","5/26/03"
"3118","zipper","extra_words","2A","produces",NA,0,"66","2026-03-05 17:04:08","VVI173",690,"f","5/26/03"
"3119","crow","extra_words","2A","produces",NA,0,"66","2026-03-05 17:04:08","VVI173",690,"f","5/26/03"
"3120","penguin","extra_words","2A","produces",NA,0,"66","2026-03-05 17:04:08","VVI173",690,"f","5/26/03"
"3121","seahorse","extra_words","2A","produces",NA,0,"66","2026-03-05 17:04:08","VVI173",690,"f","5/26/03"
"3122","duck","extra_words","2A","produces",NA,0,"66","2026-03-05 17:04:08","VVI173",690,"f","5/26/03"
"3123","chicken","extra_words","2A","produces",NA,0,"66","2026-03-05 17:04:08","VVI173",690,"f","5/26/03"
"3124","butterfly","extra_words","2A","produces",NA,0,"66","2026-03-05 17:04:08","VVI173",690,"f","5/26/03"
"3125","lizard","extra_words","2A","produces",NA,0,"66","2026-03-05 17:04:08","VVI173",690,"f","5/26/03"
"3126","walrus","extra_words","2A","produces",NA,0,"66","2026-03-05 17:04:08","VVI173",690,"f","5/26/03"
"3127","snake","extra_words","2A","produces",NA,0,"66","2026-03-05 17:04:08","VVI173",690,"f","5/26/03"
"3128","truck","extra_words","2A","produces",NA,0,"66","2026-03-05 17:04:08","VVI173",690,"f","5/26/03"
"3129","car","extra_words","2A","produces",NA,0,"66","2026-03-05 17:04:08","VVI173",690,"f","5/26/03"
"3130","airplane","extra_words","2A","produces",NA,0,"66","2026-03-05 17:04:08","VVI173",690,"f","5/26/03"
"3131","baa baa","cdi_words","2A","produces",1,1,"66","2026-03-05 17:04:08","VVI173",690,"f","5/26/03"
"3132","meow","cdi_words","2A","produces",1,1,"66","2026-03-05 17:04:08","VVI173",690,"f","5/26/03"
"3133","ouch","cdi_words","2A","produces",1,1,"66","2026-03-05 17:04:08","VVI173",690,"f","5/26/03"
"3134","uh oh","cdi_words","2A","produces",1,1,"66","2026-03-05 17:04:08","VVI173",690,"f","5/26/03"
"3135","woof woof","cdi_words","2A","produces",1,1,"66","2026-03-05 17:04:08","VVI173",690,"f","5/26/03"
"3136","bear","cdi_words","2A","produces",NA,0,"66","2026-03-05 17:04:08","VVI173",690,"f","5/26/03"
"3137","bird","cdi_words","2A","produces",NA,0,"66","2026-03-05 17:04:08","VVI173",690,"f","5/26/03"
"3138","cat","cdi_words","2A","produces",NA,0,"66","2026-03-05 17:04:08","VVI173",690,"f","5/26/03"
"3139","dog","cdi_words","2A","produces",NA,0,"66","2026-03-05 17:04:08","VVI173",690,"f","5/26/03"
"3140","duck","cdi_words","2A","produces",NA,0,"66","2026-03-05 17:04:08","VVI173",690,"f","5/26/03"
"3141","horse","cdi_words","2A","produces",NA,0,"66","2026-03-05 17:04:08","VVI173",690,"f","5/26/03"
"3142","airplane","cdi_words","2A","produces",NA,0,"66","2026-03-05 17:04:08","VVI173",690,"f","5/26/03"
"3143","boat","cdi_words","2A","produces",NA,0,"66","2026-03-05 17:04:08","VVI173",690,"f","5/26/03"
"3144","car","cdi_words","2A","produces",NA,0,"66","2026-03-05 17:04:08","VVI173",690,"f","5/26/03"
"3145","ball","cdi_words","2A","produces",NA,0,"66","2026-03-05 17:04:08","VVI173",690,"f","5/26/03"
"3146","book","cdi_words","2A","produces",NA,0,"66","2026-03-05 17:04:08","VVI173",690,"f","5/26/03"
"3147","game","cdi_words","2A","produces",NA,0,"66","2026-03-05 17:04:08","VVI173",690,"f","5/26/03"
"3148","applesauce","cdi_words","2A","produces",NA,0,"66","2026-03-05 17:04:08","VVI173",690,"f","5/26/03"
"3149","candy","cdi_words","2A","produces",NA,0,"66","2026-03-05 17:04:08","VVI173",690,"f","5/26/03"
"3150","coke","cdi_words","2A","produces",NA,0,"66","2026-03-05 17:04:08","VVI173",690,"f","5/26/03"
"3151","cracker","cdi_words","2A","produces",NA,0,"66","2026-03-05 17:04:08","VVI173",690,"f","5/26/03"
"3152","juice","cdi_words","2A","produces",NA,0,"66","2026-03-05 17:04:08","VVI173",690,"f","5/26/03"
"3153","meat","cdi_words","2A","produces",NA,0,"66","2026-03-05 17:04:08","VVI173",690,"f","5/26/03"
"3154","milk","cdi_words","2A","produces",NA,0,"66","2026-03-05 17:04:08","VVI173",690,"f","5/26/03"
"3155","peas","cdi_words","2A","produces",NA,0,"66","2026-03-05 17:04:08","VVI173",690,"f","5/26/03"
"3156","hat","cdi_words","2A","produces",NA,0,"66","2026-03-05 17:04:08","VVI173",690,"f","5/26/03"
"3157","necklace","cdi_words","2A","produces",NA,0,"66","2026-03-05 17:04:08","VVI173",690,"f","5/26/03"
"3158","shoe","cdi_words","2A","produces",NA,0,"66","2026-03-05 17:04:08","VVI173",690,"f","5/26/03"
"3159","sock","cdi_words","2A","produces",NA,0,"66","2026-03-05 17:04:08","VVI173",690,"f","5/26/03"
"3160","chin","cdi_words","2A","produces",NA,0,"66","2026-03-05 17:04:08","VVI173",690,"f","5/26/03"
"3161","ear","cdi_words","2A","produces",NA,0,"66","2026-03-05 17:04:08","VVI173",690,"f","5/26/03"
"3162","hand","cdi_words","2A","produces",NA,0,"66","2026-03-05 17:04:08","VVI173",690,"f","5/26/03"
"3163","leg","cdi_words","2A","produces",NA,0,"66","2026-03-05 17:04:08","VVI173",690,"f","5/26/03"
"3164","broom","cdi_words","2A","produces",NA,0,"66","2026-03-05 17:04:08","VVI173",690,"f","5/26/03"
"3165","comb","cdi_words","2A","produces",NA,0,"66","2026-03-05 17:04:08","VVI173",690,"f","5/26/03"
"3166","mop","cdi_words","2A","produces",NA,0,"66","2026-03-05 17:04:08","VVI173",690,"f","5/26/03"
"3167","plate","cdi_words","2A","produces",NA,0,"66","2026-03-05 17:04:08","VVI173",690,"f","5/26/03"
"3168","trash","cdi_words","2A","produces",NA,0,"66","2026-03-05 17:04:08","VVI173",690,"f","5/26/03"
"3169","tray","cdi_words","2A","produces",NA,0,"66","2026-03-05 17:04:08","VVI173",690,"f","5/26/03"
"3170","towel","cdi_words","2A","produces",NA,0,"66","2026-03-05 17:04:08","VVI173",690,"f","5/26/03"
"3171","bed","cdi_words","2A","produces",NA,0,"66","2026-03-05 17:04:08","VVI173",690,"f","5/26/03"
"3172","bedroom","cdi_words","2A","produces",NA,0,"66","2026-03-05 17:04:08","VVI173",690,"f","5/26/03"
"3173","bench","cdi_words","2A","produces",NA,0,"66","2026-03-05 17:04:08","VVI173",690,"f","5/26/03"
"3174","oven","cdi_words","2A","produces",NA,0,"66","2026-03-05 17:04:08","VVI173",690,"f","5/26/03"
"3175","stairs","cdi_words","2A","produces",NA,0,"66","2026-03-05 17:04:08","VVI173",690,"f","5/26/03"
"3176","flag","cdi_words","2A","produces",NA,0,"66","2026-03-05 17:04:08","VVI173",690,"f","5/26/03"
"3177","rain","cdi_words","2A","produces",NA,0,"66","2026-03-05 17:04:08","VVI173",690,"f","5/26/03"
"3178","star","cdi_words","2A","produces",NA,0,"66","2026-03-05 17:04:08","VVI173",690,"f","5/26/03"
"3179","swing","cdi_words","2A","produces",NA,0,"66","2026-03-05 17:04:08","VVI173",690,"f","5/26/03"
"3180","school","cdi_words","2A","produces",NA,0,"66","2026-03-05 17:04:08","VVI173",690,"f","5/26/03"
"3181","sky","cdi_words","2A","produces",NA,0,"66","2026-03-05 17:04:08","VVI173",690,"f","5/26/03"
"3182","party","cdi_words","2A","produces",NA,0,"66","2026-03-05 17:04:08","VVI173",690,"f","5/26/03"
"3183","friend","cdi_words","2A","produces",NA,0,"66","2026-03-05 17:04:08","VVI173",690,"f","5/26/03"
"3184","mommy","cdi_words","2A","produces",NA,0,"66","2026-03-05 17:04:08","VVI173",690,"f","5/26/03"
"3185","person","cdi_words","2A","produces",NA,0,"66","2026-03-05 17:04:08","VVI173",690,"f","5/26/03"
"3186","bye","cdi_words","2A","produces",NA,0,"66","2026-03-05 17:04:08","VVI173",690,"f","5/26/03"
"3187","hi","cdi_words","2A","produces",NA,0,"66","2026-03-05 17:04:08","VVI173",690,"f","5/26/03"
"3188","no","cdi_words","2A","produces",1,1,"66","2026-03-05 17:04:08","VVI173",690,"f","5/26/03"
"3189","shopping","cdi_words","2A","produces",NA,0,"66","2026-03-05 17:04:08","VVI173",690,"f","5/26/03"
"3190","thank you","cdi_words","2A","produces",NA,0,"66","2026-03-05 17:04:08","VVI173",690,"f","5/26/03"
"3191","carry","cdi_words","2A","produces",NA,0,"66","2026-03-05 17:04:08","VVI173",690,"f","5/26/03"
"3192","chase","cdi_words","2A","produces",NA,0,"66","2026-03-05 17:04:08","VVI173",690,"f","5/26/03"
"3193","dump","cdi_words","2A","produces",NA,0,"66","2026-03-05 17:04:08","VVI173",690,"f","5/26/03"
"3194","finish","cdi_words","2A","produces",NA,0,"66","2026-03-05 17:04:08","VVI173",690,"f","5/26/03"
"3195","fit","cdi_words","2A","produces",NA,0,"66","2026-03-05 17:04:08","VVI173",690,"f","5/26/03"
"3196","hug","cdi_words","2A","produces",NA,0,"66","2026-03-05 17:04:08","VVI173",690,"f","5/26/03"
"3197","listen","cdi_words","2A","produces",NA,0,"66","2026-03-05 17:04:08","VVI173",690,"f","5/26/03"
"3198","like","cdi_words","2A","produces",NA,0,"66","2026-03-05 17:04:08","VVI173",690,"f","5/26/03"
"3199","pretend","cdi_words","2A","produces",NA,0,"66","2026-03-05 17:04:08","VVI173",690,"f","5/26/03"
"3200","rip","cdi_words","2A","produces",NA,0,"66","2026-03-05 17:04:08","VVI173",690,"f","5/26/03"
"3201","shake","cdi_words","2A","produces",NA,0,"66","2026-03-05 17:04:08","VVI173",690,"f","5/26/03"
"3202","taste","cdi_words","2A","produces",NA,0,"66","2026-03-05 17:04:08","VVI173",690,"f","5/26/03"
"3203","gentle","cdi_words","2A","produces",NA,0,"66","2026-03-05 17:04:08","VVI173",690,"f","5/26/03"
"3204","think","cdi_words","2A","produces",NA,0,"66","2026-03-05 17:04:08","VVI173",690,"f","5/26/03"
"3205","wish","cdi_words","2A","produces",NA,0,"66","2026-03-05 17:04:08","VVI173",690,"f","5/26/03"
"3206","all gone","cdi_words","2A","produces",NA,0,"66","2026-03-05 17:04:08","VVI173",690,"f","5/26/03"
"3207","cold","cdi_words","2A","produces",NA,0,"66","2026-03-05 17:04:08","VVI173",690,"f","5/26/03"
"3208","fast","cdi_words","2A","produces",NA,0,"66","2026-03-05 17:04:08","VVI173",690,"f","5/26/03"
"3209","happy","cdi_words","2A","produces",NA,0,"66","2026-03-05 17:04:08","VVI173",690,"f","5/26/03"
"3210","hot","cdi_words","2A","produces",NA,0,"66","2026-03-05 17:04:08","VVI173",690,"f","5/26/03"
"3211","last","cdi_words","2A","produces",NA,0,"66","2026-03-05 17:04:08","VVI173",690,"f","5/26/03"
"3212","tiny","cdi_words","2A","produces",NA,0,"66","2026-03-05 17:04:08","VVI173",690,"f","5/26/03"
"3213","wet","cdi_words","2A","produces",NA,0,"66","2026-03-05 17:04:08","VVI173",690,"f","5/26/03"
"3214","after","cdi_words","2A","produces",NA,0,"66","2026-03-05 17:04:08","VVI173",690,"f","5/26/03"
"3215","day","cdi_words","2A","produces",NA,0,"66","2026-03-05 17:04:08","VVI173",690,"f","5/26/03"
"3216","tonight","cdi_words","2A","produces",NA,0,"66","2026-03-05 17:04:08","VVI173",690,"f","5/26/03"
"3217","our","cdi_words","2A","produces",NA,0,"66","2026-03-05 17:04:08","VVI173",690,"f","5/26/03"
"3218","them","cdi_words","2A","produces",NA,0,"66","2026-03-05 17:04:08","VVI173",690,"f","5/26/03"
"3219","this","cdi_words","2A","produces",NA,0,"66","2026-03-05 17:04:08","VVI173",690,"f","5/26/03"
"3220","us","cdi_words","2A","produces",NA,0,"66","2026-03-05 17:04:08","VVI173",690,"f","5/26/03"
"3221","where","cdi_words","2A","produces",NA,0,"66","2026-03-05 17:04:08","VVI173",690,"f","5/26/03"
"3222","beside","cdi_words","2A","produces",NA,0,"66","2026-03-05 17:04:08","VVI173",690,"f","5/26/03"
"3223","down","cdi_words","2A","produces",NA,0,"66","2026-03-05 17:04:08","VVI173",690,"f","5/26/03"
"3224","under","cdi_words","2A","produces",NA,0,"66","2026-03-05 17:04:08","VVI173",690,"f","5/26/03"
"3225","all","cdi_words","2A","produces",NA,0,"66","2026-03-05 17:04:08","VVI173",690,"f","5/26/03"
"3226","much","cdi_words","2A","produces",NA,0,"66","2026-03-05 17:04:08","VVI173",690,"f","5/26/03"
"3227","could","cdi_words","2A","produces",NA,0,"66","2026-03-05 17:04:08","VVI173",690,"f","5/26/03"
"3228","need","cdi_words","2A","produces",NA,0,"66","2026-03-05 17:04:08","VVI173",690,"f","5/26/03"
"3229","would","cdi_words","2A","produces",NA,0,"66","2026-03-05 17:04:08","VVI173",690,"f","5/26/03"
"3230","if","cdi_words","2A","produces",NA,0,"66","2026-03-05 17:04:08","VVI173",690,"f","5/26/03"
"3231","sock","extra_words","2A","produces",NA,0,"178","2026-05-18 20:50:22","VVI212",840,"f","5/19/26"
"3232","bathtub","extra_words","2A","produces",1,1,"178","2026-05-18 20:50:22","VVI212",840,"f","5/19/26"
"3233","shower","extra_words","2A","produces",1,1,"178","2026-05-18 20:50:22","VVI212",840,"f","5/19/26"
"3234","balloon","extra_words","2A","produces",1,1,"178","2026-05-18 20:50:22","VVI212",840,"f","5/19/26"
"3235","dresser","extra_words","2A","produces",NA,0,"178","2026-05-18 20:50:22","VVI212",840,"f","5/19/26"
"3236","kite","extra_words","2A","produces",1,1,"178","2026-05-18 20:50:22","VVI212",840,"f","5/19/26"
"3237","camel","extra_words","2A","produces",NA,0,"178","2026-05-18 20:50:22","VVI212",840,"f","5/19/26"
"3238","elephant","extra_words","2A","produces",1,1,"178","2026-05-18 20:50:22","VVI212",840,"f","5/19/26"
"3239","ladybug","extra_words","2A","produces",1,1,"178","2026-05-18 20:50:22","VVI212",840,"f","5/19/26"
"3240","cloud","extra_words","2A","produces",NA,0,"178","2026-05-18 20:50:22","VVI212",840,"f","5/19/26"
"3241","tree","extra_words","2A","produces",1,1,"178","2026-05-18 20:50:22","VVI212",840,"f","5/19/26"
"3242","zipper","extra_words","2A","produces",1,1,"178","2026-05-18 20:50:22","VVI212",840,"f","5/19/26"
"3243","crow","extra_words","2A","produces",NA,0,"178","2026-05-18 20:50:22","VVI212",840,"f","5/19/26"
"3244","penguin","extra_words","2A","produces",1,1,"178","2026-05-18 20:50:22","VVI212",840,"f","5/19/26"
"3245","seahorse","extra_words","2A","produces",NA,0,"178","2026-05-18 20:50:22","VVI212",840,"f","5/19/26"
"3246","duck","extra_words","2A","produces",1,1,"178","2026-05-18 20:50:22","VVI212",840,"f","5/19/26"
"3247","chicken","extra_words","2A","produces",1,1,"178","2026-05-18 20:50:22","VVI212",840,"f","5/19/26"
"3248","butterfly","extra_words","2A","produces",1,1,"178","2026-05-18 20:50:22","VVI212",840,"f","5/19/26"
"3249","lizard","extra_words","2A","produces",1,1,"178","2026-05-18 20:50:22","VVI212",840,"f","5/19/26"
"3250","walrus","extra_words","2A","produces",NA,0,"178","2026-05-18 20:50:22","VVI212",840,"f","5/19/26"
"3251","snake","extra_words","2A","produces",1,1,"178","2026-05-18 20:50:22","VVI212",840,"f","5/19/26"
"3252","truck","extra_words","2A","produces",1,1,"178","2026-05-18 20:50:22","VVI212",840,"f","5/19/26"
"3253","car","extra_words","2A","produces",1,1,"178","2026-05-18 20:50:22","VVI212",840,"f","5/19/26"
"3254","airplane","extra_words","2A","produces",1,1,"178","2026-05-18 20:50:22","VVI212",840,"f","5/19/26"
"3255","baa baa","cdi_words","2A","produces",1,1,"178","2026-05-18 20:50:22","VVI212",840,"f","5/19/26"
"3256","meow","cdi_words","2A","produces",1,1,"178","2026-05-18 20:50:22","VVI212",840,"f","5/19/26"
"3257","ouch","cdi_words","2A","produces",1,1,"178","2026-05-18 20:50:22","VVI212",840,"f","5/19/26"
"3258","uh oh","cdi_words","2A","produces",1,1,"178","2026-05-18 20:50:22","VVI212",840,"f","5/19/26"
"3259","woof woof","cdi_words","2A","produces",1,1,"178","2026-05-18 20:50:22","VVI212",840,"f","5/19/26"
"3260","bear","cdi_words","2A","produces",1,1,"178","2026-05-18 20:50:22","VVI212",840,"f","5/19/26"
"3261","bird","cdi_words","2A","produces",1,1,"178","2026-05-18 20:50:22","VVI212",840,"f","5/19/26"
"3262","cat","cdi_words","2A","produces",1,1,"178","2026-05-18 20:50:22","VVI212",840,"f","5/19/26"
"3263","dog","cdi_words","2A","produces",1,1,"178","2026-05-18 20:50:22","VVI212",840,"f","5/19/26"
"3264","duck","cdi_words","2A","produces",1,1,"178","2026-05-18 20:50:22","VVI212",840,"f","5/19/26"
"3265","horse","cdi_words","2A","produces",1,1,"178","2026-05-18 20:50:22","VVI212",840,"f","5/19/26"
"3266","airplane","cdi_words","2A","produces",1,1,"178","2026-05-18 20:50:22","VVI212",840,"f","5/19/26"
"3267","boat","cdi_words","2A","produces",1,1,"178","2026-05-18 20:50:22","VVI212",840,"f","5/19/26"
"3268","car","cdi_words","2A","produces",1,1,"178","2026-05-18 20:50:22","VVI212",840,"f","5/19/26"
"3269","ball","cdi_words","2A","produces",1,1,"178","2026-05-18 20:50:22","VVI212",840,"f","5/19/26"
"3270","book","cdi_words","2A","produces",1,1,"178","2026-05-18 20:50:22","VVI212",840,"f","5/19/26"
"3271","game","cdi_words","2A","produces",NA,0,"178","2026-05-18 20:50:22","VVI212",840,"f","5/19/26"
"3272","applesauce","cdi_words","2A","produces",NA,0,"178","2026-05-18 20:50:22","VVI212",840,"f","5/19/26"
"3273","candy","cdi_words","2A","produces",1,1,"178","2026-05-18 20:50:22","VVI212",840,"f","5/19/26"
"3274","coke","cdi_words","2A","produces",1,1,"178","2026-05-18 20:50:22","VVI212",840,"f","5/19/26"
"3275","cracker","cdi_words","2A","produces",NA,0,"178","2026-05-18 20:50:22","VVI212",840,"f","5/19/26"
"3276","juice","cdi_words","2A","produces",1,1,"178","2026-05-18 20:50:22","VVI212",840,"f","5/19/26"
"3277","meat","cdi_words","2A","produces",NA,0,"178","2026-05-18 20:50:22","VVI212",840,"f","5/19/26"
"3278","milk","cdi_words","2A","produces",1,1,"178","2026-05-18 20:50:22","VVI212",840,"f","5/19/26"
"3279","peas","cdi_words","2A","produces",NA,0,"178","2026-05-18 20:50:22","VVI212",840,"f","5/19/26"
"3280","hat","cdi_words","2A","produces",1,1,"178","2026-05-18 20:50:22","VVI212",840,"f","5/19/26"
"3281","necklace","cdi_words","2A","produces",NA,0,"178","2026-05-18 20:50:22","VVI212",840,"f","5/19/26"
"3282","shoe","cdi_words","2A","produces",1,1,"178","2026-05-18 20:50:22","VVI212",840,"f","5/19/26"
"3283","sock","cdi_words","2A","produces",1,1,"178","2026-05-18 20:50:22","VVI212",840,"f","5/19/26"
"3284","chin","cdi_words","2A","produces",1,1,"178","2026-05-18 20:50:22","VVI212",840,"f","5/19/26"
"3285","ear","cdi_words","2A","produces",1,1,"178","2026-05-18 20:50:22","VVI212",840,"f","5/19/26"
"3286","hand","cdi_words","2A","produces",1,1,"178","2026-05-18 20:50:22","VVI212",840,"f","5/19/26"
"3287","leg","cdi_words","2A","produces",1,1,"178","2026-05-18 20:50:22","VVI212",840,"f","5/19/26"
"3288","broom","cdi_words","2A","produces",NA,0,"178","2026-05-18 20:50:22","VVI212",840,"f","5/19/26"
"3289","comb","cdi_words","2A","produces",1,1,"178","2026-05-18 20:50:22","VVI212",840,"f","5/19/26"
"3290","mop","cdi_words","2A","produces",NA,0,"178","2026-05-18 20:50:22","VVI212",840,"f","5/19/26"
"3291","plate","cdi_words","2A","produces",1,1,"178","2026-05-18 20:50:22","VVI212",840,"f","5/19/26"
"3292","trash","cdi_words","2A","produces",NA,0,"178","2026-05-18 20:50:22","VVI212",840,"f","5/19/26"
"3293","tray","cdi_words","2A","produces",NA,0,"178","2026-05-18 20:50:22","VVI212",840,"f","5/19/26"
"3294","towel","cdi_words","2A","produces",NA,0,"178","2026-05-18 20:50:22","VVI212",840,"f","5/19/26"
"3295","bed","cdi_words","2A","produces",1,1,"178","2026-05-18 20:50:22","VVI212",840,"f","5/19/26"
"3296","bedroom","cdi_words","2A","produces",NA,0,"178","2026-05-18 20:50:22","VVI212",840,"f","5/19/26"
"3297","bench","cdi_words","2A","produces",NA,0,"178","2026-05-18 20:50:22","VVI212",840,"f","5/19/26"
"3298","oven","cdi_words","2A","produces",NA,0,"178","2026-05-18 20:50:22","VVI212",840,"f","5/19/26"
"3299","stairs","cdi_words","2A","produces",NA,0,"178","2026-05-18 20:50:22","VVI212",840,"f","5/19/26"
"3300","flag","cdi_words","2A","produces",NA,0,"178","2026-05-18 20:50:22","VVI212",840,"f","5/19/26"
"3301","rain","cdi_words","2A","produces",1,1,"178","2026-05-18 20:50:22","VVI212",840,"f","5/19/26"
"3302","star","cdi_words","2A","produces",1,1,"178","2026-05-18 20:50:22","VVI212",840,"f","5/19/26"
"3303","swing","cdi_words","2A","produces",1,1,"178","2026-05-18 20:50:22","VVI212",840,"f","5/19/26"
"3304","school","cdi_words","2A","produces",1,1,"178","2026-05-18 20:50:22","VVI212",840,"f","5/19/26"
"3305","sky","cdi_words","2A","produces",NA,0,"178","2026-05-18 20:50:22","VVI212",840,"f","5/19/26"
"3306","party","cdi_words","2A","produces",NA,0,"178","2026-05-18 20:50:22","VVI212",840,"f","5/19/26"
"3307","friend","cdi_words","2A","produces",1,1,"178","2026-05-18 20:50:22","VVI212",840,"f","5/19/26"
"3308","mommy","cdi_words","2A","produces",1,1,"178","2026-05-18 20:50:22","VVI212",840,"f","5/19/26"
"3309","person","cdi_words","2A","produces",NA,0,"178","2026-05-18 20:50:22","VVI212",840,"f","5/19/26"
"3310","bye","cdi_words","2A","produces",1,1,"178","2026-05-18 20:50:22","VVI212",840,"f","5/19/26"
"3311","hi","cdi_words","2A","produces",1,1,"178","2026-05-18 20:50:22","VVI212",840,"f","5/19/26"
"3312","no","cdi_words","2A","produces",1,1,"178","2026-05-18 20:50:22","VVI212",840,"f","5/19/26"
"3313","shopping","cdi_words","2A","produces",NA,0,"178","2026-05-18 20:50:22","VVI212",840,"f","5/19/26"
"3314","thank you","cdi_words","2A","produces",1,1,"178","2026-05-18 20:50:22","VVI212",840,"f","5/19/26"
"3315","carry","cdi_words","2A","produces",NA,0,"178","2026-05-18 20:50:22","VVI212",840,"f","5/19/26"
"3316","chase","cdi_words","2A","produces",NA,0,"178","2026-05-18 20:50:22","VVI212",840,"f","5/19/26"
"3317","dump","cdi_words","2A","produces",NA,0,"178","2026-05-18 20:50:22","VVI212",840,"f","5/19/26"
"3318","finish","cdi_words","2A","produces",NA,0,"178","2026-05-18 20:50:22","VVI212",840,"f","5/19/26"
"3319","fit","cdi_words","2A","produces",NA,0,"178","2026-05-18 20:50:22","VVI212",840,"f","5/19/26"
"3320","hug","cdi_words","2A","produces",1,1,"178","2026-05-18 20:50:22","VVI212",840,"f","5/19/26"
"3321","listen","cdi_words","2A","produces",NA,0,"178","2026-05-18 20:50:22","VVI212",840,"f","5/19/26"
"3322","like","cdi_words","2A","produces",1,1,"178","2026-05-18 20:50:22","VVI212",840,"f","5/19/26"
"3323","pretend","cdi_words","2A","produces",NA,0,"178","2026-05-18 20:50:22","VVI212",840,"f","5/19/26"
"3324","rip","cdi_words","2A","produces",NA,0,"178","2026-05-18 20:50:22","VVI212",840,"f","5/19/26"
"3325","shake","cdi_words","2A","produces",NA,0,"178","2026-05-18 20:50:22","VVI212",840,"f","5/19/26"
"3326","taste","cdi_words","2A","produces",NA,0,"178","2026-05-18 20:50:22","VVI212",840,"f","5/19/26"
"3327","gentle","cdi_words","2A","produces",NA,0,"178","2026-05-18 20:50:22","VVI212",840,"f","5/19/26"
"3328","think","cdi_words","2A","produces",NA,0,"178","2026-05-18 20:50:22","VVI212",840,"f","5/19/26"
"3329","wish","cdi_words","2A","produces",NA,0,"178","2026-05-18 20:50:22","VVI212",840,"f","5/19/26"
"3330","all gone","cdi_words","2A","produces",1,1,"178","2026-05-18 20:50:22","VVI212",840,"f","5/19/26"
"3331","cold","cdi_words","2A","produces",1,1,"178","2026-05-18 20:50:22","VVI212",840,"f","5/19/26"
"3332","fast","cdi_words","2A","produces",1,1,"178","2026-05-18 20:50:22","VVI212",840,"f","5/19/26"
"3333","happy","cdi_words","2A","produces",1,1,"178","2026-05-18 20:50:22","VVI212",840,"f","5/19/26"
"3334","hot","cdi_words","2A","produces",1,1,"178","2026-05-18 20:50:22","VVI212",840,"f","5/19/26"
"3335","last","cdi_words","2A","produces",NA,0,"178","2026-05-18 20:50:22","VVI212",840,"f","5/19/26"
"3336","tiny","cdi_words","2A","produces",NA,0,"178","2026-05-18 20:50:22","VVI212",840,"f","5/19/26"
"3337","wet","cdi_words","2A","produces",1,1,"178","2026-05-18 20:50:22","VVI212",840,"f","5/19/26"
"3338","after","cdi_words","2A","produces",NA,0,"178","2026-05-18 20:50:22","VVI212",840,"f","5/19/26"
"3339","day","cdi_words","2A","produces",NA,0,"178","2026-05-18 20:50:22","VVI212",840,"f","5/19/26"
"3340","tonight","cdi_words","2A","produces",NA,0,"178","2026-05-18 20:50:22","VVI212",840,"f","5/19/26"
"3341","our","cdi_words","2A","produces",NA,0,"178","2026-05-18 20:50:22","VVI212",840,"f","5/19/26"
"3342","them","cdi_words","2A","produces",NA,0,"178","2026-05-18 20:50:22","VVI212",840,"f","5/19/26"
"3343","this","cdi_words","2A","produces",1,1,"178","2026-05-18 20:50:22","VVI212",840,"f","5/19/26"
"3344","us","cdi_words","2A","produces",NA,0,"178","2026-05-18 20:50:22","VVI212",840,"f","5/19/26"
"3345","where","cdi_words","2A","produces",1,1,"178","2026-05-18 20:50:22","VVI212",840,"f","5/19/26"
"3346","beside","cdi_words","2A","produces",NA,0,"178","2026-05-18 20:50:22","VVI212",840,"f","5/19/26"
"3347","down","cdi_words","2A","produces",1,1,"178","2026-05-18 20:50:22","VVI212",840,"f","5/19/26"
"3348","under","cdi_words","2A","produces",1,1,"178","2026-05-18 20:50:22","VVI212",840,"f","5/19/26"
"3349","all","cdi_words","2A","produces",1,1,"178","2026-05-18 20:50:22","VVI212",840,"f","5/19/26"
"3350","much","cdi_words","2A","produces",1,1,"178","2026-05-18 20:50:22","VVI212",840,"f","5/19/26"
"3351","could","cdi_words","2A","produces",NA,0,"178","2026-05-18 20:50:22","VVI212",840,"f","5/19/26"
"3352","need","cdi_words","2A","produces",NA,0,"178","2026-05-18 20:50:22","VVI212",840,"f","5/19/26"
"3353","would","cdi_words","2A","produces",NA,0,"178","2026-05-18 20:50:22","VVI212",840,"f","5/19/26"
"3354","if","cdi_words","2A","produces",NA,0,"178","2026-05-18 20:50:22","VVI212",840,"f","5/19/26"
"3355","sock","extra_words","2A","produces",1,1,"97","2026-03-08 18:23:32","VVI165",720,"m","2/26/26"
"3356","bathtub","extra_words","2A","produces",NA,0,"97","2026-03-08 18:23:32","VVI165",720,"m","2/26/26"
"3357","shower","extra_words","2A","produces",NA,0,"97","2026-03-08 18:23:32","VVI165",720,"m","2/26/26"
"3358","balloon","extra_words","2A","produces",1,1,"97","2026-03-08 18:23:32","VVI165",720,"m","2/26/26"
"3359","dresser","extra_words","2A","produces",NA,0,"97","2026-03-08 18:23:32","VVI165",720,"m","2/26/26"
"3360","kite","extra_words","2A","produces",NA,0,"97","2026-03-08 18:23:32","VVI165",720,"m","2/26/26"
"3361","camel","extra_words","2A","produces",NA,0,"97","2026-03-08 18:23:32","VVI165",720,"m","2/26/26"
"3362","elephant","extra_words","2A","produces",NA,0,"97","2026-03-08 18:23:32","VVI165",720,"m","2/26/26"
"3363","ladybug","extra_words","2A","produces",NA,0,"97","2026-03-08 18:23:32","VVI165",720,"m","2/26/26"
"3364","cloud","extra_words","2A","produces",NA,0,"97","2026-03-08 18:23:32","VVI165",720,"m","2/26/26"
"3365","tree","extra_words","2A","produces",1,1,"97","2026-03-08 18:23:32","VVI165",720,"m","2/26/26"
"3366","zipper","extra_words","2A","produces",NA,0,"97","2026-03-08 18:23:32","VVI165",720,"m","2/26/26"
"3367","crow","extra_words","2A","produces",NA,0,"97","2026-03-08 18:23:32","VVI165",720,"m","2/26/26"
"3368","penguin","extra_words","2A","produces",NA,0,"97","2026-03-08 18:23:32","VVI165",720,"m","2/26/26"
"3369","seahorse","extra_words","2A","produces",NA,0,"97","2026-03-08 18:23:32","VVI165",720,"m","2/26/26"
"3370","duck","extra_words","2A","produces",NA,0,"97","2026-03-08 18:23:32","VVI165",720,"m","2/26/26"
"3371","chicken","extra_words","2A","produces",NA,0,"97","2026-03-08 18:23:32","VVI165",720,"m","2/26/26"
"3372","butterfly","extra_words","2A","produces",NA,0,"97","2026-03-08 18:23:32","VVI165",720,"m","2/26/26"
"3373","lizard","extra_words","2A","produces",NA,0,"97","2026-03-08 18:23:32","VVI165",720,"m","2/26/26"
"3374","walrus","extra_words","2A","produces",NA,0,"97","2026-03-08 18:23:32","VVI165",720,"m","2/26/26"
"3375","snake","extra_words","2A","produces",NA,0,"97","2026-03-08 18:23:32","VVI165",720,"m","2/26/26"
"3376","truck","extra_words","2A","produces",1,1,"97","2026-03-08 18:23:32","VVI165",720,"m","2/26/26"
"3377","car","extra_words","2A","produces",1,1,"97","2026-03-08 18:23:32","VVI165",720,"m","2/26/26"
"3378","airplane","extra_words","2A","produces",NA,0,"97","2026-03-08 18:23:32","VVI165",720,"m","2/26/26"
"3379","baa baa","cdi_words","2A","produces",NA,0,"97","2026-03-08 18:23:32","VVI165",720,"m","2/26/26"
"3380","meow","cdi_words","2A","produces",NA,0,"97","2026-03-08 18:23:32","VVI165",720,"m","2/26/26"
"3381","ouch","cdi_words","2A","produces",1,1,"97","2026-03-08 18:23:32","VVI165",720,"m","2/26/26"
"3382","uh oh","cdi_words","2A","produces",1,1,"97","2026-03-08 18:23:32","VVI165",720,"m","2/26/26"
"3383","woof woof","cdi_words","2A","produces",1,1,"97","2026-03-08 18:23:32","VVI165",720,"m","2/26/26"
"3384","bear","cdi_words","2A","produces",NA,0,"97","2026-03-08 18:23:32","VVI165",720,"m","2/26/26"
"3385","bird","cdi_words","2A","produces",NA,0,"97","2026-03-08 18:23:32","VVI165",720,"m","2/26/26"
"3386","cat","cdi_words","2A","produces",NA,0,"97","2026-03-08 18:23:32","VVI165",720,"m","2/26/26"
"3387","dog","cdi_words","2A","produces",1,1,"97","2026-03-08 18:23:32","VVI165",720,"m","2/26/26"
"3388","duck","cdi_words","2A","produces",NA,0,"97","2026-03-08 18:23:32","VVI165",720,"m","2/26/26"
"3389","horse","cdi_words","2A","produces",NA,0,"97","2026-03-08 18:23:32","VVI165",720,"m","2/26/26"
"3390","airplane","cdi_words","2A","produces",NA,0,"97","2026-03-08 18:23:32","VVI165",720,"m","2/26/26"
"3391","boat","cdi_words","2A","produces",NA,0,"97","2026-03-08 18:23:32","VVI165",720,"m","2/26/26"
"3392","car","cdi_words","2A","produces",1,1,"97","2026-03-08 18:23:32","VVI165",720,"m","2/26/26"
"3393","ball","cdi_words","2A","produces",NA,0,"97","2026-03-08 18:23:32","VVI165",720,"m","2/26/26"
"3394","book","cdi_words","2A","produces",1,1,"97","2026-03-08 18:23:32","VVI165",720,"m","2/26/26"
"3395","game","cdi_words","2A","produces",NA,0,"97","2026-03-08 18:23:32","VVI165",720,"m","2/26/26"
"3396","applesauce","cdi_words","2A","produces",NA,0,"97","2026-03-08 18:23:32","VVI165",720,"m","2/26/26"
"3397","candy","cdi_words","2A","produces",NA,0,"97","2026-03-08 18:23:32","VVI165",720,"m","2/26/26"
"3398","coke","cdi_words","2A","produces",1,1,"97","2026-03-08 18:23:32","VVI165",720,"m","2/26/26"
"3399","cracker","cdi_words","2A","produces",1,1,"97","2026-03-08 18:23:32","VVI165",720,"m","2/26/26"
"3400","juice","cdi_words","2A","produces",NA,0,"97","2026-03-08 18:23:32","VVI165",720,"m","2/26/26"
"3401","meat","cdi_words","2A","produces",NA,0,"97","2026-03-08 18:23:32","VVI165",720,"m","2/26/26"
"3402","milk","cdi_words","2A","produces",NA,0,"97","2026-03-08 18:23:32","VVI165",720,"m","2/26/26"
"3403","peas","cdi_words","2A","produces",NA,0,"97","2026-03-08 18:23:32","VVI165",720,"m","2/26/26"
"3404","hat","cdi_words","2A","produces",1,1,"97","2026-03-08 18:23:32","VVI165",720,"m","2/26/26"
"3405","necklace","cdi_words","2A","produces",NA,0,"97","2026-03-08 18:23:32","VVI165",720,"m","2/26/26"
"3406","shoe","cdi_words","2A","produces",1,1,"97","2026-03-08 18:23:32","VVI165",720,"m","2/26/26"
"3407","sock","cdi_words","2A","produces",NA,0,"97","2026-03-08 18:23:32","VVI165",720,"m","2/26/26"
"3408","chin","cdi_words","2A","produces",NA,0,"97","2026-03-08 18:23:32","VVI165",720,"m","2/26/26"
"3409","ear","cdi_words","2A","produces",NA,0,"97","2026-03-08 18:23:32","VVI165",720,"m","2/26/26"
"3410","hand","cdi_words","2A","produces",1,1,"97","2026-03-08 18:23:32","VVI165",720,"m","2/26/26"
"3411","leg","cdi_words","2A","produces",NA,0,"97","2026-03-08 18:23:32","VVI165",720,"m","2/26/26"
"3412","broom","cdi_words","2A","produces",NA,0,"97","2026-03-08 18:23:32","VVI165",720,"m","2/26/26"
"3413","comb","cdi_words","2A","produces",NA,0,"97","2026-03-08 18:23:32","VVI165",720,"m","2/26/26"
"3414","mop","cdi_words","2A","produces",NA,0,"97","2026-03-08 18:23:32","VVI165",720,"m","2/26/26"
"3415","plate","cdi_words","2A","produces",NA,0,"97","2026-03-08 18:23:32","VVI165",720,"m","2/26/26"
"3416","trash","cdi_words","2A","produces",NA,0,"97","2026-03-08 18:23:32","VVI165",720,"m","2/26/26"
"3417","tray","cdi_words","2A","produces",NA,0,"97","2026-03-08 18:23:32","VVI165",720,"m","2/26/26"
"3418","towel","cdi_words","2A","produces",NA,0,"97","2026-03-08 18:23:32","VVI165",720,"m","2/26/26"
"3419","bed","cdi_words","2A","produces",NA,0,"97","2026-03-08 18:23:32","VVI165",720,"m","2/26/26"
"3420","bedroom","cdi_words","2A","produces",NA,0,"97","2026-03-08 18:23:32","VVI165",720,"m","2/26/26"
"3421","bench","cdi_words","2A","produces",NA,0,"97","2026-03-08 18:23:32","VVI165",720,"m","2/26/26"
"3422","oven","cdi_words","2A","produces",NA,0,"97","2026-03-08 18:23:32","VVI165",720,"m","2/26/26"
"3423","stairs","cdi_words","2A","produces",NA,0,"97","2026-03-08 18:23:32","VVI165",720,"m","2/26/26"
"3424","flag","cdi_words","2A","produces",NA,0,"97","2026-03-08 18:23:32","VVI165",720,"m","2/26/26"
"3425","rain","cdi_words","2A","produces",NA,0,"97","2026-03-08 18:23:32","VVI165",720,"m","2/26/26"
"3426","star","cdi_words","2A","produces",NA,0,"97","2026-03-08 18:23:32","VVI165",720,"m","2/26/26"
"3427","swing","cdi_words","2A","produces",NA,0,"97","2026-03-08 18:23:32","VVI165",720,"m","2/26/26"
"3428","school","cdi_words","2A","produces",NA,0,"97","2026-03-08 18:23:32","VVI165",720,"m","2/26/26"
"3429","sky","cdi_words","2A","produces",NA,0,"97","2026-03-08 18:23:32","VVI165",720,"m","2/26/26"
"3430","party","cdi_words","2A","produces",NA,0,"97","2026-03-08 18:23:32","VVI165",720,"m","2/26/26"
"3431","friend","cdi_words","2A","produces",NA,0,"97","2026-03-08 18:23:32","VVI165",720,"m","2/26/26"
"3432","mommy","cdi_words","2A","produces",1,1,"97","2026-03-08 18:23:32","VVI165",720,"m","2/26/26"
"3433","person","cdi_words","2A","produces",NA,0,"97","2026-03-08 18:23:32","VVI165",720,"m","2/26/26"
"3434","bye","cdi_words","2A","produces",NA,0,"97","2026-03-08 18:23:32","VVI165",720,"m","2/26/26"
"3435","hi","cdi_words","2A","produces",NA,0,"97","2026-03-08 18:23:32","VVI165",720,"m","2/26/26"
"3436","no","cdi_words","2A","produces",NA,0,"97","2026-03-08 18:23:32","VVI165",720,"m","2/26/26"
"3437","shopping","cdi_words","2A","produces",NA,0,"97","2026-03-08 18:23:32","VVI165",720,"m","2/26/26"
"3438","thank you","cdi_words","2A","produces",NA,0,"97","2026-03-08 18:23:32","VVI165",720,"m","2/26/26"
"3439","carry","cdi_words","2A","produces",NA,0,"97","2026-03-08 18:23:32","VVI165",720,"m","2/26/26"
"3440","chase","cdi_words","2A","produces",NA,0,"97","2026-03-08 18:23:32","VVI165",720,"m","2/26/26"
"3441","dump","cdi_words","2A","produces",NA,0,"97","2026-03-08 18:23:32","VVI165",720,"m","2/26/26"
"3442","finish","cdi_words","2A","produces",NA,0,"97","2026-03-08 18:23:32","VVI165",720,"m","2/26/26"
"3443","fit","cdi_words","2A","produces",NA,0,"97","2026-03-08 18:23:32","VVI165",720,"m","2/26/26"
"3444","hug","cdi_words","2A","produces",NA,0,"97","2026-03-08 18:23:32","VVI165",720,"m","2/26/26"
"3445","listen","cdi_words","2A","produces",NA,0,"97","2026-03-08 18:23:32","VVI165",720,"m","2/26/26"
"3446","like","cdi_words","2A","produces",NA,0,"97","2026-03-08 18:23:32","VVI165",720,"m","2/26/26"
"3447","pretend","cdi_words","2A","produces",NA,0,"97","2026-03-08 18:23:32","VVI165",720,"m","2/26/26"
"3448","rip","cdi_words","2A","produces",NA,0,"97","2026-03-08 18:23:32","VVI165",720,"m","2/26/26"
"3449","shake","cdi_words","2A","produces",NA,0,"97","2026-03-08 18:23:32","VVI165",720,"m","2/26/26"
"3450","taste","cdi_words","2A","produces",NA,0,"97","2026-03-08 18:23:32","VVI165",720,"m","2/26/26"
"3451","gentle","cdi_words","2A","produces",NA,0,"97","2026-03-08 18:23:32","VVI165",720,"m","2/26/26"
"3452","think","cdi_words","2A","produces",NA,0,"97","2026-03-08 18:23:32","VVI165",720,"m","2/26/26"
"3453","wish","cdi_words","2A","produces",NA,0,"97","2026-03-08 18:23:32","VVI165",720,"m","2/26/26"
"3454","all gone","cdi_words","2A","produces",NA,0,"97","2026-03-08 18:23:32","VVI165",720,"m","2/26/26"
"3455","cold","cdi_words","2A","produces",NA,0,"97","2026-03-08 18:23:32","VVI165",720,"m","2/26/26"
"3456","fast","cdi_words","2A","produces",1,1,"97","2026-03-08 18:23:32","VVI165",720,"m","2/26/26"
"3457","happy","cdi_words","2A","produces",NA,0,"97","2026-03-08 18:23:32","VVI165",720,"m","2/26/26"
"3458","hot","cdi_words","2A","produces",NA,0,"97","2026-03-08 18:23:32","VVI165",720,"m","2/26/26"
"3459","last","cdi_words","2A","produces",NA,0,"97","2026-03-08 18:23:32","VVI165",720,"m","2/26/26"
"3460","tiny","cdi_words","2A","produces",NA,0,"97","2026-03-08 18:23:32","VVI165",720,"m","2/26/26"
"3461","wet","cdi_words","2A","produces",NA,0,"97","2026-03-08 18:23:32","VVI165",720,"m","2/26/26"
"3462","after","cdi_words","2A","produces",NA,0,"97","2026-03-08 18:23:32","VVI165",720,"m","2/26/26"
"3463","day","cdi_words","2A","produces",NA,0,"97","2026-03-08 18:23:32","VVI165",720,"m","2/26/26"
"3464","tonight","cdi_words","2A","produces",NA,0,"97","2026-03-08 18:23:32","VVI165",720,"m","2/26/26"
"3465","our","cdi_words","2A","produces",NA,0,"97","2026-03-08 18:23:32","VVI165",720,"m","2/26/26"
"3466","them","cdi_words","2A","produces",NA,0,"97","2026-03-08 18:23:32","VVI165",720,"m","2/26/26"
"3467","this","cdi_words","2A","produces",NA,0,"97","2026-03-08 18:23:32","VVI165",720,"m","2/26/26"
"3468","us","cdi_words","2A","produces",NA,0,"97","2026-03-08 18:23:32","VVI165",720,"m","2/26/26"
"3469","where","cdi_words","2A","produces",NA,0,"97","2026-03-08 18:23:32","VVI165",720,"m","2/26/26"
"3470","beside","cdi_words","2A","produces",NA,0,"97","2026-03-08 18:23:32","VVI165",720,"m","2/26/26"
"3471","down","cdi_words","2A","produces",NA,0,"97","2026-03-08 18:23:32","VVI165",720,"m","2/26/26"
"3472","under","cdi_words","2A","produces",NA,0,"97","2026-03-08 18:23:32","VVI165",720,"m","2/26/26"
"3473","all","cdi_words","2A","produces",NA,0,"97","2026-03-08 18:23:32","VVI165",720,"m","2/26/26"
"3474","much","cdi_words","2A","produces",NA,0,"97","2026-03-08 18:23:32","VVI165",720,"m","2/26/26"
"3475","could","cdi_words","2A","produces",NA,0,"97","2026-03-08 18:23:32","VVI165",720,"m","2/26/26"
"3476","need","cdi_words","2A","produces",NA,0,"97","2026-03-08 18:23:32","VVI165",720,"m","2/26/26"
"3477","would","cdi_words","2A","produces",NA,0,"97","2026-03-08 18:23:32","VVI165",720,"m","2/26/26"
"3478","if","cdi_words","2A","produces",NA,0,"97","2026-03-08 18:23:32","VVI165",720,"m","2/26/26"
"3479","sock","extra_words","2A","produces",1,1,"123","2026-03-09 13:10:25","VVI143",690,"f","2/16/26"
"3480","bathtub","extra_words","2A","produces",1,1,"123","2026-03-09 13:10:25","VVI143",690,"f","2/16/26"
"3481","shower","extra_words","2A","produces",1,1,"123","2026-03-09 13:10:25","VVI143",690,"f","2/16/26"
"3482","balloon","extra_words","2A","produces",1,1,"123","2026-03-09 13:10:25","VVI143",690,"f","2/16/26"
"3483","dresser","extra_words","2A","produces",NA,0,"123","2026-03-09 13:10:25","VVI143",690,"f","2/16/26"
"3484","kite","extra_words","2A","produces",NA,0,"123","2026-03-09 13:10:25","VVI143",690,"f","2/16/26"
"3485","camel","extra_words","2A","produces",NA,0,"123","2026-03-09 13:10:25","VVI143",690,"f","2/16/26"
"3486","elephant","extra_words","2A","produces",1,1,"123","2026-03-09 13:10:25","VVI143",690,"f","2/16/26"
"3487","ladybug","extra_words","2A","produces",NA,0,"123","2026-03-09 13:10:25","VVI143",690,"f","2/16/26"
"3488","cloud","extra_words","2A","produces",1,1,"123","2026-03-09 13:10:25","VVI143",690,"f","2/16/26"
"3489","tree","extra_words","2A","produces",1,1,"123","2026-03-09 13:10:25","VVI143",690,"f","2/16/26"
"3490","zipper","extra_words","2A","produces",1,1,"123","2026-03-09 13:10:25","VVI143",690,"f","2/16/26"
"3491","crow","extra_words","2A","produces",NA,0,"123","2026-03-09 13:10:25","VVI143",690,"f","2/16/26"
"3492","penguin","extra_words","2A","produces",1,1,"123","2026-03-09 13:10:25","VVI143",690,"f","2/16/26"
"3493","seahorse","extra_words","2A","produces",NA,0,"123","2026-03-09 13:10:25","VVI143",690,"f","2/16/26"
"3494","duck","extra_words","2A","produces",1,1,"123","2026-03-09 13:10:25","VVI143",690,"f","2/16/26"
"3495","chicken","extra_words","2A","produces",1,1,"123","2026-03-09 13:10:25","VVI143",690,"f","2/16/26"
"3496","butterfly","extra_words","2A","produces",1,1,"123","2026-03-09 13:10:25","VVI143",690,"f","2/16/26"
"3497","lizard","extra_words","2A","produces",NA,0,"123","2026-03-09 13:10:25","VVI143",690,"f","2/16/26"
"3498","walrus","extra_words","2A","produces",NA,0,"123","2026-03-09 13:10:25","VVI143",690,"f","2/16/26"
"3499","snake","extra_words","2A","produces",1,1,"123","2026-03-09 13:10:25","VVI143",690,"f","2/16/26"
"3500","truck","extra_words","2A","produces",1,1,"123","2026-03-09 13:10:25","VVI143",690,"f","2/16/26"
"3501","car","extra_words","2A","produces",1,1,"123","2026-03-09 13:10:25","VVI143",690,"f","2/16/26"
"3502","airplane","extra_words","2A","produces",1,1,"123","2026-03-09 13:10:25","VVI143",690,"f","2/16/26"
"3503","baa baa","cdi_words","2A","produces",NA,0,"123","2026-03-09 13:10:25","VVI143",690,"f","2/16/26"
"3504","meow","cdi_words","2A","produces",1,1,"123","2026-03-09 13:10:25","VVI143",690,"f","2/16/26"
"3505","ouch","cdi_words","2A","produces",1,1,"123","2026-03-09 13:10:25","VVI143",690,"f","2/16/26"
"3506","uh oh","cdi_words","2A","produces",1,1,"123","2026-03-09 13:10:25","VVI143",690,"f","2/16/26"
"3507","woof woof","cdi_words","2A","produces",1,1,"123","2026-03-09 13:10:25","VVI143",690,"f","2/16/26"
"3508","bear","cdi_words","2A","produces",1,1,"123","2026-03-09 13:10:25","VVI143",690,"f","2/16/26"
"3509","bird","cdi_words","2A","produces",1,1,"123","2026-03-09 13:10:25","VVI143",690,"f","2/16/26"
"3510","cat","cdi_words","2A","produces",1,1,"123","2026-03-09 13:10:25","VVI143",690,"f","2/16/26"
"3511","dog","cdi_words","2A","produces",1,1,"123","2026-03-09 13:10:25","VVI143",690,"f","2/16/26"
"3512","duck","cdi_words","2A","produces",1,1,"123","2026-03-09 13:10:25","VVI143",690,"f","2/16/26"
"3513","horse","cdi_words","2A","produces",NA,0,"123","2026-03-09 13:10:25","VVI143",690,"f","2/16/26"
"3514","airplane","cdi_words","2A","produces",1,1,"123","2026-03-09 13:10:25","VVI143",690,"f","2/16/26"
"3515","boat","cdi_words","2A","produces",1,1,"123","2026-03-09 13:10:25","VVI143",690,"f","2/16/26"
"3516","car","cdi_words","2A","produces",1,1,"123","2026-03-09 13:10:25","VVI143",690,"f","2/16/26"
"3517","ball","cdi_words","2A","produces",1,1,"123","2026-03-09 13:10:25","VVI143",690,"f","2/16/26"
"3518","book","cdi_words","2A","produces",1,1,"123","2026-03-09 13:10:25","VVI143",690,"f","2/16/26"
"3519","game","cdi_words","2A","produces",1,1,"123","2026-03-09 13:10:25","VVI143",690,"f","2/16/26"
"3520","applesauce","cdi_words","2A","produces",1,1,"123","2026-03-09 13:10:25","VVI143",690,"f","2/16/26"
"3521","candy","cdi_words","2A","produces",1,1,"123","2026-03-09 13:10:25","VVI143",690,"f","2/16/26"
"3522","coke","cdi_words","2A","produces",NA,0,"123","2026-03-09 13:10:25","VVI143",690,"f","2/16/26"
"3523","cracker","cdi_words","2A","produces",1,1,"123","2026-03-09 13:10:25","VVI143",690,"f","2/16/26"
"3524","juice","cdi_words","2A","produces",1,1,"123","2026-03-09 13:10:25","VVI143",690,"f","2/16/26"
"3525","meat","cdi_words","2A","produces",NA,0,"123","2026-03-09 13:10:25","VVI143",690,"f","2/16/26"
"3526","milk","cdi_words","2A","produces",1,1,"123","2026-03-09 13:10:25","VVI143",690,"f","2/16/26"
"3527","peas","cdi_words","2A","produces",NA,0,"123","2026-03-09 13:10:25","VVI143",690,"f","2/16/26"
"3528","hat","cdi_words","2A","produces",1,1,"123","2026-03-09 13:10:25","VVI143",690,"f","2/16/26"
"3529","necklace","cdi_words","2A","produces",1,1,"123","2026-03-09 13:10:25","VVI143",690,"f","2/16/26"
"3530","shoe","cdi_words","2A","produces",1,1,"123","2026-03-09 13:10:25","VVI143",690,"f","2/16/26"
"3531","sock","cdi_words","2A","produces",1,1,"123","2026-03-09 13:10:25","VVI143",690,"f","2/16/26"
"3532","chin","cdi_words","2A","produces",1,1,"123","2026-03-09 13:10:25","VVI143",690,"f","2/16/26"
"3533","ear","cdi_words","2A","produces",1,1,"123","2026-03-09 13:10:25","VVI143",690,"f","2/16/26"
"3534","hand","cdi_words","2A","produces",1,1,"123","2026-03-09 13:10:25","VVI143",690,"f","2/16/26"
"3535","leg","cdi_words","2A","produces",1,1,"123","2026-03-09 13:10:25","VVI143",690,"f","2/16/26"
"3536","broom","cdi_words","2A","produces",NA,0,"123","2026-03-09 13:10:25","VVI143",690,"f","2/16/26"
"3537","comb","cdi_words","2A","produces",NA,0,"123","2026-03-09 13:10:25","VVI143",690,"f","2/16/26"
"3538","mop","cdi_words","2A","produces",NA,0,"123","2026-03-09 13:10:25","VVI143",690,"f","2/16/26"
"3539","plate","cdi_words","2A","produces",NA,0,"123","2026-03-09 13:10:25","VVI143",690,"f","2/16/26"
"3540","trash","cdi_words","2A","produces",1,1,"123","2026-03-09 13:10:25","VVI143",690,"f","2/16/26"
"3541","tray","cdi_words","2A","produces",NA,0,"123","2026-03-09 13:10:25","VVI143",690,"f","2/16/26"
"3542","towel","cdi_words","2A","produces",1,1,"123","2026-03-09 13:10:25","VVI143",690,"f","2/16/26"
"3543","bed","cdi_words","2A","produces",1,1,"123","2026-03-09 13:10:25","VVI143",690,"f","2/16/26"
"3544","bedroom","cdi_words","2A","produces",NA,0,"123","2026-03-09 13:10:25","VVI143",690,"f","2/16/26"
"3545","bench","cdi_words","2A","produces",NA,0,"123","2026-03-09 13:10:25","VVI143",690,"f","2/16/26"
"3546","oven","cdi_words","2A","produces",1,1,"123","2026-03-09 13:10:25","VVI143",690,"f","2/16/26"
"3547","stairs","cdi_words","2A","produces",NA,0,"123","2026-03-09 13:10:25","VVI143",690,"f","2/16/26"
"3548","flag","cdi_words","2A","produces",1,1,"123","2026-03-09 13:10:25","VVI143",690,"f","2/16/26"
"3549","rain","cdi_words","2A","produces",1,1,"123","2026-03-09 13:10:25","VVI143",690,"f","2/16/26"
"3550","star","cdi_words","2A","produces",1,1,"123","2026-03-09 13:10:25","VVI143",690,"f","2/16/26"
"3551","swing","cdi_words","2A","produces",1,1,"123","2026-03-09 13:10:25","VVI143",690,"f","2/16/26"
"3552","school","cdi_words","2A","produces",NA,0,"123","2026-03-09 13:10:25","VVI143",690,"f","2/16/26"
"3553","sky","cdi_words","2A","produces",1,1,"123","2026-03-09 13:10:25","VVI143",690,"f","2/16/26"
"3554","party","cdi_words","2A","produces",1,1,"123","2026-03-09 13:10:25","VVI143",690,"f","2/16/26"
"3555","friend","cdi_words","2A","produces",1,1,"123","2026-03-09 13:10:25","VVI143",690,"f","2/16/26"
"3556","mommy","cdi_words","2A","produces",1,1,"123","2026-03-09 13:10:25","VVI143",690,"f","2/16/26"
"3557","person","cdi_words","2A","produces",NA,0,"123","2026-03-09 13:10:25","VVI143",690,"f","2/16/26"
"3558","bye","cdi_words","2A","produces",1,1,"123","2026-03-09 13:10:25","VVI143",690,"f","2/16/26"
"3559","hi","cdi_words","2A","produces",1,1,"123","2026-03-09 13:10:25","VVI143",690,"f","2/16/26"
"3560","no","cdi_words","2A","produces",1,1,"123","2026-03-09 13:10:25","VVI143",690,"f","2/16/26"
"3561","shopping","cdi_words","2A","produces",NA,0,"123","2026-03-09 13:10:25","VVI143",690,"f","2/16/26"
"3562","thank you","cdi_words","2A","produces",1,1,"123","2026-03-09 13:10:25","VVI143",690,"f","2/16/26"
"3563","carry","cdi_words","2A","produces",1,1,"123","2026-03-09 13:10:25","VVI143",690,"f","2/16/26"
"3564","chase","cdi_words","2A","produces",NA,0,"123","2026-03-09 13:10:25","VVI143",690,"f","2/16/26"
"3565","dump","cdi_words","2A","produces",NA,0,"123","2026-03-09 13:10:25","VVI143",690,"f","2/16/26"
"3566","finish","cdi_words","2A","produces",1,1,"123","2026-03-09 13:10:25","VVI143",690,"f","2/16/26"
"3567","fit","cdi_words","2A","produces",NA,0,"123","2026-03-09 13:10:25","VVI143",690,"f","2/16/26"
"3568","hug","cdi_words","2A","produces",1,1,"123","2026-03-09 13:10:25","VVI143",690,"f","2/16/26"
"3569","listen","cdi_words","2A","produces",1,1,"123","2026-03-09 13:10:25","VVI143",690,"f","2/16/26"
"3570","like","cdi_words","2A","produces",NA,0,"123","2026-03-09 13:10:25","VVI143",690,"f","2/16/26"
"3571","pretend","cdi_words","2A","produces",NA,0,"123","2026-03-09 13:10:25","VVI143",690,"f","2/16/26"
"3572","rip","cdi_words","2A","produces",1,1,"123","2026-03-09 13:10:25","VVI143",690,"f","2/16/26"
"3573","shake","cdi_words","2A","produces",NA,0,"123","2026-03-09 13:10:25","VVI143",690,"f","2/16/26"
"3574","taste","cdi_words","2A","produces",1,1,"123","2026-03-09 13:10:25","VVI143",690,"f","2/16/26"
"3575","gentle","cdi_words","2A","produces",NA,0,"123","2026-03-09 13:10:25","VVI143",690,"f","2/16/26"
"3576","think","cdi_words","2A","produces",NA,0,"123","2026-03-09 13:10:25","VVI143",690,"f","2/16/26"
"3577","wish","cdi_words","2A","produces",NA,0,"123","2026-03-09 13:10:25","VVI143",690,"f","2/16/26"
"3578","all gone","cdi_words","2A","produces",1,1,"123","2026-03-09 13:10:25","VVI143",690,"f","2/16/26"
"3579","cold","cdi_words","2A","produces",1,1,"123","2026-03-09 13:10:25","VVI143",690,"f","2/16/26"
"3580","fast","cdi_words","2A","produces",1,1,"123","2026-03-09 13:10:25","VVI143",690,"f","2/16/26"
"3581","happy","cdi_words","2A","produces",1,1,"123","2026-03-09 13:10:25","VVI143",690,"f","2/16/26"
"3582","hot","cdi_words","2A","produces",1,1,"123","2026-03-09 13:10:25","VVI143",690,"f","2/16/26"
"3583","last","cdi_words","2A","produces",NA,0,"123","2026-03-09 13:10:25","VVI143",690,"f","2/16/26"
"3584","tiny","cdi_words","2A","produces",NA,0,"123","2026-03-09 13:10:25","VVI143",690,"f","2/16/26"
"3585","wet","cdi_words","2A","produces",1,1,"123","2026-03-09 13:10:25","VVI143",690,"f","2/16/26"
"3586","after","cdi_words","2A","produces",NA,0,"123","2026-03-09 13:10:25","VVI143",690,"f","2/16/26"
"3587","day","cdi_words","2A","produces",1,1,"123","2026-03-09 13:10:25","VVI143",690,"f","2/16/26"
"3588","tonight","cdi_words","2A","produces",NA,0,"123","2026-03-09 13:10:25","VVI143",690,"f","2/16/26"
"3589","our","cdi_words","2A","produces",NA,0,"123","2026-03-09 13:10:25","VVI143",690,"f","2/16/26"
"3590","them","cdi_words","2A","produces",NA,0,"123","2026-03-09 13:10:25","VVI143",690,"f","2/16/26"
"3591","this","cdi_words","2A","produces",NA,0,"123","2026-03-09 13:10:25","VVI143",690,"f","2/16/26"
"3592","us","cdi_words","2A","produces",NA,0,"123","2026-03-09 13:10:25","VVI143",690,"f","2/16/26"
"3593","where","cdi_words","2A","produces",NA,0,"123","2026-03-09 13:10:25","VVI143",690,"f","2/16/26"
"3594","beside","cdi_words","2A","produces",NA,0,"123","2026-03-09 13:10:25","VVI143",690,"f","2/16/26"
"3595","down","cdi_words","2A","produces",NA,0,"123","2026-03-09 13:10:25","VVI143",690,"f","2/16/26"
"3596","under","cdi_words","2A","produces",NA,0,"123","2026-03-09 13:10:25","VVI143",690,"f","2/16/26"
"3597","all","cdi_words","2A","produces",NA,0,"123","2026-03-09 13:10:25","VVI143",690,"f","2/16/26"
"3598","much","cdi_words","2A","produces",NA,0,"123","2026-03-09 13:10:25","VVI143",690,"f","2/16/26"
"3599","could","cdi_words","2A","produces",NA,0,"123","2026-03-09 13:10:25","VVI143",690,"f","2/16/26"
"3600","need","cdi_words","2A","produces",1,1,"123","2026-03-09 13:10:25","VVI143",690,"f","2/16/26"
"3601","would","cdi_words","2A","produces",NA,0,"123","2026-03-09 13:10:25","VVI143",690,"f","2/16/26"
"3602","if","cdi_words","2A","produces",NA,0,"123","2026-03-09 13:10:25","VVI143",690,"f","2/16/26"
"3603","sock","extra_words","2A","produces",1,1,"159","2026-03-09 16:05:40","VVI161",630,"m","2/23/26"
"3604","bathtub","extra_words","2A","produces",1,1,"159","2026-03-09 16:05:40","VVI161",630,"m","2/23/26"
"3605","shower","extra_words","2A","produces",NA,0,"159","2026-03-09 16:05:40","VVI161",630,"m","2/23/26"
"3606","balloon","extra_words","2A","produces",1,1,"159","2026-03-09 16:05:40","VVI161",630,"m","2/23/26"
"3607","dresser","extra_words","2A","produces",NA,0,"159","2026-03-09 16:05:40","VVI161",630,"m","2/23/26"
"3608","kite","extra_words","2A","produces",NA,0,"159","2026-03-09 16:05:40","VVI161",630,"m","2/23/26"
"3609","camel","extra_words","2A","produces",NA,0,"159","2026-03-09 16:05:40","VVI161",630,"m","2/23/26"
"3610","elephant","extra_words","2A","produces",1,1,"159","2026-03-09 16:05:40","VVI161",630,"m","2/23/26"
"3611","ladybug","extra_words","2A","produces",1,1,"159","2026-03-09 16:05:40","VVI161",630,"m","2/23/26"
"3612","cloud","extra_words","2A","produces",1,1,"159","2026-03-09 16:05:40","VVI161",630,"m","2/23/26"
"3613","tree","extra_words","2A","produces",1,1,"159","2026-03-09 16:05:40","VVI161",630,"m","2/23/26"
"3614","zipper","extra_words","2A","produces",1,1,"159","2026-03-09 16:05:40","VVI161",630,"m","2/23/26"
"3615","crow","extra_words","2A","produces",NA,0,"159","2026-03-09 16:05:40","VVI161",630,"m","2/23/26"
"3616","penguin","extra_words","2A","produces",NA,0,"159","2026-03-09 16:05:40","VVI161",630,"m","2/23/26"
"3617","seahorse","extra_words","2A","produces",NA,0,"159","2026-03-09 16:05:40","VVI161",630,"m","2/23/26"
"3618","duck","extra_words","2A","produces",1,1,"159","2026-03-09 16:05:40","VVI161",630,"m","2/23/26"
"3619","chicken","extra_words","2A","produces",NA,0,"159","2026-03-09 16:05:40","VVI161",630,"m","2/23/26"
"3620","butterfly","extra_words","2A","produces",1,1,"159","2026-03-09 16:05:40","VVI161",630,"m","2/23/26"
"3621","lizard","extra_words","2A","produces",NA,0,"159","2026-03-09 16:05:40","VVI161",630,"m","2/23/26"
"3622","walrus","extra_words","2A","produces",NA,0,"159","2026-03-09 16:05:40","VVI161",630,"m","2/23/26"
"3623","snake","extra_words","2A","produces",NA,0,"159","2026-03-09 16:05:40","VVI161",630,"m","2/23/26"
"3624","truck","extra_words","2A","produces",1,1,"159","2026-03-09 16:05:40","VVI161",630,"m","2/23/26"
"3625","car","extra_words","2A","produces",1,1,"159","2026-03-09 16:05:40","VVI161",630,"m","2/23/26"
"3626","airplane","extra_words","2A","produces",1,1,"159","2026-03-09 16:05:40","VVI161",630,"m","2/23/26"
"3627","baa baa","cdi_words","2A","produces",NA,0,"159","2026-03-09 16:05:40","VVI161",630,"m","2/23/26"
"3628","meow","cdi_words","2A","produces",NA,0,"159","2026-03-09 16:05:40","VVI161",630,"m","2/23/26"
"3629","ouch","cdi_words","2A","produces",NA,0,"159","2026-03-09 16:05:40","VVI161",630,"m","2/23/26"
"3630","uh oh","cdi_words","2A","produces",1,1,"159","2026-03-09 16:05:40","VVI161",630,"m","2/23/26"
"3631","woof woof","cdi_words","2A","produces",1,1,"159","2026-03-09 16:05:40","VVI161",630,"m","2/23/26"
"3632","bear","cdi_words","2A","produces",1,1,"159","2026-03-09 16:05:40","VVI161",630,"m","2/23/26"
"3633","bird","cdi_words","2A","produces",1,1,"159","2026-03-09 16:05:40","VVI161",630,"m","2/23/26"
"3634","cat","cdi_words","2A","produces",1,1,"159","2026-03-09 16:05:40","VVI161",630,"m","2/23/26"
"3635","dog","cdi_words","2A","produces",1,1,"159","2026-03-09 16:05:40","VVI161",630,"m","2/23/26"
"3636","duck","cdi_words","2A","produces",1,1,"159","2026-03-09 16:05:40","VVI161",630,"m","2/23/26"
"3637","horse","cdi_words","2A","produces",1,1,"159","2026-03-09 16:05:40","VVI161",630,"m","2/23/26"
"3638","airplane","cdi_words","2A","produces",1,1,"159","2026-03-09 16:05:40","VVI161",630,"m","2/23/26"
"3639","boat","cdi_words","2A","produces",1,1,"159","2026-03-09 16:05:40","VVI161",630,"m","2/23/26"
"3640","car","cdi_words","2A","produces",1,1,"159","2026-03-09 16:05:40","VVI161",630,"m","2/23/26"
"3641","ball","cdi_words","2A","produces",1,1,"159","2026-03-09 16:05:40","VVI161",630,"m","2/23/26"
"3642","book","cdi_words","2A","produces",1,1,"159","2026-03-09 16:05:40","VVI161",630,"m","2/23/26"
"3643","game","cdi_words","2A","produces",NA,0,"159","2026-03-09 16:05:40","VVI161",630,"m","2/23/26"
"3644","applesauce","cdi_words","2A","produces",NA,0,"159","2026-03-09 16:05:40","VVI161",630,"m","2/23/26"
"3645","candy","cdi_words","2A","produces",1,1,"159","2026-03-09 16:05:40","VVI161",630,"m","2/23/26"
"3646","coke","cdi_words","2A","produces",NA,0,"159","2026-03-09 16:05:40","VVI161",630,"m","2/23/26"
"3647","cracker","cdi_words","2A","produces",NA,0,"159","2026-03-09 16:05:40","VVI161",630,"m","2/23/26"
"3648","juice","cdi_words","2A","produces",NA,0,"159","2026-03-09 16:05:40","VVI161",630,"m","2/23/26"
"3649","meat","cdi_words","2A","produces",NA,0,"159","2026-03-09 16:05:40","VVI161",630,"m","2/23/26"
"3650","milk","cdi_words","2A","produces",1,1,"159","2026-03-09 16:05:40","VVI161",630,"m","2/23/26"
"3651","peas","cdi_words","2A","produces",NA,0,"159","2026-03-09 16:05:40","VVI161",630,"m","2/23/26"
"3652","hat","cdi_words","2A","produces",1,1,"159","2026-03-09 16:05:40","VVI161",630,"m","2/23/26"
"3653","necklace","cdi_words","2A","produces",NA,0,"159","2026-03-09 16:05:40","VVI161",630,"m","2/23/26"
"3654","shoe","cdi_words","2A","produces",1,1,"159","2026-03-09 16:05:40","VVI161",630,"m","2/23/26"
"3655","sock","cdi_words","2A","produces",1,1,"159","2026-03-09 16:05:40","VVI161",630,"m","2/23/26"
"3656","chin","cdi_words","2A","produces",1,1,"159","2026-03-09 16:05:40","VVI161",630,"m","2/23/26"
"3657","ear","cdi_words","2A","produces",1,1,"159","2026-03-09 16:05:40","VVI161",630,"m","2/23/26"
"3658","hand","cdi_words","2A","produces",1,1,"159","2026-03-09 16:05:40","VVI161",630,"m","2/23/26"
"3659","leg","cdi_words","2A","produces",1,1,"159","2026-03-09 16:05:40","VVI161",630,"m","2/23/26"
"3660","broom","cdi_words","2A","produces",1,1,"159","2026-03-09 16:05:40","VVI161",630,"m","2/23/26"
"3661","comb","cdi_words","2A","produces",NA,0,"159","2026-03-09 16:05:40","VVI161",630,"m","2/23/26"
"3662","mop","cdi_words","2A","produces",NA,0,"159","2026-03-09 16:05:40","VVI161",630,"m","2/23/26"
"3663","plate","cdi_words","2A","produces",1,1,"159","2026-03-09 16:05:40","VVI161",630,"m","2/23/26"
"3664","trash","cdi_words","2A","produces",NA,0,"159","2026-03-09 16:05:40","VVI161",630,"m","2/23/26"
"3665","tray","cdi_words","2A","produces",NA,0,"159","2026-03-09 16:05:40","VVI161",630,"m","2/23/26"
"3666","towel","cdi_words","2A","produces",NA,0,"159","2026-03-09 16:05:40","VVI161",630,"m","2/23/26"
"3667","bed","cdi_words","2A","produces",1,1,"159","2026-03-09 16:05:40","VVI161",630,"m","2/23/26"
"3668","bedroom","cdi_words","2A","produces",1,1,"159","2026-03-09 16:05:40","VVI161",630,"m","2/23/26"
"3669","bench","cdi_words","2A","produces",NA,0,"159","2026-03-09 16:05:40","VVI161",630,"m","2/23/26"
"3670","oven","cdi_words","2A","produces",NA,0,"159","2026-03-09 16:05:40","VVI161",630,"m","2/23/26"
"3671","stairs","cdi_words","2A","produces",1,1,"159","2026-03-09 16:05:40","VVI161",630,"m","2/23/26"
"3672","flag","cdi_words","2A","produces",NA,0,"159","2026-03-09 16:05:40","VVI161",630,"m","2/23/26"
"3673","rain","cdi_words","2A","produces",NA,0,"159","2026-03-09 16:05:40","VVI161",630,"m","2/23/26"
"3674","star","cdi_words","2A","produces",1,1,"159","2026-03-09 16:05:40","VVI161",630,"m","2/23/26"
"3675","swing","cdi_words","2A","produces",NA,0,"159","2026-03-09 16:05:40","VVI161",630,"m","2/23/26"
"3676","school","cdi_words","2A","produces",NA,0,"159","2026-03-09 16:05:40","VVI161",630,"m","2/23/26"
"3677","sky","cdi_words","2A","produces",NA,0,"159","2026-03-09 16:05:40","VVI161",630,"m","2/23/26"
"3678","party","cdi_words","2A","produces",NA,0,"159","2026-03-09 16:05:40","VVI161",630,"m","2/23/26"
"3679","friend","cdi_words","2A","produces",NA,0,"159","2026-03-09 16:05:40","VVI161",630,"m","2/23/26"
"3680","mommy","cdi_words","2A","produces",1,1,"159","2026-03-09 16:05:40","VVI161",630,"m","2/23/26"
"3681","person","cdi_words","2A","produces",NA,0,"159","2026-03-09 16:05:40","VVI161",630,"m","2/23/26"
"3682","bye","cdi_words","2A","produces",1,1,"159","2026-03-09 16:05:40","VVI161",630,"m","2/23/26"
"3683","hi","cdi_words","2A","produces",1,1,"159","2026-03-09 16:05:40","VVI161",630,"m","2/23/26"
"3684","no","cdi_words","2A","produces",1,1,"159","2026-03-09 16:05:40","VVI161",630,"m","2/23/26"
"3685","shopping","cdi_words","2A","produces",NA,0,"159","2026-03-09 16:05:40","VVI161",630,"m","2/23/26"
"3686","thank you","cdi_words","2A","produces",NA,0,"159","2026-03-09 16:05:40","VVI161",630,"m","2/23/26"
"3687","carry","cdi_words","2A","produces",NA,0,"159","2026-03-09 16:05:40","VVI161",630,"m","2/23/26"
"3688","chase","cdi_words","2A","produces",NA,0,"159","2026-03-09 16:05:40","VVI161",630,"m","2/23/26"
"3689","dump","cdi_words","2A","produces",NA,0,"159","2026-03-09 16:05:40","VVI161",630,"m","2/23/26"
"3690","finish","cdi_words","2A","produces",NA,0,"159","2026-03-09 16:05:40","VVI161",630,"m","2/23/26"
"3691","fit","cdi_words","2A","produces",1,1,"159","2026-03-09 16:05:40","VVI161",630,"m","2/23/26"
"3692","hug","cdi_words","2A","produces",1,1,"159","2026-03-09 16:05:40","VVI161",630,"m","2/23/26"
"3693","listen","cdi_words","2A","produces",NA,0,"159","2026-03-09 16:05:40","VVI161",630,"m","2/23/26"
"3694","like","cdi_words","2A","produces",NA,0,"159","2026-03-09 16:05:40","VVI161",630,"m","2/23/26"
"3695","pretend","cdi_words","2A","produces",NA,0,"159","2026-03-09 16:05:40","VVI161",630,"m","2/23/26"
"3696","rip","cdi_words","2A","produces",NA,0,"159","2026-03-09 16:05:40","VVI161",630,"m","2/23/26"
"3697","shake","cdi_words","2A","produces",NA,0,"159","2026-03-09 16:05:40","VVI161",630,"m","2/23/26"
"3698","taste","cdi_words","2A","produces",NA,0,"159","2026-03-09 16:05:40","VVI161",630,"m","2/23/26"
"3699","gentle","cdi_words","2A","produces",NA,0,"159","2026-03-09 16:05:40","VVI161",630,"m","2/23/26"
"3700","think","cdi_words","2A","produces",NA,0,"159","2026-03-09 16:05:40","VVI161",630,"m","2/23/26"
"3701","wish","cdi_words","2A","produces",NA,0,"159","2026-03-09 16:05:40","VVI161",630,"m","2/23/26"
"3702","all gone","cdi_words","2A","produces",1,1,"159","2026-03-09 16:05:40","VVI161",630,"m","2/23/26"
"3703","cold","cdi_words","2A","produces",NA,0,"159","2026-03-09 16:05:40","VVI161",630,"m","2/23/26"
"3704","fast","cdi_words","2A","produces",NA,0,"159","2026-03-09 16:05:40","VVI161",630,"m","2/23/26"
"3705","happy","cdi_words","2A","produces",NA,0,"159","2026-03-09 16:05:40","VVI161",630,"m","2/23/26"
"3706","hot","cdi_words","2A","produces",1,1,"159","2026-03-09 16:05:40","VVI161",630,"m","2/23/26"
"3707","last","cdi_words","2A","produces",NA,0,"159","2026-03-09 16:05:40","VVI161",630,"m","2/23/26"
"3708","tiny","cdi_words","2A","produces",NA,0,"159","2026-03-09 16:05:40","VVI161",630,"m","2/23/26"
"3709","wet","cdi_words","2A","produces",NA,0,"159","2026-03-09 16:05:40","VVI161",630,"m","2/23/26"
"3710","after","cdi_words","2A","produces",NA,0,"159","2026-03-09 16:05:40","VVI161",630,"m","2/23/26"
"3711","day","cdi_words","2A","produces",NA,0,"159","2026-03-09 16:05:40","VVI161",630,"m","2/23/26"
"3712","tonight","cdi_words","2A","produces",NA,0,"159","2026-03-09 16:05:40","VVI161",630,"m","2/23/26"
"3713","our","cdi_words","2A","produces",NA,0,"159","2026-03-09 16:05:40","VVI161",630,"m","2/23/26"
"3714","them","cdi_words","2A","produces",NA,0,"159","2026-03-09 16:05:40","VVI161",630,"m","2/23/26"
"3715","this","cdi_words","2A","produces",1,1,"159","2026-03-09 16:05:40","VVI161",630,"m","2/23/26"
"3716","us","cdi_words","2A","produces",NA,0,"159","2026-03-09 16:05:40","VVI161",630,"m","2/23/26"
"3717","where","cdi_words","2A","produces",1,1,"159","2026-03-09 16:05:40","VVI161",630,"m","2/23/26"
"3718","beside","cdi_words","2A","produces",NA,0,"159","2026-03-09 16:05:40","VVI161",630,"m","2/23/26"
"3719","down","cdi_words","2A","produces",1,1,"159","2026-03-09 16:05:40","VVI161",630,"m","2/23/26"
"3720","under","cdi_words","2A","produces",1,1,"159","2026-03-09 16:05:40","VVI161",630,"m","2/23/26"
"3721","all","cdi_words","2A","produces",NA,0,"159","2026-03-09 16:05:40","VVI161",630,"m","2/23/26"
"3722","much","cdi_words","2A","produces",NA,0,"159","2026-03-09 16:05:40","VVI161",630,"m","2/23/26"
"3723","could","cdi_words","2A","produces",NA,0,"159","2026-03-09 16:05:40","VVI161",630,"m","2/23/26"
"3724","need","cdi_words","2A","produces",NA,0,"159","2026-03-09 16:05:40","VVI161",630,"m","2/23/26"
"3725","would","cdi_words","2A","produces",NA,0,"159","2026-03-09 16:05:40","VVI161",630,"m","2/23/26"
"3726","if","cdi_words","2A","produces",NA,0,"159","2026-03-09 16:05:40","VVI161",630,"m","2/23/26"
"3727","sock","extra_words","2A","produces",1,1,"357","2026-04-28 18:46:17","VVI199",570,"f","4/22/26"
"3728","bathtub","extra_words","2A","produces",1,1,"357","2026-04-28 18:46:17","VVI199",570,"f","4/22/26"
"3729","shower","extra_words","2A","produces",1,1,"357","2026-04-28 18:46:17","VVI199",570,"f","4/22/26"
"3730","balloon","extra_words","2A","produces",NA,0,"357","2026-04-28 18:46:17","VVI199",570,"f","4/22/26"
"3731","dresser","extra_words","2A","produces",NA,0,"357","2026-04-28 18:46:17","VVI199",570,"f","4/22/26"
"3732","kite","extra_words","2A","produces",NA,0,"357","2026-04-28 18:46:17","VVI199",570,"f","4/22/26"
"3733","camel","extra_words","2A","produces",NA,0,"357","2026-04-28 18:46:17","VVI199",570,"f","4/22/26"
"3734","elephant","extra_words","2A","produces",NA,0,"357","2026-04-28 18:46:17","VVI199",570,"f","4/22/26"
"3735","ladybug","extra_words","2A","produces",NA,0,"357","2026-04-28 18:46:17","VVI199",570,"f","4/22/26"
"3736","cloud","extra_words","2A","produces",NA,0,"357","2026-04-28 18:46:17","VVI199",570,"f","4/22/26"
"3737","tree","extra_words","2A","produces",1,1,"357","2026-04-28 18:46:17","VVI199",570,"f","4/22/26"
"3738","zipper","extra_words","2A","produces",NA,0,"357","2026-04-28 18:46:17","VVI199",570,"f","4/22/26"
"3739","crow","extra_words","2A","produces",NA,0,"357","2026-04-28 18:46:17","VVI199",570,"f","4/22/26"
"3740","penguin","extra_words","2A","produces",1,1,"357","2026-04-28 18:46:17","VVI199",570,"f","4/22/26"
"3741","seahorse","extra_words","2A","produces",NA,0,"357","2026-04-28 18:46:17","VVI199",570,"f","4/22/26"
"3742","duck","extra_words","2A","produces",1,1,"357","2026-04-28 18:46:17","VVI199",570,"f","4/22/26"
"3743","chicken","extra_words","2A","produces",1,1,"357","2026-04-28 18:46:17","VVI199",570,"f","4/22/26"
"3744","butterfly","extra_words","2A","produces",1,1,"357","2026-04-28 18:46:17","VVI199",570,"f","4/22/26"
"3745","lizard","extra_words","2A","produces",NA,0,"357","2026-04-28 18:46:17","VVI199",570,"f","4/22/26"
"3746","walrus","extra_words","2A","produces",1,1,"357","2026-04-28 18:46:17","VVI199",570,"f","4/22/26"
"3747","snake","extra_words","2A","produces",NA,0,"357","2026-04-28 18:46:17","VVI199",570,"f","4/22/26"
"3748","truck","extra_words","2A","produces",1,1,"357","2026-04-28 18:46:17","VVI199",570,"f","4/22/26"
"3749","car","extra_words","2A","produces",1,1,"357","2026-04-28 18:46:17","VVI199",570,"f","4/22/26"
"3750","airplane","extra_words","2A","produces",1,1,"357","2026-04-28 18:46:17","VVI199",570,"f","4/22/26"
"3751","baa baa","cdi_words","2A","produces",1,1,"357","2026-04-28 18:46:17","VVI199",570,"f","4/22/26"
"3752","meow","cdi_words","2A","produces",1,1,"357","2026-04-28 18:46:17","VVI199",570,"f","4/22/26"
"3753","ouch","cdi_words","2A","produces",1,1,"357","2026-04-28 18:46:17","VVI199",570,"f","4/22/26"
"3754","uh oh","cdi_words","2A","produces",1,1,"357","2026-04-28 18:46:17","VVI199",570,"f","4/22/26"
"3755","woof woof","cdi_words","2A","produces",1,1,"357","2026-04-28 18:46:17","VVI199",570,"f","4/22/26"
"3756","bear","cdi_words","2A","produces",1,1,"357","2026-04-28 18:46:17","VVI199",570,"f","4/22/26"
"3757","bird","cdi_words","2A","produces",1,1,"357","2026-04-28 18:46:17","VVI199",570,"f","4/22/26"
"3758","cat","cdi_words","2A","produces",1,1,"357","2026-04-28 18:46:17","VVI199",570,"f","4/22/26"
"3759","dog","cdi_words","2A","produces",1,1,"357","2026-04-28 18:46:17","VVI199",570,"f","4/22/26"
"3760","duck","cdi_words","2A","produces",1,1,"357","2026-04-28 18:46:17","VVI199",570,"f","4/22/26"
"3761","horse","cdi_words","2A","produces",NA,0,"357","2026-04-28 18:46:17","VVI199",570,"f","4/22/26"
"3762","airplane","cdi_words","2A","produces",1,1,"357","2026-04-28 18:46:17","VVI199",570,"f","4/22/26"
"3763","boat","cdi_words","2A","produces",NA,0,"357","2026-04-28 18:46:17","VVI199",570,"f","4/22/26"
"3764","car","cdi_words","2A","produces",1,1,"357","2026-04-28 18:46:17","VVI199",570,"f","4/22/26"
"3765","ball","cdi_words","2A","produces",1,1,"357","2026-04-28 18:46:17","VVI199",570,"f","4/22/26"
"3766","book","cdi_words","2A","produces",1,1,"357","2026-04-28 18:46:17","VVI199",570,"f","4/22/26"
"3767","game","cdi_words","2A","produces",NA,0,"357","2026-04-28 18:46:17","VVI199",570,"f","4/22/26"
"3768","applesauce","cdi_words","2A","produces",NA,0,"357","2026-04-28 18:46:17","VVI199",570,"f","4/22/26"
"3769","candy","cdi_words","2A","produces",NA,0,"357","2026-04-28 18:46:17","VVI199",570,"f","4/22/26"
"3770","coke","cdi_words","2A","produces",NA,0,"357","2026-04-28 18:46:17","VVI199",570,"f","4/22/26"
"3771","cracker","cdi_words","2A","produces",1,1,"357","2026-04-28 18:46:17","VVI199",570,"f","4/22/26"
"3772","juice","cdi_words","2A","produces",1,1,"357","2026-04-28 18:46:17","VVI199",570,"f","4/22/26"
"3773","meat","cdi_words","2A","produces",NA,0,"357","2026-04-28 18:46:17","VVI199",570,"f","4/22/26"
"3774","milk","cdi_words","2A","produces",1,1,"357","2026-04-28 18:46:17","VVI199",570,"f","4/22/26"
"3775","peas","cdi_words","2A","produces",NA,0,"357","2026-04-28 18:46:17","VVI199",570,"f","4/22/26"
"3776","hat","cdi_words","2A","produces",1,1,"357","2026-04-28 18:46:17","VVI199",570,"f","4/22/26"
"3777","necklace","cdi_words","2A","produces",NA,0,"357","2026-04-28 18:46:17","VVI199",570,"f","4/22/26"
"3778","shoe","cdi_words","2A","produces",1,1,"357","2026-04-28 18:46:17","VVI199",570,"f","4/22/26"
"3779","sock","cdi_words","2A","produces",1,1,"357","2026-04-28 18:46:17","VVI199",570,"f","4/22/26"
"3780","chin","cdi_words","2A","produces",NA,0,"357","2026-04-28 18:46:17","VVI199",570,"f","4/22/26"
"3781","ear","cdi_words","2A","produces",1,1,"357","2026-04-28 18:46:17","VVI199",570,"f","4/22/26"
"3782","hand","cdi_words","2A","produces",1,1,"357","2026-04-28 18:46:17","VVI199",570,"f","4/22/26"
"3783","leg","cdi_words","2A","produces",1,1,"357","2026-04-28 18:46:17","VVI199",570,"f","4/22/26"
"3784","broom","cdi_words","2A","produces",NA,0,"357","2026-04-28 18:46:17","VVI199",570,"f","4/22/26"
"3785","comb","cdi_words","2A","produces",NA,0,"357","2026-04-28 18:46:17","VVI199",570,"f","4/22/26"
"3786","mop","cdi_words","2A","produces",NA,0,"357","2026-04-28 18:46:17","VVI199",570,"f","4/22/26"
"3787","plate","cdi_words","2A","produces",1,1,"357","2026-04-28 18:46:17","VVI199",570,"f","4/22/26"
"3788","trash","cdi_words","2A","produces",1,1,"357","2026-04-28 18:46:17","VVI199",570,"f","4/22/26"
"3789","tray","cdi_words","2A","produces",NA,0,"357","2026-04-28 18:46:17","VVI199",570,"f","4/22/26"
"3790","towel","cdi_words","2A","produces",1,1,"357","2026-04-28 18:46:17","VVI199",570,"f","4/22/26"
"3791","bed","cdi_words","2A","produces",1,1,"357","2026-04-28 18:46:17","VVI199",570,"f","4/22/26"
"3792","bedroom","cdi_words","2A","produces",NA,0,"357","2026-04-28 18:46:17","VVI199",570,"f","4/22/26"
"3793","bench","cdi_words","2A","produces",NA,0,"357","2026-04-28 18:46:17","VVI199",570,"f","4/22/26"
"3794","oven","cdi_words","2A","produces",NA,0,"357","2026-04-28 18:46:17","VVI199",570,"f","4/22/26"
"3795","stairs","cdi_words","2A","produces",NA,0,"357","2026-04-28 18:46:17","VVI199",570,"f","4/22/26"
"3796","flag","cdi_words","2A","produces",NA,0,"357","2026-04-28 18:46:17","VVI199",570,"f","4/22/26"
"3797","rain","cdi_words","2A","produces",1,1,"357","2026-04-28 18:46:17","VVI199",570,"f","4/22/26"
"3798","star","cdi_words","2A","produces",NA,0,"357","2026-04-28 18:46:17","VVI199",570,"f","4/22/26"
"3799","swing","cdi_words","2A","produces",1,1,"357","2026-04-28 18:46:17","VVI199",570,"f","4/22/26"
"3800","school","cdi_words","2A","produces",NA,0,"357","2026-04-28 18:46:17","VVI199",570,"f","4/22/26"
"3801","sky","cdi_words","2A","produces",NA,0,"357","2026-04-28 18:46:17","VVI199",570,"f","4/22/26"
"3802","party","cdi_words","2A","produces",NA,0,"357","2026-04-28 18:46:17","VVI199",570,"f","4/22/26"
"3803","friend","cdi_words","2A","produces",NA,0,"357","2026-04-28 18:46:17","VVI199",570,"f","4/22/26"
"3804","mommy","cdi_words","2A","produces",1,1,"357","2026-04-28 18:46:17","VVI199",570,"f","4/22/26"
"3805","person","cdi_words","2A","produces",NA,0,"357","2026-04-28 18:46:17","VVI199",570,"f","4/22/26"
"3806","bye","cdi_words","2A","produces",1,1,"357","2026-04-28 18:46:17","VVI199",570,"f","4/22/26"
"3807","hi","cdi_words","2A","produces",1,1,"357","2026-04-28 18:46:17","VVI199",570,"f","4/22/26"
"3808","no","cdi_words","2A","produces",1,1,"357","2026-04-28 18:46:17","VVI199",570,"f","4/22/26"
"3809","shopping","cdi_words","2A","produces",NA,0,"357","2026-04-28 18:46:17","VVI199",570,"f","4/22/26"
"3810","thank you","cdi_words","2A","produces",1,1,"357","2026-04-28 18:46:17","VVI199",570,"f","4/22/26"
"3811","carry","cdi_words","2A","produces",NA,0,"357","2026-04-28 18:46:17","VVI199",570,"f","4/22/26"
"3812","chase","cdi_words","2A","produces",NA,0,"357","2026-04-28 18:46:17","VVI199",570,"f","4/22/26"
"3813","dump","cdi_words","2A","produces",NA,0,"357","2026-04-28 18:46:17","VVI199",570,"f","4/22/26"
"3814","finish","cdi_words","2A","produces",NA,0,"357","2026-04-28 18:46:17","VVI199",570,"f","4/22/26"
"3815","fit","cdi_words","2A","produces",NA,0,"357","2026-04-28 18:46:17","VVI199",570,"f","4/22/26"
"3816","hug","cdi_words","2A","produces",1,1,"357","2026-04-28 18:46:17","VVI199",570,"f","4/22/26"
"3817","listen","cdi_words","2A","produces",NA,0,"357","2026-04-28 18:46:17","VVI199",570,"f","4/22/26"
"3818","like","cdi_words","2A","produces",NA,0,"357","2026-04-28 18:46:17","VVI199",570,"f","4/22/26"
"3819","pretend","cdi_words","2A","produces",NA,0,"357","2026-04-28 18:46:17","VVI199",570,"f","4/22/26"
"3820","rip","cdi_words","2A","produces",NA,0,"357","2026-04-28 18:46:17","VVI199",570,"f","4/22/26"
"3821","shake","cdi_words","2A","produces",1,1,"357","2026-04-28 18:46:17","VVI199",570,"f","4/22/26"
"3822","taste","cdi_words","2A","produces",NA,0,"357","2026-04-28 18:46:17","VVI199",570,"f","4/22/26"
"3823","gentle","cdi_words","2A","produces",1,1,"357","2026-04-28 18:46:17","VVI199",570,"f","4/22/26"
"3824","think","cdi_words","2A","produces",NA,0,"357","2026-04-28 18:46:17","VVI199",570,"f","4/22/26"
"3825","wish","cdi_words","2A","produces",NA,0,"357","2026-04-28 18:46:17","VVI199",570,"f","4/22/26"
"3826","all gone","cdi_words","2A","produces",1,1,"357","2026-04-28 18:46:17","VVI199",570,"f","4/22/26"
"3827","cold","cdi_words","2A","produces",1,1,"357","2026-04-28 18:46:17","VVI199",570,"f","4/22/26"
"3828","fast","cdi_words","2A","produces",1,1,"357","2026-04-28 18:46:17","VVI199",570,"f","4/22/26"
"3829","happy","cdi_words","2A","produces",NA,0,"357","2026-04-28 18:46:17","VVI199",570,"f","4/22/26"
"3830","hot","cdi_words","2A","produces",1,1,"357","2026-04-28 18:46:17","VVI199",570,"f","4/22/26"
"3831","last","cdi_words","2A","produces",NA,0,"357","2026-04-28 18:46:17","VVI199",570,"f","4/22/26"
"3832","tiny","cdi_words","2A","produces",NA,0,"357","2026-04-28 18:46:17","VVI199",570,"f","4/22/26"
"3833","wet","cdi_words","2A","produces",1,1,"357","2026-04-28 18:46:17","VVI199",570,"f","4/22/26"
"3834","after","cdi_words","2A","produces",NA,0,"357","2026-04-28 18:46:17","VVI199",570,"f","4/22/26"
"3835","day","cdi_words","2A","produces",NA,0,"357","2026-04-28 18:46:17","VVI199",570,"f","4/22/26"
"3836","tonight","cdi_words","2A","produces",NA,0,"357","2026-04-28 18:46:17","VVI199",570,"f","4/22/26"
"3837","our","cdi_words","2A","produces",NA,0,"357","2026-04-28 18:46:17","VVI199",570,"f","4/22/26"
"3838","them","cdi_words","2A","produces",NA,0,"357","2026-04-28 18:46:17","VVI199",570,"f","4/22/26"
"3839","this","cdi_words","2A","produces",1,1,"357","2026-04-28 18:46:17","VVI199",570,"f","4/22/26"
"3840","us","cdi_words","2A","produces",NA,0,"357","2026-04-28 18:46:17","VVI199",570,"f","4/22/26"
"3841","where","cdi_words","2A","produces",NA,0,"357","2026-04-28 18:46:17","VVI199",570,"f","4/22/26"
"3842","beside","cdi_words","2A","produces",NA,0,"357","2026-04-28 18:46:17","VVI199",570,"f","4/22/26"
"3843","down","cdi_words","2A","produces",1,1,"357","2026-04-28 18:46:17","VVI199",570,"f","4/22/26"
"3844","under","cdi_words","2A","produces",NA,0,"357","2026-04-28 18:46:17","VVI199",570,"f","4/22/26"
"3845","all","cdi_words","2A","produces",NA,0,"357","2026-04-28 18:46:17","VVI199",570,"f","4/22/26"
"3846","much","cdi_words","2A","produces",NA,0,"357","2026-04-28 18:46:17","VVI199",570,"f","4/22/26"
"3847","could","cdi_words","2A","produces",NA,0,"357","2026-04-28 18:46:17","VVI199",570,"f","4/22/26"
"3848","need","cdi_words","2A","produces",NA,0,"357","2026-04-28 18:46:17","VVI199",570,"f","4/22/26"
"3849","would","cdi_words","2A","produces",NA,0,"357","2026-04-28 18:46:17","VVI199",570,"f","4/22/26"
"3850","if","cdi_words","2A","produces",NA,0,"357","2026-04-28 18:46:17","VVI199",570,"f","4/22/26"
"3851","sock","extra_words","2A","produces",1,1,"178","2026-02-19 14:13:41","VVI152",600,"f","2/19/26"
"3852","bathtub","extra_words","2A","produces",1,1,"178","2026-02-19 14:13:41","VVI152",600,"f","2/19/26"
"3853","shower","extra_words","2A","produces",NA,0,"178","2026-02-19 14:13:41","VVI152",600,"f","2/19/26"
"3854","balloon","extra_words","2A","produces",1,1,"178","2026-02-19 14:13:41","VVI152",600,"f","2/19/26"
"3855","dresser","extra_words","2A","produces",NA,0,"178","2026-02-19 14:13:41","VVI152",600,"f","2/19/26"
"3856","kite","extra_words","2A","produces",NA,0,"178","2026-02-19 14:13:41","VVI152",600,"f","2/19/26"
"3857","camel","extra_words","2A","produces",NA,0,"178","2026-02-19 14:13:41","VVI152",600,"f","2/19/26"
"3858","elephant","extra_words","2A","produces",1,1,"178","2026-02-19 14:13:41","VVI152",600,"f","2/19/26"
"3859","ladybug","extra_words","2A","produces",1,1,"178","2026-02-19 14:13:41","VVI152",600,"f","2/19/26"
"3860","cloud","extra_words","2A","produces",NA,0,"178","2026-02-19 14:13:41","VVI152",600,"f","2/19/26"
"3861","tree","extra_words","2A","produces",NA,0,"178","2026-02-19 14:13:41","VVI152",600,"f","2/19/26"
"3862","zipper","extra_words","2A","produces",NA,0,"178","2026-02-19 14:13:41","VVI152",600,"f","2/19/26"
"3863","crow","extra_words","2A","produces",1,1,"178","2026-02-19 14:13:41","VVI152",600,"f","2/19/26"
"3864","penguin","extra_words","2A","produces",NA,0,"178","2026-02-19 14:13:41","VVI152",600,"f","2/19/26"
"3865","seahorse","extra_words","2A","produces",NA,0,"178","2026-02-19 14:13:41","VVI152",600,"f","2/19/26"
"3866","duck","extra_words","2A","produces",1,1,"178","2026-02-19 14:13:41","VVI152",600,"f","2/19/26"
"3867","chicken","extra_words","2A","produces",1,1,"178","2026-02-19 14:13:41","VVI152",600,"f","2/19/26"
"3868","butterfly","extra_words","2A","produces",1,1,"178","2026-02-19 14:13:41","VVI152",600,"f","2/19/26"
"3869","lizard","extra_words","2A","produces",1,1,"178","2026-02-19 14:13:41","VVI152",600,"f","2/19/26"
"3870","walrus","extra_words","2A","produces",NA,0,"178","2026-02-19 14:13:41","VVI152",600,"f","2/19/26"
"3871","snake","extra_words","2A","produces",1,1,"178","2026-02-19 14:13:41","VVI152",600,"f","2/19/26"
"3872","truck","extra_words","2A","produces",1,1,"178","2026-02-19 14:13:41","VVI152",600,"f","2/19/26"
"3873","car","extra_words","2A","produces",1,1,"178","2026-02-19 14:13:41","VVI152",600,"f","2/19/26"
"3874","airplane","extra_words","2A","produces",1,1,"178","2026-02-19 14:13:41","VVI152",600,"f","2/19/26"
"3875","baa baa","cdi_words","2A","produces",1,1,"178","2026-02-19 14:13:41","VVI152",600,"f","2/19/26"
"3876","meow","cdi_words","2A","produces",1,1,"178","2026-02-19 14:13:41","VVI152",600,"f","2/19/26"
"3877","ouch","cdi_words","2A","produces",1,1,"178","2026-02-19 14:13:41","VVI152",600,"f","2/19/26"
"3878","uh oh","cdi_words","2A","produces",1,1,"178","2026-02-19 14:13:41","VVI152",600,"f","2/19/26"
"3879","woof woof","cdi_words","2A","produces",1,1,"178","2026-02-19 14:13:41","VVI152",600,"f","2/19/26"
"3880","bear","cdi_words","2A","produces",1,1,"178","2026-02-19 14:13:41","VVI152",600,"f","2/19/26"
"3881","bird","cdi_words","2A","produces",1,1,"178","2026-02-19 14:13:41","VVI152",600,"f","2/19/26"
"3882","cat","cdi_words","2A","produces",1,1,"178","2026-02-19 14:13:41","VVI152",600,"f","2/19/26"
"3883","dog","cdi_words","2A","produces",1,1,"178","2026-02-19 14:13:41","VVI152",600,"f","2/19/26"
"3884","duck","cdi_words","2A","produces",1,1,"178","2026-02-19 14:13:41","VVI152",600,"f","2/19/26"
"3885","horse","cdi_words","2A","produces",1,1,"178","2026-02-19 14:13:41","VVI152",600,"f","2/19/26"
"3886","airplane","cdi_words","2A","produces",1,1,"178","2026-02-19 14:13:41","VVI152",600,"f","2/19/26"
"3887","boat","cdi_words","2A","produces",NA,0,"178","2026-02-19 14:13:41","VVI152",600,"f","2/19/26"
"3888","car","cdi_words","2A","produces",1,1,"178","2026-02-19 14:13:41","VVI152",600,"f","2/19/26"
"3889","ball","cdi_words","2A","produces",1,1,"178","2026-02-19 14:13:41","VVI152",600,"f","2/19/26"
"3890","book","cdi_words","2A","produces",1,1,"178","2026-02-19 14:13:41","VVI152",600,"f","2/19/26"
"3891","game","cdi_words","2A","produces",NA,0,"178","2026-02-19 14:13:41","VVI152",600,"f","2/19/26"
"3892","applesauce","cdi_words","2A","produces",NA,0,"178","2026-02-19 14:13:41","VVI152",600,"f","2/19/26"
"3893","candy","cdi_words","2A","produces",NA,0,"178","2026-02-19 14:13:41","VVI152",600,"f","2/19/26"
"3894","coke","cdi_words","2A","produces",NA,0,"178","2026-02-19 14:13:41","VVI152",600,"f","2/19/26"
"3895","cracker","cdi_words","2A","produces",1,1,"178","2026-02-19 14:13:41","VVI152",600,"f","2/19/26"
"3896","juice","cdi_words","2A","produces",NA,0,"178","2026-02-19 14:13:41","VVI152",600,"f","2/19/26"
"3897","meat","cdi_words","2A","produces",NA,0,"178","2026-02-19 14:13:41","VVI152",600,"f","2/19/26"
"3898","milk","cdi_words","2A","produces",1,1,"178","2026-02-19 14:13:41","VVI152",600,"f","2/19/26"
"3899","peas","cdi_words","2A","produces",NA,0,"178","2026-02-19 14:13:41","VVI152",600,"f","2/19/26"
"3900","hat","cdi_words","2A","produces",1,1,"178","2026-02-19 14:13:41","VVI152",600,"f","2/19/26"
"3901","necklace","cdi_words","2A","produces",NA,0,"178","2026-02-19 14:13:41","VVI152",600,"f","2/19/26"
"3902","shoe","cdi_words","2A","produces",1,1,"178","2026-02-19 14:13:41","VVI152",600,"f","2/19/26"
"3903","sock","cdi_words","2A","produces",1,1,"178","2026-02-19 14:13:41","VVI152",600,"f","2/19/26"
"3904","chin","cdi_words","2A","produces",NA,0,"178","2026-02-19 14:13:41","VVI152",600,"f","2/19/26"
"3905","ear","cdi_words","2A","produces",NA,0,"178","2026-02-19 14:13:41","VVI152",600,"f","2/19/26"
"3906","hand","cdi_words","2A","produces",NA,0,"178","2026-02-19 14:13:41","VVI152",600,"f","2/19/26"
"3907","leg","cdi_words","2A","produces",NA,0,"178","2026-02-19 14:13:41","VVI152",600,"f","2/19/26"
"3908","broom","cdi_words","2A","produces",NA,0,"178","2026-02-19 14:13:41","VVI152",600,"f","2/19/26"
"3909","comb","cdi_words","2A","produces",NA,0,"178","2026-02-19 14:13:41","VVI152",600,"f","2/19/26"
"3910","mop","cdi_words","2A","produces",NA,0,"178","2026-02-19 14:13:41","VVI152",600,"f","2/19/26"
"3911","plate","cdi_words","2A","produces",1,1,"178","2026-02-19 14:13:41","VVI152",600,"f","2/19/26"
"3912","trash","cdi_words","2A","produces",NA,0,"178","2026-02-19 14:13:41","VVI152",600,"f","2/19/26"
"3913","tray","cdi_words","2A","produces",NA,0,"178","2026-02-19 14:13:41","VVI152",600,"f","2/19/26"
"3914","towel","cdi_words","2A","produces",NA,0,"178","2026-02-19 14:13:41","VVI152",600,"f","2/19/26"
"3915","bed","cdi_words","2A","produces",NA,0,"178","2026-02-19 14:13:41","VVI152",600,"f","2/19/26"
"3916","bedroom","cdi_words","2A","produces",NA,0,"178","2026-02-19 14:13:41","VVI152",600,"f","2/19/26"
"3917","bench","cdi_words","2A","produces",NA,0,"178","2026-02-19 14:13:41","VVI152",600,"f","2/19/26"
"3918","oven","cdi_words","2A","produces",NA,0,"178","2026-02-19 14:13:41","VVI152",600,"f","2/19/26"
"3919","stairs","cdi_words","2A","produces",NA,0,"178","2026-02-19 14:13:41","VVI152",600,"f","2/19/26"
"3920","flag","cdi_words","2A","produces",1,1,"178","2026-02-19 14:13:41","VVI152",600,"f","2/19/26"
"3921","rain","cdi_words","2A","produces",1,1,"178","2026-02-19 14:13:41","VVI152",600,"f","2/19/26"
"3922","star","cdi_words","2A","produces",1,1,"178","2026-02-19 14:13:41","VVI152",600,"f","2/19/26"
"3923","swing","cdi_words","2A","produces",NA,0,"178","2026-02-19 14:13:41","VVI152",600,"f","2/19/26"
"3924","school","cdi_words","2A","produces",NA,0,"178","2026-02-19 14:13:41","VVI152",600,"f","2/19/26"
"3925","sky","cdi_words","2A","produces",NA,0,"178","2026-02-19 14:13:41","VVI152",600,"f","2/19/26"
"3926","party","cdi_words","2A","produces",NA,0,"178","2026-02-19 14:13:41","VVI152",600,"f","2/19/26"
"3927","friend","cdi_words","2A","produces",NA,0,"178","2026-02-19 14:13:41","VVI152",600,"f","2/19/26"
"3928","mommy","cdi_words","2A","produces",1,1,"178","2026-02-19 14:13:41","VVI152",600,"f","2/19/26"
"3929","person","cdi_words","2A","produces",NA,0,"178","2026-02-19 14:13:41","VVI152",600,"f","2/19/26"
"3930","bye","cdi_words","2A","produces",1,1,"178","2026-02-19 14:13:41","VVI152",600,"f","2/19/26"
"3931","hi","cdi_words","2A","produces",1,1,"178","2026-02-19 14:13:41","VVI152",600,"f","2/19/26"
"3932","no","cdi_words","2A","produces",1,1,"178","2026-02-19 14:13:41","VVI152",600,"f","2/19/26"
"3933","shopping","cdi_words","2A","produces",NA,0,"178","2026-02-19 14:13:41","VVI152",600,"f","2/19/26"
"3934","thank you","cdi_words","2A","produces",1,1,"178","2026-02-19 14:13:41","VVI152",600,"f","2/19/26"
"3935","carry","cdi_words","2A","produces",NA,0,"178","2026-02-19 14:13:41","VVI152",600,"f","2/19/26"
"3936","chase","cdi_words","2A","produces",NA,0,"178","2026-02-19 14:13:41","VVI152",600,"f","2/19/26"
"3937","dump","cdi_words","2A","produces",NA,0,"178","2026-02-19 14:13:41","VVI152",600,"f","2/19/26"
"3938","finish","cdi_words","2A","produces",1,1,"178","2026-02-19 14:13:41","VVI152",600,"f","2/19/26"
"3939","fit","cdi_words","2A","produces",NA,0,"178","2026-02-19 14:13:41","VVI152",600,"f","2/19/26"
"3940","hug","cdi_words","2A","produces",NA,0,"178","2026-02-19 14:13:41","VVI152",600,"f","2/19/26"
"3941","listen","cdi_words","2A","produces",NA,0,"178","2026-02-19 14:13:41","VVI152",600,"f","2/19/26"
"3942","like","cdi_words","2A","produces",NA,0,"178","2026-02-19 14:13:41","VVI152",600,"f","2/19/26"
"3943","pretend","cdi_words","2A","produces",NA,0,"178","2026-02-19 14:13:41","VVI152",600,"f","2/19/26"
"3944","rip","cdi_words","2A","produces",NA,0,"178","2026-02-19 14:13:41","VVI152",600,"f","2/19/26"
"3945","shake","cdi_words","2A","produces",1,1,"178","2026-02-19 14:13:41","VVI152",600,"f","2/19/26"
"3946","taste","cdi_words","2A","produces",NA,0,"178","2026-02-19 14:13:41","VVI152",600,"f","2/19/26"
"3947","gentle","cdi_words","2A","produces",1,1,"178","2026-02-19 14:13:41","VVI152",600,"f","2/19/26"
"3948","think","cdi_words","2A","produces",NA,0,"178","2026-02-19 14:13:41","VVI152",600,"f","2/19/26"
"3949","wish","cdi_words","2A","produces",NA,0,"178","2026-02-19 14:13:41","VVI152",600,"f","2/19/26"
"3950","all gone","cdi_words","2A","produces",1,1,"178","2026-02-19 14:13:41","VVI152",600,"f","2/19/26"
"3951","cold","cdi_words","2A","produces",1,1,"178","2026-02-19 14:13:41","VVI152",600,"f","2/19/26"
"3952","fast","cdi_words","2A","produces",1,1,"178","2026-02-19 14:13:41","VVI152",600,"f","2/19/26"
"3953","happy","cdi_words","2A","produces",1,1,"178","2026-02-19 14:13:41","VVI152",600,"f","2/19/26"
"3954","hot","cdi_words","2A","produces",1,1,"178","2026-02-19 14:13:41","VVI152",600,"f","2/19/26"
"3955","last","cdi_words","2A","produces",NA,0,"178","2026-02-19 14:13:41","VVI152",600,"f","2/19/26"
"3956","tiny","cdi_words","2A","produces",1,1,"178","2026-02-19 14:13:41","VVI152",600,"f","2/19/26"
"3957","wet","cdi_words","2A","produces",NA,0,"178","2026-02-19 14:13:41","VVI152",600,"f","2/19/26"
"3958","after","cdi_words","2A","produces",NA,0,"178","2026-02-19 14:13:41","VVI152",600,"f","2/19/26"
"3959","day","cdi_words","2A","produces",NA,0,"178","2026-02-19 14:13:41","VVI152",600,"f","2/19/26"
"3960","tonight","cdi_words","2A","produces",NA,0,"178","2026-02-19 14:13:41","VVI152",600,"f","2/19/26"
"3961","our","cdi_words","2A","produces",NA,0,"178","2026-02-19 14:13:41","VVI152",600,"f","2/19/26"
"3962","them","cdi_words","2A","produces",NA,0,"178","2026-02-19 14:13:41","VVI152",600,"f","2/19/26"
"3963","this","cdi_words","2A","produces",1,1,"178","2026-02-19 14:13:41","VVI152",600,"f","2/19/26"
"3964","us","cdi_words","2A","produces",NA,0,"178","2026-02-19 14:13:41","VVI152",600,"f","2/19/26"
"3965","where","cdi_words","2A","produces",1,1,"178","2026-02-19 14:13:41","VVI152",600,"f","2/19/26"
"3966","beside","cdi_words","2A","produces",NA,0,"178","2026-02-19 14:13:41","VVI152",600,"f","2/19/26"
"3967","down","cdi_words","2A","produces",1,1,"178","2026-02-19 14:13:41","VVI152",600,"f","2/19/26"
"3968","under","cdi_words","2A","produces",NA,0,"178","2026-02-19 14:13:41","VVI152",600,"f","2/19/26"
"3969","all","cdi_words","2A","produces",1,1,"178","2026-02-19 14:13:41","VVI152",600,"f","2/19/26"
"3970","much","cdi_words","2A","produces",NA,0,"178","2026-02-19 14:13:41","VVI152",600,"f","2/19/26"
"3971","could","cdi_words","2A","produces",NA,0,"178","2026-02-19 14:13:41","VVI152",600,"f","2/19/26"
"3972","need","cdi_words","2A","produces",NA,0,"178","2026-02-19 14:13:41","VVI152",600,"f","2/19/26"
"3973","would","cdi_words","2A","produces",NA,0,"178","2026-02-19 14:13:41","VVI152",600,"f","2/19/26"
"3974","if","cdi_words","2A","produces",NA,0,"178","2026-02-19 14:13:41","VVI152",600,"f","2/19/26"
"3975","sock","extra_words","2A","produces",1,1,"165","2026-03-13 08:25:10","VVI176",750,"f","3/13/26"
"3976","bathtub","extra_words","2A","produces",1,1,"165","2026-03-13 08:25:10","VVI176",750,"f","3/13/26"
"3977","shower","extra_words","2A","produces",NA,0,"165","2026-03-13 08:25:10","VVI176",750,"f","3/13/26"
"3978","balloon","extra_words","2A","produces",1,1,"165","2026-03-13 08:25:10","VVI176",750,"f","3/13/26"
"3979","dresser","extra_words","2A","produces",NA,0,"165","2026-03-13 08:25:10","VVI176",750,"f","3/13/26"
"3980","kite","extra_words","2A","produces",NA,0,"165","2026-03-13 08:25:10","VVI176",750,"f","3/13/26"
"3981","camel","extra_words","2A","produces",NA,0,"165","2026-03-13 08:25:10","VVI176",750,"f","3/13/26"
"3982","elephant","extra_words","2A","produces",1,1,"165","2026-03-13 08:25:10","VVI176",750,"f","3/13/26"
"3983","ladybug","extra_words","2A","produces",1,1,"165","2026-03-13 08:25:10","VVI176",750,"f","3/13/26"
"3984","cloud","extra_words","2A","produces",1,1,"165","2026-03-13 08:25:10","VVI176",750,"f","3/13/26"
"3985","tree","extra_words","2A","produces",1,1,"165","2026-03-13 08:25:10","VVI176",750,"f","3/13/26"
"3986","zipper","extra_words","2A","produces",1,1,"165","2026-03-13 08:25:10","VVI176",750,"f","3/13/26"
"3987","crow","extra_words","2A","produces",NA,0,"165","2026-03-13 08:25:10","VVI176",750,"f","3/13/26"
"3988","penguin","extra_words","2A","produces",1,1,"165","2026-03-13 08:25:10","VVI176",750,"f","3/13/26"
"3989","seahorse","extra_words","2A","produces",NA,0,"165","2026-03-13 08:25:10","VVI176",750,"f","3/13/26"
"3990","duck","extra_words","2A","produces",1,1,"165","2026-03-13 08:25:10","VVI176",750,"f","3/13/26"
"3991","chicken","extra_words","2A","produces",1,1,"165","2026-03-13 08:25:10","VVI176",750,"f","3/13/26"
"3992","butterfly","extra_words","2A","produces",1,1,"165","2026-03-13 08:25:10","VVI176",750,"f","3/13/26"
"3993","lizard","extra_words","2A","produces",NA,0,"165","2026-03-13 08:25:10","VVI176",750,"f","3/13/26"
"3994","walrus","extra_words","2A","produces",NA,0,"165","2026-03-13 08:25:10","VVI176",750,"f","3/13/26"
"3995","snake","extra_words","2A","produces",1,1,"165","2026-03-13 08:25:10","VVI176",750,"f","3/13/26"
"3996","truck","extra_words","2A","produces",1,1,"165","2026-03-13 08:25:10","VVI176",750,"f","3/13/26"
"3997","car","extra_words","2A","produces",1,1,"165","2026-03-13 08:25:10","VVI176",750,"f","3/13/26"
"3998","airplane","extra_words","2A","produces",1,1,"165","2026-03-13 08:25:10","VVI176",750,"f","3/13/26"
"3999","baa baa","cdi_words","2A","produces",1,1,"165","2026-03-13 08:25:10","VVI176",750,"f","3/13/26"
"4000","meow","cdi_words","2A","produces",1,1,"165","2026-03-13 08:25:10","VVI176",750,"f","3/13/26"
"4001","ouch","cdi_words","2A","produces",1,1,"165","2026-03-13 08:25:10","VVI176",750,"f","3/13/26"
"4002","uh oh","cdi_words","2A","produces",1,1,"165","2026-03-13 08:25:10","VVI176",750,"f","3/13/26"
"4003","woof woof","cdi_words","2A","produces",1,1,"165","2026-03-13 08:25:10","VVI176",750,"f","3/13/26"
"4004","bear","cdi_words","2A","produces",1,1,"165","2026-03-13 08:25:10","VVI176",750,"f","3/13/26"
"4005","bird","cdi_words","2A","produces",1,1,"165","2026-03-13 08:25:10","VVI176",750,"f","3/13/26"
"4006","cat","cdi_words","2A","produces",1,1,"165","2026-03-13 08:25:10","VVI176",750,"f","3/13/26"
"4007","dog","cdi_words","2A","produces",1,1,"165","2026-03-13 08:25:10","VVI176",750,"f","3/13/26"
"4008","duck","cdi_words","2A","produces",NA,0,"165","2026-03-13 08:25:10","VVI176",750,"f","3/13/26"
"4009","horse","cdi_words","2A","produces",1,1,"165","2026-03-13 08:25:10","VVI176",750,"f","3/13/26"
"4010","airplane","cdi_words","2A","produces",1,1,"165","2026-03-13 08:25:10","VVI176",750,"f","3/13/26"
"4011","boat","cdi_words","2A","produces",1,1,"165","2026-03-13 08:25:10","VVI176",750,"f","3/13/26"
"4012","car","cdi_words","2A","produces",1,1,"165","2026-03-13 08:25:10","VVI176",750,"f","3/13/26"
"4013","ball","cdi_words","2A","produces",1,1,"165","2026-03-13 08:25:10","VVI176",750,"f","3/13/26"
"4014","book","cdi_words","2A","produces",1,1,"165","2026-03-13 08:25:10","VVI176",750,"f","3/13/26"
"4015","game","cdi_words","2A","produces",NA,0,"165","2026-03-13 08:25:10","VVI176",750,"f","3/13/26"
"4016","applesauce","cdi_words","2A","produces",1,1,"165","2026-03-13 08:25:10","VVI176",750,"f","3/13/26"
"4017","candy","cdi_words","2A","produces",1,1,"165","2026-03-13 08:25:10","VVI176",750,"f","3/13/26"
"4018","coke","cdi_words","2A","produces",NA,0,"165","2026-03-13 08:25:10","VVI176",750,"f","3/13/26"
"4019","cracker","cdi_words","2A","produces",NA,0,"165","2026-03-13 08:25:10","VVI176",750,"f","3/13/26"
"4020","juice","cdi_words","2A","produces",NA,0,"165","2026-03-13 08:25:10","VVI176",750,"f","3/13/26"
"4021","meat","cdi_words","2A","produces",NA,0,"165","2026-03-13 08:25:10","VVI176",750,"f","3/13/26"
"4022","milk","cdi_words","2A","produces",1,1,"165","2026-03-13 08:25:10","VVI176",750,"f","3/13/26"
"4023","peas","cdi_words","2A","produces",NA,0,"165","2026-03-13 08:25:10","VVI176",750,"f","3/13/26"
"4024","hat","cdi_words","2A","produces",1,1,"165","2026-03-13 08:25:10","VVI176",750,"f","3/13/26"
"4025","necklace","cdi_words","2A","produces",NA,0,"165","2026-03-13 08:25:10","VVI176",750,"f","3/13/26"
"4026","shoe","cdi_words","2A","produces",1,1,"165","2026-03-13 08:25:10","VVI176",750,"f","3/13/26"
"4027","sock","cdi_words","2A","produces",1,1,"165","2026-03-13 08:25:10","VVI176",750,"f","3/13/26"
"4028","chin","cdi_words","2A","produces",1,1,"165","2026-03-13 08:25:10","VVI176",750,"f","3/13/26"
"4029","ear","cdi_words","2A","produces",1,1,"165","2026-03-13 08:25:10","VVI176",750,"f","3/13/26"
"4030","hand","cdi_words","2A","produces",NA,0,"165","2026-03-13 08:25:10","VVI176",750,"f","3/13/26"
"4031","leg","cdi_words","2A","produces",1,1,"165","2026-03-13 08:25:10","VVI176",750,"f","3/13/26"
"4032","broom","cdi_words","2A","produces",1,1,"165","2026-03-13 08:25:10","VVI176",750,"f","3/13/26"
"4033","comb","cdi_words","2A","produces",NA,0,"165","2026-03-13 08:25:10","VVI176",750,"f","3/13/26"
"4034","mop","cdi_words","2A","produces",1,1,"165","2026-03-13 08:25:10","VVI176",750,"f","3/13/26"
"4035","plate","cdi_words","2A","produces",1,1,"165","2026-03-13 08:25:10","VVI176",750,"f","3/13/26"
"4036","trash","cdi_words","2A","produces",1,1,"165","2026-03-13 08:25:10","VVI176",750,"f","3/13/26"
"4037","tray","cdi_words","2A","produces",NA,0,"165","2026-03-13 08:25:10","VVI176",750,"f","3/13/26"
"4038","towel","cdi_words","2A","produces",1,1,"165","2026-03-13 08:25:10","VVI176",750,"f","3/13/26"
"4039","bed","cdi_words","2A","produces",1,1,"165","2026-03-13 08:25:10","VVI176",750,"f","3/13/26"
"4040","bedroom","cdi_words","2A","produces",1,1,"165","2026-03-13 08:25:10","VVI176",750,"f","3/13/26"
"4041","bench","cdi_words","2A","produces",1,1,"165","2026-03-13 08:25:10","VVI176",750,"f","3/13/26"
"4042","oven","cdi_words","2A","produces",1,1,"165","2026-03-13 08:25:10","VVI176",750,"f","3/13/26"
"4043","stairs","cdi_words","2A","produces",1,1,"165","2026-03-13 08:25:10","VVI176",750,"f","3/13/26"
"4044","flag","cdi_words","2A","produces",NA,0,"165","2026-03-13 08:25:10","VVI176",750,"f","3/13/26"
"4045","rain","cdi_words","2A","produces",1,1,"165","2026-03-13 08:25:10","VVI176",750,"f","3/13/26"
"4046","star","cdi_words","2A","produces",1,1,"165","2026-03-13 08:25:10","VVI176",750,"f","3/13/26"
"4047","swing","cdi_words","2A","produces",1,1,"165","2026-03-13 08:25:10","VVI176",750,"f","3/13/26"
"4048","school","cdi_words","2A","produces",1,1,"165","2026-03-13 08:25:10","VVI176",750,"f","3/13/26"
"4049","sky","cdi_words","2A","produces",1,1,"165","2026-03-13 08:25:10","VVI176",750,"f","3/13/26"
"4050","party","cdi_words","2A","produces",NA,0,"165","2026-03-13 08:25:10","VVI176",750,"f","3/13/26"
"4051","friend","cdi_words","2A","produces",NA,0,"165","2026-03-13 08:25:10","VVI176",750,"f","3/13/26"
"4052","mommy","cdi_words","2A","produces",1,1,"165","2026-03-13 08:25:10","VVI176",750,"f","3/13/26"
"4053","person","cdi_words","2A","produces",NA,0,"165","2026-03-13 08:25:10","VVI176",750,"f","3/13/26"
"4054","bye","cdi_words","2A","produces",1,1,"165","2026-03-13 08:25:10","VVI176",750,"f","3/13/26"
"4055","hi","cdi_words","2A","produces",1,1,"165","2026-03-13 08:25:10","VVI176",750,"f","3/13/26"
"4056","no","cdi_words","2A","produces",1,1,"165","2026-03-13 08:25:10","VVI176",750,"f","3/13/26"
"4057","shopping","cdi_words","2A","produces",NA,0,"165","2026-03-13 08:25:10","VVI176",750,"f","3/13/26"
"4058","thank you","cdi_words","2A","produces",1,1,"165","2026-03-13 08:25:10","VVI176",750,"f","3/13/26"
"4059","carry","cdi_words","2A","produces",NA,0,"165","2026-03-13 08:25:10","VVI176",750,"f","3/13/26"
"4060","chase","cdi_words","2A","produces",NA,0,"165","2026-03-13 08:25:10","VVI176",750,"f","3/13/26"
"4061","dump","cdi_words","2A","produces",NA,0,"165","2026-03-13 08:25:10","VVI176",750,"f","3/13/26"
"4062","finish","cdi_words","2A","produces",NA,0,"165","2026-03-13 08:25:10","VVI176",750,"f","3/13/26"
"4063","fit","cdi_words","2A","produces",NA,0,"165","2026-03-13 08:25:10","VVI176",750,"f","3/13/26"
"4064","hug","cdi_words","2A","produces",1,1,"165","2026-03-13 08:25:10","VVI176",750,"f","3/13/26"
"4065","listen","cdi_words","2A","produces",NA,0,"165","2026-03-13 08:25:10","VVI176",750,"f","3/13/26"
"4066","like","cdi_words","2A","produces",NA,0,"165","2026-03-13 08:25:10","VVI176",750,"f","3/13/26"
"4067","pretend","cdi_words","2A","produces",NA,0,"165","2026-03-13 08:25:10","VVI176",750,"f","3/13/26"
"4068","rip","cdi_words","2A","produces",NA,0,"165","2026-03-13 08:25:10","VVI176",750,"f","3/13/26"
"4069","shake","cdi_words","2A","produces",NA,0,"165","2026-03-13 08:25:10","VVI176",750,"f","3/13/26"
"4070","taste","cdi_words","2A","produces",NA,0,"165","2026-03-13 08:25:10","VVI176",750,"f","3/13/26"
"4071","gentle","cdi_words","2A","produces",NA,0,"165","2026-03-13 08:25:10","VVI176",750,"f","3/13/26"
"4072","think","cdi_words","2A","produces",NA,0,"165","2026-03-13 08:25:10","VVI176",750,"f","3/13/26"
"4073","wish","cdi_words","2A","produces",NA,0,"165","2026-03-13 08:25:10","VVI176",750,"f","3/13/26"
"4074","all gone","cdi_words","2A","produces",1,1,"165","2026-03-13 08:25:10","VVI176",750,"f","3/13/26"
"4075","cold","cdi_words","2A","produces",NA,0,"165","2026-03-13 08:25:10","VVI176",750,"f","3/13/26"
"4076","fast","cdi_words","2A","produces",NA,0,"165","2026-03-13 08:25:10","VVI176",750,"f","3/13/26"
"4077","happy","cdi_words","2A","produces",1,1,"165","2026-03-13 08:25:10","VVI176",750,"f","3/13/26"
"4078","hot","cdi_words","2A","produces",NA,0,"165","2026-03-13 08:25:10","VVI176",750,"f","3/13/26"
"4079","last","cdi_words","2A","produces",NA,0,"165","2026-03-13 08:25:10","VVI176",750,"f","3/13/26"
"4080","tiny","cdi_words","2A","produces",NA,0,"165","2026-03-13 08:25:10","VVI176",750,"f","3/13/26"
"4081","wet","cdi_words","2A","produces",1,1,"165","2026-03-13 08:25:10","VVI176",750,"f","3/13/26"
"4082","after","cdi_words","2A","produces",NA,0,"165","2026-03-13 08:25:10","VVI176",750,"f","3/13/26"
"4083","day","cdi_words","2A","produces",NA,0,"165","2026-03-13 08:25:10","VVI176",750,"f","3/13/26"
"4084","tonight","cdi_words","2A","produces",NA,0,"165","2026-03-13 08:25:10","VVI176",750,"f","3/13/26"
"4085","our","cdi_words","2A","produces",NA,0,"165","2026-03-13 08:25:10","VVI176",750,"f","3/13/26"
"4086","them","cdi_words","2A","produces",NA,0,"165","2026-03-13 08:25:10","VVI176",750,"f","3/13/26"
"4087","this","cdi_words","2A","produces",1,1,"165","2026-03-13 08:25:10","VVI176",750,"f","3/13/26"
"4088","us","cdi_words","2A","produces",NA,0,"165","2026-03-13 08:25:10","VVI176",750,"f","3/13/26"
"4089","where","cdi_words","2A","produces",NA,0,"165","2026-03-13 08:25:10","VVI176",750,"f","3/13/26"
"4090","beside","cdi_words","2A","produces",NA,0,"165","2026-03-13 08:25:10","VVI176",750,"f","3/13/26"
"4091","down","cdi_words","2A","produces",NA,0,"165","2026-03-13 08:25:10","VVI176",750,"f","3/13/26"
"4092","under","cdi_words","2A","produces",1,1,"165","2026-03-13 08:25:10","VVI176",750,"f","3/13/26"
"4093","all","cdi_words","2A","produces",NA,0,"165","2026-03-13 08:25:10","VVI176",750,"f","3/13/26"
"4094","much","cdi_words","2A","produces",NA,0,"165","2026-03-13 08:25:10","VVI176",750,"f","3/13/26"
"4095","could","cdi_words","2A","produces",NA,0,"165","2026-03-13 08:25:10","VVI176",750,"f","3/13/26"
"4096","need","cdi_words","2A","produces",NA,0,"165","2026-03-13 08:25:10","VVI176",750,"f","3/13/26"
"4097","would","cdi_words","2A","produces",NA,0,"165","2026-03-13 08:25:10","VVI176",750,"f","3/13/26"
"4098","if","cdi_words","2A","produces",NA,0,"165","2026-03-13 08:25:10","VVI176",750,"f","3/13/26"
"4099","sock","extra_words","2A","produces",NA,0,"98","2026-03-08 17:02:49","VVI153",600,"f","2/19/26"
"4100","bathtub","extra_words","2A","produces",1,1,"98","2026-03-08 17:02:49","VVI153",600,"f","2/19/26"
"4101","shower","extra_words","2A","produces",NA,0,"98","2026-03-08 17:02:49","VVI153",600,"f","2/19/26"
"4102","balloon","extra_words","2A","produces",1,1,"98","2026-03-08 17:02:49","VVI153",600,"f","2/19/26"
"4103","dresser","extra_words","2A","produces",NA,0,"98","2026-03-08 17:02:49","VVI153",600,"f","2/19/26"
"4104","kite","extra_words","2A","produces",NA,0,"98","2026-03-08 17:02:49","VVI153",600,"f","2/19/26"
"4105","camel","extra_words","2A","produces",NA,0,"98","2026-03-08 17:02:49","VVI153",600,"f","2/19/26"
"4106","elephant","extra_words","2A","produces",NA,0,"98","2026-03-08 17:02:49","VVI153",600,"f","2/19/26"
"4107","ladybug","extra_words","2A","produces",NA,0,"98","2026-03-08 17:02:49","VVI153",600,"f","2/19/26"
"4108","cloud","extra_words","2A","produces",NA,0,"98","2026-03-08 17:02:49","VVI153",600,"f","2/19/26"
"4109","tree","extra_words","2A","produces",NA,0,"98","2026-03-08 17:02:49","VVI153",600,"f","2/19/26"
"4110","zipper","extra_words","2A","produces",NA,0,"98","2026-03-08 17:02:49","VVI153",600,"f","2/19/26"
"4111","crow","extra_words","2A","produces",NA,0,"98","2026-03-08 17:02:49","VVI153",600,"f","2/19/26"
"4112","penguin","extra_words","2A","produces",NA,0,"98","2026-03-08 17:02:49","VVI153",600,"f","2/19/26"
"4113","seahorse","extra_words","2A","produces",NA,0,"98","2026-03-08 17:02:49","VVI153",600,"f","2/19/26"
"4114","duck","extra_words","2A","produces",NA,0,"98","2026-03-08 17:02:49","VVI153",600,"f","2/19/26"
"4115","chicken","extra_words","2A","produces",NA,0,"98","2026-03-08 17:02:49","VVI153",600,"f","2/19/26"
"4116","butterfly","extra_words","2A","produces",NA,0,"98","2026-03-08 17:02:49","VVI153",600,"f","2/19/26"
"4117","lizard","extra_words","2A","produces",NA,0,"98","2026-03-08 17:02:49","VVI153",600,"f","2/19/26"
"4118","walrus","extra_words","2A","produces",NA,0,"98","2026-03-08 17:02:49","VVI153",600,"f","2/19/26"
"4119","snake","extra_words","2A","produces",1,1,"98","2026-03-08 17:02:49","VVI153",600,"f","2/19/26"
"4120","truck","extra_words","2A","produces",1,1,"98","2026-03-08 17:02:49","VVI153",600,"f","2/19/26"
"4121","car","extra_words","2A","produces",1,1,"98","2026-03-08 17:02:49","VVI153",600,"f","2/19/26"
"4122","airplane","extra_words","2A","produces",NA,0,"98","2026-03-08 17:02:49","VVI153",600,"f","2/19/26"
"4123","baa baa","cdi_words","2A","produces",1,1,"98","2026-03-08 17:02:49","VVI153",600,"f","2/19/26"
"4124","meow","cdi_words","2A","produces",1,1,"98","2026-03-08 17:02:49","VVI153",600,"f","2/19/26"
"4125","ouch","cdi_words","2A","produces",1,1,"98","2026-03-08 17:02:49","VVI153",600,"f","2/19/26"
"4126","uh oh","cdi_words","2A","produces",1,1,"98","2026-03-08 17:02:49","VVI153",600,"f","2/19/26"
"4127","woof woof","cdi_words","2A","produces",1,1,"98","2026-03-08 17:02:49","VVI153",600,"f","2/19/26"
"4128","bear","cdi_words","2A","produces",NA,0,"98","2026-03-08 17:02:49","VVI153",600,"f","2/19/26"
"4129","bird","cdi_words","2A","produces",NA,0,"98","2026-03-08 17:02:49","VVI153",600,"f","2/19/26"
"4130","cat","cdi_words","2A","produces",NA,0,"98","2026-03-08 17:02:49","VVI153",600,"f","2/19/26"
"4131","dog","cdi_words","2A","produces",NA,0,"98","2026-03-08 17:02:49","VVI153",600,"f","2/19/26"
"4132","duck","cdi_words","2A","produces",1,1,"98","2026-03-08 17:02:49","VVI153",600,"f","2/19/26"
"4133","horse","cdi_words","2A","produces",NA,0,"98","2026-03-08 17:02:49","VVI153",600,"f","2/19/26"
"4134","airplane","cdi_words","2A","produces",NA,0,"98","2026-03-08 17:02:49","VVI153",600,"f","2/19/26"
"4135","boat","cdi_words","2A","produces",NA,0,"98","2026-03-08 17:02:49","VVI153",600,"f","2/19/26"
"4136","car","cdi_words","2A","produces",1,1,"98","2026-03-08 17:02:49","VVI153",600,"f","2/19/26"
"4137","ball","cdi_words","2A","produces",NA,0,"98","2026-03-08 17:02:49","VVI153",600,"f","2/19/26"
"4138","book","cdi_words","2A","produces",NA,0,"98","2026-03-08 17:02:49","VVI153",600,"f","2/19/26"
"4139","game","cdi_words","2A","produces",NA,0,"98","2026-03-08 17:02:49","VVI153",600,"f","2/19/26"
"4140","applesauce","cdi_words","2A","produces",NA,0,"98","2026-03-08 17:02:49","VVI153",600,"f","2/19/26"
"4141","candy","cdi_words","2A","produces",1,1,"98","2026-03-08 17:02:49","VVI153",600,"f","2/19/26"
"4142","coke","cdi_words","2A","produces",NA,0,"98","2026-03-08 17:02:49","VVI153",600,"f","2/19/26"
"4143","cracker","cdi_words","2A","produces",NA,0,"98","2026-03-08 17:02:49","VVI153",600,"f","2/19/26"
"4144","juice","cdi_words","2A","produces",NA,0,"98","2026-03-08 17:02:49","VVI153",600,"f","2/19/26"
"4145","meat","cdi_words","2A","produces",NA,0,"98","2026-03-08 17:02:49","VVI153",600,"f","2/19/26"
"4146","milk","cdi_words","2A","produces",1,1,"98","2026-03-08 17:02:49","VVI153",600,"f","2/19/26"
"4147","peas","cdi_words","2A","produces",NA,0,"98","2026-03-08 17:02:49","VVI153",600,"f","2/19/26"
"4148","hat","cdi_words","2A","produces",NA,0,"98","2026-03-08 17:02:49","VVI153",600,"f","2/19/26"
"4149","necklace","cdi_words","2A","produces",NA,0,"98","2026-03-08 17:02:49","VVI153",600,"f","2/19/26"
"4150","shoe","cdi_words","2A","produces",NA,0,"98","2026-03-08 17:02:49","VVI153",600,"f","2/19/26"
"4151","sock","cdi_words","2A","produces",NA,0,"98","2026-03-08 17:02:49","VVI153",600,"f","2/19/26"
"4152","chin","cdi_words","2A","produces",NA,0,"98","2026-03-08 17:02:49","VVI153",600,"f","2/19/26"
"4153","ear","cdi_words","2A","produces",NA,0,"98","2026-03-08 17:02:49","VVI153",600,"f","2/19/26"
"4154","hand","cdi_words","2A","produces",NA,0,"98","2026-03-08 17:02:49","VVI153",600,"f","2/19/26"
"4155","leg","cdi_words","2A","produces",NA,0,"98","2026-03-08 17:02:49","VVI153",600,"f","2/19/26"
"4156","broom","cdi_words","2A","produces",NA,0,"98","2026-03-08 17:02:49","VVI153",600,"f","2/19/26"
"4157","comb","cdi_words","2A","produces",NA,0,"98","2026-03-08 17:02:49","VVI153",600,"f","2/19/26"
"4158","mop","cdi_words","2A","produces",NA,0,"98","2026-03-08 17:02:49","VVI153",600,"f","2/19/26"
"4159","plate","cdi_words","2A","produces",NA,0,"98","2026-03-08 17:02:49","VVI153",600,"f","2/19/26"
"4160","trash","cdi_words","2A","produces",NA,0,"98","2026-03-08 17:02:49","VVI153",600,"f","2/19/26"
"4161","tray","cdi_words","2A","produces",NA,0,"98","2026-03-08 17:02:49","VVI153",600,"f","2/19/26"
"4162","towel","cdi_words","2A","produces",NA,0,"98","2026-03-08 17:02:49","VVI153",600,"f","2/19/26"
"4163","bed","cdi_words","2A","produces",NA,0,"98","2026-03-08 17:02:49","VVI153",600,"f","2/19/26"
"4164","bedroom","cdi_words","2A","produces",NA,0,"98","2026-03-08 17:02:49","VVI153",600,"f","2/19/26"
"4165","bench","cdi_words","2A","produces",NA,0,"98","2026-03-08 17:02:49","VVI153",600,"f","2/19/26"
"4166","oven","cdi_words","2A","produces",NA,0,"98","2026-03-08 17:02:49","VVI153",600,"f","2/19/26"
"4167","stairs","cdi_words","2A","produces",NA,0,"98","2026-03-08 17:02:49","VVI153",600,"f","2/19/26"
"4168","flag","cdi_words","2A","produces",NA,0,"98","2026-03-08 17:02:49","VVI153",600,"f","2/19/26"
"4169","rain","cdi_words","2A","produces",NA,0,"98","2026-03-08 17:02:49","VVI153",600,"f","2/19/26"
"4170","star","cdi_words","2A","produces",NA,0,"98","2026-03-08 17:02:49","VVI153",600,"f","2/19/26"
"4171","swing","cdi_words","2A","produces",NA,0,"98","2026-03-08 17:02:49","VVI153",600,"f","2/19/26"
"4172","school","cdi_words","2A","produces",NA,0,"98","2026-03-08 17:02:49","VVI153",600,"f","2/19/26"
"4173","sky","cdi_words","2A","produces",NA,0,"98","2026-03-08 17:02:49","VVI153",600,"f","2/19/26"
"4174","party","cdi_words","2A","produces",NA,0,"98","2026-03-08 17:02:49","VVI153",600,"f","2/19/26"
"4175","friend","cdi_words","2A","produces",NA,0,"98","2026-03-08 17:02:49","VVI153",600,"f","2/19/26"
"4176","mommy","cdi_words","2A","produces",NA,0,"98","2026-03-08 17:02:49","VVI153",600,"f","2/19/26"
"4177","person","cdi_words","2A","produces",NA,0,"98","2026-03-08 17:02:49","VVI153",600,"f","2/19/26"
"4178","bye","cdi_words","2A","produces",1,1,"98","2026-03-08 17:02:49","VVI153",600,"f","2/19/26"
"4179","hi","cdi_words","2A","produces",1,1,"98","2026-03-08 17:02:49","VVI153",600,"f","2/19/26"
"4180","no","cdi_words","2A","produces",1,1,"98","2026-03-08 17:02:49","VVI153",600,"f","2/19/26"
"4181","shopping","cdi_words","2A","produces",NA,0,"98","2026-03-08 17:02:49","VVI153",600,"f","2/19/26"
"4182","thank you","cdi_words","2A","produces",1,1,"98","2026-03-08 17:02:49","VVI153",600,"f","2/19/26"
"4183","carry","cdi_words","2A","produces",NA,0,"98","2026-03-08 17:02:49","VVI153",600,"f","2/19/26"
"4184","chase","cdi_words","2A","produces",NA,0,"98","2026-03-08 17:02:49","VVI153",600,"f","2/19/26"
"4185","dump","cdi_words","2A","produces",NA,0,"98","2026-03-08 17:02:49","VVI153",600,"f","2/19/26"
"4186","finish","cdi_words","2A","produces",NA,0,"98","2026-03-08 17:02:49","VVI153",600,"f","2/19/26"
"4187","fit","cdi_words","2A","produces",NA,0,"98","2026-03-08 17:02:49","VVI153",600,"f","2/19/26"
"4188","hug","cdi_words","2A","produces",NA,0,"98","2026-03-08 17:02:49","VVI153",600,"f","2/19/26"
"4189","listen","cdi_words","2A","produces",NA,0,"98","2026-03-08 17:02:49","VVI153",600,"f","2/19/26"
"4190","like","cdi_words","2A","produces",NA,0,"98","2026-03-08 17:02:49","VVI153",600,"f","2/19/26"
"4191","pretend","cdi_words","2A","produces",NA,0,"98","2026-03-08 17:02:49","VVI153",600,"f","2/19/26"
"4192","rip","cdi_words","2A","produces",NA,0,"98","2026-03-08 17:02:49","VVI153",600,"f","2/19/26"
"4193","shake","cdi_words","2A","produces",NA,0,"98","2026-03-08 17:02:49","VVI153",600,"f","2/19/26"
"4194","taste","cdi_words","2A","produces",NA,0,"98","2026-03-08 17:02:49","VVI153",600,"f","2/19/26"
"4195","gentle","cdi_words","2A","produces",NA,0,"98","2026-03-08 17:02:49","VVI153",600,"f","2/19/26"
"4196","think","cdi_words","2A","produces",NA,0,"98","2026-03-08 17:02:49","VVI153",600,"f","2/19/26"
"4197","wish","cdi_words","2A","produces",NA,0,"98","2026-03-08 17:02:49","VVI153",600,"f","2/19/26"
"4198","all gone","cdi_words","2A","produces",NA,0,"98","2026-03-08 17:02:49","VVI153",600,"f","2/19/26"
"4199","cold","cdi_words","2A","produces",NA,0,"98","2026-03-08 17:02:49","VVI153",600,"f","2/19/26"
"4200","fast","cdi_words","2A","produces",NA,0,"98","2026-03-08 17:02:49","VVI153",600,"f","2/19/26"
"4201","happy","cdi_words","2A","produces",NA,0,"98","2026-03-08 17:02:49","VVI153",600,"f","2/19/26"
"4202","hot","cdi_words","2A","produces",1,1,"98","2026-03-08 17:02:49","VVI153",600,"f","2/19/26"
"4203","last","cdi_words","2A","produces",NA,0,"98","2026-03-08 17:02:49","VVI153",600,"f","2/19/26"
"4204","tiny","cdi_words","2A","produces",NA,0,"98","2026-03-08 17:02:49","VVI153",600,"f","2/19/26"
"4205","wet","cdi_words","2A","produces",NA,0,"98","2026-03-08 17:02:49","VVI153",600,"f","2/19/26"
"4206","after","cdi_words","2A","produces",NA,0,"98","2026-03-08 17:02:49","VVI153",600,"f","2/19/26"
"4207","day","cdi_words","2A","produces",1,1,"98","2026-03-08 17:02:49","VVI153",600,"f","2/19/26"
"4208","tonight","cdi_words","2A","produces",NA,0,"98","2026-03-08 17:02:49","VVI153",600,"f","2/19/26"
"4209","our","cdi_words","2A","produces",NA,0,"98","2026-03-08 17:02:49","VVI153",600,"f","2/19/26"
"4210","them","cdi_words","2A","produces",NA,0,"98","2026-03-08 17:02:49","VVI153",600,"f","2/19/26"
"4211","this","cdi_words","2A","produces",NA,0,"98","2026-03-08 17:02:49","VVI153",600,"f","2/19/26"
"4212","us","cdi_words","2A","produces",NA,0,"98","2026-03-08 17:02:49","VVI153",600,"f","2/19/26"
"4213","where","cdi_words","2A","produces",NA,0,"98","2026-03-08 17:02:49","VVI153",600,"f","2/19/26"
"4214","beside","cdi_words","2A","produces",NA,0,"98","2026-03-08 17:02:49","VVI153",600,"f","2/19/26"
"4215","down","cdi_words","2A","produces",NA,0,"98","2026-03-08 17:02:49","VVI153",600,"f","2/19/26"
"4216","under","cdi_words","2A","produces",NA,0,"98","2026-03-08 17:02:49","VVI153",600,"f","2/19/26"
"4217","all","cdi_words","2A","produces",NA,0,"98","2026-03-08 17:02:49","VVI153",600,"f","2/19/26"
"4218","much","cdi_words","2A","produces",NA,0,"98","2026-03-08 17:02:49","VVI153",600,"f","2/19/26"
"4219","could","cdi_words","2A","produces",NA,0,"98","2026-03-08 17:02:49","VVI153",600,"f","2/19/26"
"4220","need","cdi_words","2A","produces",NA,0,"98","2026-03-08 17:02:49","VVI153",600,"f","2/19/26"
"4221","would","cdi_words","2A","produces",NA,0,"98","2026-03-08 17:02:49","VVI153",600,"f","2/19/26"
"4222","if","cdi_words","2A","produces",NA,0,"98","2026-03-08 17:02:49","VVI153",600,"f","2/19/26"
"4223","sock","extra_words","2A","produces",1,1,"209","2026-04-17 16:06:34","VVI180",720,"m","3/25/26"
"4224","bathtub","extra_words","2A","produces",1,1,"209","2026-04-17 16:06:34","VVI180",720,"m","3/25/26"
"4225","shower","extra_words","2A","produces",1,1,"209","2026-04-17 16:06:34","VVI180",720,"m","3/25/26"
"4226","balloon","extra_words","2A","produces",1,1,"209","2026-04-17 16:06:34","VVI180",720,"m","3/25/26"
"4227","dresser","extra_words","2A","produces",NA,0,"209","2026-04-17 16:06:34","VVI180",720,"m","3/25/26"
"4228","kite","extra_words","2A","produces",1,1,"209","2026-04-17 16:06:34","VVI180",720,"m","3/25/26"
"4229","camel","extra_words","2A","produces",NA,0,"209","2026-04-17 16:06:34","VVI180",720,"m","3/25/26"
"4230","elephant","extra_words","2A","produces",1,1,"209","2026-04-17 16:06:34","VVI180",720,"m","3/25/26"
"4231","ladybug","extra_words","2A","produces",1,1,"209","2026-04-17 16:06:34","VVI180",720,"m","3/25/26"
"4232","cloud","extra_words","2A","produces",1,1,"209","2026-04-17 16:06:34","VVI180",720,"m","3/25/26"
"4233","tree","extra_words","2A","produces",1,1,"209","2026-04-17 16:06:34","VVI180",720,"m","3/25/26"
"4234","zipper","extra_words","2A","produces",1,1,"209","2026-04-17 16:06:34","VVI180",720,"m","3/25/26"
"4235","crow","extra_words","2A","produces",1,1,"209","2026-04-17 16:06:34","VVI180",720,"m","3/25/26"
"4236","penguin","extra_words","2A","produces",1,1,"209","2026-04-17 16:06:34","VVI180",720,"m","3/25/26"
"4237","seahorse","extra_words","2A","produces",1,1,"209","2026-04-17 16:06:34","VVI180",720,"m","3/25/26"
"4238","duck","extra_words","2A","produces",1,1,"209","2026-04-17 16:06:34","VVI180",720,"m","3/25/26"
"4239","chicken","extra_words","2A","produces",1,1,"209","2026-04-17 16:06:34","VVI180",720,"m","3/25/26"
"4240","butterfly","extra_words","2A","produces",1,1,"209","2026-04-17 16:06:34","VVI180",720,"m","3/25/26"
"4241","lizard","extra_words","2A","produces",NA,0,"209","2026-04-17 16:06:34","VVI180",720,"m","3/25/26"
"4242","walrus","extra_words","2A","produces",NA,0,"209","2026-04-17 16:06:34","VVI180",720,"m","3/25/26"
"4243","snake","extra_words","2A","produces",1,1,"209","2026-04-17 16:06:34","VVI180",720,"m","3/25/26"
"4244","truck","extra_words","2A","produces",1,1,"209","2026-04-17 16:06:34","VVI180",720,"m","3/25/26"
"4245","car","extra_words","2A","produces",1,1,"209","2026-04-17 16:06:34","VVI180",720,"m","3/25/26"
"4246","airplane","extra_words","2A","produces",1,1,"209","2026-04-17 16:06:34","VVI180",720,"m","3/25/26"
"4247","baa baa","cdi_words","2A","produces",1,1,"209","2026-04-17 16:06:34","VVI180",720,"m","3/25/26"
"4248","meow","cdi_words","2A","produces",1,1,"209","2026-04-17 16:06:34","VVI180",720,"m","3/25/26"
"4249","ouch","cdi_words","2A","produces",1,1,"209","2026-04-17 16:06:34","VVI180",720,"m","3/25/26"
"4250","uh oh","cdi_words","2A","produces",1,1,"209","2026-04-17 16:06:34","VVI180",720,"m","3/25/26"
"4251","woof woof","cdi_words","2A","produces",1,1,"209","2026-04-17 16:06:34","VVI180",720,"m","3/25/26"
"4252","bear","cdi_words","2A","produces",1,1,"209","2026-04-17 16:06:34","VVI180",720,"m","3/25/26"
"4253","bird","cdi_words","2A","produces",1,1,"209","2026-04-17 16:06:34","VVI180",720,"m","3/25/26"
"4254","cat","cdi_words","2A","produces",1,1,"209","2026-04-17 16:06:34","VVI180",720,"m","3/25/26"
"4255","dog","cdi_words","2A","produces",1,1,"209","2026-04-17 16:06:34","VVI180",720,"m","3/25/26"
"4256","duck","cdi_words","2A","produces",1,1,"209","2026-04-17 16:06:34","VVI180",720,"m","3/25/26"
"4257","horse","cdi_words","2A","produces",1,1,"209","2026-04-17 16:06:34","VVI180",720,"m","3/25/26"
"4258","airplane","cdi_words","2A","produces",1,1,"209","2026-04-17 16:06:34","VVI180",720,"m","3/25/26"
"4259","boat","cdi_words","2A","produces",1,1,"209","2026-04-17 16:06:34","VVI180",720,"m","3/25/26"
"4260","car","cdi_words","2A","produces",1,1,"209","2026-04-17 16:06:34","VVI180",720,"m","3/25/26"
"4261","ball","cdi_words","2A","produces",1,1,"209","2026-04-17 16:06:34","VVI180",720,"m","3/25/26"
"4262","book","cdi_words","2A","produces",1,1,"209","2026-04-17 16:06:34","VVI180",720,"m","3/25/26"
"4263","game","cdi_words","2A","produces",1,1,"209","2026-04-17 16:06:34","VVI180",720,"m","3/25/26"
"4264","applesauce","cdi_words","2A","produces",1,1,"209","2026-04-17 16:06:34","VVI180",720,"m","3/25/26"
"4265","candy","cdi_words","2A","produces",1,1,"209","2026-04-17 16:06:34","VVI180",720,"m","3/25/26"
"4266","coke","cdi_words","2A","produces",NA,0,"209","2026-04-17 16:06:34","VVI180",720,"m","3/25/26"
"4267","cracker","cdi_words","2A","produces",1,1,"209","2026-04-17 16:06:34","VVI180",720,"m","3/25/26"
"4268","juice","cdi_words","2A","produces",1,1,"209","2026-04-17 16:06:34","VVI180",720,"m","3/25/26"
"4269","meat","cdi_words","2A","produces",1,1,"209","2026-04-17 16:06:34","VVI180",720,"m","3/25/26"
"4270","milk","cdi_words","2A","produces",1,1,"209","2026-04-17 16:06:34","VVI180",720,"m","3/25/26"
"4271","peas","cdi_words","2A","produces",1,1,"209","2026-04-17 16:06:34","VVI180",720,"m","3/25/26"
"4272","hat","cdi_words","2A","produces",1,1,"209","2026-04-17 16:06:34","VVI180",720,"m","3/25/26"
"4273","necklace","cdi_words","2A","produces",1,1,"209","2026-04-17 16:06:34","VVI180",720,"m","3/25/26"
"4274","shoe","cdi_words","2A","produces",1,1,"209","2026-04-17 16:06:34","VVI180",720,"m","3/25/26"
"4275","sock","cdi_words","2A","produces",1,1,"209","2026-04-17 16:06:34","VVI180",720,"m","3/25/26"
"4276","chin","cdi_words","2A","produces",1,1,"209","2026-04-17 16:06:34","VVI180",720,"m","3/25/26"
"4277","ear","cdi_words","2A","produces",1,1,"209","2026-04-17 16:06:34","VVI180",720,"m","3/25/26"
"4278","hand","cdi_words","2A","produces",1,1,"209","2026-04-17 16:06:34","VVI180",720,"m","3/25/26"
"4279","leg","cdi_words","2A","produces",1,1,"209","2026-04-17 16:06:34","VVI180",720,"m","3/25/26"
"4280","broom","cdi_words","2A","produces",1,1,"209","2026-04-17 16:06:34","VVI180",720,"m","3/25/26"
"4281","comb","cdi_words","2A","produces",1,1,"209","2026-04-17 16:06:34","VVI180",720,"m","3/25/26"
"4282","mop","cdi_words","2A","produces",NA,0,"209","2026-04-17 16:06:34","VVI180",720,"m","3/25/26"
"4283","plate","cdi_words","2A","produces",1,1,"209","2026-04-17 16:06:34","VVI180",720,"m","3/25/26"
"4284","trash","cdi_words","2A","produces",1,1,"209","2026-04-17 16:06:34","VVI180",720,"m","3/25/26"
"4285","tray","cdi_words","2A","produces",NA,0,"209","2026-04-17 16:06:34","VVI180",720,"m","3/25/26"
"4286","towel","cdi_words","2A","produces",1,1,"209","2026-04-17 16:06:34","VVI180",720,"m","3/25/26"
"4287","bed","cdi_words","2A","produces",1,1,"209","2026-04-17 16:06:34","VVI180",720,"m","3/25/26"
"4288","bedroom","cdi_words","2A","produces",1,1,"209","2026-04-17 16:06:34","VVI180",720,"m","3/25/26"
"4289","bench","cdi_words","2A","produces",1,1,"209","2026-04-17 16:06:34","VVI180",720,"m","3/25/26"
"4290","oven","cdi_words","2A","produces",1,1,"209","2026-04-17 16:06:34","VVI180",720,"m","3/25/26"
"4291","stairs","cdi_words","2A","produces",1,1,"209","2026-04-17 16:06:34","VVI180",720,"m","3/25/26"
"4292","flag","cdi_words","2A","produces",1,1,"209","2026-04-17 16:06:34","VVI180",720,"m","3/25/26"
"4293","rain","cdi_words","2A","produces",1,1,"209","2026-04-17 16:06:34","VVI180",720,"m","3/25/26"
"4294","star","cdi_words","2A","produces",1,1,"209","2026-04-17 16:06:34","VVI180",720,"m","3/25/26"
"4295","swing","cdi_words","2A","produces",1,1,"209","2026-04-17 16:06:34","VVI180",720,"m","3/25/26"
"4296","school","cdi_words","2A","produces",1,1,"209","2026-04-17 16:06:34","VVI180",720,"m","3/25/26"
"4297","sky","cdi_words","2A","produces",1,1,"209","2026-04-17 16:06:34","VVI180",720,"m","3/25/26"
"4298","party","cdi_words","2A","produces",1,1,"209","2026-04-17 16:06:34","VVI180",720,"m","3/25/26"
"4299","friend","cdi_words","2A","produces",1,1,"209","2026-04-17 16:06:34","VVI180",720,"m","3/25/26"
"4300","mommy","cdi_words","2A","produces",1,1,"209","2026-04-17 16:06:34","VVI180",720,"m","3/25/26"
"4301","person","cdi_words","2A","produces",1,1,"209","2026-04-17 16:06:34","VVI180",720,"m","3/25/26"
"4302","bye","cdi_words","2A","produces",1,1,"209","2026-04-17 16:06:34","VVI180",720,"m","3/25/26"
"4303","hi","cdi_words","2A","produces",1,1,"209","2026-04-17 16:06:34","VVI180",720,"m","3/25/26"
"4304","no","cdi_words","2A","produces",1,1,"209","2026-04-17 16:06:34","VVI180",720,"m","3/25/26"
"4305","shopping","cdi_words","2A","produces",1,1,"209","2026-04-17 16:06:34","VVI180",720,"m","3/25/26"
"4306","thank you","cdi_words","2A","produces",1,1,"209","2026-04-17 16:06:34","VVI180",720,"m","3/25/26"
"4307","carry","cdi_words","2A","produces",1,1,"209","2026-04-17 16:06:34","VVI180",720,"m","3/25/26"
"4308","chase","cdi_words","2A","produces",1,1,"209","2026-04-17 16:06:34","VVI180",720,"m","3/25/26"
"4309","dump","cdi_words","2A","produces",NA,0,"209","2026-04-17 16:06:34","VVI180",720,"m","3/25/26"
"4310","finish","cdi_words","2A","produces",1,1,"209","2026-04-17 16:06:34","VVI180",720,"m","3/25/26"
"4311","fit","cdi_words","2A","produces",1,1,"209","2026-04-17 16:06:34","VVI180",720,"m","3/25/26"
"4312","hug","cdi_words","2A","produces",1,1,"209","2026-04-17 16:06:34","VVI180",720,"m","3/25/26"
"4313","listen","cdi_words","2A","produces",1,1,"209","2026-04-17 16:06:34","VVI180",720,"m","3/25/26"
"4314","like","cdi_words","2A","produces",1,1,"209","2026-04-17 16:06:34","VVI180",720,"m","3/25/26"
"4315","pretend","cdi_words","2A","produces",NA,0,"209","2026-04-17 16:06:34","VVI180",720,"m","3/25/26"
"4316","rip","cdi_words","2A","produces",1,1,"209","2026-04-17 16:06:34","VVI180",720,"m","3/25/26"
"4317","shake","cdi_words","2A","produces",1,1,"209","2026-04-17 16:06:34","VVI180",720,"m","3/25/26"
"4318","taste","cdi_words","2A","produces",1,1,"209","2026-04-17 16:06:34","VVI180",720,"m","3/25/26"
"4319","gentle","cdi_words","2A","produces",1,1,"209","2026-04-17 16:06:34","VVI180",720,"m","3/25/26"
"4320","think","cdi_words","2A","produces",1,1,"209","2026-04-17 16:06:34","VVI180",720,"m","3/25/26"
"4321","wish","cdi_words","2A","produces",NA,0,"209","2026-04-17 16:06:34","VVI180",720,"m","3/25/26"
"4322","all gone","cdi_words","2A","produces",1,1,"209","2026-04-17 16:06:34","VVI180",720,"m","3/25/26"
"4323","cold","cdi_words","2A","produces",1,1,"209","2026-04-17 16:06:34","VVI180",720,"m","3/25/26"
"4324","fast","cdi_words","2A","produces",1,1,"209","2026-04-17 16:06:34","VVI180",720,"m","3/25/26"
"4325","happy","cdi_words","2A","produces",1,1,"209","2026-04-17 16:06:34","VVI180",720,"m","3/25/26"
"4326","hot","cdi_words","2A","produces",1,1,"209","2026-04-17 16:06:34","VVI180",720,"m","3/25/26"
"4327","last","cdi_words","2A","produces",NA,0,"209","2026-04-17 16:06:34","VVI180",720,"m","3/25/26"
"4328","tiny","cdi_words","2A","produces",NA,0,"209","2026-04-17 16:06:34","VVI180",720,"m","3/25/26"
"4329","wet","cdi_words","2A","produces",1,1,"209","2026-04-17 16:06:34","VVI180",720,"m","3/25/26"
"4330","after","cdi_words","2A","produces",1,1,"209","2026-04-17 16:06:34","VVI180",720,"m","3/25/26"
"4331","day","cdi_words","2A","produces",1,1,"209","2026-04-17 16:06:34","VVI180",720,"m","3/25/26"
"4332","tonight","cdi_words","2A","produces",1,1,"209","2026-04-17 16:06:34","VVI180",720,"m","3/25/26"
"4333","our","cdi_words","2A","produces",1,1,"209","2026-04-17 16:06:34","VVI180",720,"m","3/25/26"
"4334","them","cdi_words","2A","produces",1,1,"209","2026-04-17 16:06:34","VVI180",720,"m","3/25/26"
"4335","this","cdi_words","2A","produces",1,1,"209","2026-04-17 16:06:34","VVI180",720,"m","3/25/26"
"4336","us","cdi_words","2A","produces",NA,0,"209","2026-04-17 16:06:34","VVI180",720,"m","3/25/26"
"4337","where","cdi_words","2A","produces",1,1,"209","2026-04-17 16:06:34","VVI180",720,"m","3/25/26"
"4338","beside","cdi_words","2A","produces",NA,0,"209","2026-04-17 16:06:34","VVI180",720,"m","3/25/26"
"4339","down","cdi_words","2A","produces",1,1,"209","2026-04-17 16:06:34","VVI180",720,"m","3/25/26"
"4340","under","cdi_words","2A","produces",1,1,"209","2026-04-17 16:06:34","VVI180",720,"m","3/25/26"
"4341","all","cdi_words","2A","produces",1,1,"209","2026-04-17 16:06:34","VVI180",720,"m","3/25/26"
"4342","much","cdi_words","2A","produces",1,1,"209","2026-04-17 16:06:34","VVI180",720,"m","3/25/26"
"4343","could","cdi_words","2A","produces",NA,0,"209","2026-04-17 16:06:34","VVI180",720,"m","3/25/26"
"4344","need","cdi_words","2A","produces",1,1,"209","2026-04-17 16:06:34","VVI180",720,"m","3/25/26"
"4345","would","cdi_words","2A","produces",1,1,"209","2026-04-17 16:06:34","VVI180",720,"m","3/25/26"
"4346","if","cdi_words","2A","produces",NA,0,"209","2026-04-17 16:06:34","VVI180",720,"m","3/25/26"
"4347","sock","extra_words","2A","produces",NA,0,"129","2026-03-08 21:48:11","VVI159",630,"m","2/22/26"
"4348","bathtub","extra_words","2A","produces",1,1,"129","2026-03-08 21:48:11","VVI159",630,"m","2/22/26"
"4349","shower","extra_words","2A","produces",NA,0,"129","2026-03-08 21:48:11","VVI159",630,"m","2/22/26"
"4350","balloon","extra_words","2A","produces",1,1,"129","2026-03-08 21:48:11","VVI159",630,"m","2/22/26"
"4351","dresser","extra_words","2A","produces",NA,0,"129","2026-03-08 21:48:11","VVI159",630,"m","2/22/26"
"4352","kite","extra_words","2A","produces",NA,0,"129","2026-03-08 21:48:11","VVI159",630,"m","2/22/26"
"4353","camel","extra_words","2A","produces",NA,0,"129","2026-03-08 21:48:11","VVI159",630,"m","2/22/26"
"4354","elephant","extra_words","2A","produces",NA,0,"129","2026-03-08 21:48:11","VVI159",630,"m","2/22/26"
"4355","ladybug","extra_words","2A","produces",NA,0,"129","2026-03-08 21:48:11","VVI159",630,"m","2/22/26"
"4356","cloud","extra_words","2A","produces",NA,0,"129","2026-03-08 21:48:11","VVI159",630,"m","2/22/26"
"4357","tree","extra_words","2A","produces",1,1,"129","2026-03-08 21:48:11","VVI159",630,"m","2/22/26"
"4358","zipper","extra_words","2A","produces",NA,0,"129","2026-03-08 21:48:11","VVI159",630,"m","2/22/26"
"4359","crow","extra_words","2A","produces",NA,0,"129","2026-03-08 21:48:11","VVI159",630,"m","2/22/26"
"4360","penguin","extra_words","2A","produces",NA,0,"129","2026-03-08 21:48:11","VVI159",630,"m","2/22/26"
"4361","seahorse","extra_words","2A","produces",NA,0,"129","2026-03-08 21:48:11","VVI159",630,"m","2/22/26"
"4362","duck","extra_words","2A","produces",1,1,"129","2026-03-08 21:48:11","VVI159",630,"m","2/22/26"
"4363","chicken","extra_words","2A","produces",NA,0,"129","2026-03-08 21:48:11","VVI159",630,"m","2/22/26"
"4364","butterfly","extra_words","2A","produces",1,1,"129","2026-03-08 21:48:11","VVI159",630,"m","2/22/26"
"4365","lizard","extra_words","2A","produces",NA,0,"129","2026-03-08 21:48:11","VVI159",630,"m","2/22/26"
"4366","walrus","extra_words","2A","produces",NA,0,"129","2026-03-08 21:48:11","VVI159",630,"m","2/22/26"
"4367","snake","extra_words","2A","produces",NA,0,"129","2026-03-08 21:48:11","VVI159",630,"m","2/22/26"
"4368","truck","extra_words","2A","produces",1,1,"129","2026-03-08 21:48:11","VVI159",630,"m","2/22/26"
"4369","car","extra_words","2A","produces",1,1,"129","2026-03-08 21:48:11","VVI159",630,"m","2/22/26"
"4370","airplane","extra_words","2A","produces",1,1,"129","2026-03-08 21:48:11","VVI159",630,"m","2/22/26"
"4371","baa baa","cdi_words","2A","produces",1,1,"129","2026-03-08 21:48:11","VVI159",630,"m","2/22/26"
"4372","meow","cdi_words","2A","produces",1,1,"129","2026-03-08 21:48:11","VVI159",630,"m","2/22/26"
"4373","ouch","cdi_words","2A","produces",NA,0,"129","2026-03-08 21:48:11","VVI159",630,"m","2/22/26"
"4374","uh oh","cdi_words","2A","produces",1,1,"129","2026-03-08 21:48:11","VVI159",630,"m","2/22/26"
"4375","woof woof","cdi_words","2A","produces",1,1,"129","2026-03-08 21:48:11","VVI159",630,"m","2/22/26"
"4376","bear","cdi_words","2A","produces",1,1,"129","2026-03-08 21:48:11","VVI159",630,"m","2/22/26"
"4377","bird","cdi_words","2A","produces",1,1,"129","2026-03-08 21:48:11","VVI159",630,"m","2/22/26"
"4378","cat","cdi_words","2A","produces",1,1,"129","2026-03-08 21:48:11","VVI159",630,"m","2/22/26"
"4379","dog","cdi_words","2A","produces",1,1,"129","2026-03-08 21:48:11","VVI159",630,"m","2/22/26"
"4380","duck","cdi_words","2A","produces",1,1,"129","2026-03-08 21:48:11","VVI159",630,"m","2/22/26"
"4381","horse","cdi_words","2A","produces",NA,0,"129","2026-03-08 21:48:11","VVI159",630,"m","2/22/26"
"4382","airplane","cdi_words","2A","produces",1,1,"129","2026-03-08 21:48:11","VVI159",630,"m","2/22/26"
"4383","boat","cdi_words","2A","produces",NA,0,"129","2026-03-08 21:48:11","VVI159",630,"m","2/22/26"
"4384","car","cdi_words","2A","produces",1,1,"129","2026-03-08 21:48:11","VVI159",630,"m","2/22/26"
"4385","ball","cdi_words","2A","produces",1,1,"129","2026-03-08 21:48:11","VVI159",630,"m","2/22/26"
"4386","book","cdi_words","2A","produces",1,1,"129","2026-03-08 21:48:11","VVI159",630,"m","2/22/26"
"4387","game","cdi_words","2A","produces",NA,0,"129","2026-03-08 21:48:11","VVI159",630,"m","2/22/26"
"4388","applesauce","cdi_words","2A","produces",NA,0,"129","2026-03-08 21:48:11","VVI159",630,"m","2/22/26"
"4389","candy","cdi_words","2A","produces",NA,0,"129","2026-03-08 21:48:11","VVI159",630,"m","2/22/26"
"4390","coke","cdi_words","2A","produces",NA,0,"129","2026-03-08 21:48:11","VVI159",630,"m","2/22/26"
"4391","cracker","cdi_words","2A","produces",NA,0,"129","2026-03-08 21:48:11","VVI159",630,"m","2/22/26"
"4392","juice","cdi_words","2A","produces",NA,0,"129","2026-03-08 21:48:11","VVI159",630,"m","2/22/26"
"4393","meat","cdi_words","2A","produces",NA,0,"129","2026-03-08 21:48:11","VVI159",630,"m","2/22/26"
"4394","milk","cdi_words","2A","produces",1,1,"129","2026-03-08 21:48:11","VVI159",630,"m","2/22/26"
"4395","peas","cdi_words","2A","produces",NA,0,"129","2026-03-08 21:48:11","VVI159",630,"m","2/22/26"
"4396","hat","cdi_words","2A","produces",NA,0,"129","2026-03-08 21:48:11","VVI159",630,"m","2/22/26"
"4397","necklace","cdi_words","2A","produces",NA,0,"129","2026-03-08 21:48:11","VVI159",630,"m","2/22/26"
"4398","shoe","cdi_words","2A","produces",1,1,"129","2026-03-08 21:48:11","VVI159",630,"m","2/22/26"
"4399","sock","cdi_words","2A","produces",1,1,"129","2026-03-08 21:48:11","VVI159",630,"m","2/22/26"
"4400","chin","cdi_words","2A","produces",NA,0,"129","2026-03-08 21:48:11","VVI159",630,"m","2/22/26"
"4401","ear","cdi_words","2A","produces",1,1,"129","2026-03-08 21:48:11","VVI159",630,"m","2/22/26"
"4402","hand","cdi_words","2A","produces",NA,0,"129","2026-03-08 21:48:11","VVI159",630,"m","2/22/26"
"4403","leg","cdi_words","2A","produces",NA,0,"129","2026-03-08 21:48:11","VVI159",630,"m","2/22/26"
"4404","broom","cdi_words","2A","produces",NA,0,"129","2026-03-08 21:48:11","VVI159",630,"m","2/22/26"
"4405","comb","cdi_words","2A","produces",NA,0,"129","2026-03-08 21:48:11","VVI159",630,"m","2/22/26"
"4406","mop","cdi_words","2A","produces",NA,0,"129","2026-03-08 21:48:11","VVI159",630,"m","2/22/26"
"4407","plate","cdi_words","2A","produces",NA,0,"129","2026-03-08 21:48:11","VVI159",630,"m","2/22/26"
"4408","trash","cdi_words","2A","produces",1,1,"129","2026-03-08 21:48:11","VVI159",630,"m","2/22/26"
"4409","tray","cdi_words","2A","produces",NA,0,"129","2026-03-08 21:48:11","VVI159",630,"m","2/22/26"
"4410","towel","cdi_words","2A","produces",NA,0,"129","2026-03-08 21:48:11","VVI159",630,"m","2/22/26"
"4411","bed","cdi_words","2A","produces",NA,0,"129","2026-03-08 21:48:11","VVI159",630,"m","2/22/26"
"4412","bedroom","cdi_words","2A","produces",NA,0,"129","2026-03-08 21:48:11","VVI159",630,"m","2/22/26"
"4413","bench","cdi_words","2A","produces",NA,0,"129","2026-03-08 21:48:11","VVI159",630,"m","2/22/26"
"4414","oven","cdi_words","2A","produces",NA,0,"129","2026-03-08 21:48:11","VVI159",630,"m","2/22/26"
"4415","stairs","cdi_words","2A","produces",NA,0,"129","2026-03-08 21:48:11","VVI159",630,"m","2/22/26"
"4416","flag","cdi_words","2A","produces",NA,0,"129","2026-03-08 21:48:11","VVI159",630,"m","2/22/26"
"4417","rain","cdi_words","2A","produces",NA,0,"129","2026-03-08 21:48:11","VVI159",630,"m","2/22/26"
"4418","star","cdi_words","2A","produces",1,1,"129","2026-03-08 21:48:11","VVI159",630,"m","2/22/26"
"4419","swing","cdi_words","2A","produces",1,1,"129","2026-03-08 21:48:11","VVI159",630,"m","2/22/26"
"4420","school","cdi_words","2A","produces",NA,0,"129","2026-03-08 21:48:11","VVI159",630,"m","2/22/26"
"4421","sky","cdi_words","2A","produces",NA,0,"129","2026-03-08 21:48:11","VVI159",630,"m","2/22/26"
"4422","party","cdi_words","2A","produces",NA,0,"129","2026-03-08 21:48:11","VVI159",630,"m","2/22/26"
"4423","friend","cdi_words","2A","produces",NA,0,"129","2026-03-08 21:48:11","VVI159",630,"m","2/22/26"
"4424","mommy","cdi_words","2A","produces",1,1,"129","2026-03-08 21:48:11","VVI159",630,"m","2/22/26"
"4425","person","cdi_words","2A","produces",NA,0,"129","2026-03-08 21:48:11","VVI159",630,"m","2/22/26"
"4426","bye","cdi_words","2A","produces",1,1,"129","2026-03-08 21:48:11","VVI159",630,"m","2/22/26"
"4427","hi","cdi_words","2A","produces",1,1,"129","2026-03-08 21:48:11","VVI159",630,"m","2/22/26"
"4428","no","cdi_words","2A","produces",1,1,"129","2026-03-08 21:48:11","VVI159",630,"m","2/22/26"
"4429","shopping","cdi_words","2A","produces",NA,0,"129","2026-03-08 21:48:11","VVI159",630,"m","2/22/26"
"4430","thank you","cdi_words","2A","produces",1,1,"129","2026-03-08 21:48:11","VVI159",630,"m","2/22/26"
"4431","carry","cdi_words","2A","produces",NA,0,"129","2026-03-08 21:48:11","VVI159",630,"m","2/22/26"
"4432","chase","cdi_words","2A","produces",NA,0,"129","2026-03-08 21:48:11","VVI159",630,"m","2/22/26"
"4433","dump","cdi_words","2A","produces",NA,0,"129","2026-03-08 21:48:11","VVI159",630,"m","2/22/26"
"4434","finish","cdi_words","2A","produces",NA,0,"129","2026-03-08 21:48:11","VVI159",630,"m","2/22/26"
"4435","fit","cdi_words","2A","produces",NA,0,"129","2026-03-08 21:48:11","VVI159",630,"m","2/22/26"
"4436","hug","cdi_words","2A","produces",NA,0,"129","2026-03-08 21:48:11","VVI159",630,"m","2/22/26"
"4437","listen","cdi_words","2A","produces",NA,0,"129","2026-03-08 21:48:11","VVI159",630,"m","2/22/26"
"4438","like","cdi_words","2A","produces",NA,0,"129","2026-03-08 21:48:11","VVI159",630,"m","2/22/26"
"4439","pretend","cdi_words","2A","produces",NA,0,"129","2026-03-08 21:48:11","VVI159",630,"m","2/22/26"
"4440","rip","cdi_words","2A","produces",NA,0,"129","2026-03-08 21:48:11","VVI159",630,"m","2/22/26"
"4441","shake","cdi_words","2A","produces",NA,0,"129","2026-03-08 21:48:11","VVI159",630,"m","2/22/26"
"4442","taste","cdi_words","2A","produces",NA,0,"129","2026-03-08 21:48:11","VVI159",630,"m","2/22/26"
"4443","gentle","cdi_words","2A","produces",NA,0,"129","2026-03-08 21:48:11","VVI159",630,"m","2/22/26"
"4444","think","cdi_words","2A","produces",NA,0,"129","2026-03-08 21:48:11","VVI159",630,"m","2/22/26"
"4445","wish","cdi_words","2A","produces",NA,0,"129","2026-03-08 21:48:11","VVI159",630,"m","2/22/26"
"4446","all gone","cdi_words","2A","produces",NA,0,"129","2026-03-08 21:48:11","VVI159",630,"m","2/22/26"
"4447","cold","cdi_words","2A","produces",1,1,"129","2026-03-08 21:48:11","VVI159",630,"m","2/22/26"
"4448","fast","cdi_words","2A","produces",NA,0,"129","2026-03-08 21:48:11","VVI159",630,"m","2/22/26"
"4449","happy","cdi_words","2A","produces",NA,0,"129","2026-03-08 21:48:11","VVI159",630,"m","2/22/26"
"4450","hot","cdi_words","2A","produces",1,1,"129","2026-03-08 21:48:11","VVI159",630,"m","2/22/26"
"4451","last","cdi_words","2A","produces",NA,0,"129","2026-03-08 21:48:11","VVI159",630,"m","2/22/26"
"4452","tiny","cdi_words","2A","produces",NA,0,"129","2026-03-08 21:48:11","VVI159",630,"m","2/22/26"
"4453","wet","cdi_words","2A","produces",NA,0,"129","2026-03-08 21:48:11","VVI159",630,"m","2/22/26"
"4454","after","cdi_words","2A","produces",NA,0,"129","2026-03-08 21:48:11","VVI159",630,"m","2/22/26"
"4455","day","cdi_words","2A","produces",NA,0,"129","2026-03-08 21:48:11","VVI159",630,"m","2/22/26"
"4456","tonight","cdi_words","2A","produces",NA,0,"129","2026-03-08 21:48:11","VVI159",630,"m","2/22/26"
"4457","our","cdi_words","2A","produces",NA,0,"129","2026-03-08 21:48:11","VVI159",630,"m","2/22/26"
"4458","them","cdi_words","2A","produces",NA,0,"129","2026-03-08 21:48:11","VVI159",630,"m","2/22/26"
"4459","this","cdi_words","2A","produces",NA,0,"129","2026-03-08 21:48:11","VVI159",630,"m","2/22/26"
"4460","us","cdi_words","2A","produces",NA,0,"129","2026-03-08 21:48:11","VVI159",630,"m","2/22/26"
"4461","where","cdi_words","2A","produces",NA,0,"129","2026-03-08 21:48:11","VVI159",630,"m","2/22/26"
"4462","beside","cdi_words","2A","produces",NA,0,"129","2026-03-08 21:48:11","VVI159",630,"m","2/22/26"
"4463","down","cdi_words","2A","produces",NA,0,"129","2026-03-08 21:48:11","VVI159",630,"m","2/22/26"
"4464","under","cdi_words","2A","produces",NA,0,"129","2026-03-08 21:48:11","VVI159",630,"m","2/22/26"
"4465","all","cdi_words","2A","produces",NA,0,"129","2026-03-08 21:48:11","VVI159",630,"m","2/22/26"
"4466","much","cdi_words","2A","produces",NA,0,"129","2026-03-08 21:48:11","VVI159",630,"m","2/22/26"
"4467","could","cdi_words","2A","produces",NA,0,"129","2026-03-08 21:48:11","VVI159",630,"m","2/22/26"
"4468","need","cdi_words","2A","produces",NA,0,"129","2026-03-08 21:48:11","VVI159",630,"m","2/22/26"
"4469","would","cdi_words","2A","produces",NA,0,"129","2026-03-08 21:48:11","VVI159",630,"m","2/22/26"
"4470","if","cdi_words","2A","produces",NA,0,"129","2026-03-08 21:48:11","VVI159",630,"m","2/22/26"
"4471","sock","extra_words","2A","produces",1,1,"128","2026-03-08 17:19:57","VVI140",630,"m","2/13/26"
"4472","bathtub","extra_words","2A","produces",NA,0,"128","2026-03-08 17:19:57","VVI140",630,"m","2/13/26"
"4473","shower","extra_words","2A","produces",NA,0,"128","2026-03-08 17:19:57","VVI140",630,"m","2/13/26"
"4474","balloon","extra_words","2A","produces",1,1,"128","2026-03-08 17:19:57","VVI140",630,"m","2/13/26"
"4475","dresser","extra_words","2A","produces",NA,0,"128","2026-03-08 17:19:57","VVI140",630,"m","2/13/26"
"4476","kite","extra_words","2A","produces",NA,0,"128","2026-03-08 17:19:57","VVI140",630,"m","2/13/26"
"4477","camel","extra_words","2A","produces",NA,0,"128","2026-03-08 17:19:57","VVI140",630,"m","2/13/26"
"4478","elephant","extra_words","2A","produces",1,1,"128","2026-03-08 17:19:57","VVI140",630,"m","2/13/26"
"4479","ladybug","extra_words","2A","produces",NA,0,"128","2026-03-08 17:19:57","VVI140",630,"m","2/13/26"
"4480","cloud","extra_words","2A","produces",NA,0,"128","2026-03-08 17:19:57","VVI140",630,"m","2/13/26"
"4481","tree","extra_words","2A","produces",1,1,"128","2026-03-08 17:19:57","VVI140",630,"m","2/13/26"
"4482","zipper","extra_words","2A","produces",NA,0,"128","2026-03-08 17:19:57","VVI140",630,"m","2/13/26"
"4483","crow","extra_words","2A","produces",NA,0,"128","2026-03-08 17:19:57","VVI140",630,"m","2/13/26"
"4484","penguin","extra_words","2A","produces",NA,0,"128","2026-03-08 17:19:57","VVI140",630,"m","2/13/26"
"4485","seahorse","extra_words","2A","produces",NA,0,"128","2026-03-08 17:19:57","VVI140",630,"m","2/13/26"
"4486","duck","extra_words","2A","produces",1,1,"128","2026-03-08 17:19:57","VVI140",630,"m","2/13/26"
"4487","chicken","extra_words","2A","produces",NA,0,"128","2026-03-08 17:19:57","VVI140",630,"m","2/13/26"
"4488","butterfly","extra_words","2A","produces",NA,0,"128","2026-03-08 17:19:57","VVI140",630,"m","2/13/26"
"4489","lizard","extra_words","2A","produces",NA,0,"128","2026-03-08 17:19:57","VVI140",630,"m","2/13/26"
"4490","walrus","extra_words","2A","produces",NA,0,"128","2026-03-08 17:19:57","VVI140",630,"m","2/13/26"
"4491","snake","extra_words","2A","produces",NA,0,"128","2026-03-08 17:19:57","VVI140",630,"m","2/13/26"
"4492","truck","extra_words","2A","produces",NA,0,"128","2026-03-08 17:19:57","VVI140",630,"m","2/13/26"
"4493","car","extra_words","2A","produces",1,1,"128","2026-03-08 17:19:57","VVI140",630,"m","2/13/26"
"4494","airplane","extra_words","2A","produces",NA,0,"128","2026-03-08 17:19:57","VVI140",630,"m","2/13/26"
"4495","baa baa","cdi_words","2A","produces",NA,0,"128","2026-03-08 17:19:57","VVI140",630,"m","2/13/26"
"4496","meow","cdi_words","2A","produces",NA,0,"128","2026-03-08 17:19:57","VVI140",630,"m","2/13/26"
"4497","ouch","cdi_words","2A","produces",NA,0,"128","2026-03-08 17:19:57","VVI140",630,"m","2/13/26"
"4498","uh oh","cdi_words","2A","produces",1,1,"128","2026-03-08 17:19:57","VVI140",630,"m","2/13/26"
"4499","woof woof","cdi_words","2A","produces",NA,0,"128","2026-03-08 17:19:57","VVI140",630,"m","2/13/26"
"4500","bear","cdi_words","2A","produces",NA,0,"128","2026-03-08 17:19:57","VVI140",630,"m","2/13/26"
"4501","bird","cdi_words","2A","produces",1,1,"128","2026-03-08 17:19:57","VVI140",630,"m","2/13/26"
"4502","cat","cdi_words","2A","produces",1,1,"128","2026-03-08 17:19:57","VVI140",630,"m","2/13/26"
"4503","dog","cdi_words","2A","produces",1,1,"128","2026-03-08 17:19:57","VVI140",630,"m","2/13/26"
"4504","duck","cdi_words","2A","produces",1,1,"128","2026-03-08 17:19:57","VVI140",630,"m","2/13/26"
"4505","horse","cdi_words","2A","produces",NA,0,"128","2026-03-08 17:19:57","VVI140",630,"m","2/13/26"
"4506","airplane","cdi_words","2A","produces",NA,0,"128","2026-03-08 17:19:57","VVI140",630,"m","2/13/26"
"4507","boat","cdi_words","2A","produces",NA,0,"128","2026-03-08 17:19:57","VVI140",630,"m","2/13/26"
"4508","car","cdi_words","2A","produces",1,1,"128","2026-03-08 17:19:57","VVI140",630,"m","2/13/26"
"4509","ball","cdi_words","2A","produces",1,1,"128","2026-03-08 17:19:57","VVI140",630,"m","2/13/26"
"4510","book","cdi_words","2A","produces",1,1,"128","2026-03-08 17:19:57","VVI140",630,"m","2/13/26"
"4511","game","cdi_words","2A","produces",NA,0,"128","2026-03-08 17:19:57","VVI140",630,"m","2/13/26"
"4512","applesauce","cdi_words","2A","produces",NA,0,"128","2026-03-08 17:19:57","VVI140",630,"m","2/13/26"
"4513","candy","cdi_words","2A","produces",NA,0,"128","2026-03-08 17:19:57","VVI140",630,"m","2/13/26"
"4514","coke","cdi_words","2A","produces",NA,0,"128","2026-03-08 17:19:57","VVI140",630,"m","2/13/26"
"4515","cracker","cdi_words","2A","produces",NA,0,"128","2026-03-08 17:19:57","VVI140",630,"m","2/13/26"
"4516","juice","cdi_words","2A","produces",NA,0,"128","2026-03-08 17:19:57","VVI140",630,"m","2/13/26"
"4517","meat","cdi_words","2A","produces",NA,0,"128","2026-03-08 17:19:57","VVI140",630,"m","2/13/26"
"4518","milk","cdi_words","2A","produces",1,1,"128","2026-03-08 17:19:57","VVI140",630,"m","2/13/26"
"4519","peas","cdi_words","2A","produces",NA,0,"128","2026-03-08 17:19:57","VVI140",630,"m","2/13/26"
"4520","hat","cdi_words","2A","produces",1,1,"128","2026-03-08 17:19:57","VVI140",630,"m","2/13/26"
"4521","necklace","cdi_words","2A","produces",NA,0,"128","2026-03-08 17:19:57","VVI140",630,"m","2/13/26"
"4522","shoe","cdi_words","2A","produces",1,1,"128","2026-03-08 17:19:57","VVI140",630,"m","2/13/26"
"4523","sock","cdi_words","2A","produces",1,1,"128","2026-03-08 17:19:57","VVI140",630,"m","2/13/26"
"4524","chin","cdi_words","2A","produces",NA,0,"128","2026-03-08 17:19:57","VVI140",630,"m","2/13/26"
"4525","ear","cdi_words","2A","produces",NA,0,"128","2026-03-08 17:19:57","VVI140",630,"m","2/13/26"
"4526","hand","cdi_words","2A","produces",1,1,"128","2026-03-08 17:19:57","VVI140",630,"m","2/13/26"
"4527","leg","cdi_words","2A","produces",NA,0,"128","2026-03-08 17:19:57","VVI140",630,"m","2/13/26"
"4528","broom","cdi_words","2A","produces",NA,0,"128","2026-03-08 17:19:57","VVI140",630,"m","2/13/26"
"4529","comb","cdi_words","2A","produces",NA,0,"128","2026-03-08 17:19:57","VVI140",630,"m","2/13/26"
"4530","mop","cdi_words","2A","produces",NA,0,"128","2026-03-08 17:19:57","VVI140",630,"m","2/13/26"
"4531","plate","cdi_words","2A","produces",NA,0,"128","2026-03-08 17:19:57","VVI140",630,"m","2/13/26"
"4532","trash","cdi_words","2A","produces",NA,0,"128","2026-03-08 17:19:57","VVI140",630,"m","2/13/26"
"4533","tray","cdi_words","2A","produces",NA,0,"128","2026-03-08 17:19:57","VVI140",630,"m","2/13/26"
"4534","towel","cdi_words","2A","produces",1,1,"128","2026-03-08 17:19:57","VVI140",630,"m","2/13/26"
"4535","bed","cdi_words","2A","produces",1,1,"128","2026-03-08 17:19:57","VVI140",630,"m","2/13/26"
"4536","bedroom","cdi_words","2A","produces",NA,0,"128","2026-03-08 17:19:57","VVI140",630,"m","2/13/26"
"4537","bench","cdi_words","2A","produces",NA,0,"128","2026-03-08 17:19:57","VVI140",630,"m","2/13/26"
"4538","oven","cdi_words","2A","produces",NA,0,"128","2026-03-08 17:19:57","VVI140",630,"m","2/13/26"
"4539","stairs","cdi_words","2A","produces",NA,0,"128","2026-03-08 17:19:57","VVI140",630,"m","2/13/26"
"4540","flag","cdi_words","2A","produces",NA,0,"128","2026-03-08 17:19:57","VVI140",630,"m","2/13/26"
"4541","rain","cdi_words","2A","produces",NA,0,"128","2026-03-08 17:19:57","VVI140",630,"m","2/13/26"
"4542","star","cdi_words","2A","produces",NA,0,"128","2026-03-08 17:19:57","VVI140",630,"m","2/13/26"
"4543","swing","cdi_words","2A","produces",NA,0,"128","2026-03-08 17:19:57","VVI140",630,"m","2/13/26"
"4544","school","cdi_words","2A","produces",1,1,"128","2026-03-08 17:19:57","VVI140",630,"m","2/13/26"
"4545","sky","cdi_words","2A","produces",NA,0,"128","2026-03-08 17:19:57","VVI140",630,"m","2/13/26"
"4546","party","cdi_words","2A","produces",NA,0,"128","2026-03-08 17:19:57","VVI140",630,"m","2/13/26"
"4547","friend","cdi_words","2A","produces",NA,0,"128","2026-03-08 17:19:57","VVI140",630,"m","2/13/26"
"4548","mommy","cdi_words","2A","produces",1,1,"128","2026-03-08 17:19:57","VVI140",630,"m","2/13/26"
"4549","person","cdi_words","2A","produces",NA,0,"128","2026-03-08 17:19:57","VVI140",630,"m","2/13/26"
"4550","bye","cdi_words","2A","produces",1,1,"128","2026-03-08 17:19:57","VVI140",630,"m","2/13/26"
"4551","hi","cdi_words","2A","produces",NA,0,"128","2026-03-08 17:19:57","VVI140",630,"m","2/13/26"
"4552","no","cdi_words","2A","produces",NA,0,"128","2026-03-08 17:19:57","VVI140",630,"m","2/13/26"
"4553","shopping","cdi_words","2A","produces",NA,0,"128","2026-03-08 17:19:57","VVI140",630,"m","2/13/26"
"4554","thank you","cdi_words","2A","produces",NA,0,"128","2026-03-08 17:19:57","VVI140",630,"m","2/13/26"
"4555","carry","cdi_words","2A","produces",NA,0,"128","2026-03-08 17:19:57","VVI140",630,"m","2/13/26"
"4556","chase","cdi_words","2A","produces",NA,0,"128","2026-03-08 17:19:57","VVI140",630,"m","2/13/26"
"4557","dump","cdi_words","2A","produces",NA,0,"128","2026-03-08 17:19:57","VVI140",630,"m","2/13/26"
"4558","finish","cdi_words","2A","produces",NA,0,"128","2026-03-08 17:19:57","VVI140",630,"m","2/13/26"
"4559","fit","cdi_words","2A","produces",NA,0,"128","2026-03-08 17:19:57","VVI140",630,"m","2/13/26"
"4560","hug","cdi_words","2A","produces",NA,0,"128","2026-03-08 17:19:57","VVI140",630,"m","2/13/26"
"4561","listen","cdi_words","2A","produces",NA,0,"128","2026-03-08 17:19:57","VVI140",630,"m","2/13/26"
"4562","like","cdi_words","2A","produces",NA,0,"128","2026-03-08 17:19:57","VVI140",630,"m","2/13/26"
"4563","pretend","cdi_words","2A","produces",NA,0,"128","2026-03-08 17:19:57","VVI140",630,"m","2/13/26"
"4564","rip","cdi_words","2A","produces",NA,0,"128","2026-03-08 17:19:57","VVI140",630,"m","2/13/26"
"4565","shake","cdi_words","2A","produces",NA,0,"128","2026-03-08 17:19:57","VVI140",630,"m","2/13/26"
"4566","taste","cdi_words","2A","produces",NA,0,"128","2026-03-08 17:19:57","VVI140",630,"m","2/13/26"
"4567","gentle","cdi_words","2A","produces",NA,0,"128","2026-03-08 17:19:57","VVI140",630,"m","2/13/26"
"4568","think","cdi_words","2A","produces",NA,0,"128","2026-03-08 17:19:57","VVI140",630,"m","2/13/26"
"4569","wish","cdi_words","2A","produces",NA,0,"128","2026-03-08 17:19:57","VVI140",630,"m","2/13/26"
"4570","all gone","cdi_words","2A","produces",NA,0,"128","2026-03-08 17:19:57","VVI140",630,"m","2/13/26"
"4571","cold","cdi_words","2A","produces",1,1,"128","2026-03-08 17:19:57","VVI140",630,"m","2/13/26"
"4572","fast","cdi_words","2A","produces",NA,0,"128","2026-03-08 17:19:57","VVI140",630,"m","2/13/26"
"4573","happy","cdi_words","2A","produces",NA,0,"128","2026-03-08 17:19:57","VVI140",630,"m","2/13/26"
"4574","hot","cdi_words","2A","produces",1,1,"128","2026-03-08 17:19:57","VVI140",630,"m","2/13/26"
"4575","last","cdi_words","2A","produces",NA,0,"128","2026-03-08 17:19:57","VVI140",630,"m","2/13/26"
"4576","tiny","cdi_words","2A","produces",NA,0,"128","2026-03-08 17:19:57","VVI140",630,"m","2/13/26"
"4577","wet","cdi_words","2A","produces",NA,0,"128","2026-03-08 17:19:57","VVI140",630,"m","2/13/26"
"4578","after","cdi_words","2A","produces",NA,0,"128","2026-03-08 17:19:57","VVI140",630,"m","2/13/26"
"4579","day","cdi_words","2A","produces",NA,0,"128","2026-03-08 17:19:57","VVI140",630,"m","2/13/26"
"4580","tonight","cdi_words","2A","produces",NA,0,"128","2026-03-08 17:19:57","VVI140",630,"m","2/13/26"
"4581","our","cdi_words","2A","produces",NA,0,"128","2026-03-08 17:19:57","VVI140",630,"m","2/13/26"
"4582","them","cdi_words","2A","produces",NA,0,"128","2026-03-08 17:19:57","VVI140",630,"m","2/13/26"
"4583","this","cdi_words","2A","produces",NA,0,"128","2026-03-08 17:19:57","VVI140",630,"m","2/13/26"
"4584","us","cdi_words","2A","produces",NA,0,"128","2026-03-08 17:19:57","VVI140",630,"m","2/13/26"
"4585","where","cdi_words","2A","produces",NA,0,"128","2026-03-08 17:19:57","VVI140",630,"m","2/13/26"
"4586","beside","cdi_words","2A","produces",NA,0,"128","2026-03-08 17:19:57","VVI140",630,"m","2/13/26"
"4587","down","cdi_words","2A","produces",1,1,"128","2026-03-08 17:19:57","VVI140",630,"m","2/13/26"
"4588","under","cdi_words","2A","produces",NA,0,"128","2026-03-08 17:19:57","VVI140",630,"m","2/13/26"
"4589","all","cdi_words","2A","produces",NA,0,"128","2026-03-08 17:19:57","VVI140",630,"m","2/13/26"
"4590","much","cdi_words","2A","produces",NA,0,"128","2026-03-08 17:19:57","VVI140",630,"m","2/13/26"
"4591","could","cdi_words","2A","produces",NA,0,"128","2026-03-08 17:19:57","VVI140",630,"m","2/13/26"
"4592","need","cdi_words","2A","produces",NA,0,"128","2026-03-08 17:19:57","VVI140",630,"m","2/13/26"
"4593","would","cdi_words","2A","produces",NA,0,"128","2026-03-08 17:19:57","VVI140",630,"m","2/13/26"
"4594","if","cdi_words","2A","produces",NA,0,"128","2026-03-08 17:19:57","VVI140",630,"m","2/13/26"
"4595","sock","extra_words","2A","produces",1,1,"768","2026-05-25 19:45:03","VVI217",600,"m","5/26/26"
"4596","bathtub","extra_words","2A","produces",1,1,"768","2026-05-25 19:45:03","VVI217",600,"m","5/26/26"
"4597","shower","extra_words","2A","produces",NA,0,"768","2026-05-25 19:45:03","VVI217",600,"m","5/26/26"
"4598","balloon","extra_words","2A","produces",1,1,"768","2026-05-25 19:45:03","VVI217",600,"m","5/26/26"
"4599","dresser","extra_words","2A","produces",NA,0,"768","2026-05-25 19:45:03","VVI217",600,"m","5/26/26"
"4600","kite","extra_words","2A","produces",NA,0,"768","2026-05-25 19:45:03","VVI217",600,"m","5/26/26"
"4601","camel","extra_words","2A","produces",NA,0,"768","2026-05-25 19:45:03","VVI217",600,"m","5/26/26"
"4602","elephant","extra_words","2A","produces",1,1,"768","2026-05-25 19:45:03","VVI217",600,"m","5/26/26"
"4603","ladybug","extra_words","2A","produces",1,1,"768","2026-05-25 19:45:03","VVI217",600,"m","5/26/26"
"4604","cloud","extra_words","2A","produces",NA,0,"768","2026-05-25 19:45:03","VVI217",600,"m","5/26/26"
"4605","tree","extra_words","2A","produces",1,1,"768","2026-05-25 19:45:03","VVI217",600,"m","5/26/26"
"4606","zipper","extra_words","2A","produces",1,1,"768","2026-05-25 19:45:03","VVI217",600,"m","5/26/26"
"4607","crow","extra_words","2A","produces",1,1,"768","2026-05-25 19:45:03","VVI217",600,"m","5/26/26"
"4608","penguin","extra_words","2A","produces",NA,0,"768","2026-05-25 19:45:03","VVI217",600,"m","5/26/26"
"4609","seahorse","extra_words","2A","produces",1,1,"768","2026-05-25 19:45:03","VVI217",600,"m","5/26/26"
"4610","duck","extra_words","2A","produces",NA,0,"768","2026-05-25 19:45:03","VVI217",600,"m","5/26/26"
"4611","chicken","extra_words","2A","produces",1,1,"768","2026-05-25 19:45:03","VVI217",600,"m","5/26/26"
"4612","butterfly","extra_words","2A","produces",NA,0,"768","2026-05-25 19:45:03","VVI217",600,"m","5/26/26"
"4613","lizard","extra_words","2A","produces",NA,0,"768","2026-05-25 19:45:03","VVI217",600,"m","5/26/26"
"4614","walrus","extra_words","2A","produces",1,1,"768","2026-05-25 19:45:03","VVI217",600,"m","5/26/26"
"4615","snake","extra_words","2A","produces",1,1,"768","2026-05-25 19:45:03","VVI217",600,"m","5/26/26"
"4616","truck","extra_words","2A","produces",1,1,"768","2026-05-25 19:45:03","VVI217",600,"m","5/26/26"
"4617","car","extra_words","2A","produces",1,1,"768","2026-05-25 19:45:03","VVI217",600,"m","5/26/26"
"4618","airplane","extra_words","2A","produces",1,1,"768","2026-05-25 19:45:03","VVI217",600,"m","5/26/26"
"4619","baa baa","cdi_words","2A","produces",1,1,"768","2026-05-25 19:45:03","VVI217",600,"m","5/26/26"
"4620","meow","cdi_words","2A","produces",1,1,"768","2026-05-25 19:45:03","VVI217",600,"m","5/26/26"
"4621","ouch","cdi_words","2A","produces",1,1,"768","2026-05-25 19:45:03","VVI217",600,"m","5/26/26"
"4622","uh oh","cdi_words","2A","produces",1,1,"768","2026-05-25 19:45:03","VVI217",600,"m","5/26/26"
"4623","woof woof","cdi_words","2A","produces",1,1,"768","2026-05-25 19:45:03","VVI217",600,"m","5/26/26"
"4624","bear","cdi_words","2A","produces",NA,0,"768","2026-05-25 19:45:03","VVI217",600,"m","5/26/26"
"4625","bird","cdi_words","2A","produces",1,1,"768","2026-05-25 19:45:03","VVI217",600,"m","5/26/26"
"4626","cat","cdi_words","2A","produces",1,1,"768","2026-05-25 19:45:03","VVI217",600,"m","5/26/26"
"4627","dog","cdi_words","2A","produces",1,1,"768","2026-05-25 19:45:03","VVI217",600,"m","5/26/26"
"4628","duck","cdi_words","2A","produces",NA,0,"768","2026-05-25 19:45:03","VVI217",600,"m","5/26/26"
"4629","horse","cdi_words","2A","produces",1,1,"768","2026-05-25 19:45:03","VVI217",600,"m","5/26/26"
"4630","airplane","cdi_words","2A","produces",1,1,"768","2026-05-25 19:45:03","VVI217",600,"m","5/26/26"
"4631","boat","cdi_words","2A","produces",1,1,"768","2026-05-25 19:45:03","VVI217",600,"m","5/26/26"
"4632","car","cdi_words","2A","produces",1,1,"768","2026-05-25 19:45:03","VVI217",600,"m","5/26/26"
"4633","ball","cdi_words","2A","produces",1,1,"768","2026-05-25 19:45:03","VVI217",600,"m","5/26/26"
"4634","book","cdi_words","2A","produces",1,1,"768","2026-05-25 19:45:03","VVI217",600,"m","5/26/26"
"4635","game","cdi_words","2A","produces",NA,0,"768","2026-05-25 19:45:03","VVI217",600,"m","5/26/26"
"4636","applesauce","cdi_words","2A","produces",NA,0,"768","2026-05-25 19:45:03","VVI217",600,"m","5/26/26"
"4637","candy","cdi_words","2A","produces",NA,0,"768","2026-05-25 19:45:03","VVI217",600,"m","5/26/26"
"4638","coke","cdi_words","2A","produces",NA,0,"768","2026-05-25 19:45:03","VVI217",600,"m","5/26/26"
"4639","cracker","cdi_words","2A","produces",NA,0,"768","2026-05-25 19:45:03","VVI217",600,"m","5/26/26"
"4640","juice","cdi_words","2A","produces",NA,0,"768","2026-05-25 19:45:03","VVI217",600,"m","5/26/26"
"4641","meat","cdi_words","2A","produces",NA,0,"768","2026-05-25 19:45:03","VVI217",600,"m","5/26/26"
"4642","milk","cdi_words","2A","produces",NA,0,"768","2026-05-25 19:45:03","VVI217",600,"m","5/26/26"
"4643","peas","cdi_words","2A","produces",NA,0,"768","2026-05-25 19:45:03","VVI217",600,"m","5/26/26"
"4644","hat","cdi_words","2A","produces",1,1,"768","2026-05-25 19:45:03","VVI217",600,"m","5/26/26"
"4645","necklace","cdi_words","2A","produces",NA,0,"768","2026-05-25 19:45:03","VVI217",600,"m","5/26/26"
"4646","shoe","cdi_words","2A","produces",1,1,"768","2026-05-25 19:45:03","VVI217",600,"m","5/26/26"
"4647","sock","cdi_words","2A","produces",1,1,"768","2026-05-25 19:45:03","VVI217",600,"m","5/26/26"
"4648","chin","cdi_words","2A","produces",NA,0,"768","2026-05-25 19:45:03","VVI217",600,"m","5/26/26"
"4649","ear","cdi_words","2A","produces",1,1,"768","2026-05-25 19:45:03","VVI217",600,"m","5/26/26"
"4650","hand","cdi_words","2A","produces",NA,0,"768","2026-05-25 19:45:03","VVI217",600,"m","5/26/26"
"4651","leg","cdi_words","2A","produces",1,1,"768","2026-05-25 19:45:03","VVI217",600,"m","5/26/26"
"4652","broom","cdi_words","2A","produces",1,1,"768","2026-05-25 19:45:03","VVI217",600,"m","5/26/26"
"4653","comb","cdi_words","2A","produces",1,1,"768","2026-05-25 19:45:03","VVI217",600,"m","5/26/26"
"4654","mop","cdi_words","2A","produces",1,1,"768","2026-05-25 19:45:03","VVI217",600,"m","5/26/26"
"4655","plate","cdi_words","2A","produces",NA,0,"768","2026-05-25 19:45:03","VVI217",600,"m","5/26/26"
"4656","trash","cdi_words","2A","produces",1,1,"768","2026-05-25 19:45:03","VVI217",600,"m","5/26/26"
"4657","tray","cdi_words","2A","produces",NA,0,"768","2026-05-25 19:45:03","VVI217",600,"m","5/26/26"
"4658","towel","cdi_words","2A","produces",NA,0,"768","2026-05-25 19:45:03","VVI217",600,"m","5/26/26"
"4659","bed","cdi_words","2A","produces",1,1,"768","2026-05-25 19:45:03","VVI217",600,"m","5/26/26"
"4660","bedroom","cdi_words","2A","produces",NA,0,"768","2026-05-25 19:45:03","VVI217",600,"m","5/26/26"
"4661","bench","cdi_words","2A","produces",NA,0,"768","2026-05-25 19:45:03","VVI217",600,"m","5/26/26"
"4662","oven","cdi_words","2A","produces",NA,0,"768","2026-05-25 19:45:03","VVI217",600,"m","5/26/26"
"4663","stairs","cdi_words","2A","produces",NA,0,"768","2026-05-25 19:45:03","VVI217",600,"m","5/26/26"
"4664","flag","cdi_words","2A","produces",NA,0,"768","2026-05-25 19:45:03","VVI217",600,"m","5/26/26"
"4665","rain","cdi_words","2A","produces",NA,0,"768","2026-05-25 19:45:03","VVI217",600,"m","5/26/26"
"4666","star","cdi_words","2A","produces",1,1,"768","2026-05-25 19:45:03","VVI217",600,"m","5/26/26"
"4667","swing","cdi_words","2A","produces",NA,0,"768","2026-05-25 19:45:03","VVI217",600,"m","5/26/26"
"4668","school","cdi_words","2A","produces",NA,0,"768","2026-05-25 19:45:03","VVI217",600,"m","5/26/26"
"4669","sky","cdi_words","2A","produces",NA,0,"768","2026-05-25 19:45:03","VVI217",600,"m","5/26/26"
"4670","party","cdi_words","2A","produces",NA,0,"768","2026-05-25 19:45:03","VVI217",600,"m","5/26/26"
"4671","friend","cdi_words","2A","produces",NA,0,"768","2026-05-25 19:45:03","VVI217",600,"m","5/26/26"
"4672","mommy","cdi_words","2A","produces",1,1,"768","2026-05-25 19:45:03","VVI217",600,"m","5/26/26"
"4673","person","cdi_words","2A","produces",NA,0,"768","2026-05-25 19:45:03","VVI217",600,"m","5/26/26"
"4674","bye","cdi_words","2A","produces",1,1,"768","2026-05-25 19:45:03","VVI217",600,"m","5/26/26"
"4675","hi","cdi_words","2A","produces",1,1,"768","2026-05-25 19:45:03","VVI217",600,"m","5/26/26"
"4676","no","cdi_words","2A","produces",1,1,"768","2026-05-25 19:45:03","VVI217",600,"m","5/26/26"
"4677","shopping","cdi_words","2A","produces",NA,0,"768","2026-05-25 19:45:03","VVI217",600,"m","5/26/26"
"4678","thank you","cdi_words","2A","produces",NA,0,"768","2026-05-25 19:45:03","VVI217",600,"m","5/26/26"
"4679","carry","cdi_words","2A","produces",NA,0,"768","2026-05-25 19:45:03","VVI217",600,"m","5/26/26"
"4680","chase","cdi_words","2A","produces",NA,0,"768","2026-05-25 19:45:03","VVI217",600,"m","5/26/26"
"4681","dump","cdi_words","2A","produces",NA,0,"768","2026-05-25 19:45:03","VVI217",600,"m","5/26/26"
"4682","finish","cdi_words","2A","produces",NA,0,"768","2026-05-25 19:45:03","VVI217",600,"m","5/26/26"
"4683","fit","cdi_words","2A","produces",NA,0,"768","2026-05-25 19:45:03","VVI217",600,"m","5/26/26"
"4684","hug","cdi_words","2A","produces",NA,0,"768","2026-05-25 19:45:03","VVI217",600,"m","5/26/26"
"4685","listen","cdi_words","2A","produces",NA,0,"768","2026-05-25 19:45:03","VVI217",600,"m","5/26/26"
"4686","like","cdi_words","2A","produces",NA,0,"768","2026-05-25 19:45:03","VVI217",600,"m","5/26/26"
"4687","pretend","cdi_words","2A","produces",NA,0,"768","2026-05-25 19:45:03","VVI217",600,"m","5/26/26"
"4688","rip","cdi_words","2A","produces",NA,0,"768","2026-05-25 19:45:03","VVI217",600,"m","5/26/26"
"4689","shake","cdi_words","2A","produces",NA,0,"768","2026-05-25 19:45:03","VVI217",600,"m","5/26/26"
"4690","taste","cdi_words","2A","produces",NA,0,"768","2026-05-25 19:45:03","VVI217",600,"m","5/26/26"
"4691","gentle","cdi_words","2A","produces",NA,0,"768","2026-05-25 19:45:03","VVI217",600,"m","5/26/26"
"4692","think","cdi_words","2A","produces",NA,0,"768","2026-05-25 19:45:03","VVI217",600,"m","5/26/26"
"4693","wish","cdi_words","2A","produces",NA,0,"768","2026-05-25 19:45:03","VVI217",600,"m","5/26/26"
"4694","all gone","cdi_words","2A","produces",NA,0,"768","2026-05-25 19:45:03","VVI217",600,"m","5/26/26"
"4695","cold","cdi_words","2A","produces",NA,0,"768","2026-05-25 19:45:03","VVI217",600,"m","5/26/26"
"4696","fast","cdi_words","2A","produces",1,1,"768","2026-05-25 19:45:03","VVI217",600,"m","5/26/26"
"4697","happy","cdi_words","2A","produces",NA,0,"768","2026-05-25 19:45:03","VVI217",600,"m","5/26/26"
"4698","hot","cdi_words","2A","produces",NA,0,"768","2026-05-25 19:45:03","VVI217",600,"m","5/26/26"
"4699","last","cdi_words","2A","produces",NA,0,"768","2026-05-25 19:45:03","VVI217",600,"m","5/26/26"
"4700","tiny","cdi_words","2A","produces",NA,0,"768","2026-05-25 19:45:03","VVI217",600,"m","5/26/26"
"4701","wet","cdi_words","2A","produces",NA,0,"768","2026-05-25 19:45:03","VVI217",600,"m","5/26/26"
"4702","after","cdi_words","2A","produces",NA,0,"768","2026-05-25 19:45:03","VVI217",600,"m","5/26/26"
"4703","day","cdi_words","2A","produces",NA,0,"768","2026-05-25 19:45:03","VVI217",600,"m","5/26/26"
"4704","tonight","cdi_words","2A","produces",NA,0,"768","2026-05-25 19:45:03","VVI217",600,"m","5/26/26"
"4705","our","cdi_words","2A","produces",NA,0,"768","2026-05-25 19:45:03","VVI217",600,"m","5/26/26"
"4706","them","cdi_words","2A","produces",NA,0,"768","2026-05-25 19:45:03","VVI217",600,"m","5/26/26"
"4707","this","cdi_words","2A","produces",NA,0,"768","2026-05-25 19:45:03","VVI217",600,"m","5/26/26"
"4708","us","cdi_words","2A","produces",NA,0,"768","2026-05-25 19:45:03","VVI217",600,"m","5/26/26"
"4709","where","cdi_words","2A","produces",NA,0,"768","2026-05-25 19:45:03","VVI217",600,"m","5/26/26"
"4710","beside","cdi_words","2A","produces",NA,0,"768","2026-05-25 19:45:03","VVI217",600,"m","5/26/26"
"4711","down","cdi_words","2A","produces",1,1,"768","2026-05-25 19:45:03","VVI217",600,"m","5/26/26"
"4712","under","cdi_words","2A","produces",NA,0,"768","2026-05-25 19:45:03","VVI217",600,"m","5/26/26"
"4713","all","cdi_words","2A","produces",NA,0,"768","2026-05-25 19:45:03","VVI217",600,"m","5/26/26"
"4714","much","cdi_words","2A","produces",NA,0,"768","2026-05-25 19:45:03","VVI217",600,"m","5/26/26"
"4715","could","cdi_words","2A","produces",NA,0,"768","2026-05-25 19:45:03","VVI217",600,"m","5/26/26"
"4716","need","cdi_words","2A","produces",NA,0,"768","2026-05-25 19:45:03","VVI217",600,"m","5/26/26"
"4717","would","cdi_words","2A","produces",NA,0,"768","2026-05-25 19:45:03","VVI217",600,"m","5/26/26"
"4718","if","cdi_words","2A","produces",NA,0,"768","2026-05-25 19:45:03","VVI217",600,"m","5/26/26"
"4719","sock","extra_words","2A","produces",1,1,"137","2026-03-14 07:58:28","VVI177",570,"m","3/14/26"
"4720","bathtub","extra_words","2A","produces",NA,0,"137","2026-03-14 07:58:28","VVI177",570,"m","3/14/26"
"4721","shower","extra_words","2A","produces",NA,0,"137","2026-03-14 07:58:28","VVI177",570,"m","3/14/26"
"4722","balloon","extra_words","2A","produces",1,1,"137","2026-03-14 07:58:28","VVI177",570,"m","3/14/26"
"4723","dresser","extra_words","2A","produces",NA,0,"137","2026-03-14 07:58:28","VVI177",570,"m","3/14/26"
"4724","kite","extra_words","2A","produces",NA,0,"137","2026-03-14 07:58:28","VVI177",570,"m","3/14/26"
"4725","camel","extra_words","2A","produces",NA,0,"137","2026-03-14 07:58:28","VVI177",570,"m","3/14/26"
"4726","elephant","extra_words","2A","produces",NA,0,"137","2026-03-14 07:58:28","VVI177",570,"m","3/14/26"
"4727","ladybug","extra_words","2A","produces",NA,0,"137","2026-03-14 07:58:28","VVI177",570,"m","3/14/26"
"4728","cloud","extra_words","2A","produces",NA,0,"137","2026-03-14 07:58:28","VVI177",570,"m","3/14/26"
"4729","tree","extra_words","2A","produces",1,1,"137","2026-03-14 07:58:28","VVI177",570,"m","3/14/26"
"4730","zipper","extra_words","2A","produces",NA,0,"137","2026-03-14 07:58:28","VVI177",570,"m","3/14/26"
"4731","crow","extra_words","2A","produces",NA,0,"137","2026-03-14 07:58:28","VVI177",570,"m","3/14/26"
"4732","penguin","extra_words","2A","produces",NA,0,"137","2026-03-14 07:58:28","VVI177",570,"m","3/14/26"
"4733","seahorse","extra_words","2A","produces",NA,0,"137","2026-03-14 07:58:28","VVI177",570,"m","3/14/26"
"4734","duck","extra_words","2A","produces",1,1,"137","2026-03-14 07:58:28","VVI177",570,"m","3/14/26"
"4735","chicken","extra_words","2A","produces",NA,0,"137","2026-03-14 07:58:28","VVI177",570,"m","3/14/26"
"4736","butterfly","extra_words","2A","produces",NA,0,"137","2026-03-14 07:58:28","VVI177",570,"m","3/14/26"
"4737","lizard","extra_words","2A","produces",NA,0,"137","2026-03-14 07:58:28","VVI177",570,"m","3/14/26"
"4738","walrus","extra_words","2A","produces",NA,0,"137","2026-03-14 07:58:28","VVI177",570,"m","3/14/26"
"4739","snake","extra_words","2A","produces",NA,0,"137","2026-03-14 07:58:28","VVI177",570,"m","3/14/26"
"4740","truck","extra_words","2A","produces",NA,0,"137","2026-03-14 07:58:28","VVI177",570,"m","3/14/26"
"4741","car","extra_words","2A","produces",NA,0,"137","2026-03-14 07:58:28","VVI177",570,"m","3/14/26"
"4742","airplane","extra_words","2A","produces",NA,0,"137","2026-03-14 07:58:28","VVI177",570,"m","3/14/26"
"4743","baa baa","cdi_words","2A","produces",NA,0,"137","2026-03-14 07:58:28","VVI177",570,"m","3/14/26"
"4744","meow","cdi_words","2A","produces",NA,0,"137","2026-03-14 07:58:28","VVI177",570,"m","3/14/26"
"4745","ouch","cdi_words","2A","produces",NA,0,"137","2026-03-14 07:58:28","VVI177",570,"m","3/14/26"
"4746","uh oh","cdi_words","2A","produces",1,1,"137","2026-03-14 07:58:28","VVI177",570,"m","3/14/26"
"4747","woof woof","cdi_words","2A","produces",1,1,"137","2026-03-14 07:58:28","VVI177",570,"m","3/14/26"
"4748","bear","cdi_words","2A","produces",1,1,"137","2026-03-14 07:58:28","VVI177",570,"m","3/14/26"
"4749","bird","cdi_words","2A","produces",NA,0,"137","2026-03-14 07:58:28","VVI177",570,"m","3/14/26"
"4750","cat","cdi_words","2A","produces",1,1,"137","2026-03-14 07:58:28","VVI177",570,"m","3/14/26"
"4751","dog","cdi_words","2A","produces",NA,0,"137","2026-03-14 07:58:28","VVI177",570,"m","3/14/26"
"4752","duck","cdi_words","2A","produces",1,1,"137","2026-03-14 07:58:28","VVI177",570,"m","3/14/26"
"4753","horse","cdi_words","2A","produces",NA,0,"137","2026-03-14 07:58:28","VVI177",570,"m","3/14/26"
"4754","airplane","cdi_words","2A","produces",NA,0,"137","2026-03-14 07:58:28","VVI177",570,"m","3/14/26"
"4755","boat","cdi_words","2A","produces",NA,0,"137","2026-03-14 07:58:28","VVI177",570,"m","3/14/26"
"4756","car","cdi_words","2A","produces",NA,0,"137","2026-03-14 07:58:28","VVI177",570,"m","3/14/26"
"4757","ball","cdi_words","2A","produces",1,1,"137","2026-03-14 07:58:28","VVI177",570,"m","3/14/26"
"4758","book","cdi_words","2A","produces",1,1,"137","2026-03-14 07:58:28","VVI177",570,"m","3/14/26"
"4759","game","cdi_words","2A","produces",NA,0,"137","2026-03-14 07:58:28","VVI177",570,"m","3/14/26"
"4760","applesauce","cdi_words","2A","produces",NA,0,"137","2026-03-14 07:58:28","VVI177",570,"m","3/14/26"
"4761","candy","cdi_words","2A","produces",NA,0,"137","2026-03-14 07:58:28","VVI177",570,"m","3/14/26"
"4762","coke","cdi_words","2A","produces",NA,0,"137","2026-03-14 07:58:28","VVI177",570,"m","3/14/26"
"4763","cracker","cdi_words","2A","produces",NA,0,"137","2026-03-14 07:58:28","VVI177",570,"m","3/14/26"
"4764","juice","cdi_words","2A","produces",NA,0,"137","2026-03-14 07:58:28","VVI177",570,"m","3/14/26"
"4765","meat","cdi_words","2A","produces",NA,0,"137","2026-03-14 07:58:28","VVI177",570,"m","3/14/26"
"4766","milk","cdi_words","2A","produces",1,1,"137","2026-03-14 07:58:28","VVI177",570,"m","3/14/26"
"4767","peas","cdi_words","2A","produces",NA,0,"137","2026-03-14 07:58:28","VVI177",570,"m","3/14/26"
"4768","hat","cdi_words","2A","produces",1,1,"137","2026-03-14 07:58:28","VVI177",570,"m","3/14/26"
"4769","necklace","cdi_words","2A","produces",NA,0,"137","2026-03-14 07:58:28","VVI177",570,"m","3/14/26"
"4770","shoe","cdi_words","2A","produces",1,1,"137","2026-03-14 07:58:28","VVI177",570,"m","3/14/26"
"4771","sock","cdi_words","2A","produces",NA,0,"137","2026-03-14 07:58:28","VVI177",570,"m","3/14/26"
"4772","chin","cdi_words","2A","produces",NA,0,"137","2026-03-14 07:58:28","VVI177",570,"m","3/14/26"
"4773","ear","cdi_words","2A","produces",NA,0,"137","2026-03-14 07:58:28","VVI177",570,"m","3/14/26"
"4774","hand","cdi_words","2A","produces",NA,0,"137","2026-03-14 07:58:28","VVI177",570,"m","3/14/26"
"4775","leg","cdi_words","2A","produces",NA,0,"137","2026-03-14 07:58:28","VVI177",570,"m","3/14/26"
"4776","broom","cdi_words","2A","produces",NA,0,"137","2026-03-14 07:58:28","VVI177",570,"m","3/14/26"
"4777","comb","cdi_words","2A","produces",NA,0,"137","2026-03-14 07:58:28","VVI177",570,"m","3/14/26"
"4778","mop","cdi_words","2A","produces",NA,0,"137","2026-03-14 07:58:28","VVI177",570,"m","3/14/26"
"4779","plate","cdi_words","2A","produces",NA,0,"137","2026-03-14 07:58:28","VVI177",570,"m","3/14/26"
"4780","trash","cdi_words","2A","produces",NA,0,"137","2026-03-14 07:58:28","VVI177",570,"m","3/14/26"
"4781","tray","cdi_words","2A","produces",NA,0,"137","2026-03-14 07:58:28","VVI177",570,"m","3/14/26"
"4782","towel","cdi_words","2A","produces",NA,0,"137","2026-03-14 07:58:28","VVI177",570,"m","3/14/26"
"4783","bed","cdi_words","2A","produces",NA,0,"137","2026-03-14 07:58:28","VVI177",570,"m","3/14/26"
"4784","bedroom","cdi_words","2A","produces",NA,0,"137","2026-03-14 07:58:28","VVI177",570,"m","3/14/26"
"4785","bench","cdi_words","2A","produces",NA,0,"137","2026-03-14 07:58:28","VVI177",570,"m","3/14/26"
"4786","oven","cdi_words","2A","produces",NA,0,"137","2026-03-14 07:58:28","VVI177",570,"m","3/14/26"
"4787","stairs","cdi_words","2A","produces",NA,0,"137","2026-03-14 07:58:28","VVI177",570,"m","3/14/26"
"4788","flag","cdi_words","2A","produces",NA,0,"137","2026-03-14 07:58:28","VVI177",570,"m","3/14/26"
"4789","rain","cdi_words","2A","produces",NA,0,"137","2026-03-14 07:58:28","VVI177",570,"m","3/14/26"
"4790","star","cdi_words","2A","produces",NA,0,"137","2026-03-14 07:58:28","VVI177",570,"m","3/14/26"
"4791","swing","cdi_words","2A","produces",NA,0,"137","2026-03-14 07:58:28","VVI177",570,"m","3/14/26"
"4792","school","cdi_words","2A","produces",NA,0,"137","2026-03-14 07:58:28","VVI177",570,"m","3/14/26"
"4793","sky","cdi_words","2A","produces",NA,0,"137","2026-03-14 07:58:28","VVI177",570,"m","3/14/26"
"4794","party","cdi_words","2A","produces",NA,0,"137","2026-03-14 07:58:28","VVI177",570,"m","3/14/26"
"4795","friend","cdi_words","2A","produces",NA,0,"137","2026-03-14 07:58:28","VVI177",570,"m","3/14/26"
"4796","mommy","cdi_words","2A","produces",NA,0,"137","2026-03-14 07:58:28","VVI177",570,"m","3/14/26"
"4797","person","cdi_words","2A","produces",NA,0,"137","2026-03-14 07:58:28","VVI177",570,"m","3/14/26"
"4798","bye","cdi_words","2A","produces",NA,0,"137","2026-03-14 07:58:28","VVI177",570,"m","3/14/26"
"4799","hi","cdi_words","2A","produces",1,1,"137","2026-03-14 07:58:28","VVI177",570,"m","3/14/26"
"4800","no","cdi_words","2A","produces",NA,0,"137","2026-03-14 07:58:28","VVI177",570,"m","3/14/26"
"4801","shopping","cdi_words","2A","produces",NA,0,"137","2026-03-14 07:58:28","VVI177",570,"m","3/14/26"
"4802","thank you","cdi_words","2A","produces",NA,0,"137","2026-03-14 07:58:28","VVI177",570,"m","3/14/26"
"4803","carry","cdi_words","2A","produces",NA,0,"137","2026-03-14 07:58:28","VVI177",570,"m","3/14/26"
"4804","chase","cdi_words","2A","produces",NA,0,"137","2026-03-14 07:58:28","VVI177",570,"m","3/14/26"
"4805","dump","cdi_words","2A","produces",NA,0,"137","2026-03-14 07:58:28","VVI177",570,"m","3/14/26"
"4806","finish","cdi_words","2A","produces",NA,0,"137","2026-03-14 07:58:28","VVI177",570,"m","3/14/26"
"4807","fit","cdi_words","2A","produces",NA,0,"137","2026-03-14 07:58:28","VVI177",570,"m","3/14/26"
"4808","hug","cdi_words","2A","produces",1,1,"137","2026-03-14 07:58:28","VVI177",570,"m","3/14/26"
"4809","listen","cdi_words","2A","produces",NA,0,"137","2026-03-14 07:58:28","VVI177",570,"m","3/14/26"
"4810","like","cdi_words","2A","produces",NA,0,"137","2026-03-14 07:58:28","VVI177",570,"m","3/14/26"
"4811","pretend","cdi_words","2A","produces",NA,0,"137","2026-03-14 07:58:28","VVI177",570,"m","3/14/26"
"4812","rip","cdi_words","2A","produces",NA,0,"137","2026-03-14 07:58:28","VVI177",570,"m","3/14/26"
"4813","shake","cdi_words","2A","produces",NA,0,"137","2026-03-14 07:58:28","VVI177",570,"m","3/14/26"
"4814","taste","cdi_words","2A","produces",NA,0,"137","2026-03-14 07:58:28","VVI177",570,"m","3/14/26"
"4815","gentle","cdi_words","2A","produces",NA,0,"137","2026-03-14 07:58:28","VVI177",570,"m","3/14/26"
"4816","think","cdi_words","2A","produces",NA,0,"137","2026-03-14 07:58:28","VVI177",570,"m","3/14/26"
"4817","wish","cdi_words","2A","produces",NA,0,"137","2026-03-14 07:58:28","VVI177",570,"m","3/14/26"
"4818","all gone","cdi_words","2A","produces",NA,0,"137","2026-03-14 07:58:28","VVI177",570,"m","3/14/26"
"4819","cold","cdi_words","2A","produces",NA,0,"137","2026-03-14 07:58:28","VVI177",570,"m","3/14/26"
"4820","fast","cdi_words","2A","produces",NA,0,"137","2026-03-14 07:58:28","VVI177",570,"m","3/14/26"
"4821","happy","cdi_words","2A","produces",NA,0,"137","2026-03-14 07:58:28","VVI177",570,"m","3/14/26"
"4822","hot","cdi_words","2A","produces",1,1,"137","2026-03-14 07:58:28","VVI177",570,"m","3/14/26"
"4823","last","cdi_words","2A","produces",NA,0,"137","2026-03-14 07:58:28","VVI177",570,"m","3/14/26"
"4824","tiny","cdi_words","2A","produces",NA,0,"137","2026-03-14 07:58:28","VVI177",570,"m","3/14/26"
"4825","wet","cdi_words","2A","produces",NA,0,"137","2026-03-14 07:58:28","VVI177",570,"m","3/14/26"
"4826","after","cdi_words","2A","produces",NA,0,"137","2026-03-14 07:58:28","VVI177",570,"m","3/14/26"
"4827","day","cdi_words","2A","produces",NA,0,"137","2026-03-14 07:58:28","VVI177",570,"m","3/14/26"
"4828","tonight","cdi_words","2A","produces",NA,0,"137","2026-03-14 07:58:28","VVI177",570,"m","3/14/26"
"4829","our","cdi_words","2A","produces",NA,0,"137","2026-03-14 07:58:28","VVI177",570,"m","3/14/26"
"4830","them","cdi_words","2A","produces",NA,0,"137","2026-03-14 07:58:28","VVI177",570,"m","3/14/26"
"4831","this","cdi_words","2A","produces",NA,0,"137","2026-03-14 07:58:28","VVI177",570,"m","3/14/26"
"4832","us","cdi_words","2A","produces",NA,0,"137","2026-03-14 07:58:28","VVI177",570,"m","3/14/26"
"4833","where","cdi_words","2A","produces",NA,0,"137","2026-03-14 07:58:28","VVI177",570,"m","3/14/26"
"4834","beside","cdi_words","2A","produces",NA,0,"137","2026-03-14 07:58:28","VVI177",570,"m","3/14/26"
"4835","down","cdi_words","2A","produces",NA,0,"137","2026-03-14 07:58:28","VVI177",570,"m","3/14/26"
"4836","under","cdi_words","2A","produces",NA,0,"137","2026-03-14 07:58:28","VVI177",570,"m","3/14/26"
"4837","all","cdi_words","2A","produces",NA,0,"137","2026-03-14 07:58:28","VVI177",570,"m","3/14/26"
"4838","much","cdi_words","2A","produces",NA,0,"137","2026-03-14 07:58:28","VVI177",570,"m","3/14/26"
"4839","could","cdi_words","2A","produces",NA,0,"137","2026-03-14 07:58:28","VVI177",570,"m","3/14/26"
"4840","need","cdi_words","2A","produces",NA,0,"137","2026-03-14 07:58:28","VVI177",570,"m","3/14/26"
"4841","would","cdi_words","2A","produces",NA,0,"137","2026-03-14 07:58:28","VVI177",570,"m","3/14/26"
"4842","if","cdi_words","2A","produces",NA,0,"137","2026-03-14 07:58:28","VVI177",570,"m","3/14/26"
"4843","sock","extra_words","2A","produces",1,1,"132","2026-03-09 13:00:56","VVI139",630,"m","2/13/26"
"4844","bathtub","extra_words","2A","produces",NA,0,"132","2026-03-09 13:00:56","VVI139",630,"m","2/13/26"
"4845","shower","extra_words","2A","produces",NA,0,"132","2026-03-09 13:00:56","VVI139",630,"m","2/13/26"
"4846","balloon","extra_words","2A","produces",1,1,"132","2026-03-09 13:00:56","VVI139",630,"m","2/13/26"
"4847","dresser","extra_words","2A","produces",NA,0,"132","2026-03-09 13:00:56","VVI139",630,"m","2/13/26"
"4848","kite","extra_words","2A","produces",NA,0,"132","2026-03-09 13:00:56","VVI139",630,"m","2/13/26"
"4849","camel","extra_words","2A","produces",NA,0,"132","2026-03-09 13:00:56","VVI139",630,"m","2/13/26"
"4850","elephant","extra_words","2A","produces",NA,0,"132","2026-03-09 13:00:56","VVI139",630,"m","2/13/26"
"4851","ladybug","extra_words","2A","produces",NA,0,"132","2026-03-09 13:00:56","VVI139",630,"m","2/13/26"
"4852","cloud","extra_words","2A","produces",NA,0,"132","2026-03-09 13:00:56","VVI139",630,"m","2/13/26"
"4853","tree","extra_words","2A","produces",1,1,"132","2026-03-09 13:00:56","VVI139",630,"m","2/13/26"
"4854","zipper","extra_words","2A","produces",NA,0,"132","2026-03-09 13:00:56","VVI139",630,"m","2/13/26"
"4855","crow","extra_words","2A","produces",NA,0,"132","2026-03-09 13:00:56","VVI139",630,"m","2/13/26"
"4856","penguin","extra_words","2A","produces",NA,0,"132","2026-03-09 13:00:56","VVI139",630,"m","2/13/26"
"4857","seahorse","extra_words","2A","produces",NA,0,"132","2026-03-09 13:00:56","VVI139",630,"m","2/13/26"
"4858","duck","extra_words","2A","produces",1,1,"132","2026-03-09 13:00:56","VVI139",630,"m","2/13/26"
"4859","chicken","extra_words","2A","produces",1,1,"132","2026-03-09 13:00:56","VVI139",630,"m","2/13/26"
"4860","butterfly","extra_words","2A","produces",1,1,"132","2026-03-09 13:00:56","VVI139",630,"m","2/13/26"
"4861","lizard","extra_words","2A","produces",NA,0,"132","2026-03-09 13:00:56","VVI139",630,"m","2/13/26"
"4862","walrus","extra_words","2A","produces",NA,0,"132","2026-03-09 13:00:56","VVI139",630,"m","2/13/26"
"4863","snake","extra_words","2A","produces",NA,0,"132","2026-03-09 13:00:56","VVI139",630,"m","2/13/26"
"4864","truck","extra_words","2A","produces",1,1,"132","2026-03-09 13:00:56","VVI139",630,"m","2/13/26"
"4865","car","extra_words","2A","produces",1,1,"132","2026-03-09 13:00:56","VVI139",630,"m","2/13/26"
"4866","airplane","extra_words","2A","produces",NA,0,"132","2026-03-09 13:00:56","VVI139",630,"m","2/13/26"
"4867","baa baa","cdi_words","2A","produces",1,1,"132","2026-03-09 13:00:56","VVI139",630,"m","2/13/26"
"4868","meow","cdi_words","2A","produces",1,1,"132","2026-03-09 13:00:56","VVI139",630,"m","2/13/26"
"4869","ouch","cdi_words","2A","produces",1,1,"132","2026-03-09 13:00:56","VVI139",630,"m","2/13/26"
"4870","uh oh","cdi_words","2A","produces",1,1,"132","2026-03-09 13:00:56","VVI139",630,"m","2/13/26"
"4871","woof woof","cdi_words","2A","produces",1,1,"132","2026-03-09 13:00:56","VVI139",630,"m","2/13/26"
"4872","bear","cdi_words","2A","produces",1,1,"132","2026-03-09 13:00:56","VVI139",630,"m","2/13/26"
"4873","bird","cdi_words","2A","produces",1,1,"132","2026-03-09 13:00:56","VVI139",630,"m","2/13/26"
"4874","cat","cdi_words","2A","produces",1,1,"132","2026-03-09 13:00:56","VVI139",630,"m","2/13/26"
"4875","dog","cdi_words","2A","produces",1,1,"132","2026-03-09 13:00:56","VVI139",630,"m","2/13/26"
"4876","duck","cdi_words","2A","produces",1,1,"132","2026-03-09 13:00:56","VVI139",630,"m","2/13/26"
"4877","horse","cdi_words","2A","produces",1,1,"132","2026-03-09 13:00:56","VVI139",630,"m","2/13/26"
"4878","airplane","cdi_words","2A","produces",NA,0,"132","2026-03-09 13:00:56","VVI139",630,"m","2/13/26"
"4879","boat","cdi_words","2A","produces",NA,0,"132","2026-03-09 13:00:56","VVI139",630,"m","2/13/26"
"4880","car","cdi_words","2A","produces",1,1,"132","2026-03-09 13:00:56","VVI139",630,"m","2/13/26"
"4881","ball","cdi_words","2A","produces",1,1,"132","2026-03-09 13:00:56","VVI139",630,"m","2/13/26"
"4882","book","cdi_words","2A","produces",1,1,"132","2026-03-09 13:00:56","VVI139",630,"m","2/13/26"
"4883","game","cdi_words","2A","produces",NA,0,"132","2026-03-09 13:00:56","VVI139",630,"m","2/13/26"
"4884","applesauce","cdi_words","2A","produces",NA,0,"132","2026-03-09 13:00:56","VVI139",630,"m","2/13/26"
"4885","candy","cdi_words","2A","produces",1,1,"132","2026-03-09 13:00:56","VVI139",630,"m","2/13/26"
"4886","coke","cdi_words","2A","produces",NA,0,"132","2026-03-09 13:00:56","VVI139",630,"m","2/13/26"
"4887","cracker","cdi_words","2A","produces",1,1,"132","2026-03-09 13:00:56","VVI139",630,"m","2/13/26"
"4888","juice","cdi_words","2A","produces",NA,0,"132","2026-03-09 13:00:56","VVI139",630,"m","2/13/26"
"4889","meat","cdi_words","2A","produces",NA,0,"132","2026-03-09 13:00:56","VVI139",630,"m","2/13/26"
"4890","milk","cdi_words","2A","produces",1,1,"132","2026-03-09 13:00:56","VVI139",630,"m","2/13/26"
"4891","peas","cdi_words","2A","produces",NA,0,"132","2026-03-09 13:00:56","VVI139",630,"m","2/13/26"
"4892","hat","cdi_words","2A","produces",1,1,"132","2026-03-09 13:00:56","VVI139",630,"m","2/13/26"
"4893","necklace","cdi_words","2A","produces",NA,0,"132","2026-03-09 13:00:56","VVI139",630,"m","2/13/26"
"4894","shoe","cdi_words","2A","produces",1,1,"132","2026-03-09 13:00:56","VVI139",630,"m","2/13/26"
"4895","sock","cdi_words","2A","produces",1,1,"132","2026-03-09 13:00:56","VVI139",630,"m","2/13/26"
"4896","chin","cdi_words","2A","produces",1,1,"132","2026-03-09 13:00:56","VVI139",630,"m","2/13/26"
"4897","ear","cdi_words","2A","produces",1,1,"132","2026-03-09 13:00:56","VVI139",630,"m","2/13/26"
"4898","hand","cdi_words","2A","produces",1,1,"132","2026-03-09 13:00:56","VVI139",630,"m","2/13/26"
"4899","leg","cdi_words","2A","produces",1,1,"132","2026-03-09 13:00:56","VVI139",630,"m","2/13/26"
"4900","broom","cdi_words","2A","produces",NA,0,"132","2026-03-09 13:00:56","VVI139",630,"m","2/13/26"
"4901","comb","cdi_words","2A","produces",NA,0,"132","2026-03-09 13:00:56","VVI139",630,"m","2/13/26"
"4902","mop","cdi_words","2A","produces",NA,0,"132","2026-03-09 13:00:56","VVI139",630,"m","2/13/26"
"4903","plate","cdi_words","2A","produces",NA,0,"132","2026-03-09 13:00:56","VVI139",630,"m","2/13/26"
"4904","trash","cdi_words","2A","produces",1,1,"132","2026-03-09 13:00:56","VVI139",630,"m","2/13/26"
"4905","tray","cdi_words","2A","produces",NA,0,"132","2026-03-09 13:00:56","VVI139",630,"m","2/13/26"
"4906","towel","cdi_words","2A","produces",1,1,"132","2026-03-09 13:00:56","VVI139",630,"m","2/13/26"
"4907","bed","cdi_words","2A","produces",1,1,"132","2026-03-09 13:00:56","VVI139",630,"m","2/13/26"
"4908","bedroom","cdi_words","2A","produces",NA,0,"132","2026-03-09 13:00:56","VVI139",630,"m","2/13/26"
"4909","bench","cdi_words","2A","produces",NA,0,"132","2026-03-09 13:00:56","VVI139",630,"m","2/13/26"
"4910","oven","cdi_words","2A","produces",NA,0,"132","2026-03-09 13:00:56","VVI139",630,"m","2/13/26"
"4911","stairs","cdi_words","2A","produces",NA,0,"132","2026-03-09 13:00:56","VVI139",630,"m","2/13/26"
"4912","flag","cdi_words","2A","produces",NA,0,"132","2026-03-09 13:00:56","VVI139",630,"m","2/13/26"
"4913","rain","cdi_words","2A","produces",NA,0,"132","2026-03-09 13:00:56","VVI139",630,"m","2/13/26"
"4914","star","cdi_words","2A","produces",NA,0,"132","2026-03-09 13:00:56","VVI139",630,"m","2/13/26"
"4915","swing","cdi_words","2A","produces",1,1,"132","2026-03-09 13:00:56","VVI139",630,"m","2/13/26"
"4916","school","cdi_words","2A","produces",NA,0,"132","2026-03-09 13:00:56","VVI139",630,"m","2/13/26"
"4917","sky","cdi_words","2A","produces",NA,0,"132","2026-03-09 13:00:56","VVI139",630,"m","2/13/26"
"4918","party","cdi_words","2A","produces",NA,0,"132","2026-03-09 13:00:56","VVI139",630,"m","2/13/26"
"4919","friend","cdi_words","2A","produces",NA,0,"132","2026-03-09 13:00:56","VVI139",630,"m","2/13/26"
"4920","mommy","cdi_words","2A","produces",1,1,"132","2026-03-09 13:00:56","VVI139",630,"m","2/13/26"
"4921","person","cdi_words","2A","produces",NA,0,"132","2026-03-09 13:00:56","VVI139",630,"m","2/13/26"
"4922","bye","cdi_words","2A","produces",1,1,"132","2026-03-09 13:00:56","VVI139",630,"m","2/13/26"
"4923","hi","cdi_words","2A","produces",1,1,"132","2026-03-09 13:00:56","VVI139",630,"m","2/13/26"
"4924","no","cdi_words","2A","produces",1,1,"132","2026-03-09 13:00:56","VVI139",630,"m","2/13/26"
"4925","shopping","cdi_words","2A","produces",NA,0,"132","2026-03-09 13:00:56","VVI139",630,"m","2/13/26"
"4926","thank you","cdi_words","2A","produces",1,1,"132","2026-03-09 13:00:56","VVI139",630,"m","2/13/26"
"4927","carry","cdi_words","2A","produces",NA,0,"132","2026-03-09 13:00:56","VVI139",630,"m","2/13/26"
"4928","chase","cdi_words","2A","produces",NA,0,"132","2026-03-09 13:00:56","VVI139",630,"m","2/13/26"
"4929","dump","cdi_words","2A","produces",NA,0,"132","2026-03-09 13:00:56","VVI139",630,"m","2/13/26"
"4930","finish","cdi_words","2A","produces",NA,0,"132","2026-03-09 13:00:56","VVI139",630,"m","2/13/26"
"4931","fit","cdi_words","2A","produces",NA,0,"132","2026-03-09 13:00:56","VVI139",630,"m","2/13/26"
"4932","hug","cdi_words","2A","produces",1,1,"132","2026-03-09 13:00:56","VVI139",630,"m","2/13/26"
"4933","listen","cdi_words","2A","produces",NA,0,"132","2026-03-09 13:00:56","VVI139",630,"m","2/13/26"
"4934","like","cdi_words","2A","produces",NA,0,"132","2026-03-09 13:00:56","VVI139",630,"m","2/13/26"
"4935","pretend","cdi_words","2A","produces",NA,0,"132","2026-03-09 13:00:56","VVI139",630,"m","2/13/26"
"4936","rip","cdi_words","2A","produces",NA,0,"132","2026-03-09 13:00:56","VVI139",630,"m","2/13/26"
"4937","shake","cdi_words","2A","produces",NA,0,"132","2026-03-09 13:00:56","VVI139",630,"m","2/13/26"
"4938","taste","cdi_words","2A","produces",NA,0,"132","2026-03-09 13:00:56","VVI139",630,"m","2/13/26"
"4939","gentle","cdi_words","2A","produces",NA,0,"132","2026-03-09 13:00:56","VVI139",630,"m","2/13/26"
"4940","think","cdi_words","2A","produces",NA,0,"132","2026-03-09 13:00:56","VVI139",630,"m","2/13/26"
"4941","wish","cdi_words","2A","produces",NA,0,"132","2026-03-09 13:00:56","VVI139",630,"m","2/13/26"
"4942","all gone","cdi_words","2A","produces",1,1,"132","2026-03-09 13:00:56","VVI139",630,"m","2/13/26"
"4943","cold","cdi_words","2A","produces",NA,0,"132","2026-03-09 13:00:56","VVI139",630,"m","2/13/26"
"4944","fast","cdi_words","2A","produces",NA,0,"132","2026-03-09 13:00:56","VVI139",630,"m","2/13/26"
"4945","happy","cdi_words","2A","produces",NA,0,"132","2026-03-09 13:00:56","VVI139",630,"m","2/13/26"
"4946","hot","cdi_words","2A","produces",1,1,"132","2026-03-09 13:00:56","VVI139",630,"m","2/13/26"
"4947","last","cdi_words","2A","produces",NA,0,"132","2026-03-09 13:00:56","VVI139",630,"m","2/13/26"
"4948","tiny","cdi_words","2A","produces",NA,0,"132","2026-03-09 13:00:56","VVI139",630,"m","2/13/26"
"4949","wet","cdi_words","2A","produces",1,1,"132","2026-03-09 13:00:56","VVI139",630,"m","2/13/26"
"4950","after","cdi_words","2A","produces",NA,0,"132","2026-03-09 13:00:56","VVI139",630,"m","2/13/26"
"4951","day","cdi_words","2A","produces",NA,0,"132","2026-03-09 13:00:56","VVI139",630,"m","2/13/26"
"4952","tonight","cdi_words","2A","produces",NA,0,"132","2026-03-09 13:00:56","VVI139",630,"m","2/13/26"
"4953","our","cdi_words","2A","produces",NA,0,"132","2026-03-09 13:00:56","VVI139",630,"m","2/13/26"
"4954","them","cdi_words","2A","produces",NA,0,"132","2026-03-09 13:00:56","VVI139",630,"m","2/13/26"
"4955","this","cdi_words","2A","produces",1,1,"132","2026-03-09 13:00:56","VVI139",630,"m","2/13/26"
"4956","us","cdi_words","2A","produces",NA,0,"132","2026-03-09 13:00:56","VVI139",630,"m","2/13/26"
"4957","where","cdi_words","2A","produces",NA,0,"132","2026-03-09 13:00:56","VVI139",630,"m","2/13/26"
"4958","beside","cdi_words","2A","produces",NA,0,"132","2026-03-09 13:00:56","VVI139",630,"m","2/13/26"
"4959","down","cdi_words","2A","produces",NA,0,"132","2026-03-09 13:00:56","VVI139",630,"m","2/13/26"
"4960","under","cdi_words","2A","produces",NA,0,"132","2026-03-09 13:00:56","VVI139",630,"m","2/13/26"
"4961","all","cdi_words","2A","produces",NA,0,"132","2026-03-09 13:00:56","VVI139",630,"m","2/13/26"
"4962","much","cdi_words","2A","produces",NA,0,"132","2026-03-09 13:00:56","VVI139",630,"m","2/13/26"
"4963","could","cdi_words","2A","produces",NA,0,"132","2026-03-09 13:00:56","VVI139",630,"m","2/13/26"
"4964","need","cdi_words","2A","produces",NA,0,"132","2026-03-09 13:00:56","VVI139",630,"m","2/13/26"
"4965","would","cdi_words","2A","produces",NA,0,"132","2026-03-09 13:00:56","VVI139",630,"m","2/13/26"
"4966","if","cdi_words","2A","produces",NA,0,"132","2026-03-09 13:00:56","VVI139",630,"m","2/13/26"
"4967","sock","extra_words","2A","produces",1,1,"161","2026-02-21 16:30:14","VVI157",660,"f","2/21/26"
"4968","bathtub","extra_words","2A","produces",1,1,"161","2026-02-21 16:30:14","VVI157",660,"f","2/21/26"
"4969","shower","extra_words","2A","produces",1,1,"161","2026-02-21 16:30:14","VVI157",660,"f","2/21/26"
"4970","balloon","extra_words","2A","produces",1,1,"161","2026-02-21 16:30:14","VVI157",660,"f","2/21/26"
"4971","dresser","extra_words","2A","produces",NA,0,"161","2026-02-21 16:30:14","VVI157",660,"f","2/21/26"
"4972","kite","extra_words","2A","produces",NA,0,"161","2026-02-21 16:30:14","VVI157",660,"f","2/21/26"
"4973","camel","extra_words","2A","produces",NA,0,"161","2026-02-21 16:30:14","VVI157",660,"f","2/21/26"
"4974","elephant","extra_words","2A","produces",1,1,"161","2026-02-21 16:30:14","VVI157",660,"f","2/21/26"
"4975","ladybug","extra_words","2A","produces",NA,0,"161","2026-02-21 16:30:14","VVI157",660,"f","2/21/26"
"4976","cloud","extra_words","2A","produces",NA,0,"161","2026-02-21 16:30:14","VVI157",660,"f","2/21/26"
"4977","tree","extra_words","2A","produces",1,1,"161","2026-02-21 16:30:14","VVI157",660,"f","2/21/26"
"4978","zipper","extra_words","2A","produces",NA,0,"161","2026-02-21 16:30:14","VVI157",660,"f","2/21/26"
"4979","crow","extra_words","2A","produces",NA,0,"161","2026-02-21 16:30:14","VVI157",660,"f","2/21/26"
"4980","penguin","extra_words","2A","produces",NA,0,"161","2026-02-21 16:30:14","VVI157",660,"f","2/21/26"
"4981","seahorse","extra_words","2A","produces",NA,0,"161","2026-02-21 16:30:14","VVI157",660,"f","2/21/26"
"4982","duck","extra_words","2A","produces",1,1,"161","2026-02-21 16:30:14","VVI157",660,"f","2/21/26"
"4983","chicken","extra_words","2A","produces",1,1,"161","2026-02-21 16:30:14","VVI157",660,"f","2/21/26"
"4984","butterfly","extra_words","2A","produces",1,1,"161","2026-02-21 16:30:14","VVI157",660,"f","2/21/26"
"4985","lizard","extra_words","2A","produces",1,1,"161","2026-02-21 16:30:14","VVI157",660,"f","2/21/26"
"4986","walrus","extra_words","2A","produces",NA,0,"161","2026-02-21 16:30:14","VVI157",660,"f","2/21/26"
"4987","snake","extra_words","2A","produces",1,1,"161","2026-02-21 16:30:14","VVI157",660,"f","2/21/26"
"4988","truck","extra_words","2A","produces",1,1,"161","2026-02-21 16:30:14","VVI157",660,"f","2/21/26"
"4989","car","extra_words","2A","produces",1,1,"161","2026-02-21 16:30:14","VVI157",660,"f","2/21/26"
"4990","airplane","extra_words","2A","produces",1,1,"161","2026-02-21 16:30:14","VVI157",660,"f","2/21/26"
"4991","baa baa","cdi_words","2A","produces",1,1,"161","2026-02-21 16:30:14","VVI157",660,"f","2/21/26"
"4992","meow","cdi_words","2A","produces",1,1,"161","2026-02-21 16:30:14","VVI157",660,"f","2/21/26"
"4993","ouch","cdi_words","2A","produces",1,1,"161","2026-02-21 16:30:14","VVI157",660,"f","2/21/26"
"4994","uh oh","cdi_words","2A","produces",1,1,"161","2026-02-21 16:30:14","VVI157",660,"f","2/21/26"
"4995","woof woof","cdi_words","2A","produces",1,1,"161","2026-02-21 16:30:14","VVI157",660,"f","2/21/26"
"4996","bear","cdi_words","2A","produces",1,1,"161","2026-02-21 16:30:14","VVI157",660,"f","2/21/26"
"4997","bird","cdi_words","2A","produces",1,1,"161","2026-02-21 16:30:14","VVI157",660,"f","2/21/26"
"4998","cat","cdi_words","2A","produces",1,1,"161","2026-02-21 16:30:14","VVI157",660,"f","2/21/26"
"4999","dog","cdi_words","2A","produces",1,1,"161","2026-02-21 16:30:14","VVI157",660,"f","2/21/26"
"5000","duck","cdi_words","2A","produces",1,1,"161","2026-02-21 16:30:14","VVI157",660,"f","2/21/26"
"5001","horse","cdi_words","2A","produces",1,1,"161","2026-02-21 16:30:14","VVI157",660,"f","2/21/26"
"5002","airplane","cdi_words","2A","produces",1,1,"161","2026-02-21 16:30:14","VVI157",660,"f","2/21/26"
"5003","boat","cdi_words","2A","produces",1,1,"161","2026-02-21 16:30:14","VVI157",660,"f","2/21/26"
"5004","car","cdi_words","2A","produces",1,1,"161","2026-02-21 16:30:14","VVI157",660,"f","2/21/26"
"5005","ball","cdi_words","2A","produces",1,1,"161","2026-02-21 16:30:14","VVI157",660,"f","2/21/26"
"5006","book","cdi_words","2A","produces",1,1,"161","2026-02-21 16:30:14","VVI157",660,"f","2/21/26"
"5007","game","cdi_words","2A","produces",NA,0,"161","2026-02-21 16:30:14","VVI157",660,"f","2/21/26"
"5008","applesauce","cdi_words","2A","produces",NA,0,"161","2026-02-21 16:30:14","VVI157",660,"f","2/21/26"
"5009","candy","cdi_words","2A","produces",1,1,"161","2026-02-21 16:30:14","VVI157",660,"f","2/21/26"
"5010","coke","cdi_words","2A","produces",NA,0,"161","2026-02-21 16:30:14","VVI157",660,"f","2/21/26"
"5011","cracker","cdi_words","2A","produces",NA,0,"161","2026-02-21 16:30:14","VVI157",660,"f","2/21/26"
"5012","juice","cdi_words","2A","produces",1,1,"161","2026-02-21 16:30:14","VVI157",660,"f","2/21/26"
"5013","meat","cdi_words","2A","produces",1,1,"161","2026-02-21 16:30:14","VVI157",660,"f","2/21/26"
"5014","milk","cdi_words","2A","produces",1,1,"161","2026-02-21 16:30:14","VVI157",660,"f","2/21/26"
"5015","peas","cdi_words","2A","produces",1,1,"161","2026-02-21 16:30:14","VVI157",660,"f","2/21/26"
"5016","hat","cdi_words","2A","produces",1,1,"161","2026-02-21 16:30:14","VVI157",660,"f","2/21/26"
"5017","necklace","cdi_words","2A","produces",NA,0,"161","2026-02-21 16:30:14","VVI157",660,"f","2/21/26"
"5018","shoe","cdi_words","2A","produces",1,1,"161","2026-02-21 16:30:14","VVI157",660,"f","2/21/26"
"5019","sock","cdi_words","2A","produces",1,1,"161","2026-02-21 16:30:14","VVI157",660,"f","2/21/26"
"5020","chin","cdi_words","2A","produces",NA,0,"161","2026-02-21 16:30:14","VVI157",660,"f","2/21/26"
"5021","ear","cdi_words","2A","produces",1,1,"161","2026-02-21 16:30:14","VVI157",660,"f","2/21/26"
"5022","hand","cdi_words","2A","produces",NA,0,"161","2026-02-21 16:30:14","VVI157",660,"f","2/21/26"
"5023","leg","cdi_words","2A","produces",NA,0,"161","2026-02-21 16:30:14","VVI157",660,"f","2/21/26"
"5024","broom","cdi_words","2A","produces",NA,0,"161","2026-02-21 16:30:14","VVI157",660,"f","2/21/26"
"5025","comb","cdi_words","2A","produces",NA,0,"161","2026-02-21 16:30:14","VVI157",660,"f","2/21/26"
"5026","mop","cdi_words","2A","produces",NA,0,"161","2026-02-21 16:30:14","VVI157",660,"f","2/21/26"
"5027","plate","cdi_words","2A","produces",1,1,"161","2026-02-21 16:30:14","VVI157",660,"f","2/21/26"
"5028","trash","cdi_words","2A","produces",1,1,"161","2026-02-21 16:30:14","VVI157",660,"f","2/21/26"
"5029","tray","cdi_words","2A","produces",NA,0,"161","2026-02-21 16:30:14","VVI157",660,"f","2/21/26"
"5030","towel","cdi_words","2A","produces",1,1,"161","2026-02-21 16:30:14","VVI157",660,"f","2/21/26"
"5031","bed","cdi_words","2A","produces",1,1,"161","2026-02-21 16:30:14","VVI157",660,"f","2/21/26"
"5032","bedroom","cdi_words","2A","produces",NA,0,"161","2026-02-21 16:30:14","VVI157",660,"f","2/21/26"
"5033","bench","cdi_words","2A","produces",NA,0,"161","2026-02-21 16:30:14","VVI157",660,"f","2/21/26"
"5034","oven","cdi_words","2A","produces",NA,0,"161","2026-02-21 16:30:14","VVI157",660,"f","2/21/26"
"5035","stairs","cdi_words","2A","produces",1,1,"161","2026-02-21 16:30:14","VVI157",660,"f","2/21/26"
"5036","flag","cdi_words","2A","produces",1,1,"161","2026-02-21 16:30:14","VVI157",660,"f","2/21/26"
"5037","rain","cdi_words","2A","produces",1,1,"161","2026-02-21 16:30:14","VVI157",660,"f","2/21/26"
"5038","star","cdi_words","2A","produces",1,1,"161","2026-02-21 16:30:14","VVI157",660,"f","2/21/26"
"5039","swing","cdi_words","2A","produces",1,1,"161","2026-02-21 16:30:14","VVI157",660,"f","2/21/26"
"5040","school","cdi_words","2A","produces",NA,0,"161","2026-02-21 16:30:14","VVI157",660,"f","2/21/26"
"5041","sky","cdi_words","2A","produces",NA,0,"161","2026-02-21 16:30:14","VVI157",660,"f","2/21/26"
"5042","party","cdi_words","2A","produces",1,1,"161","2026-02-21 16:30:14","VVI157",660,"f","2/21/26"
"5043","friend","cdi_words","2A","produces",NA,0,"161","2026-02-21 16:30:14","VVI157",660,"f","2/21/26"
"5044","mommy","cdi_words","2A","produces",1,1,"161","2026-02-21 16:30:14","VVI157",660,"f","2/21/26"
"5045","person","cdi_words","2A","produces",NA,0,"161","2026-02-21 16:30:14","VVI157",660,"f","2/21/26"
"5046","bye","cdi_words","2A","produces",1,1,"161","2026-02-21 16:30:14","VVI157",660,"f","2/21/26"
"5047","hi","cdi_words","2A","produces",1,1,"161","2026-02-21 16:30:14","VVI157",660,"f","2/21/26"
"5048","no","cdi_words","2A","produces",1,1,"161","2026-02-21 16:30:14","VVI157",660,"f","2/21/26"
"5049","shopping","cdi_words","2A","produces",NA,0,"161","2026-02-21 16:30:14","VVI157",660,"f","2/21/26"
"5050","thank you","cdi_words","2A","produces",1,1,"161","2026-02-21 16:30:14","VVI157",660,"f","2/21/26"
"5051","carry","cdi_words","2A","produces",NA,0,"161","2026-02-21 16:30:14","VVI157",660,"f","2/21/26"
"5052","chase","cdi_words","2A","produces",NA,0,"161","2026-02-21 16:30:14","VVI157",660,"f","2/21/26"
"5053","dump","cdi_words","2A","produces",1,1,"161","2026-02-21 16:30:14","VVI157",660,"f","2/21/26"
"5054","finish","cdi_words","2A","produces",NA,0,"161","2026-02-21 16:30:14","VVI157",660,"f","2/21/26"
"5055","fit","cdi_words","2A","produces",NA,0,"161","2026-02-21 16:30:14","VVI157",660,"f","2/21/26"
"5056","hug","cdi_words","2A","produces",1,1,"161","2026-02-21 16:30:14","VVI157",660,"f","2/21/26"
"5057","listen","cdi_words","2A","produces",NA,0,"161","2026-02-21 16:30:14","VVI157",660,"f","2/21/26"
"5058","like","cdi_words","2A","produces",NA,0,"161","2026-02-21 16:30:14","VVI157",660,"f","2/21/26"
"5059","pretend","cdi_words","2A","produces",NA,0,"161","2026-02-21 16:30:14","VVI157",660,"f","2/21/26"
"5060","rip","cdi_words","2A","produces",NA,0,"161","2026-02-21 16:30:14","VVI157",660,"f","2/21/26"
"5061","shake","cdi_words","2A","produces",1,1,"161","2026-02-21 16:30:14","VVI157",660,"f","2/21/26"
"5062","taste","cdi_words","2A","produces",NA,0,"161","2026-02-21 16:30:14","VVI157",660,"f","2/21/26"
"5063","gentle","cdi_words","2A","produces",NA,0,"161","2026-02-21 16:30:14","VVI157",660,"f","2/21/26"
"5064","think","cdi_words","2A","produces",NA,0,"161","2026-02-21 16:30:14","VVI157",660,"f","2/21/26"
"5065","wish","cdi_words","2A","produces",NA,0,"161","2026-02-21 16:30:14","VVI157",660,"f","2/21/26"
"5066","all gone","cdi_words","2A","produces",1,1,"161","2026-02-21 16:30:14","VVI157",660,"f","2/21/26"
"5067","cold","cdi_words","2A","produces",1,1,"161","2026-02-21 16:30:14","VVI157",660,"f","2/21/26"
"5068","fast","cdi_words","2A","produces",1,1,"161","2026-02-21 16:30:14","VVI157",660,"f","2/21/26"
"5069","happy","cdi_words","2A","produces",1,1,"161","2026-02-21 16:30:14","VVI157",660,"f","2/21/26"
"5070","hot","cdi_words","2A","produces",1,1,"161","2026-02-21 16:30:14","VVI157",660,"f","2/21/26"
"5071","last","cdi_words","2A","produces",NA,0,"161","2026-02-21 16:30:14","VVI157",660,"f","2/21/26"
"5072","tiny","cdi_words","2A","produces",1,1,"161","2026-02-21 16:30:14","VVI157",660,"f","2/21/26"
"5073","wet","cdi_words","2A","produces",1,1,"161","2026-02-21 16:30:14","VVI157",660,"f","2/21/26"
"5074","after","cdi_words","2A","produces",NA,0,"161","2026-02-21 16:30:14","VVI157",660,"f","2/21/26"
"5075","day","cdi_words","2A","produces",NA,0,"161","2026-02-21 16:30:14","VVI157",660,"f","2/21/26"
"5076","tonight","cdi_words","2A","produces",NA,0,"161","2026-02-21 16:30:14","VVI157",660,"f","2/21/26"
"5077","our","cdi_words","2A","produces",NA,0,"161","2026-02-21 16:30:14","VVI157",660,"f","2/21/26"
"5078","them","cdi_words","2A","produces",NA,0,"161","2026-02-21 16:30:14","VVI157",660,"f","2/21/26"
"5079","this","cdi_words","2A","produces",NA,0,"161","2026-02-21 16:30:14","VVI157",660,"f","2/21/26"
"5080","us","cdi_words","2A","produces",NA,0,"161","2026-02-21 16:30:14","VVI157",660,"f","2/21/26"
"5081","where","cdi_words","2A","produces",1,1,"161","2026-02-21 16:30:14","VVI157",660,"f","2/21/26"
"5082","beside","cdi_words","2A","produces",NA,0,"161","2026-02-21 16:30:14","VVI157",660,"f","2/21/26"
"5083","down","cdi_words","2A","produces",1,1,"161","2026-02-21 16:30:14","VVI157",660,"f","2/21/26"
"5084","under","cdi_words","2A","produces",NA,0,"161","2026-02-21 16:30:14","VVI157",660,"f","2/21/26"
"5085","all","cdi_words","2A","produces",NA,0,"161","2026-02-21 16:30:14","VVI157",660,"f","2/21/26"
"5086","much","cdi_words","2A","produces",NA,0,"161","2026-02-21 16:30:14","VVI157",660,"f","2/21/26"
"5087","could","cdi_words","2A","produces",NA,0,"161","2026-02-21 16:30:14","VVI157",660,"f","2/21/26"
"5088","need","cdi_words","2A","produces",NA,0,"161","2026-02-21 16:30:14","VVI157",660,"f","2/21/26"
"5089","would","cdi_words","2A","produces",NA,0,"161","2026-02-21 16:30:14","VVI157",660,"f","2/21/26"
"5090","if","cdi_words","2A","produces",NA,0,"161","2026-02-21 16:30:14","VVI157",660,"f","2/21/26"
"5091","sock","extra_words","2A","produces",NA,0,"123","2026-03-09 05:11:33","VVI154",630,"m","2/20/26"
"5092","bathtub","extra_words","2A","produces",NA,0,"123","2026-03-09 05:11:33","VVI154",630,"m","2/20/26"
"5093","shower","extra_words","2A","produces",NA,0,"123","2026-03-09 05:11:33","VVI154",630,"m","2/20/26"
"5094","balloon","extra_words","2A","produces",1,1,"123","2026-03-09 05:11:33","VVI154",630,"m","2/20/26"
"5095","dresser","extra_words","2A","produces",NA,0,"123","2026-03-09 05:11:33","VVI154",630,"m","2/20/26"
"5096","kite","extra_words","2A","produces",NA,0,"123","2026-03-09 05:11:33","VVI154",630,"m","2/20/26"
"5097","camel","extra_words","2A","produces",NA,0,"123","2026-03-09 05:11:33","VVI154",630,"m","2/20/26"
"5098","elephant","extra_words","2A","produces",1,1,"123","2026-03-09 05:11:33","VVI154",630,"m","2/20/26"
"5099","ladybug","extra_words","2A","produces",NA,0,"123","2026-03-09 05:11:33","VVI154",630,"m","2/20/26"
"5100","cloud","extra_words","2A","produces",NA,0,"123","2026-03-09 05:11:33","VVI154",630,"m","2/20/26"
"5101","tree","extra_words","2A","produces",NA,0,"123","2026-03-09 05:11:33","VVI154",630,"m","2/20/26"
"5102","zipper","extra_words","2A","produces",NA,0,"123","2026-03-09 05:11:33","VVI154",630,"m","2/20/26"
"5103","crow","extra_words","2A","produces",NA,0,"123","2026-03-09 05:11:33","VVI154",630,"m","2/20/26"
"5104","penguin","extra_words","2A","produces",NA,0,"123","2026-03-09 05:11:33","VVI154",630,"m","2/20/26"
"5105","seahorse","extra_words","2A","produces",NA,0,"123","2026-03-09 05:11:33","VVI154",630,"m","2/20/26"
"5106","duck","extra_words","2A","produces",NA,0,"123","2026-03-09 05:11:33","VVI154",630,"m","2/20/26"
"5107","chicken","extra_words","2A","produces",NA,0,"123","2026-03-09 05:11:33","VVI154",630,"m","2/20/26"
"5108","butterfly","extra_words","2A","produces",1,1,"123","2026-03-09 05:11:33","VVI154",630,"m","2/20/26"
"5109","lizard","extra_words","2A","produces",NA,0,"123","2026-03-09 05:11:33","VVI154",630,"m","2/20/26"
"5110","walrus","extra_words","2A","produces",NA,0,"123","2026-03-09 05:11:33","VVI154",630,"m","2/20/26"
"5111","snake","extra_words","2A","produces",NA,0,"123","2026-03-09 05:11:33","VVI154",630,"m","2/20/26"
"5112","truck","extra_words","2A","produces",NA,0,"123","2026-03-09 05:11:33","VVI154",630,"m","2/20/26"
"5113","car","extra_words","2A","produces",1,1,"123","2026-03-09 05:11:33","VVI154",630,"m","2/20/26"
"5114","airplane","extra_words","2A","produces",NA,0,"123","2026-03-09 05:11:33","VVI154",630,"m","2/20/26"
"5115","baa baa","cdi_words","2A","produces",1,1,"123","2026-03-09 05:11:33","VVI154",630,"m","2/20/26"
"5116","meow","cdi_words","2A","produces",1,1,"123","2026-03-09 05:11:33","VVI154",630,"m","2/20/26"
"5117","ouch","cdi_words","2A","produces",1,1,"123","2026-03-09 05:11:33","VVI154",630,"m","2/20/26"
"5118","uh oh","cdi_words","2A","produces",1,1,"123","2026-03-09 05:11:33","VVI154",630,"m","2/20/26"
"5119","woof woof","cdi_words","2A","produces",1,1,"123","2026-03-09 05:11:33","VVI154",630,"m","2/20/26"
"5120","bear","cdi_words","2A","produces",1,1,"123","2026-03-09 05:11:33","VVI154",630,"m","2/20/26"
"5121","bird","cdi_words","2A","produces",NA,0,"123","2026-03-09 05:11:33","VVI154",630,"m","2/20/26"
"5122","cat","cdi_words","2A","produces",1,1,"123","2026-03-09 05:11:33","VVI154",630,"m","2/20/26"
"5123","dog","cdi_words","2A","produces",1,1,"123","2026-03-09 05:11:33","VVI154",630,"m","2/20/26"
"5124","duck","cdi_words","2A","produces",1,1,"123","2026-03-09 05:11:33","VVI154",630,"m","2/20/26"
"5125","horse","cdi_words","2A","produces",1,1,"123","2026-03-09 05:11:33","VVI154",630,"m","2/20/26"
"5126","airplane","cdi_words","2A","produces",NA,0,"123","2026-03-09 05:11:33","VVI154",630,"m","2/20/26"
"5127","boat","cdi_words","2A","produces",NA,0,"123","2026-03-09 05:11:33","VVI154",630,"m","2/20/26"
"5128","car","cdi_words","2A","produces",1,1,"123","2026-03-09 05:11:33","VVI154",630,"m","2/20/26"
"5129","ball","cdi_words","2A","produces",1,1,"123","2026-03-09 05:11:33","VVI154",630,"m","2/20/26"
"5130","book","cdi_words","2A","produces",1,1,"123","2026-03-09 05:11:33","VVI154",630,"m","2/20/26"
"5131","game","cdi_words","2A","produces",NA,0,"123","2026-03-09 05:11:33","VVI154",630,"m","2/20/26"
"5132","applesauce","cdi_words","2A","produces",NA,0,"123","2026-03-09 05:11:33","VVI154",630,"m","2/20/26"
"5133","candy","cdi_words","2A","produces",NA,0,"123","2026-03-09 05:11:33","VVI154",630,"m","2/20/26"
"5134","coke","cdi_words","2A","produces",NA,0,"123","2026-03-09 05:11:33","VVI154",630,"m","2/20/26"
"5135","cracker","cdi_words","2A","produces",NA,0,"123","2026-03-09 05:11:33","VVI154",630,"m","2/20/26"
"5136","juice","cdi_words","2A","produces",NA,0,"123","2026-03-09 05:11:33","VVI154",630,"m","2/20/26"
"5137","meat","cdi_words","2A","produces",NA,0,"123","2026-03-09 05:11:33","VVI154",630,"m","2/20/26"
"5138","milk","cdi_words","2A","produces",1,1,"123","2026-03-09 05:11:33","VVI154",630,"m","2/20/26"
"5139","peas","cdi_words","2A","produces",1,1,"123","2026-03-09 05:11:33","VVI154",630,"m","2/20/26"
"5140","hat","cdi_words","2A","produces",NA,0,"123","2026-03-09 05:11:33","VVI154",630,"m","2/20/26"
"5141","necklace","cdi_words","2A","produces",NA,0,"123","2026-03-09 05:11:33","VVI154",630,"m","2/20/26"
"5142","shoe","cdi_words","2A","produces",1,1,"123","2026-03-09 05:11:33","VVI154",630,"m","2/20/26"
"5143","sock","cdi_words","2A","produces",NA,0,"123","2026-03-09 05:11:33","VVI154",630,"m","2/20/26"
"5144","chin","cdi_words","2A","produces",NA,0,"123","2026-03-09 05:11:33","VVI154",630,"m","2/20/26"
"5145","ear","cdi_words","2A","produces",1,1,"123","2026-03-09 05:11:33","VVI154",630,"m","2/20/26"
"5146","hand","cdi_words","2A","produces",1,1,"123","2026-03-09 05:11:33","VVI154",630,"m","2/20/26"
"5147","leg","cdi_words","2A","produces",1,1,"123","2026-03-09 05:11:33","VVI154",630,"m","2/20/26"
"5148","broom","cdi_words","2A","produces",NA,0,"123","2026-03-09 05:11:33","VVI154",630,"m","2/20/26"
"5149","comb","cdi_words","2A","produces",NA,0,"123","2026-03-09 05:11:33","VVI154",630,"m","2/20/26"
"5150","mop","cdi_words","2A","produces",NA,0,"123","2026-03-09 05:11:33","VVI154",630,"m","2/20/26"
"5151","plate","cdi_words","2A","produces",NA,0,"123","2026-03-09 05:11:33","VVI154",630,"m","2/20/26"
"5152","trash","cdi_words","2A","produces",NA,0,"123","2026-03-09 05:11:33","VVI154",630,"m","2/20/26"
"5153","tray","cdi_words","2A","produces",NA,0,"123","2026-03-09 05:11:33","VVI154",630,"m","2/20/26"
"5154","towel","cdi_words","2A","produces",NA,0,"123","2026-03-09 05:11:33","VVI154",630,"m","2/20/26"
"5155","bed","cdi_words","2A","produces",NA,0,"123","2026-03-09 05:11:33","VVI154",630,"m","2/20/26"
"5156","bedroom","cdi_words","2A","produces",NA,0,"123","2026-03-09 05:11:33","VVI154",630,"m","2/20/26"
"5157","bench","cdi_words","2A","produces",NA,0,"123","2026-03-09 05:11:33","VVI154",630,"m","2/20/26"
"5158","oven","cdi_words","2A","produces",NA,0,"123","2026-03-09 05:11:33","VVI154",630,"m","2/20/26"
"5159","stairs","cdi_words","2A","produces",NA,0,"123","2026-03-09 05:11:33","VVI154",630,"m","2/20/26"
"5160","flag","cdi_words","2A","produces",NA,0,"123","2026-03-09 05:11:33","VVI154",630,"m","2/20/26"
"5161","rain","cdi_words","2A","produces",NA,0,"123","2026-03-09 05:11:33","VVI154",630,"m","2/20/26"
"5162","star","cdi_words","2A","produces",NA,0,"123","2026-03-09 05:11:33","VVI154",630,"m","2/20/26"
"5163","swing","cdi_words","2A","produces",NA,0,"123","2026-03-09 05:11:33","VVI154",630,"m","2/20/26"
"5164","school","cdi_words","2A","produces",NA,0,"123","2026-03-09 05:11:33","VVI154",630,"m","2/20/26"
"5165","sky","cdi_words","2A","produces",NA,0,"123","2026-03-09 05:11:33","VVI154",630,"m","2/20/26"
"5166","party","cdi_words","2A","produces",NA,0,"123","2026-03-09 05:11:33","VVI154",630,"m","2/20/26"
"5167","friend","cdi_words","2A","produces",NA,0,"123","2026-03-09 05:11:33","VVI154",630,"m","2/20/26"
"5168","mommy","cdi_words","2A","produces",1,1,"123","2026-03-09 05:11:33","VVI154",630,"m","2/20/26"
"5169","person","cdi_words","2A","produces",NA,0,"123","2026-03-09 05:11:33","VVI154",630,"m","2/20/26"
"5170","bye","cdi_words","2A","produces",1,1,"123","2026-03-09 05:11:33","VVI154",630,"m","2/20/26"
"5171","hi","cdi_words","2A","produces",1,1,"123","2026-03-09 05:11:33","VVI154",630,"m","2/20/26"
"5172","no","cdi_words","2A","produces",1,1,"123","2026-03-09 05:11:33","VVI154",630,"m","2/20/26"
"5173","shopping","cdi_words","2A","produces",NA,0,"123","2026-03-09 05:11:33","VVI154",630,"m","2/20/26"
"5174","thank you","cdi_words","2A","produces",1,1,"123","2026-03-09 05:11:33","VVI154",630,"m","2/20/26"
"5175","carry","cdi_words","2A","produces",NA,0,"123","2026-03-09 05:11:33","VVI154",630,"m","2/20/26"
"5176","chase","cdi_words","2A","produces",NA,0,"123","2026-03-09 05:11:33","VVI154",630,"m","2/20/26"
"5177","dump","cdi_words","2A","produces",NA,0,"123","2026-03-09 05:11:33","VVI154",630,"m","2/20/26"
"5178","finish","cdi_words","2A","produces",NA,0,"123","2026-03-09 05:11:33","VVI154",630,"m","2/20/26"
"5179","fit","cdi_words","2A","produces",NA,0,"123","2026-03-09 05:11:33","VVI154",630,"m","2/20/26"
"5180","hug","cdi_words","2A","produces",1,1,"123","2026-03-09 05:11:33","VVI154",630,"m","2/20/26"
"5181","listen","cdi_words","2A","produces",NA,0,"123","2026-03-09 05:11:33","VVI154",630,"m","2/20/26"
"5182","like","cdi_words","2A","produces",NA,0,"123","2026-03-09 05:11:33","VVI154",630,"m","2/20/26"
"5183","pretend","cdi_words","2A","produces",NA,0,"123","2026-03-09 05:11:33","VVI154",630,"m","2/20/26"
"5184","rip","cdi_words","2A","produces",NA,0,"123","2026-03-09 05:11:33","VVI154",630,"m","2/20/26"
"5185","shake","cdi_words","2A","produces",NA,0,"123","2026-03-09 05:11:33","VVI154",630,"m","2/20/26"
"5186","taste","cdi_words","2A","produces",NA,0,"123","2026-03-09 05:11:33","VVI154",630,"m","2/20/26"
"5187","gentle","cdi_words","2A","produces",NA,0,"123","2026-03-09 05:11:33","VVI154",630,"m","2/20/26"
"5188","think","cdi_words","2A","produces",NA,0,"123","2026-03-09 05:11:33","VVI154",630,"m","2/20/26"
"5189","wish","cdi_words","2A","produces",NA,0,"123","2026-03-09 05:11:33","VVI154",630,"m","2/20/26"
"5190","all gone","cdi_words","2A","produces",1,1,"123","2026-03-09 05:11:33","VVI154",630,"m","2/20/26"
"5191","cold","cdi_words","2A","produces",NA,0,"123","2026-03-09 05:11:33","VVI154",630,"m","2/20/26"
"5192","fast","cdi_words","2A","produces",NA,0,"123","2026-03-09 05:11:33","VVI154",630,"m","2/20/26"
"5193","happy","cdi_words","2A","produces",NA,0,"123","2026-03-09 05:11:33","VVI154",630,"m","2/20/26"
"5194","hot","cdi_words","2A","produces",NA,0,"123","2026-03-09 05:11:33","VVI154",630,"m","2/20/26"
"5195","last","cdi_words","2A","produces",NA,0,"123","2026-03-09 05:11:33","VVI154",630,"m","2/20/26"
"5196","tiny","cdi_words","2A","produces",NA,0,"123","2026-03-09 05:11:33","VVI154",630,"m","2/20/26"
"5197","wet","cdi_words","2A","produces",NA,0,"123","2026-03-09 05:11:33","VVI154",630,"m","2/20/26"
"5198","after","cdi_words","2A","produces",NA,0,"123","2026-03-09 05:11:33","VVI154",630,"m","2/20/26"
"5199","day","cdi_words","2A","produces",NA,0,"123","2026-03-09 05:11:33","VVI154",630,"m","2/20/26"
"5200","tonight","cdi_words","2A","produces",NA,0,"123","2026-03-09 05:11:33","VVI154",630,"m","2/20/26"
"5201","our","cdi_words","2A","produces",NA,0,"123","2026-03-09 05:11:33","VVI154",630,"m","2/20/26"
"5202","them","cdi_words","2A","produces",NA,0,"123","2026-03-09 05:11:33","VVI154",630,"m","2/20/26"
"5203","this","cdi_words","2A","produces",NA,0,"123","2026-03-09 05:11:33","VVI154",630,"m","2/20/26"
"5204","us","cdi_words","2A","produces",NA,0,"123","2026-03-09 05:11:33","VVI154",630,"m","2/20/26"
"5205","where","cdi_words","2A","produces",NA,0,"123","2026-03-09 05:11:33","VVI154",630,"m","2/20/26"
"5206","beside","cdi_words","2A","produces",NA,0,"123","2026-03-09 05:11:33","VVI154",630,"m","2/20/26"
"5207","down","cdi_words","2A","produces",1,1,"123","2026-03-09 05:11:33","VVI154",630,"m","2/20/26"
"5208","under","cdi_words","2A","produces",NA,0,"123","2026-03-09 05:11:33","VVI154",630,"m","2/20/26"
"5209","all","cdi_words","2A","produces",NA,0,"123","2026-03-09 05:11:33","VVI154",630,"m","2/20/26"
"5210","much","cdi_words","2A","produces",NA,0,"123","2026-03-09 05:11:33","VVI154",630,"m","2/20/26"
"5211","could","cdi_words","2A","produces",NA,0,"123","2026-03-09 05:11:33","VVI154",630,"m","2/20/26"
"5212","need","cdi_words","2A","produces",NA,0,"123","2026-03-09 05:11:33","VVI154",630,"m","2/20/26"
"5213","would","cdi_words","2A","produces",NA,0,"123","2026-03-09 05:11:33","VVI154",630,"m","2/20/26"
"5214","if","cdi_words","2A","produces",NA,0,"123","2026-03-09 05:11:33","VVI154",630,"m","2/20/26"
"5215","sock","extra_words","2A","produces",1,1,"296","2026-04-28 17:33:28","VVI200",630,"f","4/23/26"
"5216","bathtub","extra_words","2A","produces",NA,0,"296","2026-04-28 17:33:28","VVI200",630,"f","4/23/26"
"5217","shower","extra_words","2A","produces",NA,0,"296","2026-04-28 17:33:28","VVI200",630,"f","4/23/26"
"5218","balloon","extra_words","2A","produces",1,1,"296","2026-04-28 17:33:28","VVI200",630,"f","4/23/26"
"5219","dresser","extra_words","2A","produces",NA,0,"296","2026-04-28 17:33:28","VVI200",630,"f","4/23/26"
"5220","kite","extra_words","2A","produces",NA,0,"296","2026-04-28 17:33:28","VVI200",630,"f","4/23/26"
"5221","camel","extra_words","2A","produces",NA,0,"296","2026-04-28 17:33:28","VVI200",630,"f","4/23/26"
"5222","elephant","extra_words","2A","produces",1,1,"296","2026-04-28 17:33:28","VVI200",630,"f","4/23/26"
"5223","ladybug","extra_words","2A","produces",NA,0,"296","2026-04-28 17:33:28","VVI200",630,"f","4/23/26"
"5224","cloud","extra_words","2A","produces",1,1,"296","2026-04-28 17:33:28","VVI200",630,"f","4/23/26"
"5225","tree","extra_words","2A","produces",1,1,"296","2026-04-28 17:33:28","VVI200",630,"f","4/23/26"
"5226","zipper","extra_words","2A","produces",1,1,"296","2026-04-28 17:33:28","VVI200",630,"f","4/23/26"
"5227","crow","extra_words","2A","produces",NA,0,"296","2026-04-28 17:33:28","VVI200",630,"f","4/23/26"
"5228","penguin","extra_words","2A","produces",1,1,"296","2026-04-28 17:33:28","VVI200",630,"f","4/23/26"
"5229","seahorse","extra_words","2A","produces",1,1,"296","2026-04-28 17:33:28","VVI200",630,"f","4/23/26"
"5230","duck","extra_words","2A","produces",1,1,"296","2026-04-28 17:33:28","VVI200",630,"f","4/23/26"
"5231","chicken","extra_words","2A","produces",1,1,"296","2026-04-28 17:33:28","VVI200",630,"f","4/23/26"
"5232","butterfly","extra_words","2A","produces",1,1,"296","2026-04-28 17:33:28","VVI200",630,"f","4/23/26"
"5233","lizard","extra_words","2A","produces",NA,0,"296","2026-04-28 17:33:28","VVI200",630,"f","4/23/26"
"5234","walrus","extra_words","2A","produces",1,1,"296","2026-04-28 17:33:28","VVI200",630,"f","4/23/26"
"5235","snake","extra_words","2A","produces",1,1,"296","2026-04-28 17:33:28","VVI200",630,"f","4/23/26"
"5236","truck","extra_words","2A","produces",1,1,"296","2026-04-28 17:33:28","VVI200",630,"f","4/23/26"
"5237","car","extra_words","2A","produces",1,1,"296","2026-04-28 17:33:28","VVI200",630,"f","4/23/26"
"5238","airplane","extra_words","2A","produces",1,1,"296","2026-04-28 17:33:28","VVI200",630,"f","4/23/26"
"5239","baa baa","cdi_words","2A","produces",1,1,"296","2026-04-28 17:33:28","VVI200",630,"f","4/23/26"
"5240","meow","cdi_words","2A","produces",1,1,"296","2026-04-28 17:33:28","VVI200",630,"f","4/23/26"
"5241","ouch","cdi_words","2A","produces",1,1,"296","2026-04-28 17:33:28","VVI200",630,"f","4/23/26"
"5242","uh oh","cdi_words","2A","produces",1,1,"296","2026-04-28 17:33:28","VVI200",630,"f","4/23/26"
"5243","woof woof","cdi_words","2A","produces",1,1,"296","2026-04-28 17:33:28","VVI200",630,"f","4/23/26"
"5244","bear","cdi_words","2A","produces",1,1,"296","2026-04-28 17:33:28","VVI200",630,"f","4/23/26"
"5245","bird","cdi_words","2A","produces",1,1,"296","2026-04-28 17:33:28","VVI200",630,"f","4/23/26"
"5246","cat","cdi_words","2A","produces",1,1,"296","2026-04-28 17:33:28","VVI200",630,"f","4/23/26"
"5247","dog","cdi_words","2A","produces",1,1,"296","2026-04-28 17:33:28","VVI200",630,"f","4/23/26"
"5248","duck","cdi_words","2A","produces",1,1,"296","2026-04-28 17:33:28","VVI200",630,"f","4/23/26"
"5249","horse","cdi_words","2A","produces",1,1,"296","2026-04-28 17:33:28","VVI200",630,"f","4/23/26"
"5250","airplane","cdi_words","2A","produces",1,1,"296","2026-04-28 17:33:28","VVI200",630,"f","4/23/26"
"5251","boat","cdi_words","2A","produces",1,1,"296","2026-04-28 17:33:28","VVI200",630,"f","4/23/26"
"5252","car","cdi_words","2A","produces",1,1,"296","2026-04-28 17:33:28","VVI200",630,"f","4/23/26"
"5253","ball","cdi_words","2A","produces",1,1,"296","2026-04-28 17:33:28","VVI200",630,"f","4/23/26"
"5254","book","cdi_words","2A","produces",1,1,"296","2026-04-28 17:33:28","VVI200",630,"f","4/23/26"
"5255","game","cdi_words","2A","produces",NA,0,"296","2026-04-28 17:33:28","VVI200",630,"f","4/23/26"
"5256","applesauce","cdi_words","2A","produces",1,1,"296","2026-04-28 17:33:28","VVI200",630,"f","4/23/26"
"5257","candy","cdi_words","2A","produces",NA,0,"296","2026-04-28 17:33:28","VVI200",630,"f","4/23/26"
"5258","coke","cdi_words","2A","produces",NA,0,"296","2026-04-28 17:33:28","VVI200",630,"f","4/23/26"
"5259","cracker","cdi_words","2A","produces",1,1,"296","2026-04-28 17:33:28","VVI200",630,"f","4/23/26"
"5260","juice","cdi_words","2A","produces",1,1,"296","2026-04-28 17:33:28","VVI200",630,"f","4/23/26"
"5261","meat","cdi_words","2A","produces",NA,0,"296","2026-04-28 17:33:28","VVI200",630,"f","4/23/26"
"5262","milk","cdi_words","2A","produces",1,1,"296","2026-04-28 17:33:28","VVI200",630,"f","4/23/26"
"5263","peas","cdi_words","2A","produces",NA,0,"296","2026-04-28 17:33:28","VVI200",630,"f","4/23/26"
"5264","hat","cdi_words","2A","produces",1,1,"296","2026-04-28 17:33:28","VVI200",630,"f","4/23/26"
"5265","necklace","cdi_words","2A","produces",NA,0,"296","2026-04-28 17:33:28","VVI200",630,"f","4/23/26"
"5266","shoe","cdi_words","2A","produces",1,1,"296","2026-04-28 17:33:28","VVI200",630,"f","4/23/26"
"5267","sock","cdi_words","2A","produces",1,1,"296","2026-04-28 17:33:28","VVI200",630,"f","4/23/26"
"5268","chin","cdi_words","2A","produces",1,1,"296","2026-04-28 17:33:28","VVI200",630,"f","4/23/26"
"5269","ear","cdi_words","2A","produces",1,1,"296","2026-04-28 17:33:28","VVI200",630,"f","4/23/26"
"5270","hand","cdi_words","2A","produces",1,1,"296","2026-04-28 17:33:28","VVI200",630,"f","4/23/26"
"5271","leg","cdi_words","2A","produces",1,1,"296","2026-04-28 17:33:28","VVI200",630,"f","4/23/26"
"5272","broom","cdi_words","2A","produces",NA,0,"296","2026-04-28 17:33:28","VVI200",630,"f","4/23/26"
"5273","comb","cdi_words","2A","produces",NA,0,"296","2026-04-28 17:33:28","VVI200",630,"f","4/23/26"
"5274","mop","cdi_words","2A","produces",NA,0,"296","2026-04-28 17:33:28","VVI200",630,"f","4/23/26"
"5275","plate","cdi_words","2A","produces",1,1,"296","2026-04-28 17:33:28","VVI200",630,"f","4/23/26"
"5276","trash","cdi_words","2A","produces",1,1,"296","2026-04-28 17:33:28","VVI200",630,"f","4/23/26"
"5277","tray","cdi_words","2A","produces",NA,0,"296","2026-04-28 17:33:28","VVI200",630,"f","4/23/26"
"5278","towel","cdi_words","2A","produces",1,1,"296","2026-04-28 17:33:28","VVI200",630,"f","4/23/26"
"5279","bed","cdi_words","2A","produces",1,1,"296","2026-04-28 17:33:28","VVI200",630,"f","4/23/26"
"5280","bedroom","cdi_words","2A","produces",NA,0,"296","2026-04-28 17:33:28","VVI200",630,"f","4/23/26"
"5281","bench","cdi_words","2A","produces",NA,0,"296","2026-04-28 17:33:28","VVI200",630,"f","4/23/26"
"5282","oven","cdi_words","2A","produces",NA,0,"296","2026-04-28 17:33:28","VVI200",630,"f","4/23/26"
"5283","stairs","cdi_words","2A","produces",1,1,"296","2026-04-28 17:33:28","VVI200",630,"f","4/23/26"
"5284","flag","cdi_words","2A","produces",NA,0,"296","2026-04-28 17:33:28","VVI200",630,"f","4/23/26"
"5285","rain","cdi_words","2A","produces",NA,0,"296","2026-04-28 17:33:28","VVI200",630,"f","4/23/26"
"5286","star","cdi_words","2A","produces",1,1,"296","2026-04-28 17:33:28","VVI200",630,"f","4/23/26"
"5287","swing","cdi_words","2A","produces",1,1,"296","2026-04-28 17:33:28","VVI200",630,"f","4/23/26"
"5288","school","cdi_words","2A","produces",1,1,"296","2026-04-28 17:33:28","VVI200",630,"f","4/23/26"
"5289","sky","cdi_words","2A","produces",1,1,"296","2026-04-28 17:33:28","VVI200",630,"f","4/23/26"
"5290","party","cdi_words","2A","produces",NA,0,"296","2026-04-28 17:33:28","VVI200",630,"f","4/23/26"
"5291","friend","cdi_words","2A","produces",NA,0,"296","2026-04-28 17:33:28","VVI200",630,"f","4/23/26"
"5292","mommy","cdi_words","2A","produces",1,1,"296","2026-04-28 17:33:28","VVI200",630,"f","4/23/26"
"5293","person","cdi_words","2A","produces",NA,0,"296","2026-04-28 17:33:28","VVI200",630,"f","4/23/26"
"5294","bye","cdi_words","2A","produces",1,1,"296","2026-04-28 17:33:28","VVI200",630,"f","4/23/26"
"5295","hi","cdi_words","2A","produces",1,1,"296","2026-04-28 17:33:28","VVI200",630,"f","4/23/26"
"5296","no","cdi_words","2A","produces",1,1,"296","2026-04-28 17:33:28","VVI200",630,"f","4/23/26"
"5297","shopping","cdi_words","2A","produces",NA,0,"296","2026-04-28 17:33:28","VVI200",630,"f","4/23/26"
"5298","thank you","cdi_words","2A","produces",1,1,"296","2026-04-28 17:33:28","VVI200",630,"f","4/23/26"
"5299","carry","cdi_words","2A","produces",1,1,"296","2026-04-28 17:33:28","VVI200",630,"f","4/23/26"
"5300","chase","cdi_words","2A","produces",NA,0,"296","2026-04-28 17:33:28","VVI200",630,"f","4/23/26"
"5301","dump","cdi_words","2A","produces",NA,0,"296","2026-04-28 17:33:28","VVI200",630,"f","4/23/26"
"5302","finish","cdi_words","2A","produces",NA,0,"296","2026-04-28 17:33:28","VVI200",630,"f","4/23/26"
"5303","fit","cdi_words","2A","produces",NA,0,"296","2026-04-28 17:33:28","VVI200",630,"f","4/23/26"
"5304","hug","cdi_words","2A","produces",1,1,"296","2026-04-28 17:33:28","VVI200",630,"f","4/23/26"
"5305","listen","cdi_words","2A","produces",1,1,"296","2026-04-28 17:33:28","VVI200",630,"f","4/23/26"
"5306","like","cdi_words","2A","produces",1,1,"296","2026-04-28 17:33:28","VVI200",630,"f","4/23/26"
"5307","pretend","cdi_words","2A","produces",NA,0,"296","2026-04-28 17:33:28","VVI200",630,"f","4/23/26"
"5308","rip","cdi_words","2A","produces",NA,0,"296","2026-04-28 17:33:28","VVI200",630,"f","4/23/26"
"5309","shake","cdi_words","2A","produces",1,1,"296","2026-04-28 17:33:28","VVI200",630,"f","4/23/26"
"5310","taste","cdi_words","2A","produces",NA,0,"296","2026-04-28 17:33:28","VVI200",630,"f","4/23/26"
"5311","gentle","cdi_words","2A","produces",1,1,"296","2026-04-28 17:33:28","VVI200",630,"f","4/23/26"
"5312","think","cdi_words","2A","produces",NA,0,"296","2026-04-28 17:33:28","VVI200",630,"f","4/23/26"
"5313","wish","cdi_words","2A","produces",NA,0,"296","2026-04-28 17:33:28","VVI200",630,"f","4/23/26"
"5314","all gone","cdi_words","2A","produces",1,1,"296","2026-04-28 17:33:28","VVI200",630,"f","4/23/26"
"5315","cold","cdi_words","2A","produces",1,1,"296","2026-04-28 17:33:28","VVI200",630,"f","4/23/26"
"5316","fast","cdi_words","2A","produces",1,1,"296","2026-04-28 17:33:28","VVI200",630,"f","4/23/26"
"5317","happy","cdi_words","2A","produces",1,1,"296","2026-04-28 17:33:28","VVI200",630,"f","4/23/26"
"5318","hot","cdi_words","2A","produces",1,1,"296","2026-04-28 17:33:28","VVI200",630,"f","4/23/26"
"5319","last","cdi_words","2A","produces",1,1,"296","2026-04-28 17:33:28","VVI200",630,"f","4/23/26"
"5320","tiny","cdi_words","2A","produces",NA,0,"296","2026-04-28 17:33:28","VVI200",630,"f","4/23/26"
"5321","wet","cdi_words","2A","produces",1,1,"296","2026-04-28 17:33:28","VVI200",630,"f","4/23/26"
"5322","after","cdi_words","2A","produces",NA,0,"296","2026-04-28 17:33:28","VVI200",630,"f","4/23/26"
"5323","day","cdi_words","2A","produces",NA,0,"296","2026-04-28 17:33:28","VVI200",630,"f","4/23/26"
"5324","tonight","cdi_words","2A","produces",NA,0,"296","2026-04-28 17:33:28","VVI200",630,"f","4/23/26"
"5325","our","cdi_words","2A","produces",NA,0,"296","2026-04-28 17:33:28","VVI200",630,"f","4/23/26"
"5326","them","cdi_words","2A","produces",NA,0,"296","2026-04-28 17:33:28","VVI200",630,"f","4/23/26"
"5327","this","cdi_words","2A","produces",NA,0,"296","2026-04-28 17:33:28","VVI200",630,"f","4/23/26"
"5328","us","cdi_words","2A","produces",NA,0,"296","2026-04-28 17:33:28","VVI200",630,"f","4/23/26"
"5329","where","cdi_words","2A","produces",1,1,"296","2026-04-28 17:33:28","VVI200",630,"f","4/23/26"
"5330","beside","cdi_words","2A","produces",NA,0,"296","2026-04-28 17:33:28","VVI200",630,"f","4/23/26"
"5331","down","cdi_words","2A","produces",1,1,"296","2026-04-28 17:33:28","VVI200",630,"f","4/23/26"
"5332","under","cdi_words","2A","produces",NA,0,"296","2026-04-28 17:33:28","VVI200",630,"f","4/23/26"
"5333","all","cdi_words","2A","produces",1,1,"296","2026-04-28 17:33:28","VVI200",630,"f","4/23/26"
"5334","much","cdi_words","2A","produces",NA,0,"296","2026-04-28 17:33:28","VVI200",630,"f","4/23/26"
"5335","could","cdi_words","2A","produces",NA,0,"296","2026-04-28 17:33:28","VVI200",630,"f","4/23/26"
"5336","need","cdi_words","2A","produces",NA,0,"296","2026-04-28 17:33:28","VVI200",630,"f","4/23/26"
"5337","would","cdi_words","2A","produces",NA,0,"296","2026-04-28 17:33:28","VVI200",630,"f","4/23/26"
"5338","if","cdi_words","2A","produces",NA,0,"296","2026-04-28 17:33:28","VVI200",630,"f","4/23/26"
"5339","sock","extra_words","2A","produces",NA,0,"99","2026-04-08 09:55:56","VVI170",720,"f","3/26/03"
"5340","bathtub","extra_words","2A","produces",NA,0,"99","2026-04-08 09:55:56","VVI170",720,"f","3/26/03"
"5341","shower","extra_words","2A","produces",NA,0,"99","2026-04-08 09:55:56","VVI170",720,"f","3/26/03"
"5342","balloon","extra_words","2A","produces",1,1,"99","2026-04-08 09:55:56","VVI170",720,"f","3/26/03"
"5343","dresser","extra_words","2A","produces",NA,0,"99","2026-04-08 09:55:56","VVI170",720,"f","3/26/03"
"5344","kite","extra_words","2A","produces",NA,0,"99","2026-04-08 09:55:56","VVI170",720,"f","3/26/03"
"5345","camel","extra_words","2A","produces",NA,0,"99","2026-04-08 09:55:56","VVI170",720,"f","3/26/03"
"5346","elephant","extra_words","2A","produces",NA,0,"99","2026-04-08 09:55:56","VVI170",720,"f","3/26/03"
"5347","ladybug","extra_words","2A","produces",NA,0,"99","2026-04-08 09:55:56","VVI170",720,"f","3/26/03"
"5348","cloud","extra_words","2A","produces",NA,0,"99","2026-04-08 09:55:56","VVI170",720,"f","3/26/03"
"5349","tree","extra_words","2A","produces",1,1,"99","2026-04-08 09:55:56","VVI170",720,"f","3/26/03"
"5350","zipper","extra_words","2A","produces",NA,0,"99","2026-04-08 09:55:56","VVI170",720,"f","3/26/03"
"5351","crow","extra_words","2A","produces",NA,0,"99","2026-04-08 09:55:56","VVI170",720,"f","3/26/03"
"5352","penguin","extra_words","2A","produces",NA,0,"99","2026-04-08 09:55:56","VVI170",720,"f","3/26/03"
"5353","seahorse","extra_words","2A","produces",NA,0,"99","2026-04-08 09:55:56","VVI170",720,"f","3/26/03"
"5354","duck","extra_words","2A","produces",NA,0,"99","2026-04-08 09:55:56","VVI170",720,"f","3/26/03"
"5355","chicken","extra_words","2A","produces",NA,0,"99","2026-04-08 09:55:56","VVI170",720,"f","3/26/03"
"5356","butterfly","extra_words","2A","produces",NA,0,"99","2026-04-08 09:55:56","VVI170",720,"f","3/26/03"
"5357","lizard","extra_words","2A","produces",NA,0,"99","2026-04-08 09:55:56","VVI170",720,"f","3/26/03"
"5358","walrus","extra_words","2A","produces",NA,0,"99","2026-04-08 09:55:56","VVI170",720,"f","3/26/03"
"5359","snake","extra_words","2A","produces",NA,0,"99","2026-04-08 09:55:56","VVI170",720,"f","3/26/03"
"5360","truck","extra_words","2A","produces",NA,0,"99","2026-04-08 09:55:56","VVI170",720,"f","3/26/03"
"5361","car","extra_words","2A","produces",NA,0,"99","2026-04-08 09:55:56","VVI170",720,"f","3/26/03"
"5362","airplane","extra_words","2A","produces",NA,0,"99","2026-04-08 09:55:56","VVI170",720,"f","3/26/03"
"5363","baa baa","cdi_words","2A","produces",NA,0,"99","2026-04-08 09:55:56","VVI170",720,"f","3/26/03"
"5364","meow","cdi_words","2A","produces",1,1,"99","2026-04-08 09:55:56","VVI170",720,"f","3/26/03"
"5365","ouch","cdi_words","2A","produces",1,1,"99","2026-04-08 09:55:56","VVI170",720,"f","3/26/03"
"5366","uh oh","cdi_words","2A","produces",1,1,"99","2026-04-08 09:55:56","VVI170",720,"f","3/26/03"
"5367","woof woof","cdi_words","2A","produces",1,1,"99","2026-04-08 09:55:56","VVI170",720,"f","3/26/03"
"5368","bear","cdi_words","2A","produces",NA,0,"99","2026-04-08 09:55:56","VVI170",720,"f","3/26/03"
"5369","bird","cdi_words","2A","produces",NA,0,"99","2026-04-08 09:55:56","VVI170",720,"f","3/26/03"
"5370","cat","cdi_words","2A","produces",1,1,"99","2026-04-08 09:55:56","VVI170",720,"f","3/26/03"
"5371","dog","cdi_words","2A","produces",1,1,"99","2026-04-08 09:55:56","VVI170",720,"f","3/26/03"
"5372","duck","cdi_words","2A","produces",NA,0,"99","2026-04-08 09:55:56","VVI170",720,"f","3/26/03"
"5373","horse","cdi_words","2A","produces",NA,0,"99","2026-04-08 09:55:56","VVI170",720,"f","3/26/03"
"5374","airplane","cdi_words","2A","produces",NA,0,"99","2026-04-08 09:55:56","VVI170",720,"f","3/26/03"
"5375","boat","cdi_words","2A","produces",NA,0,"99","2026-04-08 09:55:56","VVI170",720,"f","3/26/03"
"5376","car","cdi_words","2A","produces",NA,0,"99","2026-04-08 09:55:56","VVI170",720,"f","3/26/03"
"5377","ball","cdi_words","2A","produces",1,1,"99","2026-04-08 09:55:56","VVI170",720,"f","3/26/03"
"5378","book","cdi_words","2A","produces",1,1,"99","2026-04-08 09:55:56","VVI170",720,"f","3/26/03"
"5379","game","cdi_words","2A","produces",NA,0,"99","2026-04-08 09:55:56","VVI170",720,"f","3/26/03"
"5380","applesauce","cdi_words","2A","produces",NA,0,"99","2026-04-08 09:55:56","VVI170",720,"f","3/26/03"
"5381","candy","cdi_words","2A","produces",NA,0,"99","2026-04-08 09:55:56","VVI170",720,"f","3/26/03"
"5382","coke","cdi_words","2A","produces",NA,0,"99","2026-04-08 09:55:56","VVI170",720,"f","3/26/03"
"5383","cracker","cdi_words","2A","produces",NA,0,"99","2026-04-08 09:55:56","VVI170",720,"f","3/26/03"
"5384","juice","cdi_words","2A","produces",1,1,"99","2026-04-08 09:55:56","VVI170",720,"f","3/26/03"
"5385","meat","cdi_words","2A","produces",NA,0,"99","2026-04-08 09:55:56","VVI170",720,"f","3/26/03"
"5386","milk","cdi_words","2A","produces",1,1,"99","2026-04-08 09:55:56","VVI170",720,"f","3/26/03"
"5387","peas","cdi_words","2A","produces",NA,0,"99","2026-04-08 09:55:56","VVI170",720,"f","3/26/03"
"5388","hat","cdi_words","2A","produces",1,1,"99","2026-04-08 09:55:56","VVI170",720,"f","3/26/03"
"5389","necklace","cdi_words","2A","produces",NA,0,"99","2026-04-08 09:55:56","VVI170",720,"f","3/26/03"
"5390","shoe","cdi_words","2A","produces",NA,0,"99","2026-04-08 09:55:56","VVI170",720,"f","3/26/03"
"5391","sock","cdi_words","2A","produces",NA,0,"99","2026-04-08 09:55:56","VVI170",720,"f","3/26/03"
"5392","chin","cdi_words","2A","produces",NA,0,"99","2026-04-08 09:55:56","VVI170",720,"f","3/26/03"
"5393","ear","cdi_words","2A","produces",NA,0,"99","2026-04-08 09:55:56","VVI170",720,"f","3/26/03"
"5394","hand","cdi_words","2A","produces",NA,0,"99","2026-04-08 09:55:56","VVI170",720,"f","3/26/03"
"5395","leg","cdi_words","2A","produces",NA,0,"99","2026-04-08 09:55:56","VVI170",720,"f","3/26/03"
"5396","broom","cdi_words","2A","produces",NA,0,"99","2026-04-08 09:55:56","VVI170",720,"f","3/26/03"
"5397","comb","cdi_words","2A","produces",NA,0,"99","2026-04-08 09:55:56","VVI170",720,"f","3/26/03"
"5398","mop","cdi_words","2A","produces",NA,0,"99","2026-04-08 09:55:56","VVI170",720,"f","3/26/03"
"5399","plate","cdi_words","2A","produces",NA,0,"99","2026-04-08 09:55:56","VVI170",720,"f","3/26/03"
"5400","trash","cdi_words","2A","produces",NA,0,"99","2026-04-08 09:55:56","VVI170",720,"f","3/26/03"
"5401","tray","cdi_words","2A","produces",NA,0,"99","2026-04-08 09:55:56","VVI170",720,"f","3/26/03"
"5402","towel","cdi_words","2A","produces",NA,0,"99","2026-04-08 09:55:56","VVI170",720,"f","3/26/03"
"5403","bed","cdi_words","2A","produces",NA,0,"99","2026-04-08 09:55:56","VVI170",720,"f","3/26/03"
"5404","bedroom","cdi_words","2A","produces",NA,0,"99","2026-04-08 09:55:56","VVI170",720,"f","3/26/03"
"5405","bench","cdi_words","2A","produces",NA,0,"99","2026-04-08 09:55:56","VVI170",720,"f","3/26/03"
"5406","oven","cdi_words","2A","produces",NA,0,"99","2026-04-08 09:55:56","VVI170",720,"f","3/26/03"
"5407","stairs","cdi_words","2A","produces",NA,0,"99","2026-04-08 09:55:56","VVI170",720,"f","3/26/03"
"5408","flag","cdi_words","2A","produces",NA,0,"99","2026-04-08 09:55:56","VVI170",720,"f","3/26/03"
"5409","rain","cdi_words","2A","produces",NA,0,"99","2026-04-08 09:55:56","VVI170",720,"f","3/26/03"
"5410","star","cdi_words","2A","produces",NA,0,"99","2026-04-08 09:55:56","VVI170",720,"f","3/26/03"
"5411","swing","cdi_words","2A","produces",NA,0,"99","2026-04-08 09:55:56","VVI170",720,"f","3/26/03"
"5412","school","cdi_words","2A","produces",NA,0,"99","2026-04-08 09:55:56","VVI170",720,"f","3/26/03"
"5413","sky","cdi_words","2A","produces",NA,0,"99","2026-04-08 09:55:56","VVI170",720,"f","3/26/03"
"5414","party","cdi_words","2A","produces",NA,0,"99","2026-04-08 09:55:56","VVI170",720,"f","3/26/03"
"5415","friend","cdi_words","2A","produces",NA,0,"99","2026-04-08 09:55:56","VVI170",720,"f","3/26/03"
"5416","mommy","cdi_words","2A","produces",1,1,"99","2026-04-08 09:55:56","VVI170",720,"f","3/26/03"
"5417","person","cdi_words","2A","produces",NA,0,"99","2026-04-08 09:55:56","VVI170",720,"f","3/26/03"
"5418","bye","cdi_words","2A","produces",1,1,"99","2026-04-08 09:55:56","VVI170",720,"f","3/26/03"
"5419","hi","cdi_words","2A","produces",1,1,"99","2026-04-08 09:55:56","VVI170",720,"f","3/26/03"
"5420","no","cdi_words","2A","produces",NA,0,"99","2026-04-08 09:55:56","VVI170",720,"f","3/26/03"
"5421","shopping","cdi_words","2A","produces",NA,0,"99","2026-04-08 09:55:56","VVI170",720,"f","3/26/03"
"5422","thank you","cdi_words","2A","produces",NA,0,"99","2026-04-08 09:55:56","VVI170",720,"f","3/26/03"
"5423","carry","cdi_words","2A","produces",NA,0,"99","2026-04-08 09:55:56","VVI170",720,"f","3/26/03"
"5424","chase","cdi_words","2A","produces",NA,0,"99","2026-04-08 09:55:56","VVI170",720,"f","3/26/03"
"5425","dump","cdi_words","2A","produces",NA,0,"99","2026-04-08 09:55:56","VVI170",720,"f","3/26/03"
"5426","finish","cdi_words","2A","produces",NA,0,"99","2026-04-08 09:55:56","VVI170",720,"f","3/26/03"
"5427","fit","cdi_words","2A","produces",NA,0,"99","2026-04-08 09:55:56","VVI170",720,"f","3/26/03"
"5428","hug","cdi_words","2A","produces",NA,0,"99","2026-04-08 09:55:56","VVI170",720,"f","3/26/03"
"5429","listen","cdi_words","2A","produces",NA,0,"99","2026-04-08 09:55:56","VVI170",720,"f","3/26/03"
"5430","like","cdi_words","2A","produces",NA,0,"99","2026-04-08 09:55:56","VVI170",720,"f","3/26/03"
"5431","pretend","cdi_words","2A","produces",NA,0,"99","2026-04-08 09:55:56","VVI170",720,"f","3/26/03"
"5432","rip","cdi_words","2A","produces",NA,0,"99","2026-04-08 09:55:56","VVI170",720,"f","3/26/03"
"5433","shake","cdi_words","2A","produces",NA,0,"99","2026-04-08 09:55:56","VVI170",720,"f","3/26/03"
"5434","taste","cdi_words","2A","produces",NA,0,"99","2026-04-08 09:55:56","VVI170",720,"f","3/26/03"
"5435","gentle","cdi_words","2A","produces",NA,0,"99","2026-04-08 09:55:56","VVI170",720,"f","3/26/03"
"5436","think","cdi_words","2A","produces",NA,0,"99","2026-04-08 09:55:56","VVI170",720,"f","3/26/03"
"5437","wish","cdi_words","2A","produces",NA,0,"99","2026-04-08 09:55:56","VVI170",720,"f","3/26/03"
"5438","all gone","cdi_words","2A","produces",NA,0,"99","2026-04-08 09:55:56","VVI170",720,"f","3/26/03"
"5439","cold","cdi_words","2A","produces",NA,0,"99","2026-04-08 09:55:56","VVI170",720,"f","3/26/03"
"5440","fast","cdi_words","2A","produces",NA,0,"99","2026-04-08 09:55:56","VVI170",720,"f","3/26/03"
"5441","happy","cdi_words","2A","produces",NA,0,"99","2026-04-08 09:55:56","VVI170",720,"f","3/26/03"
"5442","hot","cdi_words","2A","produces",1,1,"99","2026-04-08 09:55:56","VVI170",720,"f","3/26/03"
"5443","last","cdi_words","2A","produces",NA,0,"99","2026-04-08 09:55:56","VVI170",720,"f","3/26/03"
"5444","tiny","cdi_words","2A","produces",NA,0,"99","2026-04-08 09:55:56","VVI170",720,"f","3/26/03"
"5445","wet","cdi_words","2A","produces",NA,0,"99","2026-04-08 09:55:56","VVI170",720,"f","3/26/03"
"5446","after","cdi_words","2A","produces",NA,0,"99","2026-04-08 09:55:56","VVI170",720,"f","3/26/03"
"5447","day","cdi_words","2A","produces",NA,0,"99","2026-04-08 09:55:56","VVI170",720,"f","3/26/03"
"5448","tonight","cdi_words","2A","produces",NA,0,"99","2026-04-08 09:55:56","VVI170",720,"f","3/26/03"
"5449","our","cdi_words","2A","produces",NA,0,"99","2026-04-08 09:55:56","VVI170",720,"f","3/26/03"
"5450","them","cdi_words","2A","produces",NA,0,"99","2026-04-08 09:55:56","VVI170",720,"f","3/26/03"
"5451","this","cdi_words","2A","produces",NA,0,"99","2026-04-08 09:55:56","VVI170",720,"f","3/26/03"
"5452","us","cdi_words","2A","produces",NA,0,"99","2026-04-08 09:55:56","VVI170",720,"f","3/26/03"
"5453","where","cdi_words","2A","produces",NA,0,"99","2026-04-08 09:55:56","VVI170",720,"f","3/26/03"
"5454","beside","cdi_words","2A","produces",NA,0,"99","2026-04-08 09:55:56","VVI170",720,"f","3/26/03"
"5455","down","cdi_words","2A","produces",NA,0,"99","2026-04-08 09:55:56","VVI170",720,"f","3/26/03"
"5456","under","cdi_words","2A","produces",NA,0,"99","2026-04-08 09:55:56","VVI170",720,"f","3/26/03"
"5457","all","cdi_words","2A","produces",NA,0,"99","2026-04-08 09:55:56","VVI170",720,"f","3/26/03"
"5458","much","cdi_words","2A","produces",NA,0,"99","2026-04-08 09:55:56","VVI170",720,"f","3/26/03"
"5459","could","cdi_words","2A","produces",NA,0,"99","2026-04-08 09:55:56","VVI170",720,"f","3/26/03"
"5460","need","cdi_words","2A","produces",NA,0,"99","2026-04-08 09:55:56","VVI170",720,"f","3/26/03"
"5461","would","cdi_words","2A","produces",NA,0,"99","2026-04-08 09:55:56","VVI170",720,"f","3/26/03"
"5462","if","cdi_words","2A","produces",NA,0,"99","2026-04-08 09:55:56","VVI170",720,"f","3/26/03"
"5463","sock","extra_words","2A","produces",1,1,"241","2026-03-27 15:21:55","VVI181",690,"f","3/27/26"
"5464","bathtub","extra_words","2A","produces",NA,0,"241","2026-03-27 15:21:55","VVI181",690,"f","3/27/26"
"5465","shower","extra_words","2A","produces",NA,0,"241","2026-03-27 15:21:55","VVI181",690,"f","3/27/26"
"5466","balloon","extra_words","2A","produces",NA,0,"241","2026-03-27 15:21:55","VVI181",690,"f","3/27/26"
"5467","dresser","extra_words","2A","produces",NA,0,"241","2026-03-27 15:21:55","VVI181",690,"f","3/27/26"
"5468","kite","extra_words","2A","produces",NA,0,"241","2026-03-27 15:21:55","VVI181",690,"f","3/27/26"
"5469","camel","extra_words","2A","produces",NA,0,"241","2026-03-27 15:21:55","VVI181",690,"f","3/27/26"
"5470","elephant","extra_words","2A","produces",NA,0,"241","2026-03-27 15:21:55","VVI181",690,"f","3/27/26"
"5471","ladybug","extra_words","2A","produces",NA,0,"241","2026-03-27 15:21:55","VVI181",690,"f","3/27/26"
"5472","cloud","extra_words","2A","produces",1,1,"241","2026-03-27 15:21:55","VVI181",690,"f","3/27/26"
"5473","tree","extra_words","2A","produces",1,1,"241","2026-03-27 15:21:55","VVI181",690,"f","3/27/26"
"5474","zipper","extra_words","2A","produces",1,1,"241","2026-03-27 15:21:55","VVI181",690,"f","3/27/26"
"5475","crow","extra_words","2A","produces",NA,0,"241","2026-03-27 15:21:55","VVI181",690,"f","3/27/26"
"5476","penguin","extra_words","2A","produces",NA,0,"241","2026-03-27 15:21:55","VVI181",690,"f","3/27/26"
"5477","seahorse","extra_words","2A","produces",NA,0,"241","2026-03-27 15:21:55","VVI181",690,"f","3/27/26"
"5478","duck","extra_words","2A","produces",NA,0,"241","2026-03-27 15:21:55","VVI181",690,"f","3/27/26"
"5479","chicken","extra_words","2A","produces",NA,0,"241","2026-03-27 15:21:55","VVI181",690,"f","3/27/26"
"5480","butterfly","extra_words","2A","produces",1,1,"241","2026-03-27 15:21:55","VVI181",690,"f","3/27/26"
"5481","lizard","extra_words","2A","produces",NA,0,"241","2026-03-27 15:21:55","VVI181",690,"f","3/27/26"
"5482","walrus","extra_words","2A","produces",NA,0,"241","2026-03-27 15:21:55","VVI181",690,"f","3/27/26"
"5483","snake","extra_words","2A","produces",NA,0,"241","2026-03-27 15:21:55","VVI181",690,"f","3/27/26"
"5484","truck","extra_words","2A","produces",NA,0,"241","2026-03-27 15:21:55","VVI181",690,"f","3/27/26"
"5485","car","extra_words","2A","produces",1,1,"241","2026-03-27 15:21:55","VVI181",690,"f","3/27/26"
"5486","airplane","extra_words","2A","produces",NA,0,"241","2026-03-27 15:21:55","VVI181",690,"f","3/27/26"
"5487","baa baa","cdi_words","2A","produces",1,1,"241","2026-03-27 15:21:55","VVI181",690,"f","3/27/26"
"5488","meow","cdi_words","2A","produces",1,1,"241","2026-03-27 15:21:55","VVI181",690,"f","3/27/26"
"5489","ouch","cdi_words","2A","produces",1,1,"241","2026-03-27 15:21:55","VVI181",690,"f","3/27/26"
"5490","uh oh","cdi_words","2A","produces",1,1,"241","2026-03-27 15:21:55","VVI181",690,"f","3/27/26"
"5491","woof woof","cdi_words","2A","produces",NA,0,"241","2026-03-27 15:21:55","VVI181",690,"f","3/27/26"
"5492","bear","cdi_words","2A","produces",1,1,"241","2026-03-27 15:21:55","VVI181",690,"f","3/27/26"
"5493","bird","cdi_words","2A","produces",1,1,"241","2026-03-27 15:21:55","VVI181",690,"f","3/27/26"
"5494","cat","cdi_words","2A","produces",1,1,"241","2026-03-27 15:21:55","VVI181",690,"f","3/27/26"
"5495","dog","cdi_words","2A","produces",1,1,"241","2026-03-27 15:21:55","VVI181",690,"f","3/27/26"
"5496","duck","cdi_words","2A","produces",NA,0,"241","2026-03-27 15:21:55","VVI181",690,"f","3/27/26"
"5497","horse","cdi_words","2A","produces",NA,0,"241","2026-03-27 15:21:55","VVI181",690,"f","3/27/26"
"5498","airplane","cdi_words","2A","produces",1,1,"241","2026-03-27 15:21:55","VVI181",690,"f","3/27/26"
"5499","boat","cdi_words","2A","produces",NA,0,"241","2026-03-27 15:21:55","VVI181",690,"f","3/27/26"
"5500","car","cdi_words","2A","produces",1,1,"241","2026-03-27 15:21:55","VVI181",690,"f","3/27/26"
"5501","ball","cdi_words","2A","produces",1,1,"241","2026-03-27 15:21:55","VVI181",690,"f","3/27/26"
"5502","book","cdi_words","2A","produces",1,1,"241","2026-03-27 15:21:55","VVI181",690,"f","3/27/26"
"5503","game","cdi_words","2A","produces",NA,0,"241","2026-03-27 15:21:55","VVI181",690,"f","3/27/26"
"5504","applesauce","cdi_words","2A","produces",1,1,"241","2026-03-27 15:21:55","VVI181",690,"f","3/27/26"
"5505","candy","cdi_words","2A","produces",NA,0,"241","2026-03-27 15:21:55","VVI181",690,"f","3/27/26"
"5506","coke","cdi_words","2A","produces",NA,0,"241","2026-03-27 15:21:55","VVI181",690,"f","3/27/26"
"5507","cracker","cdi_words","2A","produces",1,1,"241","2026-03-27 15:21:55","VVI181",690,"f","3/27/26"
"5508","juice","cdi_words","2A","produces",NA,0,"241","2026-03-27 15:21:55","VVI181",690,"f","3/27/26"
"5509","meat","cdi_words","2A","produces",NA,0,"241","2026-03-27 15:21:55","VVI181",690,"f","3/27/26"
"5510","milk","cdi_words","2A","produces",1,1,"241","2026-03-27 15:21:55","VVI181",690,"f","3/27/26"
"5511","peas","cdi_words","2A","produces",1,1,"241","2026-03-27 15:21:55","VVI181",690,"f","3/27/26"
"5512","hat","cdi_words","2A","produces",1,1,"241","2026-03-27 15:21:55","VVI181",690,"f","3/27/26"
"5513","necklace","cdi_words","2A","produces",NA,0,"241","2026-03-27 15:21:55","VVI181",690,"f","3/27/26"
"5514","shoe","cdi_words","2A","produces",1,1,"241","2026-03-27 15:21:55","VVI181",690,"f","3/27/26"
"5515","sock","cdi_words","2A","produces",1,1,"241","2026-03-27 15:21:55","VVI181",690,"f","3/27/26"
"5516","chin","cdi_words","2A","produces",NA,0,"241","2026-03-27 15:21:55","VVI181",690,"f","3/27/26"
"5517","ear","cdi_words","2A","produces",1,1,"241","2026-03-27 15:21:55","VVI181",690,"f","3/27/26"
"5518","hand","cdi_words","2A","produces",NA,0,"241","2026-03-27 15:21:55","VVI181",690,"f","3/27/26"
"5519","leg","cdi_words","2A","produces",NA,0,"241","2026-03-27 15:21:55","VVI181",690,"f","3/27/26"
"5520","broom","cdi_words","2A","produces",NA,0,"241","2026-03-27 15:21:55","VVI181",690,"f","3/27/26"
"5521","comb","cdi_words","2A","produces",NA,0,"241","2026-03-27 15:21:55","VVI181",690,"f","3/27/26"
"5522","mop","cdi_words","2A","produces",NA,0,"241","2026-03-27 15:21:55","VVI181",690,"f","3/27/26"
"5523","plate","cdi_words","2A","produces",NA,0,"241","2026-03-27 15:21:55","VVI181",690,"f","3/27/26"
"5524","trash","cdi_words","2A","produces",NA,0,"241","2026-03-27 15:21:55","VVI181",690,"f","3/27/26"
"5525","tray","cdi_words","2A","produces",NA,0,"241","2026-03-27 15:21:55","VVI181",690,"f","3/27/26"
"5526","towel","cdi_words","2A","produces",1,1,"241","2026-03-27 15:21:55","VVI181",690,"f","3/27/26"
"5527","bed","cdi_words","2A","produces",NA,0,"241","2026-03-27 15:21:55","VVI181",690,"f","3/27/26"
"5528","bedroom","cdi_words","2A","produces",NA,0,"241","2026-03-27 15:21:55","VVI181",690,"f","3/27/26"
"5529","bench","cdi_words","2A","produces",NA,0,"241","2026-03-27 15:21:55","VVI181",690,"f","3/27/26"
"5530","oven","cdi_words","2A","produces",NA,0,"241","2026-03-27 15:21:55","VVI181",690,"f","3/27/26"
"5531","stairs","cdi_words","2A","produces",1,1,"241","2026-03-27 15:21:55","VVI181",690,"f","3/27/26"
"5532","flag","cdi_words","2A","produces",NA,0,"241","2026-03-27 15:21:55","VVI181",690,"f","3/27/26"
"5533","rain","cdi_words","2A","produces",1,1,"241","2026-03-27 15:21:55","VVI181",690,"f","3/27/26"
"5534","star","cdi_words","2A","produces",NA,0,"241","2026-03-27 15:21:55","VVI181",690,"f","3/27/26"
"5535","swing","cdi_words","2A","produces",NA,0,"241","2026-03-27 15:21:55","VVI181",690,"f","3/27/26"
"5536","school","cdi_words","2A","produces",1,1,"241","2026-03-27 15:21:55","VVI181",690,"f","3/27/26"
"5537","sky","cdi_words","2A","produces",1,1,"241","2026-03-27 15:21:55","VVI181",690,"f","3/27/26"
"5538","party","cdi_words","2A","produces",NA,0,"241","2026-03-27 15:21:55","VVI181",690,"f","3/27/26"
"5539","friend","cdi_words","2A","produces",NA,0,"241","2026-03-27 15:21:55","VVI181",690,"f","3/27/26"
"5540","mommy","cdi_words","2A","produces",1,1,"241","2026-03-27 15:21:55","VVI181",690,"f","3/27/26"
"5541","person","cdi_words","2A","produces",NA,0,"241","2026-03-27 15:21:55","VVI181",690,"f","3/27/26"
"5542","bye","cdi_words","2A","produces",1,1,"241","2026-03-27 15:21:55","VVI181",690,"f","3/27/26"
"5543","hi","cdi_words","2A","produces",1,1,"241","2026-03-27 15:21:55","VVI181",690,"f","3/27/26"
"5544","no","cdi_words","2A","produces",1,1,"241","2026-03-27 15:21:55","VVI181",690,"f","3/27/26"
"5545","shopping","cdi_words","2A","produces",1,1,"241","2026-03-27 15:21:55","VVI181",690,"f","3/27/26"
"5546","thank you","cdi_words","2A","produces",1,1,"241","2026-03-27 15:21:55","VVI181",690,"f","3/27/26"
"5547","carry","cdi_words","2A","produces",NA,0,"241","2026-03-27 15:21:55","VVI181",690,"f","3/27/26"
"5548","chase","cdi_words","2A","produces",NA,0,"241","2026-03-27 15:21:55","VVI181",690,"f","3/27/26"
"5549","dump","cdi_words","2A","produces",NA,0,"241","2026-03-27 15:21:55","VVI181",690,"f","3/27/26"
"5550","finish","cdi_words","2A","produces",NA,0,"241","2026-03-27 15:21:55","VVI181",690,"f","3/27/26"
"5551","fit","cdi_words","2A","produces",NA,0,"241","2026-03-27 15:21:55","VVI181",690,"f","3/27/26"
"5552","hug","cdi_words","2A","produces",1,1,"241","2026-03-27 15:21:55","VVI181",690,"f","3/27/26"
"5553","listen","cdi_words","2A","produces",NA,0,"241","2026-03-27 15:21:55","VVI181",690,"f","3/27/26"
"5554","like","cdi_words","2A","produces",NA,0,"241","2026-03-27 15:21:55","VVI181",690,"f","3/27/26"
"5555","pretend","cdi_words","2A","produces",NA,0,"241","2026-03-27 15:21:55","VVI181",690,"f","3/27/26"
"5556","rip","cdi_words","2A","produces",NA,0,"241","2026-03-27 15:21:55","VVI181",690,"f","3/27/26"
"5557","shake","cdi_words","2A","produces",NA,0,"241","2026-03-27 15:21:55","VVI181",690,"f","3/27/26"
"5558","taste","cdi_words","2A","produces",NA,0,"241","2026-03-27 15:21:55","VVI181",690,"f","3/27/26"
"5559","gentle","cdi_words","2A","produces",NA,0,"241","2026-03-27 15:21:55","VVI181",690,"f","3/27/26"
"5560","think","cdi_words","2A","produces",NA,0,"241","2026-03-27 15:21:55","VVI181",690,"f","3/27/26"
"5561","wish","cdi_words","2A","produces",NA,0,"241","2026-03-27 15:21:55","VVI181",690,"f","3/27/26"
"5562","all gone","cdi_words","2A","produces",1,1,"241","2026-03-27 15:21:55","VVI181",690,"f","3/27/26"
"5563","cold","cdi_words","2A","produces",1,1,"241","2026-03-27 15:21:55","VVI181",690,"f","3/27/26"
"5564","fast","cdi_words","2A","produces",1,1,"241","2026-03-27 15:21:55","VVI181",690,"f","3/27/26"
"5565","happy","cdi_words","2A","produces",1,1,"241","2026-03-27 15:21:55","VVI181",690,"f","3/27/26"
"5566","hot","cdi_words","2A","produces",1,1,"241","2026-03-27 15:21:55","VVI181",690,"f","3/27/26"
"5567","last","cdi_words","2A","produces",NA,0,"241","2026-03-27 15:21:55","VVI181",690,"f","3/27/26"
"5568","tiny","cdi_words","2A","produces",1,1,"241","2026-03-27 15:21:55","VVI181",690,"f","3/27/26"
"5569","wet","cdi_words","2A","produces",NA,0,"241","2026-03-27 15:21:55","VVI181",690,"f","3/27/26"
"5570","after","cdi_words","2A","produces",NA,0,"241","2026-03-27 15:21:55","VVI181",690,"f","3/27/26"
"5571","day","cdi_words","2A","produces",NA,0,"241","2026-03-27 15:21:55","VVI181",690,"f","3/27/26"
"5572","tonight","cdi_words","2A","produces",NA,0,"241","2026-03-27 15:21:55","VVI181",690,"f","3/27/26"
"5573","our","cdi_words","2A","produces",NA,0,"241","2026-03-27 15:21:55","VVI181",690,"f","3/27/26"
"5574","them","cdi_words","2A","produces",NA,0,"241","2026-03-27 15:21:55","VVI181",690,"f","3/27/26"
"5575","this","cdi_words","2A","produces",NA,0,"241","2026-03-27 15:21:55","VVI181",690,"f","3/27/26"
"5576","us","cdi_words","2A","produces",NA,0,"241","2026-03-27 15:21:55","VVI181",690,"f","3/27/26"
"5577","where","cdi_words","2A","produces",NA,0,"241","2026-03-27 15:21:55","VVI181",690,"f","3/27/26"
"5578","beside","cdi_words","2A","produces",NA,0,"241","2026-03-27 15:21:55","VVI181",690,"f","3/27/26"
"5579","down","cdi_words","2A","produces",1,1,"241","2026-03-27 15:21:55","VVI181",690,"f","3/27/26"
"5580","under","cdi_words","2A","produces",NA,0,"241","2026-03-27 15:21:55","VVI181",690,"f","3/27/26"
"5581","all","cdi_words","2A","produces",NA,0,"241","2026-03-27 15:21:55","VVI181",690,"f","3/27/26"
"5582","much","cdi_words","2A","produces",NA,0,"241","2026-03-27 15:21:55","VVI181",690,"f","3/27/26"
"5583","could","cdi_words","2A","produces",NA,0,"241","2026-03-27 15:21:55","VVI181",690,"f","3/27/26"
"5584","need","cdi_words","2A","produces",NA,0,"241","2026-03-27 15:21:55","VVI181",690,"f","3/27/26"
"5585","would","cdi_words","2A","produces",NA,0,"241","2026-03-27 15:21:55","VVI181",690,"f","3/27/26"
"5586","if","cdi_words","2A","produces",NA,0,"241","2026-03-27 15:21:55","VVI181",690,"f","3/27/26"
"5587","sock","extra_words","2A","produces",1,1,"116","2026-03-15 16:54:18","VVI147",630,"f","2/17/26"
"5588","bathtub","extra_words","2A","produces",NA,0,"116","2026-03-15 16:54:18","VVI147",630,"f","2/17/26"
"5589","shower","extra_words","2A","produces",NA,0,"116","2026-03-15 16:54:18","VVI147",630,"f","2/17/26"
"5590","balloon","extra_words","2A","produces",1,1,"116","2026-03-15 16:54:18","VVI147",630,"f","2/17/26"
"5591","dresser","extra_words","2A","produces",NA,0,"116","2026-03-15 16:54:18","VVI147",630,"f","2/17/26"
"5592","kite","extra_words","2A","produces",NA,0,"116","2026-03-15 16:54:18","VVI147",630,"f","2/17/26"
"5593","camel","extra_words","2A","produces",NA,0,"116","2026-03-15 16:54:18","VVI147",630,"f","2/17/26"
"5594","elephant","extra_words","2A","produces",NA,0,"116","2026-03-15 16:54:18","VVI147",630,"f","2/17/26"
"5595","ladybug","extra_words","2A","produces",NA,0,"116","2026-03-15 16:54:18","VVI147",630,"f","2/17/26"
"5596","cloud","extra_words","2A","produces",NA,0,"116","2026-03-15 16:54:18","VVI147",630,"f","2/17/26"
"5597","tree","extra_words","2A","produces",1,1,"116","2026-03-15 16:54:18","VVI147",630,"f","2/17/26"
"5598","zipper","extra_words","2A","produces",1,1,"116","2026-03-15 16:54:18","VVI147",630,"f","2/17/26"
"5599","crow","extra_words","2A","produces",NA,0,"116","2026-03-15 16:54:18","VVI147",630,"f","2/17/26"
"5600","penguin","extra_words","2A","produces",NA,0,"116","2026-03-15 16:54:18","VVI147",630,"f","2/17/26"
"5601","seahorse","extra_words","2A","produces",NA,0,"116","2026-03-15 16:54:18","VVI147",630,"f","2/17/26"
"5602","duck","extra_words","2A","produces",1,1,"116","2026-03-15 16:54:18","VVI147",630,"f","2/17/26"
"5603","chicken","extra_words","2A","produces",1,1,"116","2026-03-15 16:54:18","VVI147",630,"f","2/17/26"
"5604","butterfly","extra_words","2A","produces",NA,0,"116","2026-03-15 16:54:18","VVI147",630,"f","2/17/26"
"5605","lizard","extra_words","2A","produces",NA,0,"116","2026-03-15 16:54:18","VVI147",630,"f","2/17/26"
"5606","walrus","extra_words","2A","produces",NA,0,"116","2026-03-15 16:54:18","VVI147",630,"f","2/17/26"
"5607","snake","extra_words","2A","produces",NA,0,"116","2026-03-15 16:54:18","VVI147",630,"f","2/17/26"
"5608","truck","extra_words","2A","produces",1,1,"116","2026-03-15 16:54:18","VVI147",630,"f","2/17/26"
"5609","car","extra_words","2A","produces",1,1,"116","2026-03-15 16:54:18","VVI147",630,"f","2/17/26"
"5610","airplane","extra_words","2A","produces",NA,0,"116","2026-03-15 16:54:18","VVI147",630,"f","2/17/26"
"5611","baa baa","cdi_words","2A","produces",1,1,"116","2026-03-15 16:54:18","VVI147",630,"f","2/17/26"
"5612","meow","cdi_words","2A","produces",1,1,"116","2026-03-15 16:54:18","VVI147",630,"f","2/17/26"
"5613","ouch","cdi_words","2A","produces",1,1,"116","2026-03-15 16:54:18","VVI147",630,"f","2/17/26"
"5614","uh oh","cdi_words","2A","produces",1,1,"116","2026-03-15 16:54:18","VVI147",630,"f","2/17/26"
"5615","woof woof","cdi_words","2A","produces",NA,0,"116","2026-03-15 16:54:18","VVI147",630,"f","2/17/26"
"5616","bear","cdi_words","2A","produces",1,1,"116","2026-03-15 16:54:18","VVI147",630,"f","2/17/26"
"5617","bird","cdi_words","2A","produces",NA,0,"116","2026-03-15 16:54:18","VVI147",630,"f","2/17/26"
"5618","cat","cdi_words","2A","produces",NA,0,"116","2026-03-15 16:54:18","VVI147",630,"f","2/17/26"
"5619","dog","cdi_words","2A","produces",1,1,"116","2026-03-15 16:54:18","VVI147",630,"f","2/17/26"
"5620","duck","cdi_words","2A","produces",1,1,"116","2026-03-15 16:54:18","VVI147",630,"f","2/17/26"
"5621","horse","cdi_words","2A","produces",NA,0,"116","2026-03-15 16:54:18","VVI147",630,"f","2/17/26"
"5622","airplane","cdi_words","2A","produces",NA,0,"116","2026-03-15 16:54:18","VVI147",630,"f","2/17/26"
"5623","boat","cdi_words","2A","produces",1,1,"116","2026-03-15 16:54:18","VVI147",630,"f","2/17/26"
"5624","car","cdi_words","2A","produces",1,1,"116","2026-03-15 16:54:18","VVI147",630,"f","2/17/26"
"5625","ball","cdi_words","2A","produces",1,1,"116","2026-03-15 16:54:18","VVI147",630,"f","2/17/26"
"5626","book","cdi_words","2A","produces",1,1,"116","2026-03-15 16:54:18","VVI147",630,"f","2/17/26"
"5627","game","cdi_words","2A","produces",NA,0,"116","2026-03-15 16:54:18","VVI147",630,"f","2/17/26"
"5628","applesauce","cdi_words","2A","produces",NA,0,"116","2026-03-15 16:54:18","VVI147",630,"f","2/17/26"
"5629","candy","cdi_words","2A","produces",NA,0,"116","2026-03-15 16:54:18","VVI147",630,"f","2/17/26"
"5630","coke","cdi_words","2A","produces",NA,0,"116","2026-03-15 16:54:18","VVI147",630,"f","2/17/26"
"5631","cracker","cdi_words","2A","produces",NA,0,"116","2026-03-15 16:54:18","VVI147",630,"f","2/17/26"
"5632","juice","cdi_words","2A","produces",1,1,"116","2026-03-15 16:54:18","VVI147",630,"f","2/17/26"
"5633","meat","cdi_words","2A","produces",NA,0,"116","2026-03-15 16:54:18","VVI147",630,"f","2/17/26"
"5634","milk","cdi_words","2A","produces",1,1,"116","2026-03-15 16:54:18","VVI147",630,"f","2/17/26"
"5635","peas","cdi_words","2A","produces",NA,0,"116","2026-03-15 16:54:18","VVI147",630,"f","2/17/26"
"5636","hat","cdi_words","2A","produces",NA,0,"116","2026-03-15 16:54:18","VVI147",630,"f","2/17/26"
"5637","necklace","cdi_words","2A","produces",NA,0,"116","2026-03-15 16:54:18","VVI147",630,"f","2/17/26"
"5638","shoe","cdi_words","2A","produces",1,1,"116","2026-03-15 16:54:18","VVI147",630,"f","2/17/26"
"5639","sock","cdi_words","2A","produces",1,1,"116","2026-03-15 16:54:18","VVI147",630,"f","2/17/26"
"5640","chin","cdi_words","2A","produces",NA,0,"116","2026-03-15 16:54:18","VVI147",630,"f","2/17/26"
"5641","ear","cdi_words","2A","produces",1,1,"116","2026-03-15 16:54:18","VVI147",630,"f","2/17/26"
"5642","hand","cdi_words","2A","produces",1,1,"116","2026-03-15 16:54:18","VVI147",630,"f","2/17/26"
"5643","leg","cdi_words","2A","produces",1,1,"116","2026-03-15 16:54:18","VVI147",630,"f","2/17/26"
"5644","broom","cdi_words","2A","produces",NA,0,"116","2026-03-15 16:54:18","VVI147",630,"f","2/17/26"
"5645","comb","cdi_words","2A","produces",NA,0,"116","2026-03-15 16:54:18","VVI147",630,"f","2/17/26"
"5646","mop","cdi_words","2A","produces",1,1,"116","2026-03-15 16:54:18","VVI147",630,"f","2/17/26"
"5647","plate","cdi_words","2A","produces",NA,0,"116","2026-03-15 16:54:18","VVI147",630,"f","2/17/26"
"5648","trash","cdi_words","2A","produces",1,1,"116","2026-03-15 16:54:18","VVI147",630,"f","2/17/26"
"5649","tray","cdi_words","2A","produces",NA,0,"116","2026-03-15 16:54:18","VVI147",630,"f","2/17/26"
"5650","towel","cdi_words","2A","produces",NA,0,"116","2026-03-15 16:54:18","VVI147",630,"f","2/17/26"
"5651","bed","cdi_words","2A","produces",1,1,"116","2026-03-15 16:54:18","VVI147",630,"f","2/17/26"
"5652","bedroom","cdi_words","2A","produces",NA,0,"116","2026-03-15 16:54:18","VVI147",630,"f","2/17/26"
"5653","bench","cdi_words","2A","produces",NA,0,"116","2026-03-15 16:54:18","VVI147",630,"f","2/17/26"
"5654","oven","cdi_words","2A","produces",NA,0,"116","2026-03-15 16:54:18","VVI147",630,"f","2/17/26"
"5655","stairs","cdi_words","2A","produces",NA,0,"116","2026-03-15 16:54:18","VVI147",630,"f","2/17/26"
"5656","flag","cdi_words","2A","produces",NA,0,"116","2026-03-15 16:54:18","VVI147",630,"f","2/17/26"
"5657","rain","cdi_words","2A","produces",NA,0,"116","2026-03-15 16:54:18","VVI147",630,"f","2/17/26"
"5658","star","cdi_words","2A","produces",NA,0,"116","2026-03-15 16:54:18","VVI147",630,"f","2/17/26"
"5659","swing","cdi_words","2A","produces",1,1,"116","2026-03-15 16:54:18","VVI147",630,"f","2/17/26"
"5660","school","cdi_words","2A","produces",1,1,"116","2026-03-15 16:54:18","VVI147",630,"f","2/17/26"
"5661","sky","cdi_words","2A","produces",NA,0,"116","2026-03-15 16:54:18","VVI147",630,"f","2/17/26"
"5662","party","cdi_words","2A","produces",NA,0,"116","2026-03-15 16:54:18","VVI147",630,"f","2/17/26"
"5663","friend","cdi_words","2A","produces",NA,0,"116","2026-03-15 16:54:18","VVI147",630,"f","2/17/26"
"5664","mommy","cdi_words","2A","produces",1,1,"116","2026-03-15 16:54:18","VVI147",630,"f","2/17/26"
"5665","person","cdi_words","2A","produces",NA,0,"116","2026-03-15 16:54:18","VVI147",630,"f","2/17/26"
"5666","bye","cdi_words","2A","produces",NA,0,"116","2026-03-15 16:54:18","VVI147",630,"f","2/17/26"
"5667","hi","cdi_words","2A","produces",1,1,"116","2026-03-15 16:54:18","VVI147",630,"f","2/17/26"
"5668","no","cdi_words","2A","produces",1,1,"116","2026-03-15 16:54:18","VVI147",630,"f","2/17/26"
"5669","shopping","cdi_words","2A","produces",NA,0,"116","2026-03-15 16:54:18","VVI147",630,"f","2/17/26"
"5670","thank you","cdi_words","2A","produces",1,1,"116","2026-03-15 16:54:18","VVI147",630,"f","2/17/26"
"5671","carry","cdi_words","2A","produces",NA,0,"116","2026-03-15 16:54:18","VVI147",630,"f","2/17/26"
"5672","chase","cdi_words","2A","produces",NA,0,"116","2026-03-15 16:54:18","VVI147",630,"f","2/17/26"
"5673","dump","cdi_words","2A","produces",NA,0,"116","2026-03-15 16:54:18","VVI147",630,"f","2/17/26"
"5674","finish","cdi_words","2A","produces",NA,0,"116","2026-03-15 16:54:18","VVI147",630,"f","2/17/26"
"5675","fit","cdi_words","2A","produces",NA,0,"116","2026-03-15 16:54:18","VVI147",630,"f","2/17/26"
"5676","hug","cdi_words","2A","produces",1,1,"116","2026-03-15 16:54:18","VVI147",630,"f","2/17/26"
"5677","listen","cdi_words","2A","produces",NA,0,"116","2026-03-15 16:54:18","VVI147",630,"f","2/17/26"
"5678","like","cdi_words","2A","produces",NA,0,"116","2026-03-15 16:54:18","VVI147",630,"f","2/17/26"
"5679","pretend","cdi_words","2A","produces",NA,0,"116","2026-03-15 16:54:18","VVI147",630,"f","2/17/26"
"5680","rip","cdi_words","2A","produces",NA,0,"116","2026-03-15 16:54:18","VVI147",630,"f","2/17/26"
"5681","shake","cdi_words","2A","produces",NA,0,"116","2026-03-15 16:54:18","VVI147",630,"f","2/17/26"
"5682","taste","cdi_words","2A","produces",NA,0,"116","2026-03-15 16:54:18","VVI147",630,"f","2/17/26"
"5683","gentle","cdi_words","2A","produces",NA,0,"116","2026-03-15 16:54:18","VVI147",630,"f","2/17/26"
"5684","think","cdi_words","2A","produces",NA,0,"116","2026-03-15 16:54:18","VVI147",630,"f","2/17/26"
"5685","wish","cdi_words","2A","produces",NA,0,"116","2026-03-15 16:54:18","VVI147",630,"f","2/17/26"
"5686","all gone","cdi_words","2A","produces",1,1,"116","2026-03-15 16:54:18","VVI147",630,"f","2/17/26"
"5687","cold","cdi_words","2A","produces",1,1,"116","2026-03-15 16:54:18","VVI147",630,"f","2/17/26"
"5688","fast","cdi_words","2A","produces",NA,0,"116","2026-03-15 16:54:18","VVI147",630,"f","2/17/26"
"5689","happy","cdi_words","2A","produces",NA,0,"116","2026-03-15 16:54:18","VVI147",630,"f","2/17/26"
"5690","hot","cdi_words","2A","produces",1,1,"116","2026-03-15 16:54:18","VVI147",630,"f","2/17/26"
"5691","last","cdi_words","2A","produces",NA,0,"116","2026-03-15 16:54:18","VVI147",630,"f","2/17/26"
"5692","tiny","cdi_words","2A","produces",NA,0,"116","2026-03-15 16:54:18","VVI147",630,"f","2/17/26"
"5693","wet","cdi_words","2A","produces",NA,0,"116","2026-03-15 16:54:18","VVI147",630,"f","2/17/26"
"5694","after","cdi_words","2A","produces",NA,0,"116","2026-03-15 16:54:18","VVI147",630,"f","2/17/26"
"5695","day","cdi_words","2A","produces",NA,0,"116","2026-03-15 16:54:18","VVI147",630,"f","2/17/26"
"5696","tonight","cdi_words","2A","produces",NA,0,"116","2026-03-15 16:54:18","VVI147",630,"f","2/17/26"
"5697","our","cdi_words","2A","produces",NA,0,"116","2026-03-15 16:54:18","VVI147",630,"f","2/17/26"
"5698","them","cdi_words","2A","produces",NA,0,"116","2026-03-15 16:54:18","VVI147",630,"f","2/17/26"
"5699","this","cdi_words","2A","produces",NA,0,"116","2026-03-15 16:54:18","VVI147",630,"f","2/17/26"
"5700","us","cdi_words","2A","produces",NA,0,"116","2026-03-15 16:54:18","VVI147",630,"f","2/17/26"
"5701","where","cdi_words","2A","produces",1,1,"116","2026-03-15 16:54:18","VVI147",630,"f","2/17/26"
"5702","beside","cdi_words","2A","produces",NA,0,"116","2026-03-15 16:54:18","VVI147",630,"f","2/17/26"
"5703","down","cdi_words","2A","produces",NA,0,"116","2026-03-15 16:54:18","VVI147",630,"f","2/17/26"
"5704","under","cdi_words","2A","produces",NA,0,"116","2026-03-15 16:54:18","VVI147",630,"f","2/17/26"
"5705","all","cdi_words","2A","produces",NA,0,"116","2026-03-15 16:54:18","VVI147",630,"f","2/17/26"
"5706","much","cdi_words","2A","produces",NA,0,"116","2026-03-15 16:54:18","VVI147",630,"f","2/17/26"
"5707","could","cdi_words","2A","produces",NA,0,"116","2026-03-15 16:54:18","VVI147",630,"f","2/17/26"
"5708","need","cdi_words","2A","produces",NA,0,"116","2026-03-15 16:54:18","VVI147",630,"f","2/17/26"
"5709","would","cdi_words","2A","produces",NA,0,"116","2026-03-15 16:54:18","VVI147",630,"f","2/17/26"
"5710","if","cdi_words","2A","produces",NA,0,"116","2026-03-15 16:54:18","VVI147",630,"f","2/17/26"
"5711","sock","extra_words","2A","produces",NA,0,"266","2026-04-17 13:59:28","VVI182",660,"m","3/28/26"
"5712","bathtub","extra_words","2A","produces",NA,0,"266","2026-04-17 13:59:28","VVI182",660,"m","3/28/26"
"5713","shower","extra_words","2A","produces",NA,0,"266","2026-04-17 13:59:28","VVI182",660,"m","3/28/26"
"5714","balloon","extra_words","2A","produces",1,1,"266","2026-04-17 13:59:28","VVI182",660,"m","3/28/26"
"5715","dresser","extra_words","2A","produces",NA,0,"266","2026-04-17 13:59:28","VVI182",660,"m","3/28/26"
"5716","kite","extra_words","2A","produces",NA,0,"266","2026-04-17 13:59:28","VVI182",660,"m","3/28/26"
"5717","camel","extra_words","2A","produces",NA,0,"266","2026-04-17 13:59:28","VVI182",660,"m","3/28/26"
"5718","elephant","extra_words","2A","produces",NA,0,"266","2026-04-17 13:59:28","VVI182",660,"m","3/28/26"
"5719","ladybug","extra_words","2A","produces",NA,0,"266","2026-04-17 13:59:28","VVI182",660,"m","3/28/26"
"5720","cloud","extra_words","2A","produces",NA,0,"266","2026-04-17 13:59:28","VVI182",660,"m","3/28/26"
"5721","tree","extra_words","2A","produces",NA,0,"266","2026-04-17 13:59:28","VVI182",660,"m","3/28/26"
"5722","zipper","extra_words","2A","produces",NA,0,"266","2026-04-17 13:59:28","VVI182",660,"m","3/28/26"
"5723","crow","extra_words","2A","produces",NA,0,"266","2026-04-17 13:59:28","VVI182",660,"m","3/28/26"
"5724","penguin","extra_words","2A","produces",NA,0,"266","2026-04-17 13:59:28","VVI182",660,"m","3/28/26"
"5725","seahorse","extra_words","2A","produces",NA,0,"266","2026-04-17 13:59:28","VVI182",660,"m","3/28/26"
"5726","duck","extra_words","2A","produces",NA,0,"266","2026-04-17 13:59:28","VVI182",660,"m","3/28/26"
"5727","chicken","extra_words","2A","produces",NA,0,"266","2026-04-17 13:59:28","VVI182",660,"m","3/28/26"
"5728","butterfly","extra_words","2A","produces",NA,0,"266","2026-04-17 13:59:28","VVI182",660,"m","3/28/26"
"5729","lizard","extra_words","2A","produces",NA,0,"266","2026-04-17 13:59:28","VVI182",660,"m","3/28/26"
"5730","walrus","extra_words","2A","produces",NA,0,"266","2026-04-17 13:59:28","VVI182",660,"m","3/28/26"
"5731","snake","extra_words","2A","produces",NA,0,"266","2026-04-17 13:59:28","VVI182",660,"m","3/28/26"
"5732","truck","extra_words","2A","produces",NA,0,"266","2026-04-17 13:59:28","VVI182",660,"m","3/28/26"
"5733","car","extra_words","2A","produces",1,1,"266","2026-04-17 13:59:28","VVI182",660,"m","3/28/26"
"5734","airplane","extra_words","2A","produces",1,1,"266","2026-04-17 13:59:28","VVI182",660,"m","3/28/26"
"5735","baa baa","cdi_words","2A","produces",1,1,"266","2026-04-17 13:59:28","VVI182",660,"m","3/28/26"
"5736","meow","cdi_words","2A","produces",NA,0,"266","2026-04-17 13:59:28","VVI182",660,"m","3/28/26"
"5737","ouch","cdi_words","2A","produces",1,1,"266","2026-04-17 13:59:28","VVI182",660,"m","3/28/26"
"5738","uh oh","cdi_words","2A","produces",1,1,"266","2026-04-17 13:59:28","VVI182",660,"m","3/28/26"
"5739","woof woof","cdi_words","2A","produces",1,1,"266","2026-04-17 13:59:28","VVI182",660,"m","3/28/26"
"5740","bear","cdi_words","2A","produces",NA,0,"266","2026-04-17 13:59:28","VVI182",660,"m","3/28/26"
"5741","bird","cdi_words","2A","produces",1,1,"266","2026-04-17 13:59:28","VVI182",660,"m","3/28/26"
"5742","cat","cdi_words","2A","produces",NA,0,"266","2026-04-17 13:59:28","VVI182",660,"m","3/28/26"
"5743","dog","cdi_words","2A","produces",1,1,"266","2026-04-17 13:59:28","VVI182",660,"m","3/28/26"
"5744","duck","cdi_words","2A","produces",NA,0,"266","2026-04-17 13:59:28","VVI182",660,"m","3/28/26"
"5745","horse","cdi_words","2A","produces",NA,0,"266","2026-04-17 13:59:28","VVI182",660,"m","3/28/26"
"5746","airplane","cdi_words","2A","produces",1,1,"266","2026-04-17 13:59:28","VVI182",660,"m","3/28/26"
"5747","boat","cdi_words","2A","produces",NA,0,"266","2026-04-17 13:59:28","VVI182",660,"m","3/28/26"
"5748","car","cdi_words","2A","produces",1,1,"266","2026-04-17 13:59:28","VVI182",660,"m","3/28/26"
"5749","ball","cdi_words","2A","produces",1,1,"266","2026-04-17 13:59:28","VVI182",660,"m","3/28/26"
"5750","book","cdi_words","2A","produces",NA,0,"266","2026-04-17 13:59:28","VVI182",660,"m","3/28/26"
"5751","game","cdi_words","2A","produces",NA,0,"266","2026-04-17 13:59:28","VVI182",660,"m","3/28/26"
"5752","applesauce","cdi_words","2A","produces",NA,0,"266","2026-04-17 13:59:28","VVI182",660,"m","3/28/26"
"5753","candy","cdi_words","2A","produces",NA,0,"266","2026-04-17 13:59:28","VVI182",660,"m","3/28/26"
"5754","coke","cdi_words","2A","produces",NA,0,"266","2026-04-17 13:59:28","VVI182",660,"m","3/28/26"
"5755","cracker","cdi_words","2A","produces",NA,0,"266","2026-04-17 13:59:28","VVI182",660,"m","3/28/26"
"5756","juice","cdi_words","2A","produces",NA,0,"266","2026-04-17 13:59:28","VVI182",660,"m","3/28/26"
"5757","meat","cdi_words","2A","produces",NA,0,"266","2026-04-17 13:59:28","VVI182",660,"m","3/28/26"
"5758","milk","cdi_words","2A","produces",NA,0,"266","2026-04-17 13:59:28","VVI182",660,"m","3/28/26"
"5759","peas","cdi_words","2A","produces",NA,0,"266","2026-04-17 13:59:28","VVI182",660,"m","3/28/26"
"5760","hat","cdi_words","2A","produces",NA,0,"266","2026-04-17 13:59:28","VVI182",660,"m","3/28/26"
"5761","necklace","cdi_words","2A","produces",NA,0,"266","2026-04-17 13:59:28","VVI182",660,"m","3/28/26"
"5762","shoe","cdi_words","2A","produces",NA,0,"266","2026-04-17 13:59:28","VVI182",660,"m","3/28/26"
"5763","sock","cdi_words","2A","produces",NA,0,"266","2026-04-17 13:59:28","VVI182",660,"m","3/28/26"
"5764","chin","cdi_words","2A","produces",NA,0,"266","2026-04-17 13:59:28","VVI182",660,"m","3/28/26"
"5765","ear","cdi_words","2A","produces",NA,0,"266","2026-04-17 13:59:28","VVI182",660,"m","3/28/26"
"5766","hand","cdi_words","2A","produces",NA,0,"266","2026-04-17 13:59:28","VVI182",660,"m","3/28/26"
"5767","leg","cdi_words","2A","produces",NA,0,"266","2026-04-17 13:59:28","VVI182",660,"m","3/28/26"
"5768","broom","cdi_words","2A","produces",NA,0,"266","2026-04-17 13:59:28","VVI182",660,"m","3/28/26"
"5769","comb","cdi_words","2A","produces",NA,0,"266","2026-04-17 13:59:28","VVI182",660,"m","3/28/26"
"5770","mop","cdi_words","2A","produces",NA,0,"266","2026-04-17 13:59:28","VVI182",660,"m","3/28/26"
"5771","plate","cdi_words","2A","produces",NA,0,"266","2026-04-17 13:59:28","VVI182",660,"m","3/28/26"
"5772","trash","cdi_words","2A","produces",NA,0,"266","2026-04-17 13:59:28","VVI182",660,"m","3/28/26"
"5773","tray","cdi_words","2A","produces",NA,0,"266","2026-04-17 13:59:28","VVI182",660,"m","3/28/26"
"5774","towel","cdi_words","2A","produces",NA,0,"266","2026-04-17 13:59:28","VVI182",660,"m","3/28/26"
"5775","bed","cdi_words","2A","produces",NA,0,"266","2026-04-17 13:59:28","VVI182",660,"m","3/28/26"
"5776","bedroom","cdi_words","2A","produces",NA,0,"266","2026-04-17 13:59:28","VVI182",660,"m","3/28/26"
"5777","bench","cdi_words","2A","produces",NA,0,"266","2026-04-17 13:59:28","VVI182",660,"m","3/28/26"
"5778","oven","cdi_words","2A","produces",NA,0,"266","2026-04-17 13:59:28","VVI182",660,"m","3/28/26"
"5779","stairs","cdi_words","2A","produces",NA,0,"266","2026-04-17 13:59:28","VVI182",660,"m","3/28/26"
"5780","flag","cdi_words","2A","produces",NA,0,"266","2026-04-17 13:59:28","VVI182",660,"m","3/28/26"
"5781","rain","cdi_words","2A","produces",NA,0,"266","2026-04-17 13:59:28","VVI182",660,"m","3/28/26"
"5782","star","cdi_words","2A","produces",NA,0,"266","2026-04-17 13:59:28","VVI182",660,"m","3/28/26"
"5783","swing","cdi_words","2A","produces",NA,0,"266","2026-04-17 13:59:28","VVI182",660,"m","3/28/26"
"5784","school","cdi_words","2A","produces",NA,0,"266","2026-04-17 13:59:28","VVI182",660,"m","3/28/26"
"5785","sky","cdi_words","2A","produces",NA,0,"266","2026-04-17 13:59:28","VVI182",660,"m","3/28/26"
"5786","party","cdi_words","2A","produces",NA,0,"266","2026-04-17 13:59:28","VVI182",660,"m","3/28/26"
"5787","friend","cdi_words","2A","produces",NA,0,"266","2026-04-17 13:59:28","VVI182",660,"m","3/28/26"
"5788","mommy","cdi_words","2A","produces",1,1,"266","2026-04-17 13:59:28","VVI182",660,"m","3/28/26"
"5789","person","cdi_words","2A","produces",NA,0,"266","2026-04-17 13:59:28","VVI182",660,"m","3/28/26"
"5790","bye","cdi_words","2A","produces",1,1,"266","2026-04-17 13:59:28","VVI182",660,"m","3/28/26"
"5791","hi","cdi_words","2A","produces",1,1,"266","2026-04-17 13:59:28","VVI182",660,"m","3/28/26"
"5792","no","cdi_words","2A","produces",1,1,"266","2026-04-17 13:59:28","VVI182",660,"m","3/28/26"
"5793","shopping","cdi_words","2A","produces",NA,0,"266","2026-04-17 13:59:28","VVI182",660,"m","3/28/26"
"5794","thank you","cdi_words","2A","produces",1,1,"266","2026-04-17 13:59:28","VVI182",660,"m","3/28/26"
"5795","carry","cdi_words","2A","produces",NA,0,"266","2026-04-17 13:59:28","VVI182",660,"m","3/28/26"
"5796","chase","cdi_words","2A","produces",NA,0,"266","2026-04-17 13:59:28","VVI182",660,"m","3/28/26"
"5797","dump","cdi_words","2A","produces",NA,0,"266","2026-04-17 13:59:28","VVI182",660,"m","3/28/26"
"5798","finish","cdi_words","2A","produces",NA,0,"266","2026-04-17 13:59:28","VVI182",660,"m","3/28/26"
"5799","fit","cdi_words","2A","produces",NA,0,"266","2026-04-17 13:59:28","VVI182",660,"m","3/28/26"
"5800","hug","cdi_words","2A","produces",NA,0,"266","2026-04-17 13:59:28","VVI182",660,"m","3/28/26"
"5801","listen","cdi_words","2A","produces",NA,0,"266","2026-04-17 13:59:28","VVI182",660,"m","3/28/26"
"5802","like","cdi_words","2A","produces",NA,0,"266","2026-04-17 13:59:28","VVI182",660,"m","3/28/26"
"5803","pretend","cdi_words","2A","produces",NA,0,"266","2026-04-17 13:59:28","VVI182",660,"m","3/28/26"
"5804","rip","cdi_words","2A","produces",NA,0,"266","2026-04-17 13:59:28","VVI182",660,"m","3/28/26"
"5805","shake","cdi_words","2A","produces",NA,0,"266","2026-04-17 13:59:28","VVI182",660,"m","3/28/26"
"5806","taste","cdi_words","2A","produces",NA,0,"266","2026-04-17 13:59:28","VVI182",660,"m","3/28/26"
"5807","gentle","cdi_words","2A","produces",NA,0,"266","2026-04-17 13:59:28","VVI182",660,"m","3/28/26"
"5808","think","cdi_words","2A","produces",NA,0,"266","2026-04-17 13:59:28","VVI182",660,"m","3/28/26"
"5809","wish","cdi_words","2A","produces",NA,0,"266","2026-04-17 13:59:28","VVI182",660,"m","3/28/26"
"5810","all gone","cdi_words","2A","produces",NA,0,"266","2026-04-17 13:59:28","VVI182",660,"m","3/28/26"
"5811","cold","cdi_words","2A","produces",NA,0,"266","2026-04-17 13:59:28","VVI182",660,"m","3/28/26"
"5812","fast","cdi_words","2A","produces",NA,0,"266","2026-04-17 13:59:28","VVI182",660,"m","3/28/26"
"5813","happy","cdi_words","2A","produces",NA,0,"266","2026-04-17 13:59:28","VVI182",660,"m","3/28/26"
"5814","hot","cdi_words","2A","produces",1,1,"266","2026-04-17 13:59:28","VVI182",660,"m","3/28/26"
"5815","last","cdi_words","2A","produces",NA,0,"266","2026-04-17 13:59:28","VVI182",660,"m","3/28/26"
"5816","tiny","cdi_words","2A","produces",NA,0,"266","2026-04-17 13:59:28","VVI182",660,"m","3/28/26"
"5817","wet","cdi_words","2A","produces",NA,0,"266","2026-04-17 13:59:28","VVI182",660,"m","3/28/26"
"5818","after","cdi_words","2A","produces",NA,0,"266","2026-04-17 13:59:28","VVI182",660,"m","3/28/26"
"5819","day","cdi_words","2A","produces",NA,0,"266","2026-04-17 13:59:28","VVI182",660,"m","3/28/26"
"5820","tonight","cdi_words","2A","produces",NA,0,"266","2026-04-17 13:59:28","VVI182",660,"m","3/28/26"
"5821","our","cdi_words","2A","produces",NA,0,"266","2026-04-17 13:59:28","VVI182",660,"m","3/28/26"
"5822","them","cdi_words","2A","produces",NA,0,"266","2026-04-17 13:59:28","VVI182",660,"m","3/28/26"
"5823","this","cdi_words","2A","produces",NA,0,"266","2026-04-17 13:59:28","VVI182",660,"m","3/28/26"
"5824","us","cdi_words","2A","produces",NA,0,"266","2026-04-17 13:59:28","VVI182",660,"m","3/28/26"
"5825","where","cdi_words","2A","produces",NA,0,"266","2026-04-17 13:59:28","VVI182",660,"m","3/28/26"
"5826","beside","cdi_words","2A","produces",NA,0,"266","2026-04-17 13:59:28","VVI182",660,"m","3/28/26"
"5827","down","cdi_words","2A","produces",NA,0,"266","2026-04-17 13:59:28","VVI182",660,"m","3/28/26"
"5828","under","cdi_words","2A","produces",NA,0,"266","2026-04-17 13:59:28","VVI182",660,"m","3/28/26"
"5829","all","cdi_words","2A","produces",NA,0,"266","2026-04-17 13:59:28","VVI182",660,"m","3/28/26"
"5830","much","cdi_words","2A","produces",NA,0,"266","2026-04-17 13:59:28","VVI182",660,"m","3/28/26"
"5831","could","cdi_words","2A","produces",NA,0,"266","2026-04-17 13:59:28","VVI182",660,"m","3/28/26"
"5832","need","cdi_words","2A","produces",NA,0,"266","2026-04-17 13:59:28","VVI182",660,"m","3/28/26"
"5833","would","cdi_words","2A","produces",NA,0,"266","2026-04-17 13:59:28","VVI182",660,"m","3/28/26"
"5834","if","cdi_words","2A","produces",NA,0,"266","2026-04-17 13:59:28","VVI182",660,"m","3/28/26"
"5835","sock","extra_words","2A","produces",1,1,"204","2026-04-17 19:39:18","VVI175",570,"m","10/26/03"
"5836","bathtub","extra_words","2A","produces",NA,0,"204","2026-04-17 19:39:18","VVI175",570,"m","10/26/03"
"5837","shower","extra_words","2A","produces",NA,0,"204","2026-04-17 19:39:18","VVI175",570,"m","10/26/03"
"5838","balloon","extra_words","2A","produces",NA,0,"204","2026-04-17 19:39:18","VVI175",570,"m","10/26/03"
"5839","dresser","extra_words","2A","produces",NA,0,"204","2026-04-17 19:39:18","VVI175",570,"m","10/26/03"
"5840","kite","extra_words","2A","produces",NA,0,"204","2026-04-17 19:39:18","VVI175",570,"m","10/26/03"
"5841","camel","extra_words","2A","produces",NA,0,"204","2026-04-17 19:39:18","VVI175",570,"m","10/26/03"
"5842","elephant","extra_words","2A","produces",NA,0,"204","2026-04-17 19:39:18","VVI175",570,"m","10/26/03"
"5843","ladybug","extra_words","2A","produces",NA,0,"204","2026-04-17 19:39:18","VVI175",570,"m","10/26/03"
"5844","cloud","extra_words","2A","produces",NA,0,"204","2026-04-17 19:39:18","VVI175",570,"m","10/26/03"
"5845","tree","extra_words","2A","produces",1,1,"204","2026-04-17 19:39:18","VVI175",570,"m","10/26/03"
"5846","zipper","extra_words","2A","produces",NA,0,"204","2026-04-17 19:39:18","VVI175",570,"m","10/26/03"
"5847","crow","extra_words","2A","produces",NA,0,"204","2026-04-17 19:39:18","VVI175",570,"m","10/26/03"
"5848","penguin","extra_words","2A","produces",NA,0,"204","2026-04-17 19:39:18","VVI175",570,"m","10/26/03"
"5849","seahorse","extra_words","2A","produces",NA,0,"204","2026-04-17 19:39:18","VVI175",570,"m","10/26/03"
"5850","duck","extra_words","2A","produces",NA,0,"204","2026-04-17 19:39:18","VVI175",570,"m","10/26/03"
"5851","chicken","extra_words","2A","produces",1,1,"204","2026-04-17 19:39:18","VVI175",570,"m","10/26/03"
"5852","butterfly","extra_words","2A","produces",NA,0,"204","2026-04-17 19:39:18","VVI175",570,"m","10/26/03"
"5853","lizard","extra_words","2A","produces",NA,0,"204","2026-04-17 19:39:18","VVI175",570,"m","10/26/03"
"5854","walrus","extra_words","2A","produces",NA,0,"204","2026-04-17 19:39:18","VVI175",570,"m","10/26/03"
"5855","snake","extra_words","2A","produces",1,1,"204","2026-04-17 19:39:18","VVI175",570,"m","10/26/03"
"5856","truck","extra_words","2A","produces",1,1,"204","2026-04-17 19:39:18","VVI175",570,"m","10/26/03"
"5857","car","extra_words","2A","produces",1,1,"204","2026-04-17 19:39:18","VVI175",570,"m","10/26/03"
"5858","airplane","extra_words","2A","produces",NA,0,"204","2026-04-17 19:39:18","VVI175",570,"m","10/26/03"
"5859","baa baa","cdi_words","2A","produces",1,1,"204","2026-04-17 19:39:18","VVI175",570,"m","10/26/03"
"5860","meow","cdi_words","2A","produces",1,1,"204","2026-04-17 19:39:18","VVI175",570,"m","10/26/03"
"5861","ouch","cdi_words","2A","produces",1,1,"204","2026-04-17 19:39:18","VVI175",570,"m","10/26/03"
"5862","uh oh","cdi_words","2A","produces",1,1,"204","2026-04-17 19:39:18","VVI175",570,"m","10/26/03"
"5863","woof woof","cdi_words","2A","produces",1,1,"204","2026-04-17 19:39:18","VVI175",570,"m","10/26/03"
"5864","bear","cdi_words","2A","produces",1,1,"204","2026-04-17 19:39:18","VVI175",570,"m","10/26/03"
"5865","bird","cdi_words","2A","produces",NA,0,"204","2026-04-17 19:39:18","VVI175",570,"m","10/26/03"
"5866","cat","cdi_words","2A","produces",1,1,"204","2026-04-17 19:39:18","VVI175",570,"m","10/26/03"
"5867","dog","cdi_words","2A","produces",1,1,"204","2026-04-17 19:39:18","VVI175",570,"m","10/26/03"
"5868","duck","cdi_words","2A","produces",NA,0,"204","2026-04-17 19:39:18","VVI175",570,"m","10/26/03"
"5869","horse","cdi_words","2A","produces",NA,0,"204","2026-04-17 19:39:18","VVI175",570,"m","10/26/03"
"5870","airplane","cdi_words","2A","produces",NA,0,"204","2026-04-17 19:39:18","VVI175",570,"m","10/26/03"
"5871","boat","cdi_words","2A","produces",NA,0,"204","2026-04-17 19:39:18","VVI175",570,"m","10/26/03"
"5872","car","cdi_words","2A","produces",1,1,"204","2026-04-17 19:39:18","VVI175",570,"m","10/26/03"
"5873","ball","cdi_words","2A","produces",1,1,"204","2026-04-17 19:39:18","VVI175",570,"m","10/26/03"
"5874","book","cdi_words","2A","produces",1,1,"204","2026-04-17 19:39:18","VVI175",570,"m","10/26/03"
"5875","game","cdi_words","2A","produces",NA,0,"204","2026-04-17 19:39:18","VVI175",570,"m","10/26/03"
"5876","applesauce","cdi_words","2A","produces",1,1,"204","2026-04-17 19:39:18","VVI175",570,"m","10/26/03"
"5877","candy","cdi_words","2A","produces",NA,0,"204","2026-04-17 19:39:18","VVI175",570,"m","10/26/03"
"5878","coke","cdi_words","2A","produces",NA,0,"204","2026-04-17 19:39:18","VVI175",570,"m","10/26/03"
"5879","cracker","cdi_words","2A","produces",NA,0,"204","2026-04-17 19:39:18","VVI175",570,"m","10/26/03"
"5880","juice","cdi_words","2A","produces",NA,0,"204","2026-04-17 19:39:18","VVI175",570,"m","10/26/03"
"5881","meat","cdi_words","2A","produces",NA,0,"204","2026-04-17 19:39:18","VVI175",570,"m","10/26/03"
"5882","milk","cdi_words","2A","produces",1,1,"204","2026-04-17 19:39:18","VVI175",570,"m","10/26/03"
"5883","peas","cdi_words","2A","produces",1,1,"204","2026-04-17 19:39:18","VVI175",570,"m","10/26/03"
"5884","hat","cdi_words","2A","produces",NA,0,"204","2026-04-17 19:39:18","VVI175",570,"m","10/26/03"
"5885","necklace","cdi_words","2A","produces",NA,0,"204","2026-04-17 19:39:18","VVI175",570,"m","10/26/03"
"5886","shoe","cdi_words","2A","produces",1,1,"204","2026-04-17 19:39:18","VVI175",570,"m","10/26/03"
"5887","sock","cdi_words","2A","produces",1,1,"204","2026-04-17 19:39:18","VVI175",570,"m","10/26/03"
"5888","chin","cdi_words","2A","produces",1,1,"204","2026-04-17 19:39:18","VVI175",570,"m","10/26/03"
"5889","ear","cdi_words","2A","produces",1,1,"204","2026-04-17 19:39:18","VVI175",570,"m","10/26/03"
"5890","hand","cdi_words","2A","produces",1,1,"204","2026-04-17 19:39:18","VVI175",570,"m","10/26/03"
"5891","leg","cdi_words","2A","produces",1,1,"204","2026-04-17 19:39:18","VVI175",570,"m","10/26/03"
"5892","broom","cdi_words","2A","produces",NA,0,"204","2026-04-17 19:39:18","VVI175",570,"m","10/26/03"
"5893","comb","cdi_words","2A","produces",NA,0,"204","2026-04-17 19:39:18","VVI175",570,"m","10/26/03"
"5894","mop","cdi_words","2A","produces",NA,0,"204","2026-04-17 19:39:18","VVI175",570,"m","10/26/03"
"5895","plate","cdi_words","2A","produces",NA,0,"204","2026-04-17 19:39:18","VVI175",570,"m","10/26/03"
"5896","trash","cdi_words","2A","produces",1,1,"204","2026-04-17 19:39:18","VVI175",570,"m","10/26/03"
"5897","tray","cdi_words","2A","produces",NA,0,"204","2026-04-17 19:39:18","VVI175",570,"m","10/26/03"
"5898","towel","cdi_words","2A","produces",NA,0,"204","2026-04-17 19:39:18","VVI175",570,"m","10/26/03"
"5899","bed","cdi_words","2A","produces",1,1,"204","2026-04-17 19:39:18","VVI175",570,"m","10/26/03"
"5900","bedroom","cdi_words","2A","produces",NA,0,"204","2026-04-17 19:39:18","VVI175",570,"m","10/26/03"
"5901","bench","cdi_words","2A","produces",NA,0,"204","2026-04-17 19:39:18","VVI175",570,"m","10/26/03"
"5902","oven","cdi_words","2A","produces",NA,0,"204","2026-04-17 19:39:18","VVI175",570,"m","10/26/03"
"5903","stairs","cdi_words","2A","produces",1,1,"204","2026-04-17 19:39:18","VVI175",570,"m","10/26/03"
"5904","flag","cdi_words","2A","produces",NA,0,"204","2026-04-17 19:39:18","VVI175",570,"m","10/26/03"
"5905","rain","cdi_words","2A","produces",NA,0,"204","2026-04-17 19:39:18","VVI175",570,"m","10/26/03"
"5906","star","cdi_words","2A","produces",1,1,"204","2026-04-17 19:39:18","VVI175",570,"m","10/26/03"
"5907","swing","cdi_words","2A","produces",NA,0,"204","2026-04-17 19:39:18","VVI175",570,"m","10/26/03"
"5908","school","cdi_words","2A","produces",NA,0,"204","2026-04-17 19:39:18","VVI175",570,"m","10/26/03"
"5909","sky","cdi_words","2A","produces",NA,0,"204","2026-04-17 19:39:18","VVI175",570,"m","10/26/03"
"5910","party","cdi_words","2A","produces",NA,0,"204","2026-04-17 19:39:18","VVI175",570,"m","10/26/03"
"5911","friend","cdi_words","2A","produces",NA,0,"204","2026-04-17 19:39:18","VVI175",570,"m","10/26/03"
"5912","mommy","cdi_words","2A","produces",1,1,"204","2026-04-17 19:39:18","VVI175",570,"m","10/26/03"
"5913","person","cdi_words","2A","produces",NA,0,"204","2026-04-17 19:39:18","VVI175",570,"m","10/26/03"
"5914","bye","cdi_words","2A","produces",1,1,"204","2026-04-17 19:39:18","VVI175",570,"m","10/26/03"
"5915","hi","cdi_words","2A","produces",1,1,"204","2026-04-17 19:39:18","VVI175",570,"m","10/26/03"
"5916","no","cdi_words","2A","produces",1,1,"204","2026-04-17 19:39:18","VVI175",570,"m","10/26/03"
"5917","shopping","cdi_words","2A","produces",NA,0,"204","2026-04-17 19:39:18","VVI175",570,"m","10/26/03"
"5918","thank you","cdi_words","2A","produces",1,1,"204","2026-04-17 19:39:18","VVI175",570,"m","10/26/03"
"5919","carry","cdi_words","2A","produces",NA,0,"204","2026-04-17 19:39:18","VVI175",570,"m","10/26/03"
"5920","chase","cdi_words","2A","produces",NA,0,"204","2026-04-17 19:39:18","VVI175",570,"m","10/26/03"
"5921","dump","cdi_words","2A","produces",NA,0,"204","2026-04-17 19:39:18","VVI175",570,"m","10/26/03"
"5922","finish","cdi_words","2A","produces",NA,0,"204","2026-04-17 19:39:18","VVI175",570,"m","10/26/03"
"5923","fit","cdi_words","2A","produces",NA,0,"204","2026-04-17 19:39:18","VVI175",570,"m","10/26/03"
"5924","hug","cdi_words","2A","produces",1,1,"204","2026-04-17 19:39:18","VVI175",570,"m","10/26/03"
"5925","listen","cdi_words","2A","produces",NA,0,"204","2026-04-17 19:39:18","VVI175",570,"m","10/26/03"
"5926","like","cdi_words","2A","produces",NA,0,"204","2026-04-17 19:39:18","VVI175",570,"m","10/26/03"
"5927","pretend","cdi_words","2A","produces",NA,0,"204","2026-04-17 19:39:18","VVI175",570,"m","10/26/03"
"5928","rip","cdi_words","2A","produces",NA,0,"204","2026-04-17 19:39:18","VVI175",570,"m","10/26/03"
"5929","shake","cdi_words","2A","produces",NA,0,"204","2026-04-17 19:39:18","VVI175",570,"m","10/26/03"
"5930","taste","cdi_words","2A","produces",NA,0,"204","2026-04-17 19:39:18","VVI175",570,"m","10/26/03"
"5931","gentle","cdi_words","2A","produces",1,1,"204","2026-04-17 19:39:18","VVI175",570,"m","10/26/03"
"5932","think","cdi_words","2A","produces",NA,0,"204","2026-04-17 19:39:18","VVI175",570,"m","10/26/03"
"5933","wish","cdi_words","2A","produces",NA,0,"204","2026-04-17 19:39:18","VVI175",570,"m","10/26/03"
"5934","all gone","cdi_words","2A","produces",1,1,"204","2026-04-17 19:39:18","VVI175",570,"m","10/26/03"
"5935","cold","cdi_words","2A","produces",NA,0,"204","2026-04-17 19:39:18","VVI175",570,"m","10/26/03"
"5936","fast","cdi_words","2A","produces",NA,0,"204","2026-04-17 19:39:18","VVI175",570,"m","10/26/03"
"5937","happy","cdi_words","2A","produces",NA,0,"204","2026-04-17 19:39:18","VVI175",570,"m","10/26/03"
"5938","hot","cdi_words","2A","produces",1,1,"204","2026-04-17 19:39:18","VVI175",570,"m","10/26/03"
"5939","last","cdi_words","2A","produces",NA,0,"204","2026-04-17 19:39:18","VVI175",570,"m","10/26/03"
"5940","tiny","cdi_words","2A","produces",NA,0,"204","2026-04-17 19:39:18","VVI175",570,"m","10/26/03"
"5941","wet","cdi_words","2A","produces",NA,0,"204","2026-04-17 19:39:18","VVI175",570,"m","10/26/03"
"5942","after","cdi_words","2A","produces",NA,0,"204","2026-04-17 19:39:18","VVI175",570,"m","10/26/03"
"5943","day","cdi_words","2A","produces",NA,0,"204","2026-04-17 19:39:18","VVI175",570,"m","10/26/03"
"5944","tonight","cdi_words","2A","produces",NA,0,"204","2026-04-17 19:39:18","VVI175",570,"m","10/26/03"
"5945","our","cdi_words","2A","produces",NA,0,"204","2026-04-17 19:39:18","VVI175",570,"m","10/26/03"
"5946","them","cdi_words","2A","produces",NA,0,"204","2026-04-17 19:39:18","VVI175",570,"m","10/26/03"
"5947","this","cdi_words","2A","produces",NA,0,"204","2026-04-17 19:39:18","VVI175",570,"m","10/26/03"
"5948","us","cdi_words","2A","produces",NA,0,"204","2026-04-17 19:39:18","VVI175",570,"m","10/26/03"
"5949","where","cdi_words","2A","produces",NA,0,"204","2026-04-17 19:39:18","VVI175",570,"m","10/26/03"
"5950","beside","cdi_words","2A","produces",NA,0,"204","2026-04-17 19:39:18","VVI175",570,"m","10/26/03"
"5951","down","cdi_words","2A","produces",1,1,"204","2026-04-17 19:39:18","VVI175",570,"m","10/26/03"
"5952","under","cdi_words","2A","produces",NA,0,"204","2026-04-17 19:39:18","VVI175",570,"m","10/26/03"
"5953","all","cdi_words","2A","produces",NA,0,"204","2026-04-17 19:39:18","VVI175",570,"m","10/26/03"
"5954","much","cdi_words","2A","produces",NA,0,"204","2026-04-17 19:39:18","VVI175",570,"m","10/26/03"
"5955","could","cdi_words","2A","produces",NA,0,"204","2026-04-17 19:39:18","VVI175",570,"m","10/26/03"
"5956","need","cdi_words","2A","produces",NA,0,"204","2026-04-17 19:39:18","VVI175",570,"m","10/26/03"
"5957","would","cdi_words","2A","produces",NA,0,"204","2026-04-17 19:39:18","VVI175",570,"m","10/26/03"
"5958","if","cdi_words","2A","produces",NA,0,"204","2026-04-17 19:39:18","VVI175",570,"m","10/26/03"
"5959","sock","extra_words","2A","produces",NA,0,"169","2026-03-08 18:57:22","VVI155",570,"m","2/20/26"
"5960","bathtub","extra_words","2A","produces",NA,0,"169","2026-03-08 18:57:22","VVI155",570,"m","2/20/26"
"5961","shower","extra_words","2A","produces",NA,0,"169","2026-03-08 18:57:22","VVI155",570,"m","2/20/26"
"5962","balloon","extra_words","2A","produces",1,1,"169","2026-03-08 18:57:22","VVI155",570,"m","2/20/26"
"5963","dresser","extra_words","2A","produces",NA,0,"169","2026-03-08 18:57:22","VVI155",570,"m","2/20/26"
"5964","kite","extra_words","2A","produces",NA,0,"169","2026-03-08 18:57:22","VVI155",570,"m","2/20/26"
"5965","camel","extra_words","2A","produces",NA,0,"169","2026-03-08 18:57:22","VVI155",570,"m","2/20/26"
"5966","elephant","extra_words","2A","produces",1,1,"169","2026-03-08 18:57:22","VVI155",570,"m","2/20/26"
"5967","ladybug","extra_words","2A","produces",NA,0,"169","2026-03-08 18:57:22","VVI155",570,"m","2/20/26"
"5968","cloud","extra_words","2A","produces",NA,0,"169","2026-03-08 18:57:22","VVI155",570,"m","2/20/26"
"5969","tree","extra_words","2A","produces",1,1,"169","2026-03-08 18:57:22","VVI155",570,"m","2/20/26"
"5970","zipper","extra_words","2A","produces",1,1,"169","2026-03-08 18:57:22","VVI155",570,"m","2/20/26"
"5971","crow","extra_words","2A","produces",NA,0,"169","2026-03-08 18:57:22","VVI155",570,"m","2/20/26"
"5972","penguin","extra_words","2A","produces",1,1,"169","2026-03-08 18:57:22","VVI155",570,"m","2/20/26"
"5973","seahorse","extra_words","2A","produces",NA,0,"169","2026-03-08 18:57:22","VVI155",570,"m","2/20/26"
"5974","duck","extra_words","2A","produces",1,1,"169","2026-03-08 18:57:22","VVI155",570,"m","2/20/26"
"5975","chicken","extra_words","2A","produces",1,1,"169","2026-03-08 18:57:22","VVI155",570,"m","2/20/26"
"5976","butterfly","extra_words","2A","produces",1,1,"169","2026-03-08 18:57:22","VVI155",570,"m","2/20/26"
"5977","lizard","extra_words","2A","produces",NA,0,"169","2026-03-08 18:57:22","VVI155",570,"m","2/20/26"
"5978","walrus","extra_words","2A","produces",NA,0,"169","2026-03-08 18:57:22","VVI155",570,"m","2/20/26"
"5979","snake","extra_words","2A","produces",1,1,"169","2026-03-08 18:57:22","VVI155",570,"m","2/20/26"
"5980","truck","extra_words","2A","produces",1,1,"169","2026-03-08 18:57:22","VVI155",570,"m","2/20/26"
"5981","car","extra_words","2A","produces",1,1,"169","2026-03-08 18:57:22","VVI155",570,"m","2/20/26"
"5982","airplane","extra_words","2A","produces",1,1,"169","2026-03-08 18:57:22","VVI155",570,"m","2/20/26"
"5983","baa baa","cdi_words","2A","produces",1,1,"169","2026-03-08 18:57:22","VVI155",570,"m","2/20/26"
"5984","meow","cdi_words","2A","produces",1,1,"169","2026-03-08 18:57:22","VVI155",570,"m","2/20/26"
"5985","ouch","cdi_words","2A","produces",1,1,"169","2026-03-08 18:57:22","VVI155",570,"m","2/20/26"
"5986","uh oh","cdi_words","2A","produces",1,1,"169","2026-03-08 18:57:22","VVI155",570,"m","2/20/26"
"5987","woof woof","cdi_words","2A","produces",1,1,"169","2026-03-08 18:57:22","VVI155",570,"m","2/20/26"
"5988","bear","cdi_words","2A","produces",1,1,"169","2026-03-08 18:57:22","VVI155",570,"m","2/20/26"
"5989","bird","cdi_words","2A","produces",1,1,"169","2026-03-08 18:57:22","VVI155",570,"m","2/20/26"
"5990","cat","cdi_words","2A","produces",1,1,"169","2026-03-08 18:57:22","VVI155",570,"m","2/20/26"
"5991","dog","cdi_words","2A","produces",1,1,"169","2026-03-08 18:57:22","VVI155",570,"m","2/20/26"
"5992","duck","cdi_words","2A","produces",1,1,"169","2026-03-08 18:57:22","VVI155",570,"m","2/20/26"
"5993","horse","cdi_words","2A","produces",1,1,"169","2026-03-08 18:57:22","VVI155",570,"m","2/20/26"
"5994","airplane","cdi_words","2A","produces",1,1,"169","2026-03-08 18:57:22","VVI155",570,"m","2/20/26"
"5995","boat","cdi_words","2A","produces",1,1,"169","2026-03-08 18:57:22","VVI155",570,"m","2/20/26"
"5996","car","cdi_words","2A","produces",1,1,"169","2026-03-08 18:57:22","VVI155",570,"m","2/20/26"
"5997","ball","cdi_words","2A","produces",1,1,"169","2026-03-08 18:57:22","VVI155",570,"m","2/20/26"
"5998","book","cdi_words","2A","produces",1,1,"169","2026-03-08 18:57:22","VVI155",570,"m","2/20/26"
"5999","game","cdi_words","2A","produces",NA,0,"169","2026-03-08 18:57:22","VVI155",570,"m","2/20/26"
"6000","applesauce","cdi_words","2A","produces",NA,0,"169","2026-03-08 18:57:22","VVI155",570,"m","2/20/26"
"6001","candy","cdi_words","2A","produces",NA,0,"169","2026-03-08 18:57:22","VVI155",570,"m","2/20/26"
"6002","coke","cdi_words","2A","produces",NA,0,"169","2026-03-08 18:57:22","VVI155",570,"m","2/20/26"
"6003","cracker","cdi_words","2A","produces",1,1,"169","2026-03-08 18:57:22","VVI155",570,"m","2/20/26"
"6004","juice","cdi_words","2A","produces",NA,0,"169","2026-03-08 18:57:22","VVI155",570,"m","2/20/26"
"6005","meat","cdi_words","2A","produces",NA,0,"169","2026-03-08 18:57:22","VVI155",570,"m","2/20/26"
"6006","milk","cdi_words","2A","produces",1,1,"169","2026-03-08 18:57:22","VVI155",570,"m","2/20/26"
"6007","peas","cdi_words","2A","produces",NA,0,"169","2026-03-08 18:57:22","VVI155",570,"m","2/20/26"
"6008","hat","cdi_words","2A","produces",1,1,"169","2026-03-08 18:57:22","VVI155",570,"m","2/20/26"
"6009","necklace","cdi_words","2A","produces",NA,0,"169","2026-03-08 18:57:22","VVI155",570,"m","2/20/26"
"6010","shoe","cdi_words","2A","produces",1,1,"169","2026-03-08 18:57:22","VVI155",570,"m","2/20/26"
"6011","sock","cdi_words","2A","produces",NA,0,"169","2026-03-08 18:57:22","VVI155",570,"m","2/20/26"
"6012","chin","cdi_words","2A","produces",1,1,"169","2026-03-08 18:57:22","VVI155",570,"m","2/20/26"
"6013","ear","cdi_words","2A","produces",1,1,"169","2026-03-08 18:57:22","VVI155",570,"m","2/20/26"
"6014","hand","cdi_words","2A","produces",1,1,"169","2026-03-08 18:57:22","VVI155",570,"m","2/20/26"
"6015","leg","cdi_words","2A","produces",NA,0,"169","2026-03-08 18:57:22","VVI155",570,"m","2/20/26"
"6016","broom","cdi_words","2A","produces",NA,0,"169","2026-03-08 18:57:22","VVI155",570,"m","2/20/26"
"6017","comb","cdi_words","2A","produces",NA,0,"169","2026-03-08 18:57:22","VVI155",570,"m","2/20/26"
"6018","mop","cdi_words","2A","produces",NA,0,"169","2026-03-08 18:57:22","VVI155",570,"m","2/20/26"
"6019","plate","cdi_words","2A","produces",1,1,"169","2026-03-08 18:57:22","VVI155",570,"m","2/20/26"
"6020","trash","cdi_words","2A","produces",NA,0,"169","2026-03-08 18:57:22","VVI155",570,"m","2/20/26"
"6021","tray","cdi_words","2A","produces",NA,0,"169","2026-03-08 18:57:22","VVI155",570,"m","2/20/26"
"6022","towel","cdi_words","2A","produces",NA,0,"169","2026-03-08 18:57:22","VVI155",570,"m","2/20/26"
"6023","bed","cdi_words","2A","produces",1,1,"169","2026-03-08 18:57:22","VVI155",570,"m","2/20/26"
"6024","bedroom","cdi_words","2A","produces",NA,0,"169","2026-03-08 18:57:22","VVI155",570,"m","2/20/26"
"6025","bench","cdi_words","2A","produces",NA,0,"169","2026-03-08 18:57:22","VVI155",570,"m","2/20/26"
"6026","oven","cdi_words","2A","produces",NA,0,"169","2026-03-08 18:57:22","VVI155",570,"m","2/20/26"
"6027","stairs","cdi_words","2A","produces",NA,0,"169","2026-03-08 18:57:22","VVI155",570,"m","2/20/26"
"6028","flag","cdi_words","2A","produces",NA,0,"169","2026-03-08 18:57:22","VVI155",570,"m","2/20/26"
"6029","rain","cdi_words","2A","produces",NA,0,"169","2026-03-08 18:57:22","VVI155",570,"m","2/20/26"
"6030","star","cdi_words","2A","produces",1,1,"169","2026-03-08 18:57:22","VVI155",570,"m","2/20/26"
"6031","swing","cdi_words","2A","produces",NA,0,"169","2026-03-08 18:57:22","VVI155",570,"m","2/20/26"
"6032","school","cdi_words","2A","produces",NA,0,"169","2026-03-08 18:57:22","VVI155",570,"m","2/20/26"
"6033","sky","cdi_words","2A","produces",NA,0,"169","2026-03-08 18:57:22","VVI155",570,"m","2/20/26"
"6034","party","cdi_words","2A","produces",NA,0,"169","2026-03-08 18:57:22","VVI155",570,"m","2/20/26"
"6035","friend","cdi_words","2A","produces",NA,0,"169","2026-03-08 18:57:22","VVI155",570,"m","2/20/26"
"6036","mommy","cdi_words","2A","produces",1,1,"169","2026-03-08 18:57:22","VVI155",570,"m","2/20/26"
"6037","person","cdi_words","2A","produces",NA,0,"169","2026-03-08 18:57:22","VVI155",570,"m","2/20/26"
"6038","bye","cdi_words","2A","produces",1,1,"169","2026-03-08 18:57:22","VVI155",570,"m","2/20/26"
"6039","hi","cdi_words","2A","produces",1,1,"169","2026-03-08 18:57:22","VVI155",570,"m","2/20/26"
"6040","no","cdi_words","2A","produces",1,1,"169","2026-03-08 18:57:22","VVI155",570,"m","2/20/26"
"6041","shopping","cdi_words","2A","produces",NA,0,"169","2026-03-08 18:57:22","VVI155",570,"m","2/20/26"
"6042","thank you","cdi_words","2A","produces",1,1,"169","2026-03-08 18:57:22","VVI155",570,"m","2/20/26"
"6043","carry","cdi_words","2A","produces",NA,0,"169","2026-03-08 18:57:22","VVI155",570,"m","2/20/26"
"6044","chase","cdi_words","2A","produces",NA,0,"169","2026-03-08 18:57:22","VVI155",570,"m","2/20/26"
"6045","dump","cdi_words","2A","produces",NA,0,"169","2026-03-08 18:57:22","VVI155",570,"m","2/20/26"
"6046","finish","cdi_words","2A","produces",NA,0,"169","2026-03-08 18:57:22","VVI155",570,"m","2/20/26"
"6047","fit","cdi_words","2A","produces",NA,0,"169","2026-03-08 18:57:22","VVI155",570,"m","2/20/26"
"6048","hug","cdi_words","2A","produces",1,1,"169","2026-03-08 18:57:22","VVI155",570,"m","2/20/26"
"6049","listen","cdi_words","2A","produces",NA,0,"169","2026-03-08 18:57:22","VVI155",570,"m","2/20/26"
"6050","like","cdi_words","2A","produces",NA,0,"169","2026-03-08 18:57:22","VVI155",570,"m","2/20/26"
"6051","pretend","cdi_words","2A","produces",NA,0,"169","2026-03-08 18:57:22","VVI155",570,"m","2/20/26"
"6052","rip","cdi_words","2A","produces",NA,0,"169","2026-03-08 18:57:22","VVI155",570,"m","2/20/26"
"6053","shake","cdi_words","2A","produces",1,1,"169","2026-03-08 18:57:22","VVI155",570,"m","2/20/26"
"6054","taste","cdi_words","2A","produces",NA,0,"169","2026-03-08 18:57:22","VVI155",570,"m","2/20/26"
"6055","gentle","cdi_words","2A","produces",1,1,"169","2026-03-08 18:57:22","VVI155",570,"m","2/20/26"
"6056","think","cdi_words","2A","produces",NA,0,"169","2026-03-08 18:57:22","VVI155",570,"m","2/20/26"
"6057","wish","cdi_words","2A","produces",NA,0,"169","2026-03-08 18:57:22","VVI155",570,"m","2/20/26"
"6058","all gone","cdi_words","2A","produces",1,1,"169","2026-03-08 18:57:22","VVI155",570,"m","2/20/26"
"6059","cold","cdi_words","2A","produces",1,1,"169","2026-03-08 18:57:22","VVI155",570,"m","2/20/26"
"6060","fast","cdi_words","2A","produces",1,1,"169","2026-03-08 18:57:22","VVI155",570,"m","2/20/26"
"6061","happy","cdi_words","2A","produces",1,1,"169","2026-03-08 18:57:22","VVI155",570,"m","2/20/26"
"6062","hot","cdi_words","2A","produces",1,1,"169","2026-03-08 18:57:22","VVI155",570,"m","2/20/26"
"6063","last","cdi_words","2A","produces",NA,0,"169","2026-03-08 18:57:22","VVI155",570,"m","2/20/26"
"6064","tiny","cdi_words","2A","produces",NA,0,"169","2026-03-08 18:57:22","VVI155",570,"m","2/20/26"
"6065","wet","cdi_words","2A","produces",NA,0,"169","2026-03-08 18:57:22","VVI155",570,"m","2/20/26"
"6066","after","cdi_words","2A","produces",NA,0,"169","2026-03-08 18:57:22","VVI155",570,"m","2/20/26"
"6067","day","cdi_words","2A","produces",NA,0,"169","2026-03-08 18:57:22","VVI155",570,"m","2/20/26"
"6068","tonight","cdi_words","2A","produces",NA,0,"169","2026-03-08 18:57:22","VVI155",570,"m","2/20/26"
"6069","our","cdi_words","2A","produces",NA,0,"169","2026-03-08 18:57:22","VVI155",570,"m","2/20/26"
"6070","them","cdi_words","2A","produces",NA,0,"169","2026-03-08 18:57:22","VVI155",570,"m","2/20/26"
"6071","this","cdi_words","2A","produces",NA,0,"169","2026-03-08 18:57:22","VVI155",570,"m","2/20/26"
"6072","us","cdi_words","2A","produces",NA,0,"169","2026-03-08 18:57:22","VVI155",570,"m","2/20/26"
"6073","where","cdi_words","2A","produces",1,1,"169","2026-03-08 18:57:22","VVI155",570,"m","2/20/26"
"6074","beside","cdi_words","2A","produces",NA,0,"169","2026-03-08 18:57:22","VVI155",570,"m","2/20/26"
"6075","down","cdi_words","2A","produces",1,1,"169","2026-03-08 18:57:22","VVI155",570,"m","2/20/26"
"6076","under","cdi_words","2A","produces",NA,0,"169","2026-03-08 18:57:22","VVI155",570,"m","2/20/26"
"6077","all","cdi_words","2A","produces",NA,0,"169","2026-03-08 18:57:22","VVI155",570,"m","2/20/26"
"6078","much","cdi_words","2A","produces",NA,0,"169","2026-03-08 18:57:22","VVI155",570,"m","2/20/26"
"6079","could","cdi_words","2A","produces",NA,0,"169","2026-03-08 18:57:22","VVI155",570,"m","2/20/26"
"6080","need","cdi_words","2A","produces",NA,0,"169","2026-03-08 18:57:22","VVI155",570,"m","2/20/26"
"6081","would","cdi_words","2A","produces",NA,0,"169","2026-03-08 18:57:22","VVI155",570,"m","2/20/26"
"6082","if","cdi_words","2A","produces",NA,0,"169","2026-03-08 18:57:22","VVI155",570,"m","2/20/26"
"6083","Sometimes","combine","2A","combine",2,1,"157","2026-04-09 08:59:38","VVI172",690,"f","5/26/03"
"6084","Often","combine","2A","combine",3,1,"140","2026-03-08 19:06:56","VVI141",750,"f","2/14/26"
"6085","Sometimes","combine","2A","combine",2,1,"248","2026-02-18 10:40:52","VVI148",630,"f","2/18/26"
"6086","Not Yet","combine","2A","combine",1,1,"105","2026-04-17 16:36:07","VVI190",570,"m","6/26/04"
"6087","Not Yet","combine","2A","combine",1,1,"92","2026-03-07 09:16:09","VVI174",690,"m","7/26/03"
"6088","Not Yet","combine","2A","combine",1,1,"66","2026-03-05 17:04:08","VVI173",690,"f","5/26/03"
"6089","Often","combine","2A","combine",3,1,"178","2026-05-18 20:50:22","VVI212",840,"f","5/19/26"
"6090","Sometimes","combine","2A","combine",2,1,"97","2026-03-08 18:23:32","VVI165",720,"m","2/26/26"
"6091","Often","combine","2A","combine",3,1,"123","2026-03-09 13:10:25","VVI143",690,"f","2/16/26"
"6092","Often","combine","2A","combine",3,1,"159","2026-03-09 16:05:40","VVI161",630,"m","2/23/26"
"6093","Sometimes","combine","2A","combine",2,1,"357","2026-04-28 18:46:17","VVI199",570,"f","4/22/26"
"6094","Often","combine","2A","combine",3,1,"178","2026-02-19 14:13:41","VVI152",600,"f","2/19/26"
"6095","Often","combine","2A","combine",3,1,"165","2026-03-13 08:25:10","VVI176",750,"f","3/13/26"
"6096","Sometimes","combine","2A","combine",2,1,"98","2026-03-08 17:02:49","VVI153",600,"f","2/19/26"
"6097","Often","combine","2A","combine",3,1,"209","2026-04-17 16:06:34","VVI180",720,"m","3/25/26"
"6098","Often","combine","2A","combine",3,1,"129","2026-03-08 21:48:11","VVI159",630,"m","2/22/26"
"6099","Sometimes","combine","2A","combine",2,1,"128","2026-03-08 17:19:57","VVI140",630,"m","2/13/26"
"6100","Sometimes","combine","2A","combine",2,1,"768","2026-05-25 19:45:03","VVI217",600,"m","5/26/26"
"6101","Not Yet","combine","2A","combine",1,1,"137","2026-03-14 07:58:28","VVI177",570,"m","3/14/26"
"6102","Often","combine","2A","combine",3,1,"132","2026-03-09 13:00:56","VVI139",630,"m","2/13/26"
"6103","Often","combine","2A","combine",3,1,"161","2026-02-21 16:30:14","VVI157",660,"f","2/21/26"
"6104","Sometimes","combine","2A","combine",2,1,"123","2026-03-09 05:11:33","VVI154",630,"m","2/20/26"
"6105","Often","combine","2A","combine",3,1,"296","2026-04-28 17:33:28","VVI200",630,"f","4/23/26"
"6106","Sometimes","combine","2A","combine",2,1,"99","2026-04-08 09:55:56","VVI170",720,"f","3/26/03"
"6107","Often","combine","2A","combine",3,1,"241","2026-03-27 15:21:55","VVI181",690,"f","3/27/26"
"6108","Sometimes","combine","2A","combine",2,1,"116","2026-03-15 16:54:18","VVI147",630,"f","2/17/26"
"6109","Not Yet","combine","2A","combine",1,1,"266","2026-04-17 13:59:28","VVI182",660,"m","3/28/26"
"6110","Often","combine","2A","combine",3,1,"204","2026-04-17 19:39:18","VVI175",570,"m","10/26/03"
"6111","Often","combine","2A","combine",3,1,"169","2026-03-08 18:57:22","VVI155",570,"m","2/20/26"
