"","word","word_type","survey_type","type","value","responded","duration_in_seconds","StartDate","local_id","age_rounded","gender","date_created"
"1","sock","extra_words","1","produces",NA,0,"32","2026-07-12 15:42:16","VVI230",510,"m","7/12/26"
"2","sock","extra_words","1","understands",NA,0,"32","2026-07-12 15:42:16","VVI230",510,"m","7/12/26"
"3","sock","extra_words","1","produces",NA,0,"199","2026-06-29 18:15:46","VVI223",450,"f","8/26/06"
"4","sock","extra_words","1","understands",1,1,"199","2026-06-29 18:15:46","VVI223",450,"f","8/26/06"
"5","sock","extra_words","1","produces",NA,0,"245","2026-04-29 06:56:14","VVI196",450,"f","4/14/26"
"6","sock","extra_words","1","understands",NA,0,"245","2026-04-29 06:56:14","VVI196",450,"f","4/14/26"
"7","sock","extra_words","1","produces",NA,0,"104","2026-03-29 15:34:33","VVI183",420,"m","3/29/26"
"8","sock","extra_words","1","understands",NA,0,"104","2026-03-29 15:34:33","VVI183",420,"m","3/29/26"
"9","sock","extra_words","1","produces",NA,0,"125","2026-04-30 08:46:28","VVI197",450,"m","4/14/26"
"10","sock","extra_words","1","understands",1,1,"125","2026-04-30 08:46:28","VVI197",450,"m","4/14/26"
"11","sock","extra_words","1","produces",NA,0,"213","2026-02-15 21:07:24","VVI142",450,"f","2/16/26"
"12","sock","extra_words","1","understands",1,1,"213","2026-02-15 21:07:24","VVI142",450,"f","2/16/26"
"13","sock","extra_words","1","produces",NA,0,"76","2026-04-02 15:03:35","VVI186",450,"m","2/26/04"
"14","sock","extra_words","1","understands",1,1,"76","2026-04-02 15:03:35","VVI186",450,"m","2/26/04"
"15","sock","extra_words","1","produces",NA,0,"3259","2026-06-30 07:13:02","VVI213",450,"f","5/19/26"
"16","sock","extra_words","1","understands",1,1,"3259","2026-06-30 07:13:02","VVI213",450,"f","5/19/26"
"17","sock","extra_words","1","produces",NA,0,"53","2026-06-03 07:26:29","VVI221",420,"m","3/26/06"
"18","sock","extra_words","1","understands",NA,0,"53","2026-06-03 07:26:29","VVI221",420,"m","3/26/06"
"19","sock","extra_words","1","produces",NA,0,"223","2026-03-09 15:51:32","VVI162",510,"f","2/24/26"
"20","sock","extra_words","1","understands",1,1,"223","2026-03-09 15:51:32","VVI162",510,"f","2/24/26"
"21","sock","extra_words","1","produces",NA,0,"207","2026-04-08 10:48:19","VVI193",450,"f","8/26/04"
"22","sock","extra_words","1","understands",1,1,"207","2026-04-08 10:48:19","VVI193",450,"f","8/26/04"
"23","sock","extra_words","1","produces",NA,0,"131","2026-04-28 16:52:20","VVI201",420,"m","4/27/26"
"24","sock","extra_words","1","understands",NA,0,"131","2026-04-28 16:52:20","VVI201",420,"m","4/27/26"
"25","sock","extra_words","1","produces",NA,0,"216","2026-03-08 20:15:37","VVI146",510,"f","2/17/26"
"26","sock","extra_words","1","understands",1,1,"216","2026-03-08 20:15:37","VVI146",510,"f","2/17/26"
"27","sock","extra_words","1","produces",NA,0,"179","2026-03-09 12:13:10","VVI160",510,"m","2/23/26"
"28","sock","extra_words","1","understands",1,1,"179","2026-03-09 12:13:10","VVI160",510,"m","2/23/26"
"29","sock","extra_words","1","produces",NA,0,"102","2026-03-08 18:49:54","VVI164",480,"m","2/25/26"
"30","sock","extra_words","1","understands",1,1,"102","2026-03-08 18:49:54","VVI164",480,"m","2/25/26"
"31","cloud","extra_words","1","produces",NA,0,"32","2026-07-12 15:42:16","VVI230",510,"m","7/12/26"
"32","cloud","extra_words","1","understands",NA,0,"32","2026-07-12 15:42:16","VVI230",510,"m","7/12/26"
"33","cloud","extra_words","1","produces",NA,0,"199","2026-06-29 18:15:46","VVI223",450,"f","8/26/06"
"34","cloud","extra_words","1","understands",1,1,"199","2026-06-29 18:15:46","VVI223",450,"f","8/26/06"
"35","cloud","extra_words","1","produces",NA,0,"245","2026-04-29 06:56:14","VVI196",450,"f","4/14/26"
"36","cloud","extra_words","1","understands",1,1,"245","2026-04-29 06:56:14","VVI196",450,"f","4/14/26"
"37","cloud","extra_words","1","produces",NA,0,"104","2026-03-29 15:34:33","VVI183",420,"m","3/29/26"
"38","cloud","extra_words","1","understands",NA,0,"104","2026-03-29 15:34:33","VVI183",420,"m","3/29/26"
"39","cloud","extra_words","1","produces",NA,0,"125","2026-04-30 08:46:28","VVI197",450,"m","4/14/26"
"40","cloud","extra_words","1","understands",NA,0,"125","2026-04-30 08:46:28","VVI197",450,"m","4/14/26"
"41","cloud","extra_words","1","produces",NA,0,"213","2026-02-15 21:07:24","VVI142",450,"f","2/16/26"
"42","cloud","extra_words","1","understands",NA,0,"213","2026-02-15 21:07:24","VVI142",450,"f","2/16/26"
"43","cloud","extra_words","1","produces",NA,0,"76","2026-04-02 15:03:35","VVI186",450,"m","2/26/04"
"44","cloud","extra_words","1","understands",NA,0,"76","2026-04-02 15:03:35","VVI186",450,"m","2/26/04"
"45","cloud","extra_words","1","produces",NA,0,"3259","2026-06-30 07:13:02","VVI213",450,"f","5/19/26"
"46","cloud","extra_words","1","understands",NA,0,"3259","2026-06-30 07:13:02","VVI213",450,"f","5/19/26"
"47","cloud","extra_words","1","produces",NA,0,"53","2026-06-03 07:26:29","VVI221",420,"m","3/26/06"
"48","cloud","extra_words","1","understands",NA,0,"53","2026-06-03 07:26:29","VVI221",420,"m","3/26/06"
"49","cloud","extra_words","1","produces",NA,0,"223","2026-03-09 15:51:32","VVI162",510,"f","2/24/26"
"50","cloud","extra_words","1","understands",NA,0,"223","2026-03-09 15:51:32","VVI162",510,"f","2/24/26"
"51","cloud","extra_words","1","produces",NA,0,"207","2026-04-08 10:48:19","VVI193",450,"f","8/26/04"
"52","cloud","extra_words","1","understands",NA,0,"207","2026-04-08 10:48:19","VVI193",450,"f","8/26/04"
"53","cloud","extra_words","1","produces",NA,0,"131","2026-04-28 16:52:20","VVI201",420,"m","4/27/26"
"54","cloud","extra_words","1","understands",NA,0,"131","2026-04-28 16:52:20","VVI201",420,"m","4/27/26"
"55","cloud","extra_words","1","produces",NA,0,"216","2026-03-08 20:15:37","VVI146",510,"f","2/17/26"
"56","cloud","extra_words","1","understands",NA,0,"216","2026-03-08 20:15:37","VVI146",510,"f","2/17/26"
"57","cloud","extra_words","1","produces",NA,0,"179","2026-03-09 12:13:10","VVI160",510,"m","2/23/26"
"58","cloud","extra_words","1","understands",NA,0,"179","2026-03-09 12:13:10","VVI160",510,"m","2/23/26"
"59","cloud","extra_words","1","produces",NA,0,"102","2026-03-08 18:49:54","VVI164",480,"m","2/25/26"
"60","cloud","extra_words","1","understands",NA,0,"102","2026-03-08 18:49:54","VVI164",480,"m","2/25/26"
"61","tree","extra_words","1","produces",NA,0,"32","2026-07-12 15:42:16","VVI230",510,"m","7/12/26"
"62","tree","extra_words","1","understands",NA,0,"32","2026-07-12 15:42:16","VVI230",510,"m","7/12/26"
"63","tree","extra_words","1","produces",NA,0,"199","2026-06-29 18:15:46","VVI223",450,"f","8/26/06"
"64","tree","extra_words","1","understands",1,1,"199","2026-06-29 18:15:46","VVI223",450,"f","8/26/06"
"65","tree","extra_words","1","produces",NA,0,"245","2026-04-29 06:56:14","VVI196",450,"f","4/14/26"
"66","tree","extra_words","1","understands",1,1,"245","2026-04-29 06:56:14","VVI196",450,"f","4/14/26"
"67","tree","extra_words","1","produces",NA,0,"104","2026-03-29 15:34:33","VVI183",420,"m","3/29/26"
"68","tree","extra_words","1","understands",NA,0,"104","2026-03-29 15:34:33","VVI183",420,"m","3/29/26"
"69","tree","extra_words","1","produces",NA,0,"125","2026-04-30 08:46:28","VVI197",450,"m","4/14/26"
"70","tree","extra_words","1","understands",1,1,"125","2026-04-30 08:46:28","VVI197",450,"m","4/14/26"
"71","tree","extra_words","1","produces",NA,0,"213","2026-02-15 21:07:24","VVI142",450,"f","2/16/26"
"72","tree","extra_words","1","understands",1,1,"213","2026-02-15 21:07:24","VVI142",450,"f","2/16/26"
"73","tree","extra_words","1","produces",NA,0,"76","2026-04-02 15:03:35","VVI186",450,"m","2/26/04"
"74","tree","extra_words","1","understands",NA,0,"76","2026-04-02 15:03:35","VVI186",450,"m","2/26/04"
"75","tree","extra_words","1","produces",NA,0,"3259","2026-06-30 07:13:02","VVI213",450,"f","5/19/26"
"76","tree","extra_words","1","understands",1,1,"3259","2026-06-30 07:13:02","VVI213",450,"f","5/19/26"
"77","tree","extra_words","1","produces",NA,0,"53","2026-06-03 07:26:29","VVI221",420,"m","3/26/06"
"78","tree","extra_words","1","understands",NA,0,"53","2026-06-03 07:26:29","VVI221",420,"m","3/26/06"
"79","tree","extra_words","1","produces",NA,0,"223","2026-03-09 15:51:32","VVI162",510,"f","2/24/26"
"80","tree","extra_words","1","understands",NA,0,"223","2026-03-09 15:51:32","VVI162",510,"f","2/24/26"
"81","tree","extra_words","1","produces",NA,0,"207","2026-04-08 10:48:19","VVI193",450,"f","8/26/04"
"82","tree","extra_words","1","understands",1,1,"207","2026-04-08 10:48:19","VVI193",450,"f","8/26/04"
"83","tree","extra_words","1","produces",NA,0,"131","2026-04-28 16:52:20","VVI201",420,"m","4/27/26"
"84","tree","extra_words","1","understands",NA,0,"131","2026-04-28 16:52:20","VVI201",420,"m","4/27/26"
"85","tree","extra_words","1","produces",NA,0,"216","2026-03-08 20:15:37","VVI146",510,"f","2/17/26"
"86","tree","extra_words","1","understands",1,1,"216","2026-03-08 20:15:37","VVI146",510,"f","2/17/26"
"87","tree","extra_words","1","produces",NA,0,"179","2026-03-09 12:13:10","VVI160",510,"m","2/23/26"
"88","tree","extra_words","1","understands",NA,0,"179","2026-03-09 12:13:10","VVI160",510,"m","2/23/26"
"89","tree","extra_words","1","produces",NA,0,"102","2026-03-08 18:49:54","VVI164",480,"m","2/25/26"
"90","tree","extra_words","1","understands",NA,0,"102","2026-03-08 18:49:54","VVI164",480,"m","2/25/26"
"91","zipper","extra_words","1","produces",NA,0,"32","2026-07-12 15:42:16","VVI230",510,"m","7/12/26"
"92","zipper","extra_words","1","understands",NA,0,"32","2026-07-12 15:42:16","VVI230",510,"m","7/12/26"
"93","zipper","extra_words","1","produces",NA,0,"199","2026-06-29 18:15:46","VVI223",450,"f","8/26/06"
"94","zipper","extra_words","1","understands",1,1,"199","2026-06-29 18:15:46","VVI223",450,"f","8/26/06"
"95","zipper","extra_words","1","produces",NA,0,"245","2026-04-29 06:56:14","VVI196",450,"f","4/14/26"
"96","zipper","extra_words","1","understands",1,1,"245","2026-04-29 06:56:14","VVI196",450,"f","4/14/26"
"97","zipper","extra_words","1","produces",NA,0,"104","2026-03-29 15:34:33","VVI183",420,"m","3/29/26"
"98","zipper","extra_words","1","understands",NA,0,"104","2026-03-29 15:34:33","VVI183",420,"m","3/29/26"
"99","zipper","extra_words","1","produces",NA,0,"125","2026-04-30 08:46:28","VVI197",450,"m","4/14/26"
"100","zipper","extra_words","1","understands",1,1,"125","2026-04-30 08:46:28","VVI197",450,"m","4/14/26"
"101","zipper","extra_words","1","produces",NA,0,"213","2026-02-15 21:07:24","VVI142",450,"f","2/16/26"
"102","zipper","extra_words","1","understands",1,1,"213","2026-02-15 21:07:24","VVI142",450,"f","2/16/26"
"103","zipper","extra_words","1","produces",NA,0,"76","2026-04-02 15:03:35","VVI186",450,"m","2/26/04"
"104","zipper","extra_words","1","understands",NA,0,"76","2026-04-02 15:03:35","VVI186",450,"m","2/26/04"
"105","zipper","extra_words","1","produces",NA,0,"3259","2026-06-30 07:13:02","VVI213",450,"f","5/19/26"
"106","zipper","extra_words","1","understands",NA,0,"3259","2026-06-30 07:13:02","VVI213",450,"f","5/19/26"
"107","zipper","extra_words","1","produces",NA,0,"53","2026-06-03 07:26:29","VVI221",420,"m","3/26/06"
"108","zipper","extra_words","1","understands",NA,0,"53","2026-06-03 07:26:29","VVI221",420,"m","3/26/06"
"109","zipper","extra_words","1","produces",NA,0,"223","2026-03-09 15:51:32","VVI162",510,"f","2/24/26"
"110","zipper","extra_words","1","understands",NA,0,"223","2026-03-09 15:51:32","VVI162",510,"f","2/24/26"
"111","zipper","extra_words","1","produces",NA,0,"207","2026-04-08 10:48:19","VVI193",450,"f","8/26/04"
"112","zipper","extra_words","1","understands",1,1,"207","2026-04-08 10:48:19","VVI193",450,"f","8/26/04"
"113","zipper","extra_words","1","produces",NA,0,"131","2026-04-28 16:52:20","VVI201",420,"m","4/27/26"
"114","zipper","extra_words","1","understands",NA,0,"131","2026-04-28 16:52:20","VVI201",420,"m","4/27/26"
"115","zipper","extra_words","1","produces",NA,0,"216","2026-03-08 20:15:37","VVI146",510,"f","2/17/26"
"116","zipper","extra_words","1","understands",1,1,"216","2026-03-08 20:15:37","VVI146",510,"f","2/17/26"
"117","zipper","extra_words","1","produces",NA,0,"179","2026-03-09 12:13:10","VVI160",510,"m","2/23/26"
"118","zipper","extra_words","1","understands",NA,0,"179","2026-03-09 12:13:10","VVI160",510,"m","2/23/26"
"119","zipper","extra_words","1","produces",NA,0,"102","2026-03-08 18:49:54","VVI164",480,"m","2/25/26"
"120","zipper","extra_words","1","understands",NA,0,"102","2026-03-08 18:49:54","VVI164",480,"m","2/25/26"
"121","crow","extra_words","1","produces",NA,0,"32","2026-07-12 15:42:16","VVI230",510,"m","7/12/26"
"122","crow","extra_words","1","understands",NA,0,"32","2026-07-12 15:42:16","VVI230",510,"m","7/12/26"
"123","crow","extra_words","1","produces",NA,0,"199","2026-06-29 18:15:46","VVI223",450,"f","8/26/06"
"124","crow","extra_words","1","understands",1,1,"199","2026-06-29 18:15:46","VVI223",450,"f","8/26/06"
"125","crow","extra_words","1","produces",2,1,"245","2026-04-29 06:56:14","VVI196",450,"f","4/14/26"
"126","crow","extra_words","1","understands",2,1,"245","2026-04-29 06:56:14","VVI196",450,"f","4/14/26"
"127","crow","extra_words","1","produces",NA,0,"104","2026-03-29 15:34:33","VVI183",420,"m","3/29/26"
"128","crow","extra_words","1","understands",NA,0,"104","2026-03-29 15:34:33","VVI183",420,"m","3/29/26"
"129","crow","extra_words","1","produces",NA,0,"125","2026-04-30 08:46:28","VVI197",450,"m","4/14/26"
"130","crow","extra_words","1","understands",NA,0,"125","2026-04-30 08:46:28","VVI197",450,"m","4/14/26"
"131","crow","extra_words","1","produces",NA,0,"213","2026-02-15 21:07:24","VVI142",450,"f","2/16/26"
"132","crow","extra_words","1","understands",NA,0,"213","2026-02-15 21:07:24","VVI142",450,"f","2/16/26"
"133","crow","extra_words","1","produces",NA,0,"76","2026-04-02 15:03:35","VVI186",450,"m","2/26/04"
"134","crow","extra_words","1","understands",NA,0,"76","2026-04-02 15:03:35","VVI186",450,"m","2/26/04"
"135","crow","extra_words","1","produces",NA,0,"3259","2026-06-30 07:13:02","VVI213",450,"f","5/19/26"
"136","crow","extra_words","1","understands",NA,0,"3259","2026-06-30 07:13:02","VVI213",450,"f","5/19/26"
"137","crow","extra_words","1","produces",NA,0,"53","2026-06-03 07:26:29","VVI221",420,"m","3/26/06"
"138","crow","extra_words","1","understands",NA,0,"53","2026-06-03 07:26:29","VVI221",420,"m","3/26/06"
"139","crow","extra_words","1","produces",NA,0,"223","2026-03-09 15:51:32","VVI162",510,"f","2/24/26"
"140","crow","extra_words","1","understands",NA,0,"223","2026-03-09 15:51:32","VVI162",510,"f","2/24/26"
"141","crow","extra_words","1","produces",NA,0,"207","2026-04-08 10:48:19","VVI193",450,"f","8/26/04"
"142","crow","extra_words","1","understands",NA,0,"207","2026-04-08 10:48:19","VVI193",450,"f","8/26/04"
"143","crow","extra_words","1","produces",NA,0,"131","2026-04-28 16:52:20","VVI201",420,"m","4/27/26"
"144","crow","extra_words","1","understands",NA,0,"131","2026-04-28 16:52:20","VVI201",420,"m","4/27/26"
"145","crow","extra_words","1","produces",NA,0,"216","2026-03-08 20:15:37","VVI146",510,"f","2/17/26"
"146","crow","extra_words","1","understands",1,1,"216","2026-03-08 20:15:37","VVI146",510,"f","2/17/26"
"147","crow","extra_words","1","produces",NA,0,"179","2026-03-09 12:13:10","VVI160",510,"m","2/23/26"
"148","crow","extra_words","1","understands",NA,0,"179","2026-03-09 12:13:10","VVI160",510,"m","2/23/26"
"149","crow","extra_words","1","produces",NA,0,"102","2026-03-08 18:49:54","VVI164",480,"m","2/25/26"
"150","crow","extra_words","1","understands",NA,0,"102","2026-03-08 18:49:54","VVI164",480,"m","2/25/26"
"151","penguin","extra_words","1","produces",NA,0,"32","2026-07-12 15:42:16","VVI230",510,"m","7/12/26"
"152","penguin","extra_words","1","understands",NA,0,"32","2026-07-12 15:42:16","VVI230",510,"m","7/12/26"
"153","penguin","extra_words","1","produces",NA,0,"199","2026-06-29 18:15:46","VVI223",450,"f","8/26/06"
"154","penguin","extra_words","1","understands",1,1,"199","2026-06-29 18:15:46","VVI223",450,"f","8/26/06"
"155","penguin","extra_words","1","produces",NA,0,"245","2026-04-29 06:56:14","VVI196",450,"f","4/14/26"
"156","penguin","extra_words","1","understands",1,1,"245","2026-04-29 06:56:14","VVI196",450,"f","4/14/26"
"157","penguin","extra_words","1","produces",NA,0,"104","2026-03-29 15:34:33","VVI183",420,"m","3/29/26"
"158","penguin","extra_words","1","understands",NA,0,"104","2026-03-29 15:34:33","VVI183",420,"m","3/29/26"
"159","penguin","extra_words","1","produces",NA,0,"125","2026-04-30 08:46:28","VVI197",450,"m","4/14/26"
"160","penguin","extra_words","1","understands",NA,0,"125","2026-04-30 08:46:28","VVI197",450,"m","4/14/26"
"161","penguin","extra_words","1","produces",NA,0,"213","2026-02-15 21:07:24","VVI142",450,"f","2/16/26"
"162","penguin","extra_words","1","understands",NA,0,"213","2026-02-15 21:07:24","VVI142",450,"f","2/16/26"
"163","penguin","extra_words","1","produces",NA,0,"76","2026-04-02 15:03:35","VVI186",450,"m","2/26/04"
"164","penguin","extra_words","1","understands",NA,0,"76","2026-04-02 15:03:35","VVI186",450,"m","2/26/04"
"165","penguin","extra_words","1","produces",NA,0,"3259","2026-06-30 07:13:02","VVI213",450,"f","5/19/26"
"166","penguin","extra_words","1","understands",NA,0,"3259","2026-06-30 07:13:02","VVI213",450,"f","5/19/26"
"167","penguin","extra_words","1","produces",NA,0,"53","2026-06-03 07:26:29","VVI221",420,"m","3/26/06"
"168","penguin","extra_words","1","understands",NA,0,"53","2026-06-03 07:26:29","VVI221",420,"m","3/26/06"
"169","penguin","extra_words","1","produces",NA,0,"223","2026-03-09 15:51:32","VVI162",510,"f","2/24/26"
"170","penguin","extra_words","1","understands",NA,0,"223","2026-03-09 15:51:32","VVI162",510,"f","2/24/26"
"171","penguin","extra_words","1","produces",NA,0,"207","2026-04-08 10:48:19","VVI193",450,"f","8/26/04"
"172","penguin","extra_words","1","understands",1,1,"207","2026-04-08 10:48:19","VVI193",450,"f","8/26/04"
"173","penguin","extra_words","1","produces",NA,0,"131","2026-04-28 16:52:20","VVI201",420,"m","4/27/26"
"174","penguin","extra_words","1","understands",NA,0,"131","2026-04-28 16:52:20","VVI201",420,"m","4/27/26"
"175","penguin","extra_words","1","produces",NA,0,"216","2026-03-08 20:15:37","VVI146",510,"f","2/17/26"
"176","penguin","extra_words","1","understands",1,1,"216","2026-03-08 20:15:37","VVI146",510,"f","2/17/26"
"177","penguin","extra_words","1","produces",NA,0,"179","2026-03-09 12:13:10","VVI160",510,"m","2/23/26"
"178","penguin","extra_words","1","understands",NA,0,"179","2026-03-09 12:13:10","VVI160",510,"m","2/23/26"
"179","penguin","extra_words","1","produces",NA,0,"102","2026-03-08 18:49:54","VVI164",480,"m","2/25/26"
"180","penguin","extra_words","1","understands",NA,0,"102","2026-03-08 18:49:54","VVI164",480,"m","2/25/26"
"181","seahorse","extra_words","1","produces",NA,0,"32","2026-07-12 15:42:16","VVI230",510,"m","7/12/26"
"182","seahorse","extra_words","1","understands",NA,0,"32","2026-07-12 15:42:16","VVI230",510,"m","7/12/26"
"183","seahorse","extra_words","1","produces",NA,0,"199","2026-06-29 18:15:46","VVI223",450,"f","8/26/06"
"184","seahorse","extra_words","1","understands",1,1,"199","2026-06-29 18:15:46","VVI223",450,"f","8/26/06"
"185","seahorse","extra_words","1","produces",NA,0,"245","2026-04-29 06:56:14","VVI196",450,"f","4/14/26"
"186","seahorse","extra_words","1","understands",1,1,"245","2026-04-29 06:56:14","VVI196",450,"f","4/14/26"
"187","seahorse","extra_words","1","produces",NA,0,"104","2026-03-29 15:34:33","VVI183",420,"m","3/29/26"
"188","seahorse","extra_words","1","understands",NA,0,"104","2026-03-29 15:34:33","VVI183",420,"m","3/29/26"
"189","seahorse","extra_words","1","produces",NA,0,"125","2026-04-30 08:46:28","VVI197",450,"m","4/14/26"
"190","seahorse","extra_words","1","understands",NA,0,"125","2026-04-30 08:46:28","VVI197",450,"m","4/14/26"
"191","seahorse","extra_words","1","produces",NA,0,"213","2026-02-15 21:07:24","VVI142",450,"f","2/16/26"
"192","seahorse","extra_words","1","understands",NA,0,"213","2026-02-15 21:07:24","VVI142",450,"f","2/16/26"
"193","seahorse","extra_words","1","produces",NA,0,"76","2026-04-02 15:03:35","VVI186",450,"m","2/26/04"
"194","seahorse","extra_words","1","understands",NA,0,"76","2026-04-02 15:03:35","VVI186",450,"m","2/26/04"
"195","seahorse","extra_words","1","produces",NA,0,"3259","2026-06-30 07:13:02","VVI213",450,"f","5/19/26"
"196","seahorse","extra_words","1","understands",NA,0,"3259","2026-06-30 07:13:02","VVI213",450,"f","5/19/26"
"197","seahorse","extra_words","1","produces",NA,0,"53","2026-06-03 07:26:29","VVI221",420,"m","3/26/06"
"198","seahorse","extra_words","1","understands",NA,0,"53","2026-06-03 07:26:29","VVI221",420,"m","3/26/06"
"199","seahorse","extra_words","1","produces",NA,0,"223","2026-03-09 15:51:32","VVI162",510,"f","2/24/26"
"200","seahorse","extra_words","1","understands",NA,0,"223","2026-03-09 15:51:32","VVI162",510,"f","2/24/26"
"201","seahorse","extra_words","1","produces",NA,0,"207","2026-04-08 10:48:19","VVI193",450,"f","8/26/04"
"202","seahorse","extra_words","1","understands",1,1,"207","2026-04-08 10:48:19","VVI193",450,"f","8/26/04"
"203","seahorse","extra_words","1","produces",NA,0,"131","2026-04-28 16:52:20","VVI201",420,"m","4/27/26"
"204","seahorse","extra_words","1","understands",NA,0,"131","2026-04-28 16:52:20","VVI201",420,"m","4/27/26"
"205","seahorse","extra_words","1","produces",NA,0,"216","2026-03-08 20:15:37","VVI146",510,"f","2/17/26"
"206","seahorse","extra_words","1","understands",NA,0,"216","2026-03-08 20:15:37","VVI146",510,"f","2/17/26"
"207","seahorse","extra_words","1","produces",NA,0,"179","2026-03-09 12:13:10","VVI160",510,"m","2/23/26"
"208","seahorse","extra_words","1","understands",NA,0,"179","2026-03-09 12:13:10","VVI160",510,"m","2/23/26"
"209","seahorse","extra_words","1","produces",NA,0,"102","2026-03-08 18:49:54","VVI164",480,"m","2/25/26"
"210","seahorse","extra_words","1","understands",NA,0,"102","2026-03-08 18:49:54","VVI164",480,"m","2/25/26"
"211","duck","extra_words","1","produces",NA,0,"32","2026-07-12 15:42:16","VVI230",510,"m","7/12/26"
"212","duck","extra_words","1","understands",NA,0,"32","2026-07-12 15:42:16","VVI230",510,"m","7/12/26"
"213","duck","extra_words","1","produces",NA,0,"199","2026-06-29 18:15:46","VVI223",450,"f","8/26/06"
"214","duck","extra_words","1","understands",1,1,"199","2026-06-29 18:15:46","VVI223",450,"f","8/26/06"
"215","duck","extra_words","1","produces",NA,0,"245","2026-04-29 06:56:14","VVI196",450,"f","4/14/26"
"216","duck","extra_words","1","understands",1,1,"245","2026-04-29 06:56:14","VVI196",450,"f","4/14/26"
"217","duck","extra_words","1","produces",NA,0,"104","2026-03-29 15:34:33","VVI183",420,"m","3/29/26"
"218","duck","extra_words","1","understands",NA,0,"104","2026-03-29 15:34:33","VVI183",420,"m","3/29/26"
"219","duck","extra_words","1","produces",NA,0,"125","2026-04-30 08:46:28","VVI197",450,"m","4/14/26"
"220","duck","extra_words","1","understands",1,1,"125","2026-04-30 08:46:28","VVI197",450,"m","4/14/26"
"221","duck","extra_words","1","produces",NA,0,"213","2026-02-15 21:07:24","VVI142",450,"f","2/16/26"
"222","duck","extra_words","1","understands",1,1,"213","2026-02-15 21:07:24","VVI142",450,"f","2/16/26"
"223","duck","extra_words","1","produces",NA,0,"76","2026-04-02 15:03:35","VVI186",450,"m","2/26/04"
"224","duck","extra_words","1","understands",NA,0,"76","2026-04-02 15:03:35","VVI186",450,"m","2/26/04"
"225","duck","extra_words","1","produces",2,1,"3259","2026-06-30 07:13:02","VVI213",450,"f","5/19/26"
"226","duck","extra_words","1","understands",2,1,"3259","2026-06-30 07:13:02","VVI213",450,"f","5/19/26"
"227","duck","extra_words","1","produces",NA,0,"53","2026-06-03 07:26:29","VVI221",420,"m","3/26/06"
"228","duck","extra_words","1","understands",NA,0,"53","2026-06-03 07:26:29","VVI221",420,"m","3/26/06"
"229","duck","extra_words","1","produces",2,1,"223","2026-03-09 15:51:32","VVI162",510,"f","2/24/26"
"230","duck","extra_words","1","understands",2,1,"223","2026-03-09 15:51:32","VVI162",510,"f","2/24/26"
"231","duck","extra_words","1","produces",NA,0,"207","2026-04-08 10:48:19","VVI193",450,"f","8/26/04"
"232","duck","extra_words","1","understands",1,1,"207","2026-04-08 10:48:19","VVI193",450,"f","8/26/04"
"233","duck","extra_words","1","produces",NA,0,"131","2026-04-28 16:52:20","VVI201",420,"m","4/27/26"
"234","duck","extra_words","1","understands",NA,0,"131","2026-04-28 16:52:20","VVI201",420,"m","4/27/26"
"235","duck","extra_words","1","produces",NA,0,"216","2026-03-08 20:15:37","VVI146",510,"f","2/17/26"
"236","duck","extra_words","1","understands",NA,0,"216","2026-03-08 20:15:37","VVI146",510,"f","2/17/26"
"237","duck","extra_words","1","produces",NA,0,"179","2026-03-09 12:13:10","VVI160",510,"m","2/23/26"
"238","duck","extra_words","1","understands",1,1,"179","2026-03-09 12:13:10","VVI160",510,"m","2/23/26"
"239","duck","extra_words","1","produces",NA,0,"102","2026-03-08 18:49:54","VVI164",480,"m","2/25/26"
"240","duck","extra_words","1","understands",NA,0,"102","2026-03-08 18:49:54","VVI164",480,"m","2/25/26"
"241","chicken","extra_words","1","produces",NA,0,"32","2026-07-12 15:42:16","VVI230",510,"m","7/12/26"
"242","chicken","extra_words","1","understands",NA,0,"32","2026-07-12 15:42:16","VVI230",510,"m","7/12/26"
"243","chicken","extra_words","1","produces",NA,0,"199","2026-06-29 18:15:46","VVI223",450,"f","8/26/06"
"244","chicken","extra_words","1","understands",1,1,"199","2026-06-29 18:15:46","VVI223",450,"f","8/26/06"
"245","chicken","extra_words","1","produces",NA,0,"245","2026-04-29 06:56:14","VVI196",450,"f","4/14/26"
"246","chicken","extra_words","1","understands",1,1,"245","2026-04-29 06:56:14","VVI196",450,"f","4/14/26"
"247","chicken","extra_words","1","produces",NA,0,"104","2026-03-29 15:34:33","VVI183",420,"m","3/29/26"
"248","chicken","extra_words","1","understands",NA,0,"104","2026-03-29 15:34:33","VVI183",420,"m","3/29/26"
"249","chicken","extra_words","1","produces",NA,0,"125","2026-04-30 08:46:28","VVI197",450,"m","4/14/26"
"250","chicken","extra_words","1","understands",1,1,"125","2026-04-30 08:46:28","VVI197",450,"m","4/14/26"
"251","chicken","extra_words","1","produces",NA,0,"213","2026-02-15 21:07:24","VVI142",450,"f","2/16/26"
"252","chicken","extra_words","1","understands",NA,0,"213","2026-02-15 21:07:24","VVI142",450,"f","2/16/26"
"253","chicken","extra_words","1","produces",NA,0,"76","2026-04-02 15:03:35","VVI186",450,"m","2/26/04"
"254","chicken","extra_words","1","understands",NA,0,"76","2026-04-02 15:03:35","VVI186",450,"m","2/26/04"
"255","chicken","extra_words","1","produces",2,1,"3259","2026-06-30 07:13:02","VVI213",450,"f","5/19/26"
"256","chicken","extra_words","1","understands",2,1,"3259","2026-06-30 07:13:02","VVI213",450,"f","5/19/26"
"257","chicken","extra_words","1","produces",NA,0,"53","2026-06-03 07:26:29","VVI221",420,"m","3/26/06"
"258","chicken","extra_words","1","understands",NA,0,"53","2026-06-03 07:26:29","VVI221",420,"m","3/26/06"
"259","chicken","extra_words","1","produces",NA,0,"223","2026-03-09 15:51:32","VVI162",510,"f","2/24/26"
"260","chicken","extra_words","1","understands",NA,0,"223","2026-03-09 15:51:32","VVI162",510,"f","2/24/26"
"261","chicken","extra_words","1","produces",NA,0,"207","2026-04-08 10:48:19","VVI193",450,"f","8/26/04"
"262","chicken","extra_words","1","understands",1,1,"207","2026-04-08 10:48:19","VVI193",450,"f","8/26/04"
"263","chicken","extra_words","1","produces",NA,0,"131","2026-04-28 16:52:20","VVI201",420,"m","4/27/26"
"264","chicken","extra_words","1","understands",1,1,"131","2026-04-28 16:52:20","VVI201",420,"m","4/27/26"
"265","chicken","extra_words","1","produces",NA,0,"216","2026-03-08 20:15:37","VVI146",510,"f","2/17/26"
"266","chicken","extra_words","1","understands",1,1,"216","2026-03-08 20:15:37","VVI146",510,"f","2/17/26"
"267","chicken","extra_words","1","produces",NA,0,"179","2026-03-09 12:13:10","VVI160",510,"m","2/23/26"
"268","chicken","extra_words","1","understands",NA,0,"179","2026-03-09 12:13:10","VVI160",510,"m","2/23/26"
"269","chicken","extra_words","1","produces",NA,0,"102","2026-03-08 18:49:54","VVI164",480,"m","2/25/26"
"270","chicken","extra_words","1","understands",NA,0,"102","2026-03-08 18:49:54","VVI164",480,"m","2/25/26"
"271","butterfly","extra_words","1","produces",NA,0,"32","2026-07-12 15:42:16","VVI230",510,"m","7/12/26"
"272","butterfly","extra_words","1","understands",NA,0,"32","2026-07-12 15:42:16","VVI230",510,"m","7/12/26"
"273","butterfly","extra_words","1","produces",NA,0,"199","2026-06-29 18:15:46","VVI223",450,"f","8/26/06"
"274","butterfly","extra_words","1","understands",1,1,"199","2026-06-29 18:15:46","VVI223",450,"f","8/26/06"
"275","butterfly","extra_words","1","produces",NA,0,"245","2026-04-29 06:56:14","VVI196",450,"f","4/14/26"
"276","butterfly","extra_words","1","understands",1,1,"245","2026-04-29 06:56:14","VVI196",450,"f","4/14/26"
"277","butterfly","extra_words","1","produces",NA,0,"104","2026-03-29 15:34:33","VVI183",420,"m","3/29/26"
"278","butterfly","extra_words","1","understands",NA,0,"104","2026-03-29 15:34:33","VVI183",420,"m","3/29/26"
"279","butterfly","extra_words","1","produces",NA,0,"125","2026-04-30 08:46:28","VVI197",450,"m","4/14/26"
"280","butterfly","extra_words","1","understands",NA,0,"125","2026-04-30 08:46:28","VVI197",450,"m","4/14/26"
"281","butterfly","extra_words","1","produces",NA,0,"213","2026-02-15 21:07:24","VVI142",450,"f","2/16/26"
"282","butterfly","extra_words","1","understands",NA,0,"213","2026-02-15 21:07:24","VVI142",450,"f","2/16/26"
"283","butterfly","extra_words","1","produces",NA,0,"76","2026-04-02 15:03:35","VVI186",450,"m","2/26/04"
"284","butterfly","extra_words","1","understands",NA,0,"76","2026-04-02 15:03:35","VVI186",450,"m","2/26/04"
"285","butterfly","extra_words","1","produces",2,1,"3259","2026-06-30 07:13:02","VVI213",450,"f","5/19/26"
"286","butterfly","extra_words","1","understands",2,1,"3259","2026-06-30 07:13:02","VVI213",450,"f","5/19/26"
"287","butterfly","extra_words","1","produces",NA,0,"53","2026-06-03 07:26:29","VVI221",420,"m","3/26/06"
"288","butterfly","extra_words","1","understands",NA,0,"53","2026-06-03 07:26:29","VVI221",420,"m","3/26/06"
"289","butterfly","extra_words","1","produces",NA,0,"223","2026-03-09 15:51:32","VVI162",510,"f","2/24/26"
"290","butterfly","extra_words","1","understands",NA,0,"223","2026-03-09 15:51:32","VVI162",510,"f","2/24/26"
"291","butterfly","extra_words","1","produces",NA,0,"207","2026-04-08 10:48:19","VVI193",450,"f","8/26/04"
"292","butterfly","extra_words","1","understands",1,1,"207","2026-04-08 10:48:19","VVI193",450,"f","8/26/04"
"293","butterfly","extra_words","1","produces",NA,0,"131","2026-04-28 16:52:20","VVI201",420,"m","4/27/26"
"294","butterfly","extra_words","1","understands",1,1,"131","2026-04-28 16:52:20","VVI201",420,"m","4/27/26"
"295","butterfly","extra_words","1","produces",NA,0,"216","2026-03-08 20:15:37","VVI146",510,"f","2/17/26"
"296","butterfly","extra_words","1","understands",1,1,"216","2026-03-08 20:15:37","VVI146",510,"f","2/17/26"
"297","butterfly","extra_words","1","produces",NA,0,"179","2026-03-09 12:13:10","VVI160",510,"m","2/23/26"
"298","butterfly","extra_words","1","understands",NA,0,"179","2026-03-09 12:13:10","VVI160",510,"m","2/23/26"
"299","butterfly","extra_words","1","produces",NA,0,"102","2026-03-08 18:49:54","VVI164",480,"m","2/25/26"
"300","butterfly","extra_words","1","understands",NA,0,"102","2026-03-08 18:49:54","VVI164",480,"m","2/25/26"
"301","lizard","extra_words","1","produces",NA,0,"32","2026-07-12 15:42:16","VVI230",510,"m","7/12/26"
"302","lizard","extra_words","1","understands",NA,0,"32","2026-07-12 15:42:16","VVI230",510,"m","7/12/26"
"303","lizard","extra_words","1","produces",NA,0,"199","2026-06-29 18:15:46","VVI223",450,"f","8/26/06"
"304","lizard","extra_words","1","understands",NA,0,"199","2026-06-29 18:15:46","VVI223",450,"f","8/26/06"
"305","lizard","extra_words","1","produces",2,1,"245","2026-04-29 06:56:14","VVI196",450,"f","4/14/26"
"306","lizard","extra_words","1","understands",2,1,"245","2026-04-29 06:56:14","VVI196",450,"f","4/14/26"
"307","lizard","extra_words","1","produces",NA,0,"104","2026-03-29 15:34:33","VVI183",420,"m","3/29/26"
"308","lizard","extra_words","1","understands",NA,0,"104","2026-03-29 15:34:33","VVI183",420,"m","3/29/26"
"309","lizard","extra_words","1","produces",NA,0,"125","2026-04-30 08:46:28","VVI197",450,"m","4/14/26"
"310","lizard","extra_words","1","understands",NA,0,"125","2026-04-30 08:46:28","VVI197",450,"m","4/14/26"
"311","lizard","extra_words","1","produces",NA,0,"213","2026-02-15 21:07:24","VVI142",450,"f","2/16/26"
"312","lizard","extra_words","1","understands",NA,0,"213","2026-02-15 21:07:24","VVI142",450,"f","2/16/26"
"313","lizard","extra_words","1","produces",NA,0,"76","2026-04-02 15:03:35","VVI186",450,"m","2/26/04"
"314","lizard","extra_words","1","understands",NA,0,"76","2026-04-02 15:03:35","VVI186",450,"m","2/26/04"
"315","lizard","extra_words","1","produces",NA,0,"3259","2026-06-30 07:13:02","VVI213",450,"f","5/19/26"
"316","lizard","extra_words","1","understands",NA,0,"3259","2026-06-30 07:13:02","VVI213",450,"f","5/19/26"
"317","lizard","extra_words","1","produces",NA,0,"53","2026-06-03 07:26:29","VVI221",420,"m","3/26/06"
"318","lizard","extra_words","1","understands",NA,0,"53","2026-06-03 07:26:29","VVI221",420,"m","3/26/06"
"319","lizard","extra_words","1","produces",NA,0,"223","2026-03-09 15:51:32","VVI162",510,"f","2/24/26"
"320","lizard","extra_words","1","understands",NA,0,"223","2026-03-09 15:51:32","VVI162",510,"f","2/24/26"
"321","lizard","extra_words","1","produces",NA,0,"207","2026-04-08 10:48:19","VVI193",450,"f","8/26/04"
"322","lizard","extra_words","1","understands",NA,0,"207","2026-04-08 10:48:19","VVI193",450,"f","8/26/04"
"323","lizard","extra_words","1","produces",NA,0,"131","2026-04-28 16:52:20","VVI201",420,"m","4/27/26"
"324","lizard","extra_words","1","understands",NA,0,"131","2026-04-28 16:52:20","VVI201",420,"m","4/27/26"
"325","lizard","extra_words","1","produces",NA,0,"216","2026-03-08 20:15:37","VVI146",510,"f","2/17/26"
"326","lizard","extra_words","1","understands",NA,0,"216","2026-03-08 20:15:37","VVI146",510,"f","2/17/26"
"327","lizard","extra_words","1","produces",NA,0,"179","2026-03-09 12:13:10","VVI160",510,"m","2/23/26"
"328","lizard","extra_words","1","understands",NA,0,"179","2026-03-09 12:13:10","VVI160",510,"m","2/23/26"
"329","lizard","extra_words","1","produces",NA,0,"102","2026-03-08 18:49:54","VVI164",480,"m","2/25/26"
"330","lizard","extra_words","1","understands",NA,0,"102","2026-03-08 18:49:54","VVI164",480,"m","2/25/26"
"331","bathtub","extra_words","1","produces",NA,0,"32","2026-07-12 15:42:16","VVI230",510,"m","7/12/26"
"332","bathtub","extra_words","1","understands",NA,0,"32","2026-07-12 15:42:16","VVI230",510,"m","7/12/26"
"333","bathtub","extra_words","1","produces",NA,0,"199","2026-06-29 18:15:46","VVI223",450,"f","8/26/06"
"334","bathtub","extra_words","1","understands",1,1,"199","2026-06-29 18:15:46","VVI223",450,"f","8/26/06"
"335","bathtub","extra_words","1","produces",NA,0,"245","2026-04-29 06:56:14","VVI196",450,"f","4/14/26"
"336","bathtub","extra_words","1","understands",1,1,"245","2026-04-29 06:56:14","VVI196",450,"f","4/14/26"
"337","bathtub","extra_words","1","produces",NA,0,"104","2026-03-29 15:34:33","VVI183",420,"m","3/29/26"
"338","bathtub","extra_words","1","understands",NA,0,"104","2026-03-29 15:34:33","VVI183",420,"m","3/29/26"
"339","bathtub","extra_words","1","produces",NA,0,"125","2026-04-30 08:46:28","VVI197",450,"m","4/14/26"
"340","bathtub","extra_words","1","understands",1,1,"125","2026-04-30 08:46:28","VVI197",450,"m","4/14/26"
"341","bathtub","extra_words","1","produces",NA,0,"213","2026-02-15 21:07:24","VVI142",450,"f","2/16/26"
"342","bathtub","extra_words","1","understands",1,1,"213","2026-02-15 21:07:24","VVI142",450,"f","2/16/26"
"343","bathtub","extra_words","1","produces",NA,0,"76","2026-04-02 15:03:35","VVI186",450,"m","2/26/04"
"344","bathtub","extra_words","1","understands",1,1,"76","2026-04-02 15:03:35","VVI186",450,"m","2/26/04"
"345","bathtub","extra_words","1","produces",NA,0,"3259","2026-06-30 07:13:02","VVI213",450,"f","5/19/26"
"346","bathtub","extra_words","1","understands",1,1,"3259","2026-06-30 07:13:02","VVI213",450,"f","5/19/26"
"347","bathtub","extra_words","1","produces",NA,0,"53","2026-06-03 07:26:29","VVI221",420,"m","3/26/06"
"348","bathtub","extra_words","1","understands",NA,0,"53","2026-06-03 07:26:29","VVI221",420,"m","3/26/06"
"349","bathtub","extra_words","1","produces",NA,0,"223","2026-03-09 15:51:32","VVI162",510,"f","2/24/26"
"350","bathtub","extra_words","1","understands",1,1,"223","2026-03-09 15:51:32","VVI162",510,"f","2/24/26"
"351","bathtub","extra_words","1","produces",NA,0,"207","2026-04-08 10:48:19","VVI193",450,"f","8/26/04"
"352","bathtub","extra_words","1","understands",1,1,"207","2026-04-08 10:48:19","VVI193",450,"f","8/26/04"
"353","bathtub","extra_words","1","produces",NA,0,"131","2026-04-28 16:52:20","VVI201",420,"m","4/27/26"
"354","bathtub","extra_words","1","understands",1,1,"131","2026-04-28 16:52:20","VVI201",420,"m","4/27/26"
"355","bathtub","extra_words","1","produces",2,1,"216","2026-03-08 20:15:37","VVI146",510,"f","2/17/26"
"356","bathtub","extra_words","1","understands",2,1,"216","2026-03-08 20:15:37","VVI146",510,"f","2/17/26"
"357","bathtub","extra_words","1","produces",NA,0,"179","2026-03-09 12:13:10","VVI160",510,"m","2/23/26"
"358","bathtub","extra_words","1","understands",NA,0,"179","2026-03-09 12:13:10","VVI160",510,"m","2/23/26"
"359","bathtub","extra_words","1","produces",NA,0,"102","2026-03-08 18:49:54","VVI164",480,"m","2/25/26"
"360","bathtub","extra_words","1","understands",1,1,"102","2026-03-08 18:49:54","VVI164",480,"m","2/25/26"
"361","walrus","extra_words","1","produces",NA,0,"32","2026-07-12 15:42:16","VVI230",510,"m","7/12/26"
"362","walrus","extra_words","1","understands",NA,0,"32","2026-07-12 15:42:16","VVI230",510,"m","7/12/26"
"363","walrus","extra_words","1","produces",NA,0,"199","2026-06-29 18:15:46","VVI223",450,"f","8/26/06"
"364","walrus","extra_words","1","understands",NA,0,"199","2026-06-29 18:15:46","VVI223",450,"f","8/26/06"
"365","walrus","extra_words","1","produces",NA,0,"245","2026-04-29 06:56:14","VVI196",450,"f","4/14/26"
"366","walrus","extra_words","1","understands",1,1,"245","2026-04-29 06:56:14","VVI196",450,"f","4/14/26"
"367","walrus","extra_words","1","produces",NA,0,"104","2026-03-29 15:34:33","VVI183",420,"m","3/29/26"
"368","walrus","extra_words","1","understands",NA,0,"104","2026-03-29 15:34:33","VVI183",420,"m","3/29/26"
"369","walrus","extra_words","1","produces",NA,0,"125","2026-04-30 08:46:28","VVI197",450,"m","4/14/26"
"370","walrus","extra_words","1","understands",NA,0,"125","2026-04-30 08:46:28","VVI197",450,"m","4/14/26"
"371","walrus","extra_words","1","produces",NA,0,"213","2026-02-15 21:07:24","VVI142",450,"f","2/16/26"
"372","walrus","extra_words","1","understands",NA,0,"213","2026-02-15 21:07:24","VVI142",450,"f","2/16/26"
"373","walrus","extra_words","1","produces",NA,0,"76","2026-04-02 15:03:35","VVI186",450,"m","2/26/04"
"374","walrus","extra_words","1","understands",NA,0,"76","2026-04-02 15:03:35","VVI186",450,"m","2/26/04"
"375","walrus","extra_words","1","produces",NA,0,"3259","2026-06-30 07:13:02","VVI213",450,"f","5/19/26"
"376","walrus","extra_words","1","understands",NA,0,"3259","2026-06-30 07:13:02","VVI213",450,"f","5/19/26"
"377","walrus","extra_words","1","produces",NA,0,"53","2026-06-03 07:26:29","VVI221",420,"m","3/26/06"
"378","walrus","extra_words","1","understands",NA,0,"53","2026-06-03 07:26:29","VVI221",420,"m","3/26/06"
"379","walrus","extra_words","1","produces",NA,0,"223","2026-03-09 15:51:32","VVI162",510,"f","2/24/26"
"380","walrus","extra_words","1","understands",NA,0,"223","2026-03-09 15:51:32","VVI162",510,"f","2/24/26"
"381","walrus","extra_words","1","produces",NA,0,"207","2026-04-08 10:48:19","VVI193",450,"f","8/26/04"
"382","walrus","extra_words","1","understands",NA,0,"207","2026-04-08 10:48:19","VVI193",450,"f","8/26/04"
"383","walrus","extra_words","1","produces",NA,0,"131","2026-04-28 16:52:20","VVI201",420,"m","4/27/26"
"384","walrus","extra_words","1","understands",NA,0,"131","2026-04-28 16:52:20","VVI201",420,"m","4/27/26"
"385","walrus","extra_words","1","produces",NA,0,"216","2026-03-08 20:15:37","VVI146",510,"f","2/17/26"
"386","walrus","extra_words","1","understands",NA,0,"216","2026-03-08 20:15:37","VVI146",510,"f","2/17/26"
"387","walrus","extra_words","1","produces",NA,0,"179","2026-03-09 12:13:10","VVI160",510,"m","2/23/26"
"388","walrus","extra_words","1","understands",NA,0,"179","2026-03-09 12:13:10","VVI160",510,"m","2/23/26"
"389","walrus","extra_words","1","produces",NA,0,"102","2026-03-08 18:49:54","VVI164",480,"m","2/25/26"
"390","walrus","extra_words","1","understands",NA,0,"102","2026-03-08 18:49:54","VVI164",480,"m","2/25/26"
"391","snake","extra_words","1","produces",NA,0,"32","2026-07-12 15:42:16","VVI230",510,"m","7/12/26"
"392","snake","extra_words","1","understands",NA,0,"32","2026-07-12 15:42:16","VVI230",510,"m","7/12/26"
"393","snake","extra_words","1","produces",NA,0,"199","2026-06-29 18:15:46","VVI223",450,"f","8/26/06"
"394","snake","extra_words","1","understands",1,1,"199","2026-06-29 18:15:46","VVI223",450,"f","8/26/06"
"395","snake","extra_words","1","produces",NA,0,"245","2026-04-29 06:56:14","VVI196",450,"f","4/14/26"
"396","snake","extra_words","1","understands",1,1,"245","2026-04-29 06:56:14","VVI196",450,"f","4/14/26"
"397","snake","extra_words","1","produces",NA,0,"104","2026-03-29 15:34:33","VVI183",420,"m","3/29/26"
"398","snake","extra_words","1","understands",NA,0,"104","2026-03-29 15:34:33","VVI183",420,"m","3/29/26"
"399","snake","extra_words","1","produces",NA,0,"125","2026-04-30 08:46:28","VVI197",450,"m","4/14/26"
"400","snake","extra_words","1","understands",NA,0,"125","2026-04-30 08:46:28","VVI197",450,"m","4/14/26"
"401","snake","extra_words","1","produces",NA,0,"213","2026-02-15 21:07:24","VVI142",450,"f","2/16/26"
"402","snake","extra_words","1","understands",NA,0,"213","2026-02-15 21:07:24","VVI142",450,"f","2/16/26"
"403","snake","extra_words","1","produces",NA,0,"76","2026-04-02 15:03:35","VVI186",450,"m","2/26/04"
"404","snake","extra_words","1","understands",NA,0,"76","2026-04-02 15:03:35","VVI186",450,"m","2/26/04"
"405","snake","extra_words","1","produces",NA,0,"3259","2026-06-30 07:13:02","VVI213",450,"f","5/19/26"
"406","snake","extra_words","1","understands",NA,0,"3259","2026-06-30 07:13:02","VVI213",450,"f","5/19/26"
"407","snake","extra_words","1","produces",NA,0,"53","2026-06-03 07:26:29","VVI221",420,"m","3/26/06"
"408","snake","extra_words","1","understands",NA,0,"53","2026-06-03 07:26:29","VVI221",420,"m","3/26/06"
"409","snake","extra_words","1","produces",NA,0,"223","2026-03-09 15:51:32","VVI162",510,"f","2/24/26"
"410","snake","extra_words","1","understands",NA,0,"223","2026-03-09 15:51:32","VVI162",510,"f","2/24/26"
"411","snake","extra_words","1","produces",NA,0,"207","2026-04-08 10:48:19","VVI193",450,"f","8/26/04"
"412","snake","extra_words","1","understands",NA,0,"207","2026-04-08 10:48:19","VVI193",450,"f","8/26/04"
"413","snake","extra_words","1","produces",NA,0,"131","2026-04-28 16:52:20","VVI201",420,"m","4/27/26"
"414","snake","extra_words","1","understands",NA,0,"131","2026-04-28 16:52:20","VVI201",420,"m","4/27/26"
"415","snake","extra_words","1","produces",NA,0,"216","2026-03-08 20:15:37","VVI146",510,"f","2/17/26"
"416","snake","extra_words","1","understands",1,1,"216","2026-03-08 20:15:37","VVI146",510,"f","2/17/26"
"417","snake","extra_words","1","produces",NA,0,"179","2026-03-09 12:13:10","VVI160",510,"m","2/23/26"
"418","snake","extra_words","1","understands",NA,0,"179","2026-03-09 12:13:10","VVI160",510,"m","2/23/26"
"419","snake","extra_words","1","produces",NA,0,"102","2026-03-08 18:49:54","VVI164",480,"m","2/25/26"
"420","snake","extra_words","1","understands",NA,0,"102","2026-03-08 18:49:54","VVI164",480,"m","2/25/26"
"421","truck","extra_words","1","produces",NA,0,"32","2026-07-12 15:42:16","VVI230",510,"m","7/12/26"
"422","truck","extra_words","1","understands",NA,0,"32","2026-07-12 15:42:16","VVI230",510,"m","7/12/26"
"423","truck","extra_words","1","produces",NA,0,"199","2026-06-29 18:15:46","VVI223",450,"f","8/26/06"
"424","truck","extra_words","1","understands",1,1,"199","2026-06-29 18:15:46","VVI223",450,"f","8/26/06"
"425","truck","extra_words","1","produces",NA,0,"245","2026-04-29 06:56:14","VVI196",450,"f","4/14/26"
"426","truck","extra_words","1","understands",1,1,"245","2026-04-29 06:56:14","VVI196",450,"f","4/14/26"
"427","truck","extra_words","1","produces",NA,0,"104","2026-03-29 15:34:33","VVI183",420,"m","3/29/26"
"428","truck","extra_words","1","understands",NA,0,"104","2026-03-29 15:34:33","VVI183",420,"m","3/29/26"
"429","truck","extra_words","1","produces",NA,0,"125","2026-04-30 08:46:28","VVI197",450,"m","4/14/26"
"430","truck","extra_words","1","understands",NA,0,"125","2026-04-30 08:46:28","VVI197",450,"m","4/14/26"
"431","truck","extra_words","1","produces",NA,0,"213","2026-02-15 21:07:24","VVI142",450,"f","2/16/26"
"432","truck","extra_words","1","understands",NA,0,"213","2026-02-15 21:07:24","VVI142",450,"f","2/16/26"
"433","truck","extra_words","1","produces",NA,0,"76","2026-04-02 15:03:35","VVI186",450,"m","2/26/04"
"434","truck","extra_words","1","understands",NA,0,"76","2026-04-02 15:03:35","VVI186",450,"m","2/26/04"
"435","truck","extra_words","1","produces",2,1,"3259","2026-06-30 07:13:02","VVI213",450,"f","5/19/26"
"436","truck","extra_words","1","understands",2,1,"3259","2026-06-30 07:13:02","VVI213",450,"f","5/19/26"
"437","truck","extra_words","1","produces",NA,0,"53","2026-06-03 07:26:29","VVI221",420,"m","3/26/06"
"438","truck","extra_words","1","understands",NA,0,"53","2026-06-03 07:26:29","VVI221",420,"m","3/26/06"
"439","truck","extra_words","1","produces",NA,0,"223","2026-03-09 15:51:32","VVI162",510,"f","2/24/26"
"440","truck","extra_words","1","understands",NA,0,"223","2026-03-09 15:51:32","VVI162",510,"f","2/24/26"
"441","truck","extra_words","1","produces",NA,0,"207","2026-04-08 10:48:19","VVI193",450,"f","8/26/04"
"442","truck","extra_words","1","understands",1,1,"207","2026-04-08 10:48:19","VVI193",450,"f","8/26/04"
"443","truck","extra_words","1","produces",NA,0,"131","2026-04-28 16:52:20","VVI201",420,"m","4/27/26"
"444","truck","extra_words","1","understands",NA,0,"131","2026-04-28 16:52:20","VVI201",420,"m","4/27/26"
"445","truck","extra_words","1","produces",NA,0,"216","2026-03-08 20:15:37","VVI146",510,"f","2/17/26"
"446","truck","extra_words","1","understands",1,1,"216","2026-03-08 20:15:37","VVI146",510,"f","2/17/26"
"447","truck","extra_words","1","produces",NA,0,"179","2026-03-09 12:13:10","VVI160",510,"m","2/23/26"
"448","truck","extra_words","1","understands",NA,0,"179","2026-03-09 12:13:10","VVI160",510,"m","2/23/26"
"449","truck","extra_words","1","produces",2,1,"102","2026-03-08 18:49:54","VVI164",480,"m","2/25/26"
"450","truck","extra_words","1","understands",2,1,"102","2026-03-08 18:49:54","VVI164",480,"m","2/25/26"
"451","car","extra_words","1","produces",NA,0,"32","2026-07-12 15:42:16","VVI230",510,"m","7/12/26"
"452","car","extra_words","1","understands",NA,0,"32","2026-07-12 15:42:16","VVI230",510,"m","7/12/26"
"453","car","extra_words","1","produces",2,1,"199","2026-06-29 18:15:46","VVI223",450,"f","8/26/06"
"454","car","extra_words","1","understands",2,1,"199","2026-06-29 18:15:46","VVI223",450,"f","8/26/06"
"455","car","extra_words","1","produces",2,1,"245","2026-04-29 06:56:14","VVI196",450,"f","4/14/26"
"456","car","extra_words","1","understands",2,1,"245","2026-04-29 06:56:14","VVI196",450,"f","4/14/26"
"457","car","extra_words","1","produces",NA,0,"104","2026-03-29 15:34:33","VVI183",420,"m","3/29/26"
"458","car","extra_words","1","understands",NA,0,"104","2026-03-29 15:34:33","VVI183",420,"m","3/29/26"
"459","car","extra_words","1","produces",NA,0,"125","2026-04-30 08:46:28","VVI197",450,"m","4/14/26"
"460","car","extra_words","1","understands",1,1,"125","2026-04-30 08:46:28","VVI197",450,"m","4/14/26"
"461","car","extra_words","1","produces",NA,0,"213","2026-02-15 21:07:24","VVI142",450,"f","2/16/26"
"462","car","extra_words","1","understands",1,1,"213","2026-02-15 21:07:24","VVI142",450,"f","2/16/26"
"463","car","extra_words","1","produces",NA,0,"76","2026-04-02 15:03:35","VVI186",450,"m","2/26/04"
"464","car","extra_words","1","understands",1,1,"76","2026-04-02 15:03:35","VVI186",450,"m","2/26/04"
"465","car","extra_words","1","produces",2,1,"3259","2026-06-30 07:13:02","VVI213",450,"f","5/19/26"
"466","car","extra_words","1","understands",2,1,"3259","2026-06-30 07:13:02","VVI213",450,"f","5/19/26"
"467","car","extra_words","1","produces",NA,0,"53","2026-06-03 07:26:29","VVI221",420,"m","3/26/06"
"468","car","extra_words","1","understands",1,1,"53","2026-06-03 07:26:29","VVI221",420,"m","3/26/06"
"469","car","extra_words","1","produces",NA,0,"223","2026-03-09 15:51:32","VVI162",510,"f","2/24/26"
"470","car","extra_words","1","understands",1,1,"223","2026-03-09 15:51:32","VVI162",510,"f","2/24/26"
"471","car","extra_words","1","produces",2,1,"207","2026-04-08 10:48:19","VVI193",450,"f","8/26/04"
"472","car","extra_words","1","understands",2,1,"207","2026-04-08 10:48:19","VVI193",450,"f","8/26/04"
"473","car","extra_words","1","produces",NA,0,"131","2026-04-28 16:52:20","VVI201",420,"m","4/27/26"
"474","car","extra_words","1","understands",1,1,"131","2026-04-28 16:52:20","VVI201",420,"m","4/27/26"
"475","car","extra_words","1","produces",NA,0,"216","2026-03-08 20:15:37","VVI146",510,"f","2/17/26"
"476","car","extra_words","1","understands",1,1,"216","2026-03-08 20:15:37","VVI146",510,"f","2/17/26"
"477","car","extra_words","1","produces",NA,0,"179","2026-03-09 12:13:10","VVI160",510,"m","2/23/26"
"478","car","extra_words","1","understands",1,1,"179","2026-03-09 12:13:10","VVI160",510,"m","2/23/26"
"479","car","extra_words","1","produces",2,1,"102","2026-03-08 18:49:54","VVI164",480,"m","2/25/26"
"480","car","extra_words","1","understands",2,1,"102","2026-03-08 18:49:54","VVI164",480,"m","2/25/26"
"481","airplane","extra_words","1","produces",NA,0,"32","2026-07-12 15:42:16","VVI230",510,"m","7/12/26"
"482","airplane","extra_words","1","understands",NA,0,"32","2026-07-12 15:42:16","VVI230",510,"m","7/12/26"
"483","airplane","extra_words","1","produces",NA,0,"199","2026-06-29 18:15:46","VVI223",450,"f","8/26/06"
"484","airplane","extra_words","1","understands",1,1,"199","2026-06-29 18:15:46","VVI223",450,"f","8/26/06"
"485","airplane","extra_words","1","produces",NA,0,"245","2026-04-29 06:56:14","VVI196",450,"f","4/14/26"
"486","airplane","extra_words","1","understands",1,1,"245","2026-04-29 06:56:14","VVI196",450,"f","4/14/26"
"487","airplane","extra_words","1","produces",NA,0,"104","2026-03-29 15:34:33","VVI183",420,"m","3/29/26"
"488","airplane","extra_words","1","understands",NA,0,"104","2026-03-29 15:34:33","VVI183",420,"m","3/29/26"
"489","airplane","extra_words","1","produces",NA,0,"125","2026-04-30 08:46:28","VVI197",450,"m","4/14/26"
"490","airplane","extra_words","1","understands",NA,0,"125","2026-04-30 08:46:28","VVI197",450,"m","4/14/26"
"491","airplane","extra_words","1","produces",NA,0,"213","2026-02-15 21:07:24","VVI142",450,"f","2/16/26"
"492","airplane","extra_words","1","understands",NA,0,"213","2026-02-15 21:07:24","VVI142",450,"f","2/16/26"
"493","airplane","extra_words","1","produces",NA,0,"76","2026-04-02 15:03:35","VVI186",450,"m","2/26/04"
"494","airplane","extra_words","1","understands",NA,0,"76","2026-04-02 15:03:35","VVI186",450,"m","2/26/04"
"495","airplane","extra_words","1","produces",NA,0,"3259","2026-06-30 07:13:02","VVI213",450,"f","5/19/26"
"496","airplane","extra_words","1","understands",1,1,"3259","2026-06-30 07:13:02","VVI213",450,"f","5/19/26"
"497","airplane","extra_words","1","produces",NA,0,"53","2026-06-03 07:26:29","VVI221",420,"m","3/26/06"
"498","airplane","extra_words","1","understands",NA,0,"53","2026-06-03 07:26:29","VVI221",420,"m","3/26/06"
"499","airplane","extra_words","1","produces",NA,0,"223","2026-03-09 15:51:32","VVI162",510,"f","2/24/26"
"500","airplane","extra_words","1","understands",NA,0,"223","2026-03-09 15:51:32","VVI162",510,"f","2/24/26"
"501","airplane","extra_words","1","produces",NA,0,"207","2026-04-08 10:48:19","VVI193",450,"f","8/26/04"
"502","airplane","extra_words","1","understands",1,1,"207","2026-04-08 10:48:19","VVI193",450,"f","8/26/04"
"503","airplane","extra_words","1","produces",NA,0,"131","2026-04-28 16:52:20","VVI201",420,"m","4/27/26"
"504","airplane","extra_words","1","understands",NA,0,"131","2026-04-28 16:52:20","VVI201",420,"m","4/27/26"
"505","airplane","extra_words","1","produces",2,1,"216","2026-03-08 20:15:37","VVI146",510,"f","2/17/26"
"506","airplane","extra_words","1","understands",2,1,"216","2026-03-08 20:15:37","VVI146",510,"f","2/17/26"
"507","airplane","extra_words","1","produces",NA,0,"179","2026-03-09 12:13:10","VVI160",510,"m","2/23/26"
"508","airplane","extra_words","1","understands",NA,0,"179","2026-03-09 12:13:10","VVI160",510,"m","2/23/26"
"509","airplane","extra_words","1","produces",2,1,"102","2026-03-08 18:49:54","VVI164",480,"m","2/25/26"
"510","airplane","extra_words","1","understands",2,1,"102","2026-03-08 18:49:54","VVI164",480,"m","2/25/26"
"511","shower","extra_words","1","produces",NA,0,"32","2026-07-12 15:42:16","VVI230",510,"m","7/12/26"
"512","shower","extra_words","1","understands",NA,0,"32","2026-07-12 15:42:16","VVI230",510,"m","7/12/26"
"513","shower","extra_words","1","produces",NA,0,"199","2026-06-29 18:15:46","VVI223",450,"f","8/26/06"
"514","shower","extra_words","1","understands",1,1,"199","2026-06-29 18:15:46","VVI223",450,"f","8/26/06"
"515","shower","extra_words","1","produces",NA,0,"245","2026-04-29 06:56:14","VVI196",450,"f","4/14/26"
"516","shower","extra_words","1","understands",1,1,"245","2026-04-29 06:56:14","VVI196",450,"f","4/14/26"
"517","shower","extra_words","1","produces",NA,0,"104","2026-03-29 15:34:33","VVI183",420,"m","3/29/26"
"518","shower","extra_words","1","understands",NA,0,"104","2026-03-29 15:34:33","VVI183",420,"m","3/29/26"
"519","shower","extra_words","1","produces",NA,0,"125","2026-04-30 08:46:28","VVI197",450,"m","4/14/26"
"520","shower","extra_words","1","understands",1,1,"125","2026-04-30 08:46:28","VVI197",450,"m","4/14/26"
"521","shower","extra_words","1","produces",NA,0,"213","2026-02-15 21:07:24","VVI142",450,"f","2/16/26"
"522","shower","extra_words","1","understands",NA,0,"213","2026-02-15 21:07:24","VVI142",450,"f","2/16/26"
"523","shower","extra_words","1","produces",NA,0,"76","2026-04-02 15:03:35","VVI186",450,"m","2/26/04"
"524","shower","extra_words","1","understands",NA,0,"76","2026-04-02 15:03:35","VVI186",450,"m","2/26/04"
"525","shower","extra_words","1","produces",NA,0,"3259","2026-06-30 07:13:02","VVI213",450,"f","5/19/26"
"526","shower","extra_words","1","understands",NA,0,"3259","2026-06-30 07:13:02","VVI213",450,"f","5/19/26"
"527","shower","extra_words","1","produces",NA,0,"53","2026-06-03 07:26:29","VVI221",420,"m","3/26/06"
"528","shower","extra_words","1","understands",NA,0,"53","2026-06-03 07:26:29","VVI221",420,"m","3/26/06"
"529","shower","extra_words","1","produces",NA,0,"223","2026-03-09 15:51:32","VVI162",510,"f","2/24/26"
"530","shower","extra_words","1","understands",NA,0,"223","2026-03-09 15:51:32","VVI162",510,"f","2/24/26"
"531","shower","extra_words","1","produces",NA,0,"207","2026-04-08 10:48:19","VVI193",450,"f","8/26/04"
"532","shower","extra_words","1","understands",1,1,"207","2026-04-08 10:48:19","VVI193",450,"f","8/26/04"
"533","shower","extra_words","1","produces",NA,0,"131","2026-04-28 16:52:20","VVI201",420,"m","4/27/26"
"534","shower","extra_words","1","understands",NA,0,"131","2026-04-28 16:52:20","VVI201",420,"m","4/27/26"
"535","shower","extra_words","1","produces",NA,0,"216","2026-03-08 20:15:37","VVI146",510,"f","2/17/26"
"536","shower","extra_words","1","understands",1,1,"216","2026-03-08 20:15:37","VVI146",510,"f","2/17/26"
"537","shower","extra_words","1","produces",NA,0,"179","2026-03-09 12:13:10","VVI160",510,"m","2/23/26"
"538","shower","extra_words","1","understands",NA,0,"179","2026-03-09 12:13:10","VVI160",510,"m","2/23/26"
"539","shower","extra_words","1","produces",NA,0,"102","2026-03-08 18:49:54","VVI164",480,"m","2/25/26"
"540","shower","extra_words","1","understands",NA,0,"102","2026-03-08 18:49:54","VVI164",480,"m","2/25/26"
"541","balloon","extra_words","1","produces",NA,0,"32","2026-07-12 15:42:16","VVI230",510,"m","7/12/26"
"542","balloon","extra_words","1","understands",NA,0,"32","2026-07-12 15:42:16","VVI230",510,"m","7/12/26"
"543","balloon","extra_words","1","produces",2,1,"199","2026-06-29 18:15:46","VVI223",450,"f","8/26/06"
"544","balloon","extra_words","1","understands",2,1,"199","2026-06-29 18:15:46","VVI223",450,"f","8/26/06"
"545","balloon","extra_words","1","produces",NA,0,"245","2026-04-29 06:56:14","VVI196",450,"f","4/14/26"
"546","balloon","extra_words","1","understands",1,1,"245","2026-04-29 06:56:14","VVI196",450,"f","4/14/26"
"547","balloon","extra_words","1","produces",NA,0,"104","2026-03-29 15:34:33","VVI183",420,"m","3/29/26"
"548","balloon","extra_words","1","understands",NA,0,"104","2026-03-29 15:34:33","VVI183",420,"m","3/29/26"
"549","balloon","extra_words","1","produces",NA,0,"125","2026-04-30 08:46:28","VVI197",450,"m","4/14/26"
"550","balloon","extra_words","1","understands",1,1,"125","2026-04-30 08:46:28","VVI197",450,"m","4/14/26"
"551","balloon","extra_words","1","produces",NA,0,"213","2026-02-15 21:07:24","VVI142",450,"f","2/16/26"
"552","balloon","extra_words","1","understands",1,1,"213","2026-02-15 21:07:24","VVI142",450,"f","2/16/26"
"553","balloon","extra_words","1","produces",NA,0,"76","2026-04-02 15:03:35","VVI186",450,"m","2/26/04"
"554","balloon","extra_words","1","understands",NA,0,"76","2026-04-02 15:03:35","VVI186",450,"m","2/26/04"
"555","balloon","extra_words","1","produces",NA,0,"3259","2026-06-30 07:13:02","VVI213",450,"f","5/19/26"
"556","balloon","extra_words","1","understands",1,1,"3259","2026-06-30 07:13:02","VVI213",450,"f","5/19/26"
"557","balloon","extra_words","1","produces",NA,0,"53","2026-06-03 07:26:29","VVI221",420,"m","3/26/06"
"558","balloon","extra_words","1","understands",NA,0,"53","2026-06-03 07:26:29","VVI221",420,"m","3/26/06"
"559","balloon","extra_words","1","produces",NA,0,"223","2026-03-09 15:51:32","VVI162",510,"f","2/24/26"
"560","balloon","extra_words","1","understands",NA,0,"223","2026-03-09 15:51:32","VVI162",510,"f","2/24/26"
"561","balloon","extra_words","1","produces",NA,0,"207","2026-04-08 10:48:19","VVI193",450,"f","8/26/04"
"562","balloon","extra_words","1","understands",1,1,"207","2026-04-08 10:48:19","VVI193",450,"f","8/26/04"
"563","balloon","extra_words","1","produces",NA,0,"131","2026-04-28 16:52:20","VVI201",420,"m","4/27/26"
"564","balloon","extra_words","1","understands",NA,0,"131","2026-04-28 16:52:20","VVI201",420,"m","4/27/26"
"565","balloon","extra_words","1","produces",2,1,"216","2026-03-08 20:15:37","VVI146",510,"f","2/17/26"
"566","balloon","extra_words","1","understands",2,1,"216","2026-03-08 20:15:37","VVI146",510,"f","2/17/26"
"567","balloon","extra_words","1","produces",NA,0,"179","2026-03-09 12:13:10","VVI160",510,"m","2/23/26"
"568","balloon","extra_words","1","understands",NA,0,"179","2026-03-09 12:13:10","VVI160",510,"m","2/23/26"
"569","balloon","extra_words","1","produces",NA,0,"102","2026-03-08 18:49:54","VVI164",480,"m","2/25/26"
"570","balloon","extra_words","1","understands",NA,0,"102","2026-03-08 18:49:54","VVI164",480,"m","2/25/26"
"571","dresser","extra_words","1","produces",NA,0,"32","2026-07-12 15:42:16","VVI230",510,"m","7/12/26"
"572","dresser","extra_words","1","understands",NA,0,"32","2026-07-12 15:42:16","VVI230",510,"m","7/12/26"
"573","dresser","extra_words","1","produces",NA,0,"199","2026-06-29 18:15:46","VVI223",450,"f","8/26/06"
"574","dresser","extra_words","1","understands",1,1,"199","2026-06-29 18:15:46","VVI223",450,"f","8/26/06"
"575","dresser","extra_words","1","produces",NA,0,"245","2026-04-29 06:56:14","VVI196",450,"f","4/14/26"
"576","dresser","extra_words","1","understands",1,1,"245","2026-04-29 06:56:14","VVI196",450,"f","4/14/26"
"577","dresser","extra_words","1","produces",NA,0,"104","2026-03-29 15:34:33","VVI183",420,"m","3/29/26"
"578","dresser","extra_words","1","understands",NA,0,"104","2026-03-29 15:34:33","VVI183",420,"m","3/29/26"
"579","dresser","extra_words","1","produces",NA,0,"125","2026-04-30 08:46:28","VVI197",450,"m","4/14/26"
"580","dresser","extra_words","1","understands",NA,0,"125","2026-04-30 08:46:28","VVI197",450,"m","4/14/26"
"581","dresser","extra_words","1","produces",NA,0,"213","2026-02-15 21:07:24","VVI142",450,"f","2/16/26"
"582","dresser","extra_words","1","understands",NA,0,"213","2026-02-15 21:07:24","VVI142",450,"f","2/16/26"
"583","dresser","extra_words","1","produces",NA,0,"76","2026-04-02 15:03:35","VVI186",450,"m","2/26/04"
"584","dresser","extra_words","1","understands",NA,0,"76","2026-04-02 15:03:35","VVI186",450,"m","2/26/04"
"585","dresser","extra_words","1","produces",NA,0,"3259","2026-06-30 07:13:02","VVI213",450,"f","5/19/26"
"586","dresser","extra_words","1","understands",NA,0,"3259","2026-06-30 07:13:02","VVI213",450,"f","5/19/26"
"587","dresser","extra_words","1","produces",NA,0,"53","2026-06-03 07:26:29","VVI221",420,"m","3/26/06"
"588","dresser","extra_words","1","understands",NA,0,"53","2026-06-03 07:26:29","VVI221",420,"m","3/26/06"
"589","dresser","extra_words","1","produces",NA,0,"223","2026-03-09 15:51:32","VVI162",510,"f","2/24/26"
"590","dresser","extra_words","1","understands",NA,0,"223","2026-03-09 15:51:32","VVI162",510,"f","2/24/26"
"591","dresser","extra_words","1","produces",NA,0,"207","2026-04-08 10:48:19","VVI193",450,"f","8/26/04"
"592","dresser","extra_words","1","understands",NA,0,"207","2026-04-08 10:48:19","VVI193",450,"f","8/26/04"
"593","dresser","extra_words","1","produces",NA,0,"131","2026-04-28 16:52:20","VVI201",420,"m","4/27/26"
"594","dresser","extra_words","1","understands",NA,0,"131","2026-04-28 16:52:20","VVI201",420,"m","4/27/26"
"595","dresser","extra_words","1","produces",NA,0,"216","2026-03-08 20:15:37","VVI146",510,"f","2/17/26"
"596","dresser","extra_words","1","understands",1,1,"216","2026-03-08 20:15:37","VVI146",510,"f","2/17/26"
"597","dresser","extra_words","1","produces",NA,0,"179","2026-03-09 12:13:10","VVI160",510,"m","2/23/26"
"598","dresser","extra_words","1","understands",NA,0,"179","2026-03-09 12:13:10","VVI160",510,"m","2/23/26"
"599","dresser","extra_words","1","produces",NA,0,"102","2026-03-08 18:49:54","VVI164",480,"m","2/25/26"
"600","dresser","extra_words","1","understands",NA,0,"102","2026-03-08 18:49:54","VVI164",480,"m","2/25/26"
"601","kite","extra_words","1","produces",NA,0,"32","2026-07-12 15:42:16","VVI230",510,"m","7/12/26"
"602","kite","extra_words","1","understands",NA,0,"32","2026-07-12 15:42:16","VVI230",510,"m","7/12/26"
"603","kite","extra_words","1","produces",NA,0,"199","2026-06-29 18:15:46","VVI223",450,"f","8/26/06"
"604","kite","extra_words","1","understands",NA,0,"199","2026-06-29 18:15:46","VVI223",450,"f","8/26/06"
"605","kite","extra_words","1","produces",NA,0,"245","2026-04-29 06:56:14","VVI196",450,"f","4/14/26"
"606","kite","extra_words","1","understands",1,1,"245","2026-04-29 06:56:14","VVI196",450,"f","4/14/26"
"607","kite","extra_words","1","produces",NA,0,"104","2026-03-29 15:34:33","VVI183",420,"m","3/29/26"
"608","kite","extra_words","1","understands",NA,0,"104","2026-03-29 15:34:33","VVI183",420,"m","3/29/26"
"609","kite","extra_words","1","produces",NA,0,"125","2026-04-30 08:46:28","VVI197",450,"m","4/14/26"
"610","kite","extra_words","1","understands",NA,0,"125","2026-04-30 08:46:28","VVI197",450,"m","4/14/26"
"611","kite","extra_words","1","produces",NA,0,"213","2026-02-15 21:07:24","VVI142",450,"f","2/16/26"
"612","kite","extra_words","1","understands",NA,0,"213","2026-02-15 21:07:24","VVI142",450,"f","2/16/26"
"613","kite","extra_words","1","produces",NA,0,"76","2026-04-02 15:03:35","VVI186",450,"m","2/26/04"
"614","kite","extra_words","1","understands",NA,0,"76","2026-04-02 15:03:35","VVI186",450,"m","2/26/04"
"615","kite","extra_words","1","produces",NA,0,"3259","2026-06-30 07:13:02","VVI213",450,"f","5/19/26"
"616","kite","extra_words","1","understands",NA,0,"3259","2026-06-30 07:13:02","VVI213",450,"f","5/19/26"
"617","kite","extra_words","1","produces",NA,0,"53","2026-06-03 07:26:29","VVI221",420,"m","3/26/06"
"618","kite","extra_words","1","understands",NA,0,"53","2026-06-03 07:26:29","VVI221",420,"m","3/26/06"
"619","kite","extra_words","1","produces",NA,0,"223","2026-03-09 15:51:32","VVI162",510,"f","2/24/26"
"620","kite","extra_words","1","understands",NA,0,"223","2026-03-09 15:51:32","VVI162",510,"f","2/24/26"
"621","kite","extra_words","1","produces",NA,0,"207","2026-04-08 10:48:19","VVI193",450,"f","8/26/04"
"622","kite","extra_words","1","understands",1,1,"207","2026-04-08 10:48:19","VVI193",450,"f","8/26/04"
"623","kite","extra_words","1","produces",NA,0,"131","2026-04-28 16:52:20","VVI201",420,"m","4/27/26"
"624","kite","extra_words","1","understands",NA,0,"131","2026-04-28 16:52:20","VVI201",420,"m","4/27/26"
"625","kite","extra_words","1","produces",NA,0,"216","2026-03-08 20:15:37","VVI146",510,"f","2/17/26"
"626","kite","extra_words","1","understands",NA,0,"216","2026-03-08 20:15:37","VVI146",510,"f","2/17/26"
"627","kite","extra_words","1","produces",NA,0,"179","2026-03-09 12:13:10","VVI160",510,"m","2/23/26"
"628","kite","extra_words","1","understands",NA,0,"179","2026-03-09 12:13:10","VVI160",510,"m","2/23/26"
"629","kite","extra_words","1","produces",NA,0,"102","2026-03-08 18:49:54","VVI164",480,"m","2/25/26"
"630","kite","extra_words","1","understands",NA,0,"102","2026-03-08 18:49:54","VVI164",480,"m","2/25/26"
"631","camel","extra_words","1","produces",NA,0,"32","2026-07-12 15:42:16","VVI230",510,"m","7/12/26"
"632","camel","extra_words","1","understands",NA,0,"32","2026-07-12 15:42:16","VVI230",510,"m","7/12/26"
"633","camel","extra_words","1","produces",NA,0,"199","2026-06-29 18:15:46","VVI223",450,"f","8/26/06"
"634","camel","extra_words","1","understands",NA,0,"199","2026-06-29 18:15:46","VVI223",450,"f","8/26/06"
"635","camel","extra_words","1","produces",NA,0,"245","2026-04-29 06:56:14","VVI196",450,"f","4/14/26"
"636","camel","extra_words","1","understands",1,1,"245","2026-04-29 06:56:14","VVI196",450,"f","4/14/26"
"637","camel","extra_words","1","produces",NA,0,"104","2026-03-29 15:34:33","VVI183",420,"m","3/29/26"
"638","camel","extra_words","1","understands",NA,0,"104","2026-03-29 15:34:33","VVI183",420,"m","3/29/26"
"639","camel","extra_words","1","produces",NA,0,"125","2026-04-30 08:46:28","VVI197",450,"m","4/14/26"
"640","camel","extra_words","1","understands",NA,0,"125","2026-04-30 08:46:28","VVI197",450,"m","4/14/26"
"641","camel","extra_words","1","produces",NA,0,"213","2026-02-15 21:07:24","VVI142",450,"f","2/16/26"
"642","camel","extra_words","1","understands",NA,0,"213","2026-02-15 21:07:24","VVI142",450,"f","2/16/26"
"643","camel","extra_words","1","produces",NA,0,"76","2026-04-02 15:03:35","VVI186",450,"m","2/26/04"
"644","camel","extra_words","1","understands",NA,0,"76","2026-04-02 15:03:35","VVI186",450,"m","2/26/04"
"645","camel","extra_words","1","produces",NA,0,"3259","2026-06-30 07:13:02","VVI213",450,"f","5/19/26"
"646","camel","extra_words","1","understands",NA,0,"3259","2026-06-30 07:13:02","VVI213",450,"f","5/19/26"
"647","camel","extra_words","1","produces",NA,0,"53","2026-06-03 07:26:29","VVI221",420,"m","3/26/06"
"648","camel","extra_words","1","understands",NA,0,"53","2026-06-03 07:26:29","VVI221",420,"m","3/26/06"
"649","camel","extra_words","1","produces",NA,0,"223","2026-03-09 15:51:32","VVI162",510,"f","2/24/26"
"650","camel","extra_words","1","understands",NA,0,"223","2026-03-09 15:51:32","VVI162",510,"f","2/24/26"
"651","camel","extra_words","1","produces",NA,0,"207","2026-04-08 10:48:19","VVI193",450,"f","8/26/04"
"652","camel","extra_words","1","understands",NA,0,"207","2026-04-08 10:48:19","VVI193",450,"f","8/26/04"
"653","camel","extra_words","1","produces",NA,0,"131","2026-04-28 16:52:20","VVI201",420,"m","4/27/26"
"654","camel","extra_words","1","understands",NA,0,"131","2026-04-28 16:52:20","VVI201",420,"m","4/27/26"
"655","camel","extra_words","1","produces",NA,0,"216","2026-03-08 20:15:37","VVI146",510,"f","2/17/26"
"656","camel","extra_words","1","understands",NA,0,"216","2026-03-08 20:15:37","VVI146",510,"f","2/17/26"
"657","camel","extra_words","1","produces",NA,0,"179","2026-03-09 12:13:10","VVI160",510,"m","2/23/26"
"658","camel","extra_words","1","understands",NA,0,"179","2026-03-09 12:13:10","VVI160",510,"m","2/23/26"
"659","camel","extra_words","1","produces",NA,0,"102","2026-03-08 18:49:54","VVI164",480,"m","2/25/26"
"660","camel","extra_words","1","understands",NA,0,"102","2026-03-08 18:49:54","VVI164",480,"m","2/25/26"
"661","elephant","extra_words","1","produces",NA,0,"32","2026-07-12 15:42:16","VVI230",510,"m","7/12/26"
"662","elephant","extra_words","1","understands",NA,0,"32","2026-07-12 15:42:16","VVI230",510,"m","7/12/26"
"663","elephant","extra_words","1","produces",NA,0,"199","2026-06-29 18:15:46","VVI223",450,"f","8/26/06"
"664","elephant","extra_words","1","understands",1,1,"199","2026-06-29 18:15:46","VVI223",450,"f","8/26/06"
"665","elephant","extra_words","1","produces",NA,0,"245","2026-04-29 06:56:14","VVI196",450,"f","4/14/26"
"666","elephant","extra_words","1","understands",1,1,"245","2026-04-29 06:56:14","VVI196",450,"f","4/14/26"
"667","elephant","extra_words","1","produces",NA,0,"104","2026-03-29 15:34:33","VVI183",420,"m","3/29/26"
"668","elephant","extra_words","1","understands",NA,0,"104","2026-03-29 15:34:33","VVI183",420,"m","3/29/26"
"669","elephant","extra_words","1","produces",NA,0,"125","2026-04-30 08:46:28","VVI197",450,"m","4/14/26"
"670","elephant","extra_words","1","understands",NA,0,"125","2026-04-30 08:46:28","VVI197",450,"m","4/14/26"
"671","elephant","extra_words","1","produces",NA,0,"213","2026-02-15 21:07:24","VVI142",450,"f","2/16/26"
"672","elephant","extra_words","1","understands",1,1,"213","2026-02-15 21:07:24","VVI142",450,"f","2/16/26"
"673","elephant","extra_words","1","produces",NA,0,"76","2026-04-02 15:03:35","VVI186",450,"m","2/26/04"
"674","elephant","extra_words","1","understands",NA,0,"76","2026-04-02 15:03:35","VVI186",450,"m","2/26/04"
"675","elephant","extra_words","1","produces",NA,0,"3259","2026-06-30 07:13:02","VVI213",450,"f","5/19/26"
"676","elephant","extra_words","1","understands",1,1,"3259","2026-06-30 07:13:02","VVI213",450,"f","5/19/26"
"677","elephant","extra_words","1","produces",NA,0,"53","2026-06-03 07:26:29","VVI221",420,"m","3/26/06"
"678","elephant","extra_words","1","understands",NA,0,"53","2026-06-03 07:26:29","VVI221",420,"m","3/26/06"
"679","elephant","extra_words","1","produces",NA,0,"223","2026-03-09 15:51:32","VVI162",510,"f","2/24/26"
"680","elephant","extra_words","1","understands",NA,0,"223","2026-03-09 15:51:32","VVI162",510,"f","2/24/26"
"681","elephant","extra_words","1","produces",NA,0,"207","2026-04-08 10:48:19","VVI193",450,"f","8/26/04"
"682","elephant","extra_words","1","understands",1,1,"207","2026-04-08 10:48:19","VVI193",450,"f","8/26/04"
"683","elephant","extra_words","1","produces",NA,0,"131","2026-04-28 16:52:20","VVI201",420,"m","4/27/26"
"684","elephant","extra_words","1","understands",NA,0,"131","2026-04-28 16:52:20","VVI201",420,"m","4/27/26"
"685","elephant","extra_words","1","produces",NA,0,"216","2026-03-08 20:15:37","VVI146",510,"f","2/17/26"
"686","elephant","extra_words","1","understands",1,1,"216","2026-03-08 20:15:37","VVI146",510,"f","2/17/26"
"687","elephant","extra_words","1","produces",NA,0,"179","2026-03-09 12:13:10","VVI160",510,"m","2/23/26"
"688","elephant","extra_words","1","understands",NA,0,"179","2026-03-09 12:13:10","VVI160",510,"m","2/23/26"
"689","elephant","extra_words","1","produces",NA,0,"102","2026-03-08 18:49:54","VVI164",480,"m","2/25/26"
"690","elephant","extra_words","1","understands",NA,0,"102","2026-03-08 18:49:54","VVI164",480,"m","2/25/26"
"691","ladybug","extra_words","1","produces",NA,0,"32","2026-07-12 15:42:16","VVI230",510,"m","7/12/26"
"692","ladybug","extra_words","1","understands",NA,0,"32","2026-07-12 15:42:16","VVI230",510,"m","7/12/26"
"693","ladybug","extra_words","1","produces",NA,0,"199","2026-06-29 18:15:46","VVI223",450,"f","8/26/06"
"694","ladybug","extra_words","1","understands",NA,0,"199","2026-06-29 18:15:46","VVI223",450,"f","8/26/06"
"695","ladybug","extra_words","1","produces",NA,0,"245","2026-04-29 06:56:14","VVI196",450,"f","4/14/26"
"696","ladybug","extra_words","1","understands",1,1,"245","2026-04-29 06:56:14","VVI196",450,"f","4/14/26"
"697","ladybug","extra_words","1","produces",NA,0,"104","2026-03-29 15:34:33","VVI183",420,"m","3/29/26"
"698","ladybug","extra_words","1","understands",NA,0,"104","2026-03-29 15:34:33","VVI183",420,"m","3/29/26"
"699","ladybug","extra_words","1","produces",NA,0,"125","2026-04-30 08:46:28","VVI197",450,"m","4/14/26"
"700","ladybug","extra_words","1","understands",NA,0,"125","2026-04-30 08:46:28","VVI197",450,"m","4/14/26"
"701","ladybug","extra_words","1","produces",NA,0,"213","2026-02-15 21:07:24","VVI142",450,"f","2/16/26"
"702","ladybug","extra_words","1","understands",NA,0,"213","2026-02-15 21:07:24","VVI142",450,"f","2/16/26"
"703","ladybug","extra_words","1","produces",NA,0,"76","2026-04-02 15:03:35","VVI186",450,"m","2/26/04"
"704","ladybug","extra_words","1","understands",NA,0,"76","2026-04-02 15:03:35","VVI186",450,"m","2/26/04"
"705","ladybug","extra_words","1","produces",NA,0,"3259","2026-06-30 07:13:02","VVI213",450,"f","5/19/26"
"706","ladybug","extra_words","1","understands",NA,0,"3259","2026-06-30 07:13:02","VVI213",450,"f","5/19/26"
"707","ladybug","extra_words","1","produces",NA,0,"53","2026-06-03 07:26:29","VVI221",420,"m","3/26/06"
"708","ladybug","extra_words","1","understands",NA,0,"53","2026-06-03 07:26:29","VVI221",420,"m","3/26/06"
"709","ladybug","extra_words","1","produces",NA,0,"223","2026-03-09 15:51:32","VVI162",510,"f","2/24/26"
"710","ladybug","extra_words","1","understands",NA,0,"223","2026-03-09 15:51:32","VVI162",510,"f","2/24/26"
"711","ladybug","extra_words","1","produces",NA,0,"207","2026-04-08 10:48:19","VVI193",450,"f","8/26/04"
"712","ladybug","extra_words","1","understands",1,1,"207","2026-04-08 10:48:19","VVI193",450,"f","8/26/04"
"713","ladybug","extra_words","1","produces",NA,0,"131","2026-04-28 16:52:20","VVI201",420,"m","4/27/26"
"714","ladybug","extra_words","1","understands",NA,0,"131","2026-04-28 16:52:20","VVI201",420,"m","4/27/26"
"715","ladybug","extra_words","1","produces",NA,0,"216","2026-03-08 20:15:37","VVI146",510,"f","2/17/26"
"716","ladybug","extra_words","1","understands",NA,0,"216","2026-03-08 20:15:37","VVI146",510,"f","2/17/26"
"717","ladybug","extra_words","1","produces",NA,0,"179","2026-03-09 12:13:10","VVI160",510,"m","2/23/26"
"718","ladybug","extra_words","1","understands",NA,0,"179","2026-03-09 12:13:10","VVI160",510,"m","2/23/26"
"719","ladybug","extra_words","1","produces",NA,0,"102","2026-03-08 18:49:54","VVI164",480,"m","2/25/26"
"720","ladybug","extra_words","1","understands",NA,0,"102","2026-03-08 18:49:54","VVI164",480,"m","2/25/26"
"721","choo choo","cdi_words","1","produces",NA,0,"32","2026-07-12 15:42:16","VVI230",510,"m","7/12/26"
"722","choo choo","cdi_words","1","understands",NA,0,"32","2026-07-12 15:42:16","VVI230",510,"m","7/12/26"
"723","choo choo","cdi_words","1","produces",NA,0,"199","2026-06-29 18:15:46","VVI223",450,"f","8/26/06"
"724","choo choo","cdi_words","1","understands",1,1,"199","2026-06-29 18:15:46","VVI223",450,"f","8/26/06"
"725","choo choo","cdi_words","1","produces",NA,0,"245","2026-04-29 06:56:14","VVI196",450,"f","4/14/26"
"726","choo choo","cdi_words","1","understands",1,1,"245","2026-04-29 06:56:14","VVI196",450,"f","4/14/26"
"727","choo choo","cdi_words","1","produces",NA,0,"104","2026-03-29 15:34:33","VVI183",420,"m","3/29/26"
"728","choo choo","cdi_words","1","understands",NA,0,"104","2026-03-29 15:34:33","VVI183",420,"m","3/29/26"
"729","choo choo","cdi_words","1","produces",NA,0,"125","2026-04-30 08:46:28","VVI197",450,"m","4/14/26"
"730","choo choo","cdi_words","1","understands",1,1,"125","2026-04-30 08:46:28","VVI197",450,"m","4/14/26"
"731","choo choo","cdi_words","1","produces",NA,0,"213","2026-02-15 21:07:24","VVI142",450,"f","2/16/26"
"732","choo choo","cdi_words","1","understands",NA,0,"213","2026-02-15 21:07:24","VVI142",450,"f","2/16/26"
"733","choo choo","cdi_words","1","produces",NA,0,"76","2026-04-02 15:03:35","VVI186",450,"m","2/26/04"
"734","choo choo","cdi_words","1","understands",NA,0,"76","2026-04-02 15:03:35","VVI186",450,"m","2/26/04"
"735","choo choo","cdi_words","1","produces",2,1,"3259","2026-06-30 07:13:02","VVI213",450,"f","5/19/26"
"736","choo choo","cdi_words","1","understands",2,1,"3259","2026-06-30 07:13:02","VVI213",450,"f","5/19/26"
"737","choo choo","cdi_words","1","produces",NA,0,"53","2026-06-03 07:26:29","VVI221",420,"m","3/26/06"
"738","choo choo","cdi_words","1","understands",NA,0,"53","2026-06-03 07:26:29","VVI221",420,"m","3/26/06"
"739","choo choo","cdi_words","1","produces",NA,0,"223","2026-03-09 15:51:32","VVI162",510,"f","2/24/26"
"740","choo choo","cdi_words","1","understands",1,1,"223","2026-03-09 15:51:32","VVI162",510,"f","2/24/26"
"741","choo choo","cdi_words","1","produces",NA,0,"207","2026-04-08 10:48:19","VVI193",450,"f","8/26/04"
"742","choo choo","cdi_words","1","understands",1,1,"207","2026-04-08 10:48:19","VVI193",450,"f","8/26/04"
"743","choo choo","cdi_words","1","produces",NA,0,"131","2026-04-28 16:52:20","VVI201",420,"m","4/27/26"
"744","choo choo","cdi_words","1","understands",NA,0,"131","2026-04-28 16:52:20","VVI201",420,"m","4/27/26"
"745","choo choo","cdi_words","1","produces",2,1,"216","2026-03-08 20:15:37","VVI146",510,"f","2/17/26"
"746","choo choo","cdi_words","1","understands",2,1,"216","2026-03-08 20:15:37","VVI146",510,"f","2/17/26"
"747","choo choo","cdi_words","1","produces",NA,0,"179","2026-03-09 12:13:10","VVI160",510,"m","2/23/26"
"748","choo choo","cdi_words","1","understands",1,1,"179","2026-03-09 12:13:10","VVI160",510,"m","2/23/26"
"749","choo choo","cdi_words","1","produces",NA,0,"102","2026-03-08 18:49:54","VVI164",480,"m","2/25/26"
"750","choo choo","cdi_words","1","understands",NA,0,"102","2026-03-08 18:49:54","VVI164",480,"m","2/25/26"
"751","mouse","cdi_words","1","produces",NA,0,"32","2026-07-12 15:42:16","VVI230",510,"m","7/12/26"
"752","mouse","cdi_words","1","understands",NA,0,"32","2026-07-12 15:42:16","VVI230",510,"m","7/12/26"
"753","mouse","cdi_words","1","produces",NA,0,"199","2026-06-29 18:15:46","VVI223",450,"f","8/26/06"
"754","mouse","cdi_words","1","understands",1,1,"199","2026-06-29 18:15:46","VVI223",450,"f","8/26/06"
"755","mouse","cdi_words","1","produces",NA,0,"245","2026-04-29 06:56:14","VVI196",450,"f","4/14/26"
"756","mouse","cdi_words","1","understands",1,1,"245","2026-04-29 06:56:14","VVI196",450,"f","4/14/26"
"757","mouse","cdi_words","1","produces",NA,0,"104","2026-03-29 15:34:33","VVI183",420,"m","3/29/26"
"758","mouse","cdi_words","1","understands",NA,0,"104","2026-03-29 15:34:33","VVI183",420,"m","3/29/26"
"759","mouse","cdi_words","1","produces",NA,0,"125","2026-04-30 08:46:28","VVI197",450,"m","4/14/26"
"760","mouse","cdi_words","1","understands",NA,0,"125","2026-04-30 08:46:28","VVI197",450,"m","4/14/26"
"761","mouse","cdi_words","1","produces",NA,0,"213","2026-02-15 21:07:24","VVI142",450,"f","2/16/26"
"762","mouse","cdi_words","1","understands",NA,0,"213","2026-02-15 21:07:24","VVI142",450,"f","2/16/26"
"763","mouse","cdi_words","1","produces",NA,0,"76","2026-04-02 15:03:35","VVI186",450,"m","2/26/04"
"764","mouse","cdi_words","1","understands",1,1,"76","2026-04-02 15:03:35","VVI186",450,"m","2/26/04"
"765","mouse","cdi_words","1","produces",NA,0,"3259","2026-06-30 07:13:02","VVI213",450,"f","5/19/26"
"766","mouse","cdi_words","1","understands",1,1,"3259","2026-06-30 07:13:02","VVI213",450,"f","5/19/26"
"767","mouse","cdi_words","1","produces",NA,0,"53","2026-06-03 07:26:29","VVI221",420,"m","3/26/06"
"768","mouse","cdi_words","1","understands",NA,0,"53","2026-06-03 07:26:29","VVI221",420,"m","3/26/06"
"769","mouse","cdi_words","1","produces",NA,0,"223","2026-03-09 15:51:32","VVI162",510,"f","2/24/26"
"770","mouse","cdi_words","1","understands",NA,0,"223","2026-03-09 15:51:32","VVI162",510,"f","2/24/26"
"771","mouse","cdi_words","1","produces",NA,0,"207","2026-04-08 10:48:19","VVI193",450,"f","8/26/04"
"772","mouse","cdi_words","1","understands",1,1,"207","2026-04-08 10:48:19","VVI193",450,"f","8/26/04"
"773","mouse","cdi_words","1","produces",NA,0,"131","2026-04-28 16:52:20","VVI201",420,"m","4/27/26"
"774","mouse","cdi_words","1","understands",NA,0,"131","2026-04-28 16:52:20","VVI201",420,"m","4/27/26"
"775","mouse","cdi_words","1","produces",NA,0,"216","2026-03-08 20:15:37","VVI146",510,"f","2/17/26"
"776","mouse","cdi_words","1","understands",NA,0,"216","2026-03-08 20:15:37","VVI146",510,"f","2/17/26"
"777","mouse","cdi_words","1","produces",NA,0,"179","2026-03-09 12:13:10","VVI160",510,"m","2/23/26"
"778","mouse","cdi_words","1","understands",NA,0,"179","2026-03-09 12:13:10","VVI160",510,"m","2/23/26"
"779","mouse","cdi_words","1","produces",NA,0,"102","2026-03-08 18:49:54","VVI164",480,"m","2/25/26"
"780","mouse","cdi_words","1","understands",NA,0,"102","2026-03-08 18:49:54","VVI164",480,"m","2/25/26"
"781","car","cdi_words","1","produces",NA,0,"32","2026-07-12 15:42:16","VVI230",510,"m","7/12/26"
"782","car","cdi_words","1","understands",NA,0,"32","2026-07-12 15:42:16","VVI230",510,"m","7/12/26"
"783","car","cdi_words","1","produces",2,1,"199","2026-06-29 18:15:46","VVI223",450,"f","8/26/06"
"784","car","cdi_words","1","understands",2,1,"199","2026-06-29 18:15:46","VVI223",450,"f","8/26/06"
"785","car","cdi_words","1","produces",NA,0,"245","2026-04-29 06:56:14","VVI196",450,"f","4/14/26"
"786","car","cdi_words","1","understands",1,1,"245","2026-04-29 06:56:14","VVI196",450,"f","4/14/26"
"787","car","cdi_words","1","produces",NA,0,"104","2026-03-29 15:34:33","VVI183",420,"m","3/29/26"
"788","car","cdi_words","1","understands",NA,0,"104","2026-03-29 15:34:33","VVI183",420,"m","3/29/26"
"789","car","cdi_words","1","produces",NA,0,"125","2026-04-30 08:46:28","VVI197",450,"m","4/14/26"
"790","car","cdi_words","1","understands",1,1,"125","2026-04-30 08:46:28","VVI197",450,"m","4/14/26"
"791","car","cdi_words","1","produces",NA,0,"213","2026-02-15 21:07:24","VVI142",450,"f","2/16/26"
"792","car","cdi_words","1","understands",1,1,"213","2026-02-15 21:07:24","VVI142",450,"f","2/16/26"
"793","car","cdi_words","1","produces",NA,0,"76","2026-04-02 15:03:35","VVI186",450,"m","2/26/04"
"794","car","cdi_words","1","understands",1,1,"76","2026-04-02 15:03:35","VVI186",450,"m","2/26/04"
"795","car","cdi_words","1","produces",2,1,"3259","2026-06-30 07:13:02","VVI213",450,"f","5/19/26"
"796","car","cdi_words","1","understands",2,1,"3259","2026-06-30 07:13:02","VVI213",450,"f","5/19/26"
"797","car","cdi_words","1","produces",NA,0,"53","2026-06-03 07:26:29","VVI221",420,"m","3/26/06"
"798","car","cdi_words","1","understands",NA,0,"53","2026-06-03 07:26:29","VVI221",420,"m","3/26/06"
"799","car","cdi_words","1","produces",NA,0,"223","2026-03-09 15:51:32","VVI162",510,"f","2/24/26"
"800","car","cdi_words","1","understands",1,1,"223","2026-03-09 15:51:32","VVI162",510,"f","2/24/26"
"801","car","cdi_words","1","produces",NA,0,"207","2026-04-08 10:48:19","VVI193",450,"f","8/26/04"
"802","car","cdi_words","1","understands",1,1,"207","2026-04-08 10:48:19","VVI193",450,"f","8/26/04"
"803","car","cdi_words","1","produces",NA,0,"131","2026-04-28 16:52:20","VVI201",420,"m","4/27/26"
"804","car","cdi_words","1","understands",1,1,"131","2026-04-28 16:52:20","VVI201",420,"m","4/27/26"
"805","car","cdi_words","1","produces",2,1,"216","2026-03-08 20:15:37","VVI146",510,"f","2/17/26"
"806","car","cdi_words","1","understands",2,1,"216","2026-03-08 20:15:37","VVI146",510,"f","2/17/26"
"807","car","cdi_words","1","produces",NA,0,"179","2026-03-09 12:13:10","VVI160",510,"m","2/23/26"
"808","car","cdi_words","1","understands",1,1,"179","2026-03-09 12:13:10","VVI160",510,"m","2/23/26"
"809","car","cdi_words","1","produces",2,1,"102","2026-03-08 18:49:54","VVI164",480,"m","2/25/26"
"810","car","cdi_words","1","understands",2,1,"102","2026-03-08 18:49:54","VVI164",480,"m","2/25/26"
"811","stroller","cdi_words","1","produces",NA,0,"32","2026-07-12 15:42:16","VVI230",510,"m","7/12/26"
"812","stroller","cdi_words","1","understands",NA,0,"32","2026-07-12 15:42:16","VVI230",510,"m","7/12/26"
"813","stroller","cdi_words","1","produces",NA,0,"199","2026-06-29 18:15:46","VVI223",450,"f","8/26/06"
"814","stroller","cdi_words","1","understands",1,1,"199","2026-06-29 18:15:46","VVI223",450,"f","8/26/06"
"815","stroller","cdi_words","1","produces",NA,0,"245","2026-04-29 06:56:14","VVI196",450,"f","4/14/26"
"816","stroller","cdi_words","1","understands",1,1,"245","2026-04-29 06:56:14","VVI196",450,"f","4/14/26"
"817","stroller","cdi_words","1","produces",NA,0,"104","2026-03-29 15:34:33","VVI183",420,"m","3/29/26"
"818","stroller","cdi_words","1","understands",NA,0,"104","2026-03-29 15:34:33","VVI183",420,"m","3/29/26"
"819","stroller","cdi_words","1","produces",NA,0,"125","2026-04-30 08:46:28","VVI197",450,"m","4/14/26"
"820","stroller","cdi_words","1","understands",1,1,"125","2026-04-30 08:46:28","VVI197",450,"m","4/14/26"
"821","stroller","cdi_words","1","produces",NA,0,"213","2026-02-15 21:07:24","VVI142",450,"f","2/16/26"
"822","stroller","cdi_words","1","understands",1,1,"213","2026-02-15 21:07:24","VVI142",450,"f","2/16/26"
"823","stroller","cdi_words","1","produces",NA,0,"76","2026-04-02 15:03:35","VVI186",450,"m","2/26/04"
"824","stroller","cdi_words","1","understands",NA,0,"76","2026-04-02 15:03:35","VVI186",450,"m","2/26/04"
"825","stroller","cdi_words","1","produces",NA,0,"3259","2026-06-30 07:13:02","VVI213",450,"f","5/19/26"
"826","stroller","cdi_words","1","understands",1,1,"3259","2026-06-30 07:13:02","VVI213",450,"f","5/19/26"
"827","stroller","cdi_words","1","produces",NA,0,"53","2026-06-03 07:26:29","VVI221",420,"m","3/26/06"
"828","stroller","cdi_words","1","understands",NA,0,"53","2026-06-03 07:26:29","VVI221",420,"m","3/26/06"
"829","stroller","cdi_words","1","produces",NA,0,"223","2026-03-09 15:51:32","VVI162",510,"f","2/24/26"
"830","stroller","cdi_words","1","understands",1,1,"223","2026-03-09 15:51:32","VVI162",510,"f","2/24/26"
"831","stroller","cdi_words","1","produces",NA,0,"207","2026-04-08 10:48:19","VVI193",450,"f","8/26/04"
"832","stroller","cdi_words","1","understands",1,1,"207","2026-04-08 10:48:19","VVI193",450,"f","8/26/04"
"833","stroller","cdi_words","1","produces",NA,0,"131","2026-04-28 16:52:20","VVI201",420,"m","4/27/26"
"834","stroller","cdi_words","1","understands",1,1,"131","2026-04-28 16:52:20","VVI201",420,"m","4/27/26"
"835","stroller","cdi_words","1","produces",NA,0,"216","2026-03-08 20:15:37","VVI146",510,"f","2/17/26"
"836","stroller","cdi_words","1","understands",1,1,"216","2026-03-08 20:15:37","VVI146",510,"f","2/17/26"
"837","stroller","cdi_words","1","produces",NA,0,"179","2026-03-09 12:13:10","VVI160",510,"m","2/23/26"
"838","stroller","cdi_words","1","understands",NA,0,"179","2026-03-09 12:13:10","VVI160",510,"m","2/23/26"
"839","stroller","cdi_words","1","produces",NA,0,"102","2026-03-08 18:49:54","VVI164",480,"m","2/25/26"
"840","stroller","cdi_words","1","understands",NA,0,"102","2026-03-08 18:49:54","VVI164",480,"m","2/25/26"
"841","ball","cdi_words","1","produces",NA,0,"32","2026-07-12 15:42:16","VVI230",510,"m","7/12/26"
"842","ball","cdi_words","1","understands",NA,0,"32","2026-07-12 15:42:16","VVI230",510,"m","7/12/26"
"843","ball","cdi_words","1","produces",2,1,"199","2026-06-29 18:15:46","VVI223",450,"f","8/26/06"
"844","ball","cdi_words","1","understands",2,1,"199","2026-06-29 18:15:46","VVI223",450,"f","8/26/06"
"845","ball","cdi_words","1","produces",NA,0,"245","2026-04-29 06:56:14","VVI196",450,"f","4/14/26"
"846","ball","cdi_words","1","understands",1,1,"245","2026-04-29 06:56:14","VVI196",450,"f","4/14/26"
"847","ball","cdi_words","1","produces",NA,0,"104","2026-03-29 15:34:33","VVI183",420,"m","3/29/26"
"848","ball","cdi_words","1","understands",1,1,"104","2026-03-29 15:34:33","VVI183",420,"m","3/29/26"
"849","ball","cdi_words","1","produces",NA,0,"125","2026-04-30 08:46:28","VVI197",450,"m","4/14/26"
"850","ball","cdi_words","1","understands",1,1,"125","2026-04-30 08:46:28","VVI197",450,"m","4/14/26"
"851","ball","cdi_words","1","produces",2,1,"213","2026-02-15 21:07:24","VVI142",450,"f","2/16/26"
"852","ball","cdi_words","1","understands",2,1,"213","2026-02-15 21:07:24","VVI142",450,"f","2/16/26"
"853","ball","cdi_words","1","produces",NA,0,"76","2026-04-02 15:03:35","VVI186",450,"m","2/26/04"
"854","ball","cdi_words","1","understands",1,1,"76","2026-04-02 15:03:35","VVI186",450,"m","2/26/04"
"855","ball","cdi_words","1","produces",2,1,"3259","2026-06-30 07:13:02","VVI213",450,"f","5/19/26"
"856","ball","cdi_words","1","understands",2,1,"3259","2026-06-30 07:13:02","VVI213",450,"f","5/19/26"
"857","ball","cdi_words","1","produces",NA,0,"53","2026-06-03 07:26:29","VVI221",420,"m","3/26/06"
"858","ball","cdi_words","1","understands",NA,0,"53","2026-06-03 07:26:29","VVI221",420,"m","3/26/06"
"859","ball","cdi_words","1","produces",2,1,"223","2026-03-09 15:51:32","VVI162",510,"f","2/24/26"
"860","ball","cdi_words","1","understands",2,1,"223","2026-03-09 15:51:32","VVI162",510,"f","2/24/26"
"861","ball","cdi_words","1","produces",NA,0,"207","2026-04-08 10:48:19","VVI193",450,"f","8/26/04"
"862","ball","cdi_words","1","understands",1,1,"207","2026-04-08 10:48:19","VVI193",450,"f","8/26/04"
"863","ball","cdi_words","1","produces",NA,0,"131","2026-04-28 16:52:20","VVI201",420,"m","4/27/26"
"864","ball","cdi_words","1","understands",1,1,"131","2026-04-28 16:52:20","VVI201",420,"m","4/27/26"
"865","ball","cdi_words","1","produces",2,1,"216","2026-03-08 20:15:37","VVI146",510,"f","2/17/26"
"866","ball","cdi_words","1","understands",2,1,"216","2026-03-08 20:15:37","VVI146",510,"f","2/17/26"
"867","ball","cdi_words","1","produces",2,1,"179","2026-03-09 12:13:10","VVI160",510,"m","2/23/26"
"868","ball","cdi_words","1","understands",2,1,"179","2026-03-09 12:13:10","VVI160",510,"m","2/23/26"
"869","ball","cdi_words","1","produces",2,1,"102","2026-03-08 18:49:54","VVI164",480,"m","2/25/26"
"870","ball","cdi_words","1","understands",2,1,"102","2026-03-08 18:49:54","VVI164",480,"m","2/25/26"
"871","book","cdi_words","1","produces",NA,0,"32","2026-07-12 15:42:16","VVI230",510,"m","7/12/26"
"872","book","cdi_words","1","understands",NA,0,"32","2026-07-12 15:42:16","VVI230",510,"m","7/12/26"
"873","book","cdi_words","1","produces",2,1,"199","2026-06-29 18:15:46","VVI223",450,"f","8/26/06"
"874","book","cdi_words","1","understands",2,1,"199","2026-06-29 18:15:46","VVI223",450,"f","8/26/06"
"875","book","cdi_words","1","produces",NA,0,"245","2026-04-29 06:56:14","VVI196",450,"f","4/14/26"
"876","book","cdi_words","1","understands",1,1,"245","2026-04-29 06:56:14","VVI196",450,"f","4/14/26"
"877","book","cdi_words","1","produces",NA,0,"104","2026-03-29 15:34:33","VVI183",420,"m","3/29/26"
"878","book","cdi_words","1","understands",1,1,"104","2026-03-29 15:34:33","VVI183",420,"m","3/29/26"
"879","book","cdi_words","1","produces",NA,0,"125","2026-04-30 08:46:28","VVI197",450,"m","4/14/26"
"880","book","cdi_words","1","understands",1,1,"125","2026-04-30 08:46:28","VVI197",450,"m","4/14/26"
"881","book","cdi_words","1","produces",NA,0,"213","2026-02-15 21:07:24","VVI142",450,"f","2/16/26"
"882","book","cdi_words","1","understands",1,1,"213","2026-02-15 21:07:24","VVI142",450,"f","2/16/26"
"883","book","cdi_words","1","produces",NA,0,"76","2026-04-02 15:03:35","VVI186",450,"m","2/26/04"
"884","book","cdi_words","1","understands",1,1,"76","2026-04-02 15:03:35","VVI186",450,"m","2/26/04"
"885","book","cdi_words","1","produces",2,1,"3259","2026-06-30 07:13:02","VVI213",450,"f","5/19/26"
"886","book","cdi_words","1","understands",2,1,"3259","2026-06-30 07:13:02","VVI213",450,"f","5/19/26"
"887","book","cdi_words","1","produces",NA,0,"53","2026-06-03 07:26:29","VVI221",420,"m","3/26/06"
"888","book","cdi_words","1","understands",NA,0,"53","2026-06-03 07:26:29","VVI221",420,"m","3/26/06"
"889","book","cdi_words","1","produces",2,1,"223","2026-03-09 15:51:32","VVI162",510,"f","2/24/26"
"890","book","cdi_words","1","understands",2,1,"223","2026-03-09 15:51:32","VVI162",510,"f","2/24/26"
"891","book","cdi_words","1","produces",NA,0,"207","2026-04-08 10:48:19","VVI193",450,"f","8/26/04"
"892","book","cdi_words","1","understands",1,1,"207","2026-04-08 10:48:19","VVI193",450,"f","8/26/04"
"893","book","cdi_words","1","produces",NA,0,"131","2026-04-28 16:52:20","VVI201",420,"m","4/27/26"
"894","book","cdi_words","1","understands",1,1,"131","2026-04-28 16:52:20","VVI201",420,"m","4/27/26"
"895","book","cdi_words","1","produces",2,1,"216","2026-03-08 20:15:37","VVI146",510,"f","2/17/26"
"896","book","cdi_words","1","understands",2,1,"216","2026-03-08 20:15:37","VVI146",510,"f","2/17/26"
"897","book","cdi_words","1","produces",NA,0,"179","2026-03-09 12:13:10","VVI160",510,"m","2/23/26"
"898","book","cdi_words","1","understands",1,1,"179","2026-03-09 12:13:10","VVI160",510,"m","2/23/26"
"899","book","cdi_words","1","produces",2,1,"102","2026-03-08 18:49:54","VVI164",480,"m","2/25/26"
"900","book","cdi_words","1","understands",2,1,"102","2026-03-08 18:49:54","VVI164",480,"m","2/25/26"
"901","doll","cdi_words","1","produces",NA,0,"32","2026-07-12 15:42:16","VVI230",510,"m","7/12/26"
"902","doll","cdi_words","1","understands",NA,0,"32","2026-07-12 15:42:16","VVI230",510,"m","7/12/26"
"903","doll","cdi_words","1","produces",NA,0,"199","2026-06-29 18:15:46","VVI223",450,"f","8/26/06"
"904","doll","cdi_words","1","understands",1,1,"199","2026-06-29 18:15:46","VVI223",450,"f","8/26/06"
"905","doll","cdi_words","1","produces",NA,0,"245","2026-04-29 06:56:14","VVI196",450,"f","4/14/26"
"906","doll","cdi_words","1","understands",1,1,"245","2026-04-29 06:56:14","VVI196",450,"f","4/14/26"
"907","doll","cdi_words","1","produces",NA,0,"104","2026-03-29 15:34:33","VVI183",420,"m","3/29/26"
"908","doll","cdi_words","1","understands",NA,0,"104","2026-03-29 15:34:33","VVI183",420,"m","3/29/26"
"909","doll","cdi_words","1","produces",NA,0,"125","2026-04-30 08:46:28","VVI197",450,"m","4/14/26"
"910","doll","cdi_words","1","understands",NA,0,"125","2026-04-30 08:46:28","VVI197",450,"m","4/14/26"
"911","doll","cdi_words","1","produces",NA,0,"213","2026-02-15 21:07:24","VVI142",450,"f","2/16/26"
"912","doll","cdi_words","1","understands",1,1,"213","2026-02-15 21:07:24","VVI142",450,"f","2/16/26"
"913","doll","cdi_words","1","produces",NA,0,"76","2026-04-02 15:03:35","VVI186",450,"m","2/26/04"
"914","doll","cdi_words","1","understands",NA,0,"76","2026-04-02 15:03:35","VVI186",450,"m","2/26/04"
"915","doll","cdi_words","1","produces",2,1,"3259","2026-06-30 07:13:02","VVI213",450,"f","5/19/26"
"916","doll","cdi_words","1","understands",2,1,"3259","2026-06-30 07:13:02","VVI213",450,"f","5/19/26"
"917","doll","cdi_words","1","produces",NA,0,"53","2026-06-03 07:26:29","VVI221",420,"m","3/26/06"
"918","doll","cdi_words","1","understands",NA,0,"53","2026-06-03 07:26:29","VVI221",420,"m","3/26/06"
"919","doll","cdi_words","1","produces",NA,0,"223","2026-03-09 15:51:32","VVI162",510,"f","2/24/26"
"920","doll","cdi_words","1","understands",1,1,"223","2026-03-09 15:51:32","VVI162",510,"f","2/24/26"
"921","doll","cdi_words","1","produces",NA,0,"207","2026-04-08 10:48:19","VVI193",450,"f","8/26/04"
"922","doll","cdi_words","1","understands",1,1,"207","2026-04-08 10:48:19","VVI193",450,"f","8/26/04"
"923","doll","cdi_words","1","produces",NA,0,"131","2026-04-28 16:52:20","VVI201",420,"m","4/27/26"
"924","doll","cdi_words","1","understands",NA,0,"131","2026-04-28 16:52:20","VVI201",420,"m","4/27/26"
"925","doll","cdi_words","1","produces",NA,0,"216","2026-03-08 20:15:37","VVI146",510,"f","2/17/26"
"926","doll","cdi_words","1","understands",1,1,"216","2026-03-08 20:15:37","VVI146",510,"f","2/17/26"
"927","doll","cdi_words","1","produces",NA,0,"179","2026-03-09 12:13:10","VVI160",510,"m","2/23/26"
"928","doll","cdi_words","1","understands",NA,0,"179","2026-03-09 12:13:10","VVI160",510,"m","2/23/26"
"929","doll","cdi_words","1","produces",NA,0,"102","2026-03-08 18:49:54","VVI164",480,"m","2/25/26"
"930","doll","cdi_words","1","understands",NA,0,"102","2026-03-08 18:49:54","VVI164",480,"m","2/25/26"
"931","bread","cdi_words","1","produces",NA,0,"32","2026-07-12 15:42:16","VVI230",510,"m","7/12/26"
"932","bread","cdi_words","1","understands",NA,0,"32","2026-07-12 15:42:16","VVI230",510,"m","7/12/26"
"933","bread","cdi_words","1","produces",2,1,"199","2026-06-29 18:15:46","VVI223",450,"f","8/26/06"
"934","bread","cdi_words","1","understands",2,1,"199","2026-06-29 18:15:46","VVI223",450,"f","8/26/06"
"935","bread","cdi_words","1","produces",NA,0,"245","2026-04-29 06:56:14","VVI196",450,"f","4/14/26"
"936","bread","cdi_words","1","understands",1,1,"245","2026-04-29 06:56:14","VVI196",450,"f","4/14/26"
"937","bread","cdi_words","1","produces",NA,0,"104","2026-03-29 15:34:33","VVI183",420,"m","3/29/26"
"938","bread","cdi_words","1","understands",NA,0,"104","2026-03-29 15:34:33","VVI183",420,"m","3/29/26"
"939","bread","cdi_words","1","produces",NA,0,"125","2026-04-30 08:46:28","VVI197",450,"m","4/14/26"
"940","bread","cdi_words","1","understands",1,1,"125","2026-04-30 08:46:28","VVI197",450,"m","4/14/26"
"941","bread","cdi_words","1","produces",NA,0,"213","2026-02-15 21:07:24","VVI142",450,"f","2/16/26"
"942","bread","cdi_words","1","understands",NA,0,"213","2026-02-15 21:07:24","VVI142",450,"f","2/16/26"
"943","bread","cdi_words","1","produces",NA,0,"76","2026-04-02 15:03:35","VVI186",450,"m","2/26/04"
"944","bread","cdi_words","1","understands",NA,0,"76","2026-04-02 15:03:35","VVI186",450,"m","2/26/04"
"945","bread","cdi_words","1","produces",2,1,"3259","2026-06-30 07:13:02","VVI213",450,"f","5/19/26"
"946","bread","cdi_words","1","understands",2,1,"3259","2026-06-30 07:13:02","VVI213",450,"f","5/19/26"
"947","bread","cdi_words","1","produces",NA,0,"53","2026-06-03 07:26:29","VVI221",420,"m","3/26/06"
"948","bread","cdi_words","1","understands",NA,0,"53","2026-06-03 07:26:29","VVI221",420,"m","3/26/06"
"949","bread","cdi_words","1","produces",NA,0,"223","2026-03-09 15:51:32","VVI162",510,"f","2/24/26"
"950","bread","cdi_words","1","understands",1,1,"223","2026-03-09 15:51:32","VVI162",510,"f","2/24/26"
"951","bread","cdi_words","1","produces",NA,0,"207","2026-04-08 10:48:19","VVI193",450,"f","8/26/04"
"952","bread","cdi_words","1","understands",1,1,"207","2026-04-08 10:48:19","VVI193",450,"f","8/26/04"
"953","bread","cdi_words","1","produces",NA,0,"131","2026-04-28 16:52:20","VVI201",420,"m","4/27/26"
"954","bread","cdi_words","1","understands",1,1,"131","2026-04-28 16:52:20","VVI201",420,"m","4/27/26"
"955","bread","cdi_words","1","produces",2,1,"216","2026-03-08 20:15:37","VVI146",510,"f","2/17/26"
"956","bread","cdi_words","1","understands",2,1,"216","2026-03-08 20:15:37","VVI146",510,"f","2/17/26"
"957","bread","cdi_words","1","produces",NA,0,"179","2026-03-09 12:13:10","VVI160",510,"m","2/23/26"
"958","bread","cdi_words","1","understands",NA,0,"179","2026-03-09 12:13:10","VVI160",510,"m","2/23/26"
"959","bread","cdi_words","1","produces",NA,0,"102","2026-03-08 18:49:54","VVI164",480,"m","2/25/26"
"960","bread","cdi_words","1","understands",NA,0,"102","2026-03-08 18:49:54","VVI164",480,"m","2/25/26"
"961","candy","cdi_words","1","produces",NA,0,"32","2026-07-12 15:42:16","VVI230",510,"m","7/12/26"
"962","candy","cdi_words","1","understands",NA,0,"32","2026-07-12 15:42:16","VVI230",510,"m","7/12/26"
"963","candy","cdi_words","1","produces",NA,0,"199","2026-06-29 18:15:46","VVI223",450,"f","8/26/06"
"964","candy","cdi_words","1","understands",NA,0,"199","2026-06-29 18:15:46","VVI223",450,"f","8/26/06"
"965","candy","cdi_words","1","produces",NA,0,"245","2026-04-29 06:56:14","VVI196",450,"f","4/14/26"
"966","candy","cdi_words","1","understands",1,1,"245","2026-04-29 06:56:14","VVI196",450,"f","4/14/26"
"967","candy","cdi_words","1","produces",NA,0,"104","2026-03-29 15:34:33","VVI183",420,"m","3/29/26"
"968","candy","cdi_words","1","understands",NA,0,"104","2026-03-29 15:34:33","VVI183",420,"m","3/29/26"
"969","candy","cdi_words","1","produces",NA,0,"125","2026-04-30 08:46:28","VVI197",450,"m","4/14/26"
"970","candy","cdi_words","1","understands",1,1,"125","2026-04-30 08:46:28","VVI197",450,"m","4/14/26"
"971","candy","cdi_words","1","produces",NA,0,"213","2026-02-15 21:07:24","VVI142",450,"f","2/16/26"
"972","candy","cdi_words","1","understands",NA,0,"213","2026-02-15 21:07:24","VVI142",450,"f","2/16/26"
"973","candy","cdi_words","1","produces",NA,0,"76","2026-04-02 15:03:35","VVI186",450,"m","2/26/04"
"974","candy","cdi_words","1","understands",NA,0,"76","2026-04-02 15:03:35","VVI186",450,"m","2/26/04"
"975","candy","cdi_words","1","produces",NA,0,"3259","2026-06-30 07:13:02","VVI213",450,"f","5/19/26"
"976","candy","cdi_words","1","understands",NA,0,"3259","2026-06-30 07:13:02","VVI213",450,"f","5/19/26"
"977","candy","cdi_words","1","produces",NA,0,"53","2026-06-03 07:26:29","VVI221",420,"m","3/26/06"
"978","candy","cdi_words","1","understands",NA,0,"53","2026-06-03 07:26:29","VVI221",420,"m","3/26/06"
"979","candy","cdi_words","1","produces",NA,0,"223","2026-03-09 15:51:32","VVI162",510,"f","2/24/26"
"980","candy","cdi_words","1","understands",NA,0,"223","2026-03-09 15:51:32","VVI162",510,"f","2/24/26"
"981","candy","cdi_words","1","produces",NA,0,"207","2026-04-08 10:48:19","VVI193",450,"f","8/26/04"
"982","candy","cdi_words","1","understands",NA,0,"207","2026-04-08 10:48:19","VVI193",450,"f","8/26/04"
"983","candy","cdi_words","1","produces",NA,0,"131","2026-04-28 16:52:20","VVI201",420,"m","4/27/26"
"984","candy","cdi_words","1","understands",NA,0,"131","2026-04-28 16:52:20","VVI201",420,"m","4/27/26"
"985","candy","cdi_words","1","produces",NA,0,"216","2026-03-08 20:15:37","VVI146",510,"f","2/17/26"
"986","candy","cdi_words","1","understands",NA,0,"216","2026-03-08 20:15:37","VVI146",510,"f","2/17/26"
"987","candy","cdi_words","1","produces",NA,0,"179","2026-03-09 12:13:10","VVI160",510,"m","2/23/26"
"988","candy","cdi_words","1","understands",NA,0,"179","2026-03-09 12:13:10","VVI160",510,"m","2/23/26"
"989","candy","cdi_words","1","produces",NA,0,"102","2026-03-08 18:49:54","VVI164",480,"m","2/25/26"
"990","candy","cdi_words","1","understands",NA,0,"102","2026-03-08 18:49:54","VVI164",480,"m","2/25/26"
"991","cereal","cdi_words","1","produces",NA,0,"32","2026-07-12 15:42:16","VVI230",510,"m","7/12/26"
"992","cereal","cdi_words","1","understands",NA,0,"32","2026-07-12 15:42:16","VVI230",510,"m","7/12/26"
"993","cereal","cdi_words","1","produces",NA,0,"199","2026-06-29 18:15:46","VVI223",450,"f","8/26/06"
"994","cereal","cdi_words","1","understands",1,1,"199","2026-06-29 18:15:46","VVI223",450,"f","8/26/06"
"995","cereal","cdi_words","1","produces",NA,0,"245","2026-04-29 06:56:14","VVI196",450,"f","4/14/26"
"996","cereal","cdi_words","1","understands",1,1,"245","2026-04-29 06:56:14","VVI196",450,"f","4/14/26"
"997","cereal","cdi_words","1","produces",NA,0,"104","2026-03-29 15:34:33","VVI183",420,"m","3/29/26"
"998","cereal","cdi_words","1","understands",NA,0,"104","2026-03-29 15:34:33","VVI183",420,"m","3/29/26"
"999","cereal","cdi_words","1","produces",NA,0,"125","2026-04-30 08:46:28","VVI197",450,"m","4/14/26"
"1000","cereal","cdi_words","1","understands",NA,0,"125","2026-04-30 08:46:28","VVI197",450,"m","4/14/26"
"1001","cereal","cdi_words","1","produces",NA,0,"213","2026-02-15 21:07:24","VVI142",450,"f","2/16/26"
"1002","cereal","cdi_words","1","understands",NA,0,"213","2026-02-15 21:07:24","VVI142",450,"f","2/16/26"
"1003","cereal","cdi_words","1","produces",NA,0,"76","2026-04-02 15:03:35","VVI186",450,"m","2/26/04"
"1004","cereal","cdi_words","1","understands",NA,0,"76","2026-04-02 15:03:35","VVI186",450,"m","2/26/04"
"1005","cereal","cdi_words","1","produces",NA,0,"3259","2026-06-30 07:13:02","VVI213",450,"f","5/19/26"
"1006","cereal","cdi_words","1","understands",NA,0,"3259","2026-06-30 07:13:02","VVI213",450,"f","5/19/26"
"1007","cereal","cdi_words","1","produces",NA,0,"53","2026-06-03 07:26:29","VVI221",420,"m","3/26/06"
"1008","cereal","cdi_words","1","understands",NA,0,"53","2026-06-03 07:26:29","VVI221",420,"m","3/26/06"
"1009","cereal","cdi_words","1","produces",NA,0,"223","2026-03-09 15:51:32","VVI162",510,"f","2/24/26"
"1010","cereal","cdi_words","1","understands",NA,0,"223","2026-03-09 15:51:32","VVI162",510,"f","2/24/26"
"1011","cereal","cdi_words","1","produces",NA,0,"207","2026-04-08 10:48:19","VVI193",450,"f","8/26/04"
"1012","cereal","cdi_words","1","understands",1,1,"207","2026-04-08 10:48:19","VVI193",450,"f","8/26/04"
"1013","cereal","cdi_words","1","produces",NA,0,"131","2026-04-28 16:52:20","VVI201",420,"m","4/27/26"
"1014","cereal","cdi_words","1","understands",NA,0,"131","2026-04-28 16:52:20","VVI201",420,"m","4/27/26"
"1015","cereal","cdi_words","1","produces",2,1,"216","2026-03-08 20:15:37","VVI146",510,"f","2/17/26"
"1016","cereal","cdi_words","1","understands",2,1,"216","2026-03-08 20:15:37","VVI146",510,"f","2/17/26"
"1017","cereal","cdi_words","1","produces",NA,0,"179","2026-03-09 12:13:10","VVI160",510,"m","2/23/26"
"1018","cereal","cdi_words","1","understands",NA,0,"179","2026-03-09 12:13:10","VVI160",510,"m","2/23/26"
"1019","cereal","cdi_words","1","produces",NA,0,"102","2026-03-08 18:49:54","VVI164",480,"m","2/25/26"
"1020","cereal","cdi_words","1","understands",NA,0,"102","2026-03-08 18:49:54","VVI164",480,"m","2/25/26"
"1021","cookie","cdi_words","1","produces",NA,0,"32","2026-07-12 15:42:16","VVI230",510,"m","7/12/26"
"1022","cookie","cdi_words","1","understands",NA,0,"32","2026-07-12 15:42:16","VVI230",510,"m","7/12/26"
"1023","cookie","cdi_words","1","produces",NA,0,"199","2026-06-29 18:15:46","VVI223",450,"f","8/26/06"
"1024","cookie","cdi_words","1","understands",NA,0,"199","2026-06-29 18:15:46","VVI223",450,"f","8/26/06"
"1025","cookie","cdi_words","1","produces",NA,0,"245","2026-04-29 06:56:14","VVI196",450,"f","4/14/26"
"1026","cookie","cdi_words","1","understands",1,1,"245","2026-04-29 06:56:14","VVI196",450,"f","4/14/26"
"1027","cookie","cdi_words","1","produces",NA,0,"104","2026-03-29 15:34:33","VVI183",420,"m","3/29/26"
"1028","cookie","cdi_words","1","understands",NA,0,"104","2026-03-29 15:34:33","VVI183",420,"m","3/29/26"
"1029","cookie","cdi_words","1","produces",NA,0,"125","2026-04-30 08:46:28","VVI197",450,"m","4/14/26"
"1030","cookie","cdi_words","1","understands",1,1,"125","2026-04-30 08:46:28","VVI197",450,"m","4/14/26"
"1031","cookie","cdi_words","1","produces",NA,0,"213","2026-02-15 21:07:24","VVI142",450,"f","2/16/26"
"1032","cookie","cdi_words","1","understands",1,1,"213","2026-02-15 21:07:24","VVI142",450,"f","2/16/26"
"1033","cookie","cdi_words","1","produces",NA,0,"76","2026-04-02 15:03:35","VVI186",450,"m","2/26/04"
"1034","cookie","cdi_words","1","understands",NA,0,"76","2026-04-02 15:03:35","VVI186",450,"m","2/26/04"
"1035","cookie","cdi_words","1","produces",2,1,"3259","2026-06-30 07:13:02","VVI213",450,"f","5/19/26"
"1036","cookie","cdi_words","1","understands",2,1,"3259","2026-06-30 07:13:02","VVI213",450,"f","5/19/26"
"1037","cookie","cdi_words","1","produces",NA,0,"53","2026-06-03 07:26:29","VVI221",420,"m","3/26/06"
"1038","cookie","cdi_words","1","understands",NA,0,"53","2026-06-03 07:26:29","VVI221",420,"m","3/26/06"
"1039","cookie","cdi_words","1","produces",NA,0,"223","2026-03-09 15:51:32","VVI162",510,"f","2/24/26"
"1040","cookie","cdi_words","1","understands",NA,0,"223","2026-03-09 15:51:32","VVI162",510,"f","2/24/26"
"1041","cookie","cdi_words","1","produces",NA,0,"207","2026-04-08 10:48:19","VVI193",450,"f","8/26/04"
"1042","cookie","cdi_words","1","understands",NA,0,"207","2026-04-08 10:48:19","VVI193",450,"f","8/26/04"
"1043","cookie","cdi_words","1","produces",NA,0,"131","2026-04-28 16:52:20","VVI201",420,"m","4/27/26"
"1044","cookie","cdi_words","1","understands",1,1,"131","2026-04-28 16:52:20","VVI201",420,"m","4/27/26"
"1045","cookie","cdi_words","1","produces",2,1,"216","2026-03-08 20:15:37","VVI146",510,"f","2/17/26"
"1046","cookie","cdi_words","1","understands",2,1,"216","2026-03-08 20:15:37","VVI146",510,"f","2/17/26"
"1047","cookie","cdi_words","1","produces",NA,0,"179","2026-03-09 12:13:10","VVI160",510,"m","2/23/26"
"1048","cookie","cdi_words","1","understands",NA,0,"179","2026-03-09 12:13:10","VVI160",510,"m","2/23/26"
"1049","cookie","cdi_words","1","produces",2,1,"102","2026-03-08 18:49:54","VVI164",480,"m","2/25/26"
"1050","cookie","cdi_words","1","understands",2,1,"102","2026-03-08 18:49:54","VVI164",480,"m","2/25/26"
"1051","meow","cdi_words","1","produces",NA,0,"32","2026-07-12 15:42:16","VVI230",510,"m","7/12/26"
"1052","meow","cdi_words","1","understands",NA,0,"32","2026-07-12 15:42:16","VVI230",510,"m","7/12/26"
"1053","meow","cdi_words","1","produces",NA,0,"199","2026-06-29 18:15:46","VVI223",450,"f","8/26/06"
"1054","meow","cdi_words","1","understands",1,1,"199","2026-06-29 18:15:46","VVI223",450,"f","8/26/06"
"1055","meow","cdi_words","1","produces",NA,0,"245","2026-04-29 06:56:14","VVI196",450,"f","4/14/26"
"1056","meow","cdi_words","1","understands",1,1,"245","2026-04-29 06:56:14","VVI196",450,"f","4/14/26"
"1057","meow","cdi_words","1","produces",NA,0,"104","2026-03-29 15:34:33","VVI183",420,"m","3/29/26"
"1058","meow","cdi_words","1","understands",NA,0,"104","2026-03-29 15:34:33","VVI183",420,"m","3/29/26"
"1059","meow","cdi_words","1","produces",NA,0,"125","2026-04-30 08:46:28","VVI197",450,"m","4/14/26"
"1060","meow","cdi_words","1","understands",1,1,"125","2026-04-30 08:46:28","VVI197",450,"m","4/14/26"
"1061","meow","cdi_words","1","produces",NA,0,"213","2026-02-15 21:07:24","VVI142",450,"f","2/16/26"
"1062","meow","cdi_words","1","understands",NA,0,"213","2026-02-15 21:07:24","VVI142",450,"f","2/16/26"
"1063","meow","cdi_words","1","produces",NA,0,"76","2026-04-02 15:03:35","VVI186",450,"m","2/26/04"
"1064","meow","cdi_words","1","understands",NA,0,"76","2026-04-02 15:03:35","VVI186",450,"m","2/26/04"
"1065","meow","cdi_words","1","produces",2,1,"3259","2026-06-30 07:13:02","VVI213",450,"f","5/19/26"
"1066","meow","cdi_words","1","understands",2,1,"3259","2026-06-30 07:13:02","VVI213",450,"f","5/19/26"
"1067","meow","cdi_words","1","produces",NA,0,"53","2026-06-03 07:26:29","VVI221",420,"m","3/26/06"
"1068","meow","cdi_words","1","understands",NA,0,"53","2026-06-03 07:26:29","VVI221",420,"m","3/26/06"
"1069","meow","cdi_words","1","produces",2,1,"223","2026-03-09 15:51:32","VVI162",510,"f","2/24/26"
"1070","meow","cdi_words","1","understands",2,1,"223","2026-03-09 15:51:32","VVI162",510,"f","2/24/26"
"1071","meow","cdi_words","1","produces",NA,0,"207","2026-04-08 10:48:19","VVI193",450,"f","8/26/04"
"1072","meow","cdi_words","1","understands",1,1,"207","2026-04-08 10:48:19","VVI193",450,"f","8/26/04"
"1073","meow","cdi_words","1","produces",NA,0,"131","2026-04-28 16:52:20","VVI201",420,"m","4/27/26"
"1074","meow","cdi_words","1","understands",NA,0,"131","2026-04-28 16:52:20","VVI201",420,"m","4/27/26"
"1075","meow","cdi_words","1","produces",2,1,"216","2026-03-08 20:15:37","VVI146",510,"f","2/17/26"
"1076","meow","cdi_words","1","understands",2,1,"216","2026-03-08 20:15:37","VVI146",510,"f","2/17/26"
"1077","meow","cdi_words","1","produces",NA,0,"179","2026-03-09 12:13:10","VVI160",510,"m","2/23/26"
"1078","meow","cdi_words","1","understands",1,1,"179","2026-03-09 12:13:10","VVI160",510,"m","2/23/26"
"1079","meow","cdi_words","1","produces",NA,0,"102","2026-03-08 18:49:54","VVI164",480,"m","2/25/26"
"1080","meow","cdi_words","1","understands",NA,0,"102","2026-03-08 18:49:54","VVI164",480,"m","2/25/26"
"1081","juice","cdi_words","1","produces",NA,0,"32","2026-07-12 15:42:16","VVI230",510,"m","7/12/26"
"1082","juice","cdi_words","1","understands",NA,0,"32","2026-07-12 15:42:16","VVI230",510,"m","7/12/26"
"1083","juice","cdi_words","1","produces",NA,0,"199","2026-06-29 18:15:46","VVI223",450,"f","8/26/06"
"1084","juice","cdi_words","1","understands",NA,0,"199","2026-06-29 18:15:46","VVI223",450,"f","8/26/06"
"1085","juice","cdi_words","1","produces",NA,0,"245","2026-04-29 06:56:14","VVI196",450,"f","4/14/26"
"1086","juice","cdi_words","1","understands",1,1,"245","2026-04-29 06:56:14","VVI196",450,"f","4/14/26"
"1087","juice","cdi_words","1","produces",NA,0,"104","2026-03-29 15:34:33","VVI183",420,"m","3/29/26"
"1088","juice","cdi_words","1","understands",NA,0,"104","2026-03-29 15:34:33","VVI183",420,"m","3/29/26"
"1089","juice","cdi_words","1","produces",NA,0,"125","2026-04-30 08:46:28","VVI197",450,"m","4/14/26"
"1090","juice","cdi_words","1","understands",NA,0,"125","2026-04-30 08:46:28","VVI197",450,"m","4/14/26"
"1091","juice","cdi_words","1","produces",NA,0,"213","2026-02-15 21:07:24","VVI142",450,"f","2/16/26"
"1092","juice","cdi_words","1","understands",NA,0,"213","2026-02-15 21:07:24","VVI142",450,"f","2/16/26"
"1093","juice","cdi_words","1","produces",NA,0,"76","2026-04-02 15:03:35","VVI186",450,"m","2/26/04"
"1094","juice","cdi_words","1","understands",NA,0,"76","2026-04-02 15:03:35","VVI186",450,"m","2/26/04"
"1095","juice","cdi_words","1","produces",2,1,"3259","2026-06-30 07:13:02","VVI213",450,"f","5/19/26"
"1096","juice","cdi_words","1","understands",2,1,"3259","2026-06-30 07:13:02","VVI213",450,"f","5/19/26"
"1097","juice","cdi_words","1","produces",NA,0,"53","2026-06-03 07:26:29","VVI221",420,"m","3/26/06"
"1098","juice","cdi_words","1","understands",NA,0,"53","2026-06-03 07:26:29","VVI221",420,"m","3/26/06"
"1099","juice","cdi_words","1","produces",NA,0,"223","2026-03-09 15:51:32","VVI162",510,"f","2/24/26"
"1100","juice","cdi_words","1","understands",NA,0,"223","2026-03-09 15:51:32","VVI162",510,"f","2/24/26"
"1101","juice","cdi_words","1","produces",NA,0,"207","2026-04-08 10:48:19","VVI193",450,"f","8/26/04"
"1102","juice","cdi_words","1","understands",NA,0,"207","2026-04-08 10:48:19","VVI193",450,"f","8/26/04"
"1103","juice","cdi_words","1","produces",NA,0,"131","2026-04-28 16:52:20","VVI201",420,"m","4/27/26"
"1104","juice","cdi_words","1","understands",NA,0,"131","2026-04-28 16:52:20","VVI201",420,"m","4/27/26"
"1105","juice","cdi_words","1","produces",NA,0,"216","2026-03-08 20:15:37","VVI146",510,"f","2/17/26"
"1106","juice","cdi_words","1","understands",1,1,"216","2026-03-08 20:15:37","VVI146",510,"f","2/17/26"
"1107","juice","cdi_words","1","produces",NA,0,"179","2026-03-09 12:13:10","VVI160",510,"m","2/23/26"
"1108","juice","cdi_words","1","understands",NA,0,"179","2026-03-09 12:13:10","VVI160",510,"m","2/23/26"
"1109","juice","cdi_words","1","produces",NA,0,"102","2026-03-08 18:49:54","VVI164",480,"m","2/25/26"
"1110","juice","cdi_words","1","understands",NA,0,"102","2026-03-08 18:49:54","VVI164",480,"m","2/25/26"
"1111","toast","cdi_words","1","produces",NA,0,"32","2026-07-12 15:42:16","VVI230",510,"m","7/12/26"
"1112","toast","cdi_words","1","understands",NA,0,"32","2026-07-12 15:42:16","VVI230",510,"m","7/12/26"
"1113","toast","cdi_words","1","produces",NA,0,"199","2026-06-29 18:15:46","VVI223",450,"f","8/26/06"
"1114","toast","cdi_words","1","understands",NA,0,"199","2026-06-29 18:15:46","VVI223",450,"f","8/26/06"
"1115","toast","cdi_words","1","produces",NA,0,"245","2026-04-29 06:56:14","VVI196",450,"f","4/14/26"
"1116","toast","cdi_words","1","understands",1,1,"245","2026-04-29 06:56:14","VVI196",450,"f","4/14/26"
"1117","toast","cdi_words","1","produces",NA,0,"104","2026-03-29 15:34:33","VVI183",420,"m","3/29/26"
"1118","toast","cdi_words","1","understands",NA,0,"104","2026-03-29 15:34:33","VVI183",420,"m","3/29/26"
"1119","toast","cdi_words","1","produces",NA,0,"125","2026-04-30 08:46:28","VVI197",450,"m","4/14/26"
"1120","toast","cdi_words","1","understands",NA,0,"125","2026-04-30 08:46:28","VVI197",450,"m","4/14/26"
"1121","toast","cdi_words","1","produces",NA,0,"213","2026-02-15 21:07:24","VVI142",450,"f","2/16/26"
"1122","toast","cdi_words","1","understands",NA,0,"213","2026-02-15 21:07:24","VVI142",450,"f","2/16/26"
"1123","toast","cdi_words","1","produces",NA,0,"76","2026-04-02 15:03:35","VVI186",450,"m","2/26/04"
"1124","toast","cdi_words","1","understands",NA,0,"76","2026-04-02 15:03:35","VVI186",450,"m","2/26/04"
"1125","toast","cdi_words","1","produces",NA,0,"3259","2026-06-30 07:13:02","VVI213",450,"f","5/19/26"
"1126","toast","cdi_words","1","understands",NA,0,"3259","2026-06-30 07:13:02","VVI213",450,"f","5/19/26"
"1127","toast","cdi_words","1","produces",NA,0,"53","2026-06-03 07:26:29","VVI221",420,"m","3/26/06"
"1128","toast","cdi_words","1","understands",NA,0,"53","2026-06-03 07:26:29","VVI221",420,"m","3/26/06"
"1129","toast","cdi_words","1","produces",NA,0,"223","2026-03-09 15:51:32","VVI162",510,"f","2/24/26"
"1130","toast","cdi_words","1","understands",NA,0,"223","2026-03-09 15:51:32","VVI162",510,"f","2/24/26"
"1131","toast","cdi_words","1","produces",NA,0,"207","2026-04-08 10:48:19","VVI193",450,"f","8/26/04"
"1132","toast","cdi_words","1","understands",NA,0,"207","2026-04-08 10:48:19","VVI193",450,"f","8/26/04"
"1133","toast","cdi_words","1","produces",NA,0,"131","2026-04-28 16:52:20","VVI201",420,"m","4/27/26"
"1134","toast","cdi_words","1","understands",1,1,"131","2026-04-28 16:52:20","VVI201",420,"m","4/27/26"
"1135","toast","cdi_words","1","produces",NA,0,"216","2026-03-08 20:15:37","VVI146",510,"f","2/17/26"
"1136","toast","cdi_words","1","understands",NA,0,"216","2026-03-08 20:15:37","VVI146",510,"f","2/17/26"
"1137","toast","cdi_words","1","produces",NA,0,"179","2026-03-09 12:13:10","VVI160",510,"m","2/23/26"
"1138","toast","cdi_words","1","understands",NA,0,"179","2026-03-09 12:13:10","VVI160",510,"m","2/23/26"
"1139","toast","cdi_words","1","produces",NA,0,"102","2026-03-08 18:49:54","VVI164",480,"m","2/25/26"
"1140","toast","cdi_words","1","understands",NA,0,"102","2026-03-08 18:49:54","VVI164",480,"m","2/25/26"
"1141","hat","cdi_words","1","produces",NA,0,"32","2026-07-12 15:42:16","VVI230",510,"m","7/12/26"
"1142","hat","cdi_words","1","understands",NA,0,"32","2026-07-12 15:42:16","VVI230",510,"m","7/12/26"
"1143","hat","cdi_words","1","produces",2,1,"199","2026-06-29 18:15:46","VVI223",450,"f","8/26/06"
"1144","hat","cdi_words","1","understands",2,1,"199","2026-06-29 18:15:46","VVI223",450,"f","8/26/06"
"1145","hat","cdi_words","1","produces",NA,0,"245","2026-04-29 06:56:14","VVI196",450,"f","4/14/26"
"1146","hat","cdi_words","1","understands",1,1,"245","2026-04-29 06:56:14","VVI196",450,"f","4/14/26"
"1147","hat","cdi_words","1","produces",NA,0,"104","2026-03-29 15:34:33","VVI183",420,"m","3/29/26"
"1148","hat","cdi_words","1","understands",NA,0,"104","2026-03-29 15:34:33","VVI183",420,"m","3/29/26"
"1149","hat","cdi_words","1","produces",NA,0,"125","2026-04-30 08:46:28","VVI197",450,"m","4/14/26"
"1150","hat","cdi_words","1","understands",NA,0,"125","2026-04-30 08:46:28","VVI197",450,"m","4/14/26"
"1151","hat","cdi_words","1","produces",NA,0,"213","2026-02-15 21:07:24","VVI142",450,"f","2/16/26"
"1152","hat","cdi_words","1","understands",1,1,"213","2026-02-15 21:07:24","VVI142",450,"f","2/16/26"
"1153","hat","cdi_words","1","produces",NA,0,"76","2026-04-02 15:03:35","VVI186",450,"m","2/26/04"
"1154","hat","cdi_words","1","understands",NA,0,"76","2026-04-02 15:03:35","VVI186",450,"m","2/26/04"
"1155","hat","cdi_words","1","produces",NA,0,"3259","2026-06-30 07:13:02","VVI213",450,"f","5/19/26"
"1156","hat","cdi_words","1","understands",NA,0,"3259","2026-06-30 07:13:02","VVI213",450,"f","5/19/26"
"1157","hat","cdi_words","1","produces",NA,0,"53","2026-06-03 07:26:29","VVI221",420,"m","3/26/06"
"1158","hat","cdi_words","1","understands",NA,0,"53","2026-06-03 07:26:29","VVI221",420,"m","3/26/06"
"1159","hat","cdi_words","1","produces",NA,0,"223","2026-03-09 15:51:32","VVI162",510,"f","2/24/26"
"1160","hat","cdi_words","1","understands",NA,0,"223","2026-03-09 15:51:32","VVI162",510,"f","2/24/26"
"1161","hat","cdi_words","1","produces",NA,0,"207","2026-04-08 10:48:19","VVI193",450,"f","8/26/04"
"1162","hat","cdi_words","1","understands",1,1,"207","2026-04-08 10:48:19","VVI193",450,"f","8/26/04"
"1163","hat","cdi_words","1","produces",NA,0,"131","2026-04-28 16:52:20","VVI201",420,"m","4/27/26"
"1164","hat","cdi_words","1","understands",1,1,"131","2026-04-28 16:52:20","VVI201",420,"m","4/27/26"
"1165","hat","cdi_words","1","produces",2,1,"216","2026-03-08 20:15:37","VVI146",510,"f","2/17/26"
"1166","hat","cdi_words","1","understands",2,1,"216","2026-03-08 20:15:37","VVI146",510,"f","2/17/26"
"1167","hat","cdi_words","1","produces",NA,0,"179","2026-03-09 12:13:10","VVI160",510,"m","2/23/26"
"1168","hat","cdi_words","1","understands",NA,0,"179","2026-03-09 12:13:10","VVI160",510,"m","2/23/26"
"1169","hat","cdi_words","1","produces",2,1,"102","2026-03-08 18:49:54","VVI164",480,"m","2/25/26"
"1170","hat","cdi_words","1","understands",2,1,"102","2026-03-08 18:49:54","VVI164",480,"m","2/25/26"
"1171","pants","cdi_words","1","produces",NA,0,"32","2026-07-12 15:42:16","VVI230",510,"m","7/12/26"
"1172","pants","cdi_words","1","understands",NA,0,"32","2026-07-12 15:42:16","VVI230",510,"m","7/12/26"
"1173","pants","cdi_words","1","produces",NA,0,"199","2026-06-29 18:15:46","VVI223",450,"f","8/26/06"
"1174","pants","cdi_words","1","understands",1,1,"199","2026-06-29 18:15:46","VVI223",450,"f","8/26/06"
"1175","pants","cdi_words","1","produces",NA,0,"245","2026-04-29 06:56:14","VVI196",450,"f","4/14/26"
"1176","pants","cdi_words","1","understands",1,1,"245","2026-04-29 06:56:14","VVI196",450,"f","4/14/26"
"1177","pants","cdi_words","1","produces",NA,0,"104","2026-03-29 15:34:33","VVI183",420,"m","3/29/26"
"1178","pants","cdi_words","1","understands",NA,0,"104","2026-03-29 15:34:33","VVI183",420,"m","3/29/26"
"1179","pants","cdi_words","1","produces",NA,0,"125","2026-04-30 08:46:28","VVI197",450,"m","4/14/26"
"1180","pants","cdi_words","1","understands",1,1,"125","2026-04-30 08:46:28","VVI197",450,"m","4/14/26"
"1181","pants","cdi_words","1","produces",NA,0,"213","2026-02-15 21:07:24","VVI142",450,"f","2/16/26"
"1182","pants","cdi_words","1","understands",1,1,"213","2026-02-15 21:07:24","VVI142",450,"f","2/16/26"
"1183","pants","cdi_words","1","produces",NA,0,"76","2026-04-02 15:03:35","VVI186",450,"m","2/26/04"
"1184","pants","cdi_words","1","understands",NA,0,"76","2026-04-02 15:03:35","VVI186",450,"m","2/26/04"
"1185","pants","cdi_words","1","produces",NA,0,"3259","2026-06-30 07:13:02","VVI213",450,"f","5/19/26"
"1186","pants","cdi_words","1","understands",NA,0,"3259","2026-06-30 07:13:02","VVI213",450,"f","5/19/26"
"1187","pants","cdi_words","1","produces",NA,0,"53","2026-06-03 07:26:29","VVI221",420,"m","3/26/06"
"1188","pants","cdi_words","1","understands",NA,0,"53","2026-06-03 07:26:29","VVI221",420,"m","3/26/06"
"1189","pants","cdi_words","1","produces",NA,0,"223","2026-03-09 15:51:32","VVI162",510,"f","2/24/26"
"1190","pants","cdi_words","1","understands",NA,0,"223","2026-03-09 15:51:32","VVI162",510,"f","2/24/26"
"1191","pants","cdi_words","1","produces",NA,0,"207","2026-04-08 10:48:19","VVI193",450,"f","8/26/04"
"1192","pants","cdi_words","1","understands",1,1,"207","2026-04-08 10:48:19","VVI193",450,"f","8/26/04"
"1193","pants","cdi_words","1","produces",NA,0,"131","2026-04-28 16:52:20","VVI201",420,"m","4/27/26"
"1194","pants","cdi_words","1","understands",1,1,"131","2026-04-28 16:52:20","VVI201",420,"m","4/27/26"
"1195","pants","cdi_words","1","produces",NA,0,"216","2026-03-08 20:15:37","VVI146",510,"f","2/17/26"
"1196","pants","cdi_words","1","understands",1,1,"216","2026-03-08 20:15:37","VVI146",510,"f","2/17/26"
"1197","pants","cdi_words","1","produces",NA,0,"179","2026-03-09 12:13:10","VVI160",510,"m","2/23/26"
"1198","pants","cdi_words","1","understands",1,1,"179","2026-03-09 12:13:10","VVI160",510,"m","2/23/26"
"1199","pants","cdi_words","1","produces",NA,0,"102","2026-03-08 18:49:54","VVI164",480,"m","2/25/26"
"1200","pants","cdi_words","1","understands",NA,0,"102","2026-03-08 18:49:54","VVI164",480,"m","2/25/26"
"1201","shoe","cdi_words","1","produces",NA,0,"32","2026-07-12 15:42:16","VVI230",510,"m","7/12/26"
"1202","shoe","cdi_words","1","understands",NA,0,"32","2026-07-12 15:42:16","VVI230",510,"m","7/12/26"
"1203","shoe","cdi_words","1","produces",2,1,"199","2026-06-29 18:15:46","VVI223",450,"f","8/26/06"
"1204","shoe","cdi_words","1","understands",2,1,"199","2026-06-29 18:15:46","VVI223",450,"f","8/26/06"
"1205","shoe","cdi_words","1","produces",NA,0,"245","2026-04-29 06:56:14","VVI196",450,"f","4/14/26"
"1206","shoe","cdi_words","1","understands",1,1,"245","2026-04-29 06:56:14","VVI196",450,"f","4/14/26"
"1207","shoe","cdi_words","1","produces",NA,0,"104","2026-03-29 15:34:33","VVI183",420,"m","3/29/26"
"1208","shoe","cdi_words","1","understands",NA,0,"104","2026-03-29 15:34:33","VVI183",420,"m","3/29/26"
"1209","shoe","cdi_words","1","produces",NA,0,"125","2026-04-30 08:46:28","VVI197",450,"m","4/14/26"
"1210","shoe","cdi_words","1","understands",1,1,"125","2026-04-30 08:46:28","VVI197",450,"m","4/14/26"
"1211","shoe","cdi_words","1","produces",NA,0,"213","2026-02-15 21:07:24","VVI142",450,"f","2/16/26"
"1212","shoe","cdi_words","1","understands",1,1,"213","2026-02-15 21:07:24","VVI142",450,"f","2/16/26"
"1213","shoe","cdi_words","1","produces",NA,0,"76","2026-04-02 15:03:35","VVI186",450,"m","2/26/04"
"1214","shoe","cdi_words","1","understands",NA,0,"76","2026-04-02 15:03:35","VVI186",450,"m","2/26/04"
"1215","shoe","cdi_words","1","produces",2,1,"3259","2026-06-30 07:13:02","VVI213",450,"f","5/19/26"
"1216","shoe","cdi_words","1","understands",2,1,"3259","2026-06-30 07:13:02","VVI213",450,"f","5/19/26"
"1217","shoe","cdi_words","1","produces",NA,0,"53","2026-06-03 07:26:29","VVI221",420,"m","3/26/06"
"1218","shoe","cdi_words","1","understands",NA,0,"53","2026-06-03 07:26:29","VVI221",420,"m","3/26/06"
"1219","shoe","cdi_words","1","produces",NA,0,"223","2026-03-09 15:51:32","VVI162",510,"f","2/24/26"
"1220","shoe","cdi_words","1","understands",1,1,"223","2026-03-09 15:51:32","VVI162",510,"f","2/24/26"
"1221","shoe","cdi_words","1","produces",NA,0,"207","2026-04-08 10:48:19","VVI193",450,"f","8/26/04"
"1222","shoe","cdi_words","1","understands",1,1,"207","2026-04-08 10:48:19","VVI193",450,"f","8/26/04"
"1223","shoe","cdi_words","1","produces",NA,0,"131","2026-04-28 16:52:20","VVI201",420,"m","4/27/26"
"1224","shoe","cdi_words","1","understands",1,1,"131","2026-04-28 16:52:20","VVI201",420,"m","4/27/26"
"1225","shoe","cdi_words","1","produces",2,1,"216","2026-03-08 20:15:37","VVI146",510,"f","2/17/26"
"1226","shoe","cdi_words","1","understands",2,1,"216","2026-03-08 20:15:37","VVI146",510,"f","2/17/26"
"1227","shoe","cdi_words","1","produces",NA,0,"179","2026-03-09 12:13:10","VVI160",510,"m","2/23/26"
"1228","shoe","cdi_words","1","understands",1,1,"179","2026-03-09 12:13:10","VVI160",510,"m","2/23/26"
"1229","shoe","cdi_words","1","produces",2,1,"102","2026-03-08 18:49:54","VVI164",480,"m","2/25/26"
"1230","shoe","cdi_words","1","understands",2,1,"102","2026-03-08 18:49:54","VVI164",480,"m","2/25/26"
"1231","sock","cdi_words","1","produces",NA,0,"32","2026-07-12 15:42:16","VVI230",510,"m","7/12/26"
"1232","sock","cdi_words","1","understands",NA,0,"32","2026-07-12 15:42:16","VVI230",510,"m","7/12/26"
"1233","sock","cdi_words","1","produces",NA,0,"199","2026-06-29 18:15:46","VVI223",450,"f","8/26/06"
"1234","sock","cdi_words","1","understands",1,1,"199","2026-06-29 18:15:46","VVI223",450,"f","8/26/06"
"1235","sock","cdi_words","1","produces",2,1,"245","2026-04-29 06:56:14","VVI196",450,"f","4/14/26"
"1236","sock","cdi_words","1","understands",2,1,"245","2026-04-29 06:56:14","VVI196",450,"f","4/14/26"
"1237","sock","cdi_words","1","produces",NA,0,"104","2026-03-29 15:34:33","VVI183",420,"m","3/29/26"
"1238","sock","cdi_words","1","understands",NA,0,"104","2026-03-29 15:34:33","VVI183",420,"m","3/29/26"
"1239","sock","cdi_words","1","produces",NA,0,"125","2026-04-30 08:46:28","VVI197",450,"m","4/14/26"
"1240","sock","cdi_words","1","understands",1,1,"125","2026-04-30 08:46:28","VVI197",450,"m","4/14/26"
"1241","sock","cdi_words","1","produces",NA,0,"213","2026-02-15 21:07:24","VVI142",450,"f","2/16/26"
"1242","sock","cdi_words","1","understands",1,1,"213","2026-02-15 21:07:24","VVI142",450,"f","2/16/26"
"1243","sock","cdi_words","1","produces",NA,0,"76","2026-04-02 15:03:35","VVI186",450,"m","2/26/04"
"1244","sock","cdi_words","1","understands",NA,0,"76","2026-04-02 15:03:35","VVI186",450,"m","2/26/04"
"1245","sock","cdi_words","1","produces",NA,0,"3259","2026-06-30 07:13:02","VVI213",450,"f","5/19/26"
"1246","sock","cdi_words","1","understands",1,1,"3259","2026-06-30 07:13:02","VVI213",450,"f","5/19/26"
"1247","sock","cdi_words","1","produces",NA,0,"53","2026-06-03 07:26:29","VVI221",420,"m","3/26/06"
"1248","sock","cdi_words","1","understands",NA,0,"53","2026-06-03 07:26:29","VVI221",420,"m","3/26/06"
"1249","sock","cdi_words","1","produces",NA,0,"223","2026-03-09 15:51:32","VVI162",510,"f","2/24/26"
"1250","sock","cdi_words","1","understands",1,1,"223","2026-03-09 15:51:32","VVI162",510,"f","2/24/26"
"1251","sock","cdi_words","1","produces",NA,0,"207","2026-04-08 10:48:19","VVI193",450,"f","8/26/04"
"1252","sock","cdi_words","1","understands",1,1,"207","2026-04-08 10:48:19","VVI193",450,"f","8/26/04"
"1253","sock","cdi_words","1","produces",NA,0,"131","2026-04-28 16:52:20","VVI201",420,"m","4/27/26"
"1254","sock","cdi_words","1","understands",1,1,"131","2026-04-28 16:52:20","VVI201",420,"m","4/27/26"
"1255","sock","cdi_words","1","produces",NA,0,"216","2026-03-08 20:15:37","VVI146",510,"f","2/17/26"
"1256","sock","cdi_words","1","understands",1,1,"216","2026-03-08 20:15:37","VVI146",510,"f","2/17/26"
"1257","sock","cdi_words","1","produces",NA,0,"179","2026-03-09 12:13:10","VVI160",510,"m","2/23/26"
"1258","sock","cdi_words","1","understands",1,1,"179","2026-03-09 12:13:10","VVI160",510,"m","2/23/26"
"1259","sock","cdi_words","1","produces",NA,0,"102","2026-03-08 18:49:54","VVI164",480,"m","2/25/26"
"1260","sock","cdi_words","1","understands",1,1,"102","2026-03-08 18:49:54","VVI164",480,"m","2/25/26"
"1261","eye","cdi_words","1","produces",NA,0,"32","2026-07-12 15:42:16","VVI230",510,"m","7/12/26"
"1262","eye","cdi_words","1","understands",NA,0,"32","2026-07-12 15:42:16","VVI230",510,"m","7/12/26"
"1263","eye","cdi_words","1","produces",2,1,"199","2026-06-29 18:15:46","VVI223",450,"f","8/26/06"
"1264","eye","cdi_words","1","understands",2,1,"199","2026-06-29 18:15:46","VVI223",450,"f","8/26/06"
"1265","eye","cdi_words","1","produces",NA,0,"245","2026-04-29 06:56:14","VVI196",450,"f","4/14/26"
"1266","eye","cdi_words","1","understands",1,1,"245","2026-04-29 06:56:14","VVI196",450,"f","4/14/26"
"1267","eye","cdi_words","1","produces",NA,0,"104","2026-03-29 15:34:33","VVI183",420,"m","3/29/26"
"1268","eye","cdi_words","1","understands",NA,0,"104","2026-03-29 15:34:33","VVI183",420,"m","3/29/26"
"1269","eye","cdi_words","1","produces",NA,0,"125","2026-04-30 08:46:28","VVI197",450,"m","4/14/26"
"1270","eye","cdi_words","1","understands",1,1,"125","2026-04-30 08:46:28","VVI197",450,"m","4/14/26"
"1271","eye","cdi_words","1","produces",NA,0,"213","2026-02-15 21:07:24","VVI142",450,"f","2/16/26"
"1272","eye","cdi_words","1","understands",1,1,"213","2026-02-15 21:07:24","VVI142",450,"f","2/16/26"
"1273","eye","cdi_words","1","produces",NA,0,"76","2026-04-02 15:03:35","VVI186",450,"m","2/26/04"
"1274","eye","cdi_words","1","understands",NA,0,"76","2026-04-02 15:03:35","VVI186",450,"m","2/26/04"
"1275","eye","cdi_words","1","produces",2,1,"3259","2026-06-30 07:13:02","VVI213",450,"f","5/19/26"
"1276","eye","cdi_words","1","understands",2,1,"3259","2026-06-30 07:13:02","VVI213",450,"f","5/19/26"
"1277","eye","cdi_words","1","produces",NA,0,"53","2026-06-03 07:26:29","VVI221",420,"m","3/26/06"
"1278","eye","cdi_words","1","understands",NA,0,"53","2026-06-03 07:26:29","VVI221",420,"m","3/26/06"
"1279","eye","cdi_words","1","produces",NA,0,"223","2026-03-09 15:51:32","VVI162",510,"f","2/24/26"
"1280","eye","cdi_words","1","understands",1,1,"223","2026-03-09 15:51:32","VVI162",510,"f","2/24/26"
"1281","eye","cdi_words","1","produces",NA,0,"207","2026-04-08 10:48:19","VVI193",450,"f","8/26/04"
"1282","eye","cdi_words","1","understands",1,1,"207","2026-04-08 10:48:19","VVI193",450,"f","8/26/04"
"1283","eye","cdi_words","1","produces",NA,0,"131","2026-04-28 16:52:20","VVI201",420,"m","4/27/26"
"1284","eye","cdi_words","1","understands",NA,0,"131","2026-04-28 16:52:20","VVI201",420,"m","4/27/26"
"1285","eye","cdi_words","1","produces",NA,0,"216","2026-03-08 20:15:37","VVI146",510,"f","2/17/26"
"1286","eye","cdi_words","1","understands",1,1,"216","2026-03-08 20:15:37","VVI146",510,"f","2/17/26"
"1287","eye","cdi_words","1","produces",NA,0,"179","2026-03-09 12:13:10","VVI160",510,"m","2/23/26"
"1288","eye","cdi_words","1","understands",1,1,"179","2026-03-09 12:13:10","VVI160",510,"m","2/23/26"
"1289","eye","cdi_words","1","produces",NA,0,"102","2026-03-08 18:49:54","VVI164",480,"m","2/25/26"
"1290","eye","cdi_words","1","understands",NA,0,"102","2026-03-08 18:49:54","VVI164",480,"m","2/25/26"
"1291","head","cdi_words","1","produces",NA,0,"32","2026-07-12 15:42:16","VVI230",510,"m","7/12/26"
"1292","head","cdi_words","1","understands",NA,0,"32","2026-07-12 15:42:16","VVI230",510,"m","7/12/26"
"1293","head","cdi_words","1","produces",NA,0,"199","2026-06-29 18:15:46","VVI223",450,"f","8/26/06"
"1294","head","cdi_words","1","understands",1,1,"199","2026-06-29 18:15:46","VVI223",450,"f","8/26/06"
"1295","head","cdi_words","1","produces",NA,0,"245","2026-04-29 06:56:14","VVI196",450,"f","4/14/26"
"1296","head","cdi_words","1","understands",1,1,"245","2026-04-29 06:56:14","VVI196",450,"f","4/14/26"
"1297","head","cdi_words","1","produces",NA,0,"104","2026-03-29 15:34:33","VVI183",420,"m","3/29/26"
"1298","head","cdi_words","1","understands",NA,0,"104","2026-03-29 15:34:33","VVI183",420,"m","3/29/26"
"1299","head","cdi_words","1","produces",NA,0,"125","2026-04-30 08:46:28","VVI197",450,"m","4/14/26"
"1300","head","cdi_words","1","understands",1,1,"125","2026-04-30 08:46:28","VVI197",450,"m","4/14/26"
"1301","head","cdi_words","1","produces",NA,0,"213","2026-02-15 21:07:24","VVI142",450,"f","2/16/26"
"1302","head","cdi_words","1","understands",1,1,"213","2026-02-15 21:07:24","VVI142",450,"f","2/16/26"
"1303","head","cdi_words","1","produces",NA,0,"76","2026-04-02 15:03:35","VVI186",450,"m","2/26/04"
"1304","head","cdi_words","1","understands",1,1,"76","2026-04-02 15:03:35","VVI186",450,"m","2/26/04"
"1305","head","cdi_words","1","produces",2,1,"3259","2026-06-30 07:13:02","VVI213",450,"f","5/19/26"
"1306","head","cdi_words","1","understands",2,1,"3259","2026-06-30 07:13:02","VVI213",450,"f","5/19/26"
"1307","head","cdi_words","1","produces",NA,0,"53","2026-06-03 07:26:29","VVI221",420,"m","3/26/06"
"1308","head","cdi_words","1","understands",NA,0,"53","2026-06-03 07:26:29","VVI221",420,"m","3/26/06"
"1309","head","cdi_words","1","produces",NA,0,"223","2026-03-09 15:51:32","VVI162",510,"f","2/24/26"
"1310","head","cdi_words","1","understands",1,1,"223","2026-03-09 15:51:32","VVI162",510,"f","2/24/26"
"1311","head","cdi_words","1","produces",NA,0,"207","2026-04-08 10:48:19","VVI193",450,"f","8/26/04"
"1312","head","cdi_words","1","understands",1,1,"207","2026-04-08 10:48:19","VVI193",450,"f","8/26/04"
"1313","head","cdi_words","1","produces",NA,0,"131","2026-04-28 16:52:20","VVI201",420,"m","4/27/26"
"1314","head","cdi_words","1","understands",NA,0,"131","2026-04-28 16:52:20","VVI201",420,"m","4/27/26"
"1315","head","cdi_words","1","produces",NA,0,"216","2026-03-08 20:15:37","VVI146",510,"f","2/17/26"
"1316","head","cdi_words","1","understands",1,1,"216","2026-03-08 20:15:37","VVI146",510,"f","2/17/26"
"1317","head","cdi_words","1","produces",NA,0,"179","2026-03-09 12:13:10","VVI160",510,"m","2/23/26"
"1318","head","cdi_words","1","understands",NA,0,"179","2026-03-09 12:13:10","VVI160",510,"m","2/23/26"
"1319","head","cdi_words","1","produces",NA,0,"102","2026-03-08 18:49:54","VVI164",480,"m","2/25/26"
"1320","head","cdi_words","1","understands",NA,0,"102","2026-03-08 18:49:54","VVI164",480,"m","2/25/26"
"1321","leg","cdi_words","1","produces",NA,0,"32","2026-07-12 15:42:16","VVI230",510,"m","7/12/26"
"1322","leg","cdi_words","1","understands",NA,0,"32","2026-07-12 15:42:16","VVI230",510,"m","7/12/26"
"1323","leg","cdi_words","1","produces",NA,0,"199","2026-06-29 18:15:46","VVI223",450,"f","8/26/06"
"1324","leg","cdi_words","1","understands",1,1,"199","2026-06-29 18:15:46","VVI223",450,"f","8/26/06"
"1325","leg","cdi_words","1","produces",NA,0,"245","2026-04-29 06:56:14","VVI196",450,"f","4/14/26"
"1326","leg","cdi_words","1","understands",1,1,"245","2026-04-29 06:56:14","VVI196",450,"f","4/14/26"
"1327","leg","cdi_words","1","produces",NA,0,"104","2026-03-29 15:34:33","VVI183",420,"m","3/29/26"
"1328","leg","cdi_words","1","understands",NA,0,"104","2026-03-29 15:34:33","VVI183",420,"m","3/29/26"
"1329","leg","cdi_words","1","produces",NA,0,"125","2026-04-30 08:46:28","VVI197",450,"m","4/14/26"
"1330","leg","cdi_words","1","understands",1,1,"125","2026-04-30 08:46:28","VVI197",450,"m","4/14/26"
"1331","leg","cdi_words","1","produces",NA,0,"213","2026-02-15 21:07:24","VVI142",450,"f","2/16/26"
"1332","leg","cdi_words","1","understands",1,1,"213","2026-02-15 21:07:24","VVI142",450,"f","2/16/26"
"1333","leg","cdi_words","1","produces",NA,0,"76","2026-04-02 15:03:35","VVI186",450,"m","2/26/04"
"1334","leg","cdi_words","1","understands",NA,0,"76","2026-04-02 15:03:35","VVI186",450,"m","2/26/04"
"1335","leg","cdi_words","1","produces",NA,0,"3259","2026-06-30 07:13:02","VVI213",450,"f","5/19/26"
"1336","leg","cdi_words","1","understands",1,1,"3259","2026-06-30 07:13:02","VVI213",450,"f","5/19/26"
"1337","leg","cdi_words","1","produces",NA,0,"53","2026-06-03 07:26:29","VVI221",420,"m","3/26/06"
"1338","leg","cdi_words","1","understands",NA,0,"53","2026-06-03 07:26:29","VVI221",420,"m","3/26/06"
"1339","leg","cdi_words","1","produces",NA,0,"223","2026-03-09 15:51:32","VVI162",510,"f","2/24/26"
"1340","leg","cdi_words","1","understands",1,1,"223","2026-03-09 15:51:32","VVI162",510,"f","2/24/26"
"1341","leg","cdi_words","1","produces",NA,0,"207","2026-04-08 10:48:19","VVI193",450,"f","8/26/04"
"1342","leg","cdi_words","1","understands",1,1,"207","2026-04-08 10:48:19","VVI193",450,"f","8/26/04"
"1343","leg","cdi_words","1","produces",NA,0,"131","2026-04-28 16:52:20","VVI201",420,"m","4/27/26"
"1344","leg","cdi_words","1","understands",NA,0,"131","2026-04-28 16:52:20","VVI201",420,"m","4/27/26"
"1345","leg","cdi_words","1","produces",NA,0,"216","2026-03-08 20:15:37","VVI146",510,"f","2/17/26"
"1346","leg","cdi_words","1","understands",1,1,"216","2026-03-08 20:15:37","VVI146",510,"f","2/17/26"
"1347","leg","cdi_words","1","produces",NA,0,"179","2026-03-09 12:13:10","VVI160",510,"m","2/23/26"
"1348","leg","cdi_words","1","understands",NA,0,"179","2026-03-09 12:13:10","VVI160",510,"m","2/23/26"
"1349","leg","cdi_words","1","produces",NA,0,"102","2026-03-08 18:49:54","VVI164",480,"m","2/25/26"
"1350","leg","cdi_words","1","understands",NA,0,"102","2026-03-08 18:49:54","VVI164",480,"m","2/25/26"
"1351","nose","cdi_words","1","produces",NA,0,"32","2026-07-12 15:42:16","VVI230",510,"m","7/12/26"
"1352","nose","cdi_words","1","understands",NA,0,"32","2026-07-12 15:42:16","VVI230",510,"m","7/12/26"
"1353","nose","cdi_words","1","produces",2,1,"199","2026-06-29 18:15:46","VVI223",450,"f","8/26/06"
"1354","nose","cdi_words","1","understands",2,1,"199","2026-06-29 18:15:46","VVI223",450,"f","8/26/06"
"1355","nose","cdi_words","1","produces",NA,0,"245","2026-04-29 06:56:14","VVI196",450,"f","4/14/26"
"1356","nose","cdi_words","1","understands",1,1,"245","2026-04-29 06:56:14","VVI196",450,"f","4/14/26"
"1357","nose","cdi_words","1","produces",NA,0,"104","2026-03-29 15:34:33","VVI183",420,"m","3/29/26"
"1358","nose","cdi_words","1","understands",NA,0,"104","2026-03-29 15:34:33","VVI183",420,"m","3/29/26"
"1359","nose","cdi_words","1","produces",NA,0,"125","2026-04-30 08:46:28","VVI197",450,"m","4/14/26"
"1360","nose","cdi_words","1","understands",1,1,"125","2026-04-30 08:46:28","VVI197",450,"m","4/14/26"
"1361","nose","cdi_words","1","produces",NA,0,"213","2026-02-15 21:07:24","VVI142",450,"f","2/16/26"
"1362","nose","cdi_words","1","understands",1,1,"213","2026-02-15 21:07:24","VVI142",450,"f","2/16/26"
"1363","nose","cdi_words","1","produces",NA,0,"76","2026-04-02 15:03:35","VVI186",450,"m","2/26/04"
"1364","nose","cdi_words","1","understands",NA,0,"76","2026-04-02 15:03:35","VVI186",450,"m","2/26/04"
"1365","nose","cdi_words","1","produces",2,1,"3259","2026-06-30 07:13:02","VVI213",450,"f","5/19/26"
"1366","nose","cdi_words","1","understands",2,1,"3259","2026-06-30 07:13:02","VVI213",450,"f","5/19/26"
"1367","nose","cdi_words","1","produces",NA,0,"53","2026-06-03 07:26:29","VVI221",420,"m","3/26/06"
"1368","nose","cdi_words","1","understands",NA,0,"53","2026-06-03 07:26:29","VVI221",420,"m","3/26/06"
"1369","nose","cdi_words","1","produces",NA,0,"223","2026-03-09 15:51:32","VVI162",510,"f","2/24/26"
"1370","nose","cdi_words","1","understands",1,1,"223","2026-03-09 15:51:32","VVI162",510,"f","2/24/26"
"1371","nose","cdi_words","1","produces",NA,0,"207","2026-04-08 10:48:19","VVI193",450,"f","8/26/04"
"1372","nose","cdi_words","1","understands",1,1,"207","2026-04-08 10:48:19","VVI193",450,"f","8/26/04"
"1373","nose","cdi_words","1","produces",NA,0,"131","2026-04-28 16:52:20","VVI201",420,"m","4/27/26"
"1374","nose","cdi_words","1","understands",NA,0,"131","2026-04-28 16:52:20","VVI201",420,"m","4/27/26"
"1375","nose","cdi_words","1","produces",NA,0,"216","2026-03-08 20:15:37","VVI146",510,"f","2/17/26"
"1376","nose","cdi_words","1","understands",1,1,"216","2026-03-08 20:15:37","VVI146",510,"f","2/17/26"
"1377","nose","cdi_words","1","produces",NA,0,"179","2026-03-09 12:13:10","VVI160",510,"m","2/23/26"
"1378","nose","cdi_words","1","understands",NA,0,"179","2026-03-09 12:13:10","VVI160",510,"m","2/23/26"
"1379","nose","cdi_words","1","produces",NA,0,"102","2026-03-08 18:49:54","VVI164",480,"m","2/25/26"
"1380","nose","cdi_words","1","understands",1,1,"102","2026-03-08 18:49:54","VVI164",480,"m","2/25/26"
"1381","ouch","cdi_words","1","produces",NA,0,"32","2026-07-12 15:42:16","VVI230",510,"m","7/12/26"
"1382","ouch","cdi_words","1","understands",NA,0,"32","2026-07-12 15:42:16","VVI230",510,"m","7/12/26"
"1383","ouch","cdi_words","1","produces",NA,0,"199","2026-06-29 18:15:46","VVI223",450,"f","8/26/06"
"1384","ouch","cdi_words","1","understands",1,1,"199","2026-06-29 18:15:46","VVI223",450,"f","8/26/06"
"1385","ouch","cdi_words","1","produces",NA,0,"245","2026-04-29 06:56:14","VVI196",450,"f","4/14/26"
"1386","ouch","cdi_words","1","understands",1,1,"245","2026-04-29 06:56:14","VVI196",450,"f","4/14/26"
"1387","ouch","cdi_words","1","produces",NA,0,"104","2026-03-29 15:34:33","VVI183",420,"m","3/29/26"
"1388","ouch","cdi_words","1","understands",NA,0,"104","2026-03-29 15:34:33","VVI183",420,"m","3/29/26"
"1389","ouch","cdi_words","1","produces",NA,0,"125","2026-04-30 08:46:28","VVI197",450,"m","4/14/26"
"1390","ouch","cdi_words","1","understands",1,1,"125","2026-04-30 08:46:28","VVI197",450,"m","4/14/26"
"1391","ouch","cdi_words","1","produces",NA,0,"213","2026-02-15 21:07:24","VVI142",450,"f","2/16/26"
"1392","ouch","cdi_words","1","understands",1,1,"213","2026-02-15 21:07:24","VVI142",450,"f","2/16/26"
"1393","ouch","cdi_words","1","produces",NA,0,"76","2026-04-02 15:03:35","VVI186",450,"m","2/26/04"
"1394","ouch","cdi_words","1","understands",NA,0,"76","2026-04-02 15:03:35","VVI186",450,"m","2/26/04"
"1395","ouch","cdi_words","1","produces",2,1,"3259","2026-06-30 07:13:02","VVI213",450,"f","5/19/26"
"1396","ouch","cdi_words","1","understands",2,1,"3259","2026-06-30 07:13:02","VVI213",450,"f","5/19/26"
"1397","ouch","cdi_words","1","produces",NA,0,"53","2026-06-03 07:26:29","VVI221",420,"m","3/26/06"
"1398","ouch","cdi_words","1","understands",NA,0,"53","2026-06-03 07:26:29","VVI221",420,"m","3/26/06"
"1399","ouch","cdi_words","1","produces",NA,0,"223","2026-03-09 15:51:32","VVI162",510,"f","2/24/26"
"1400","ouch","cdi_words","1","understands",NA,0,"223","2026-03-09 15:51:32","VVI162",510,"f","2/24/26"
"1401","ouch","cdi_words","1","produces",NA,0,"207","2026-04-08 10:48:19","VVI193",450,"f","8/26/04"
"1402","ouch","cdi_words","1","understands",1,1,"207","2026-04-08 10:48:19","VVI193",450,"f","8/26/04"
"1403","ouch","cdi_words","1","produces",NA,0,"131","2026-04-28 16:52:20","VVI201",420,"m","4/27/26"
"1404","ouch","cdi_words","1","understands",1,1,"131","2026-04-28 16:52:20","VVI201",420,"m","4/27/26"
"1405","ouch","cdi_words","1","produces",2,1,"216","2026-03-08 20:15:37","VVI146",510,"f","2/17/26"
"1406","ouch","cdi_words","1","understands",2,1,"216","2026-03-08 20:15:37","VVI146",510,"f","2/17/26"
"1407","ouch","cdi_words","1","produces",NA,0,"179","2026-03-09 12:13:10","VVI160",510,"m","2/23/26"
"1408","ouch","cdi_words","1","understands",NA,0,"179","2026-03-09 12:13:10","VVI160",510,"m","2/23/26"
"1409","ouch","cdi_words","1","produces",NA,0,"102","2026-03-08 18:49:54","VVI164",480,"m","2/25/26"
"1410","ouch","cdi_words","1","understands",NA,0,"102","2026-03-08 18:49:54","VVI164",480,"m","2/25/26"
"1411","tooth","cdi_words","1","produces",NA,0,"32","2026-07-12 15:42:16","VVI230",510,"m","7/12/26"
"1412","tooth","cdi_words","1","understands",NA,0,"32","2026-07-12 15:42:16","VVI230",510,"m","7/12/26"
"1413","tooth","cdi_words","1","produces",NA,0,"199","2026-06-29 18:15:46","VVI223",450,"f","8/26/06"
"1414","tooth","cdi_words","1","understands",1,1,"199","2026-06-29 18:15:46","VVI223",450,"f","8/26/06"
"1415","tooth","cdi_words","1","produces",NA,0,"245","2026-04-29 06:56:14","VVI196",450,"f","4/14/26"
"1416","tooth","cdi_words","1","understands",1,1,"245","2026-04-29 06:56:14","VVI196",450,"f","4/14/26"
"1417","tooth","cdi_words","1","produces",NA,0,"104","2026-03-29 15:34:33","VVI183",420,"m","3/29/26"
"1418","tooth","cdi_words","1","understands",NA,0,"104","2026-03-29 15:34:33","VVI183",420,"m","3/29/26"
"1419","tooth","cdi_words","1","produces",NA,0,"125","2026-04-30 08:46:28","VVI197",450,"m","4/14/26"
"1420","tooth","cdi_words","1","understands",1,1,"125","2026-04-30 08:46:28","VVI197",450,"m","4/14/26"
"1421","tooth","cdi_words","1","produces",NA,0,"213","2026-02-15 21:07:24","VVI142",450,"f","2/16/26"
"1422","tooth","cdi_words","1","understands",1,1,"213","2026-02-15 21:07:24","VVI142",450,"f","2/16/26"
"1423","tooth","cdi_words","1","produces",NA,0,"76","2026-04-02 15:03:35","VVI186",450,"m","2/26/04"
"1424","tooth","cdi_words","1","understands",NA,0,"76","2026-04-02 15:03:35","VVI186",450,"m","2/26/04"
"1425","tooth","cdi_words","1","produces",NA,0,"3259","2026-06-30 07:13:02","VVI213",450,"f","5/19/26"
"1426","tooth","cdi_words","1","understands",1,1,"3259","2026-06-30 07:13:02","VVI213",450,"f","5/19/26"
"1427","tooth","cdi_words","1","produces",NA,0,"53","2026-06-03 07:26:29","VVI221",420,"m","3/26/06"
"1428","tooth","cdi_words","1","understands",NA,0,"53","2026-06-03 07:26:29","VVI221",420,"m","3/26/06"
"1429","tooth","cdi_words","1","produces",NA,0,"223","2026-03-09 15:51:32","VVI162",510,"f","2/24/26"
"1430","tooth","cdi_words","1","understands",1,1,"223","2026-03-09 15:51:32","VVI162",510,"f","2/24/26"
"1431","tooth","cdi_words","1","produces",NA,0,"207","2026-04-08 10:48:19","VVI193",450,"f","8/26/04"
"1432","tooth","cdi_words","1","understands",1,1,"207","2026-04-08 10:48:19","VVI193",450,"f","8/26/04"
"1433","tooth","cdi_words","1","produces",NA,0,"131","2026-04-28 16:52:20","VVI201",420,"m","4/27/26"
"1434","tooth","cdi_words","1","understands",NA,0,"131","2026-04-28 16:52:20","VVI201",420,"m","4/27/26"
"1435","tooth","cdi_words","1","produces",NA,0,"216","2026-03-08 20:15:37","VVI146",510,"f","2/17/26"
"1436","tooth","cdi_words","1","understands",1,1,"216","2026-03-08 20:15:37","VVI146",510,"f","2/17/26"
"1437","tooth","cdi_words","1","produces",NA,0,"179","2026-03-09 12:13:10","VVI160",510,"m","2/23/26"
"1438","tooth","cdi_words","1","understands",1,1,"179","2026-03-09 12:13:10","VVI160",510,"m","2/23/26"
"1439","tooth","cdi_words","1","produces",NA,0,"102","2026-03-08 18:49:54","VVI164",480,"m","2/25/26"
"1440","tooth","cdi_words","1","understands",NA,0,"102","2026-03-08 18:49:54","VVI164",480,"m","2/25/26"
"1441","chair","cdi_words","1","produces",NA,0,"32","2026-07-12 15:42:16","VVI230",510,"m","7/12/26"
"1442","chair","cdi_words","1","understands",NA,0,"32","2026-07-12 15:42:16","VVI230",510,"m","7/12/26"
"1443","chair","cdi_words","1","produces",NA,0,"199","2026-06-29 18:15:46","VVI223",450,"f","8/26/06"
"1444","chair","cdi_words","1","understands",1,1,"199","2026-06-29 18:15:46","VVI223",450,"f","8/26/06"
"1445","chair","cdi_words","1","produces",NA,0,"245","2026-04-29 06:56:14","VVI196",450,"f","4/14/26"
"1446","chair","cdi_words","1","understands",1,1,"245","2026-04-29 06:56:14","VVI196",450,"f","4/14/26"
"1447","chair","cdi_words","1","produces",NA,0,"104","2026-03-29 15:34:33","VVI183",420,"m","3/29/26"
"1448","chair","cdi_words","1","understands",NA,0,"104","2026-03-29 15:34:33","VVI183",420,"m","3/29/26"
"1449","chair","cdi_words","1","produces",NA,0,"125","2026-04-30 08:46:28","VVI197",450,"m","4/14/26"
"1450","chair","cdi_words","1","understands",1,1,"125","2026-04-30 08:46:28","VVI197",450,"m","4/14/26"
"1451","chair","cdi_words","1","produces",NA,0,"213","2026-02-15 21:07:24","VVI142",450,"f","2/16/26"
"1452","chair","cdi_words","1","understands",1,1,"213","2026-02-15 21:07:24","VVI142",450,"f","2/16/26"
"1453","chair","cdi_words","1","produces",NA,0,"76","2026-04-02 15:03:35","VVI186",450,"m","2/26/04"
"1454","chair","cdi_words","1","understands",NA,0,"76","2026-04-02 15:03:35","VVI186",450,"m","2/26/04"
"1455","chair","cdi_words","1","produces",NA,0,"3259","2026-06-30 07:13:02","VVI213",450,"f","5/19/26"
"1456","chair","cdi_words","1","understands",1,1,"3259","2026-06-30 07:13:02","VVI213",450,"f","5/19/26"
"1457","chair","cdi_words","1","produces",NA,0,"53","2026-06-03 07:26:29","VVI221",420,"m","3/26/06"
"1458","chair","cdi_words","1","understands",NA,0,"53","2026-06-03 07:26:29","VVI221",420,"m","3/26/06"
"1459","chair","cdi_words","1","produces",NA,0,"223","2026-03-09 15:51:32","VVI162",510,"f","2/24/26"
"1460","chair","cdi_words","1","understands",1,1,"223","2026-03-09 15:51:32","VVI162",510,"f","2/24/26"
"1461","chair","cdi_words","1","produces",NA,0,"207","2026-04-08 10:48:19","VVI193",450,"f","8/26/04"
"1462","chair","cdi_words","1","understands",1,1,"207","2026-04-08 10:48:19","VVI193",450,"f","8/26/04"
"1463","chair","cdi_words","1","produces",NA,0,"131","2026-04-28 16:52:20","VVI201",420,"m","4/27/26"
"1464","chair","cdi_words","1","understands",1,1,"131","2026-04-28 16:52:20","VVI201",420,"m","4/27/26"
"1465","chair","cdi_words","1","produces",NA,0,"216","2026-03-08 20:15:37","VVI146",510,"f","2/17/26"
"1466","chair","cdi_words","1","understands",1,1,"216","2026-03-08 20:15:37","VVI146",510,"f","2/17/26"
"1467","chair","cdi_words","1","produces",NA,0,"179","2026-03-09 12:13:10","VVI160",510,"m","2/23/26"
"1468","chair","cdi_words","1","understands",NA,0,"179","2026-03-09 12:13:10","VVI160",510,"m","2/23/26"
"1469","chair","cdi_words","1","produces",NA,0,"102","2026-03-08 18:49:54","VVI164",480,"m","2/25/26"
"1470","chair","cdi_words","1","understands",NA,0,"102","2026-03-08 18:49:54","VVI164",480,"m","2/25/26"
"1471","couch","cdi_words","1","produces",NA,0,"32","2026-07-12 15:42:16","VVI230",510,"m","7/12/26"
"1472","couch","cdi_words","1","understands",NA,0,"32","2026-07-12 15:42:16","VVI230",510,"m","7/12/26"
"1473","couch","cdi_words","1","produces",NA,0,"199","2026-06-29 18:15:46","VVI223",450,"f","8/26/06"
"1474","couch","cdi_words","1","understands",1,1,"199","2026-06-29 18:15:46","VVI223",450,"f","8/26/06"
"1475","couch","cdi_words","1","produces",NA,0,"245","2026-04-29 06:56:14","VVI196",450,"f","4/14/26"
"1476","couch","cdi_words","1","understands",1,1,"245","2026-04-29 06:56:14","VVI196",450,"f","4/14/26"
"1477","couch","cdi_words","1","produces",NA,0,"104","2026-03-29 15:34:33","VVI183",420,"m","3/29/26"
"1478","couch","cdi_words","1","understands",NA,0,"104","2026-03-29 15:34:33","VVI183",420,"m","3/29/26"
"1479","couch","cdi_words","1","produces",NA,0,"125","2026-04-30 08:46:28","VVI197",450,"m","4/14/26"
"1480","couch","cdi_words","1","understands",1,1,"125","2026-04-30 08:46:28","VVI197",450,"m","4/14/26"
"1481","couch","cdi_words","1","produces",NA,0,"213","2026-02-15 21:07:24","VVI142",450,"f","2/16/26"
"1482","couch","cdi_words","1","understands",1,1,"213","2026-02-15 21:07:24","VVI142",450,"f","2/16/26"
"1483","couch","cdi_words","1","produces",NA,0,"76","2026-04-02 15:03:35","VVI186",450,"m","2/26/04"
"1484","couch","cdi_words","1","understands",NA,0,"76","2026-04-02 15:03:35","VVI186",450,"m","2/26/04"
"1485","couch","cdi_words","1","produces",NA,0,"3259","2026-06-30 07:13:02","VVI213",450,"f","5/19/26"
"1486","couch","cdi_words","1","understands",1,1,"3259","2026-06-30 07:13:02","VVI213",450,"f","5/19/26"
"1487","couch","cdi_words","1","produces",NA,0,"53","2026-06-03 07:26:29","VVI221",420,"m","3/26/06"
"1488","couch","cdi_words","1","understands",NA,0,"53","2026-06-03 07:26:29","VVI221",420,"m","3/26/06"
"1489","couch","cdi_words","1","produces",NA,0,"223","2026-03-09 15:51:32","VVI162",510,"f","2/24/26"
"1490","couch","cdi_words","1","understands",1,1,"223","2026-03-09 15:51:32","VVI162",510,"f","2/24/26"
"1491","couch","cdi_words","1","produces",NA,0,"207","2026-04-08 10:48:19","VVI193",450,"f","8/26/04"
"1492","couch","cdi_words","1","understands",1,1,"207","2026-04-08 10:48:19","VVI193",450,"f","8/26/04"
"1493","couch","cdi_words","1","produces",NA,0,"131","2026-04-28 16:52:20","VVI201",420,"m","4/27/26"
"1494","couch","cdi_words","1","understands",NA,0,"131","2026-04-28 16:52:20","VVI201",420,"m","4/27/26"
"1495","couch","cdi_words","1","produces",NA,0,"216","2026-03-08 20:15:37","VVI146",510,"f","2/17/26"
"1496","couch","cdi_words","1","understands",1,1,"216","2026-03-08 20:15:37","VVI146",510,"f","2/17/26"
"1497","couch","cdi_words","1","produces",NA,0,"179","2026-03-09 12:13:10","VVI160",510,"m","2/23/26"
"1498","couch","cdi_words","1","understands",NA,0,"179","2026-03-09 12:13:10","VVI160",510,"m","2/23/26"
"1499","couch","cdi_words","1","produces",NA,0,"102","2026-03-08 18:49:54","VVI164",480,"m","2/25/26"
"1500","couch","cdi_words","1","understands",1,1,"102","2026-03-08 18:49:54","VVI164",480,"m","2/25/26"
"1501","kitchen","cdi_words","1","produces",NA,0,"32","2026-07-12 15:42:16","VVI230",510,"m","7/12/26"
"1502","kitchen","cdi_words","1","understands",NA,0,"32","2026-07-12 15:42:16","VVI230",510,"m","7/12/26"
"1503","kitchen","cdi_words","1","produces",NA,0,"199","2026-06-29 18:15:46","VVI223",450,"f","8/26/06"
"1504","kitchen","cdi_words","1","understands",1,1,"199","2026-06-29 18:15:46","VVI223",450,"f","8/26/06"
"1505","kitchen","cdi_words","1","produces",NA,0,"245","2026-04-29 06:56:14","VVI196",450,"f","4/14/26"
"1506","kitchen","cdi_words","1","understands",1,1,"245","2026-04-29 06:56:14","VVI196",450,"f","4/14/26"
"1507","kitchen","cdi_words","1","produces",NA,0,"104","2026-03-29 15:34:33","VVI183",420,"m","3/29/26"
"1508","kitchen","cdi_words","1","understands",NA,0,"104","2026-03-29 15:34:33","VVI183",420,"m","3/29/26"
"1509","kitchen","cdi_words","1","produces",NA,0,"125","2026-04-30 08:46:28","VVI197",450,"m","4/14/26"
"1510","kitchen","cdi_words","1","understands",NA,0,"125","2026-04-30 08:46:28","VVI197",450,"m","4/14/26"
"1511","kitchen","cdi_words","1","produces",NA,0,"213","2026-02-15 21:07:24","VVI142",450,"f","2/16/26"
"1512","kitchen","cdi_words","1","understands",1,1,"213","2026-02-15 21:07:24","VVI142",450,"f","2/16/26"
"1513","kitchen","cdi_words","1","produces",NA,0,"76","2026-04-02 15:03:35","VVI186",450,"m","2/26/04"
"1514","kitchen","cdi_words","1","understands",NA,0,"76","2026-04-02 15:03:35","VVI186",450,"m","2/26/04"
"1515","kitchen","cdi_words","1","produces",NA,0,"3259","2026-06-30 07:13:02","VVI213",450,"f","5/19/26"
"1516","kitchen","cdi_words","1","understands",1,1,"3259","2026-06-30 07:13:02","VVI213",450,"f","5/19/26"
"1517","kitchen","cdi_words","1","produces",NA,0,"53","2026-06-03 07:26:29","VVI221",420,"m","3/26/06"
"1518","kitchen","cdi_words","1","understands",NA,0,"53","2026-06-03 07:26:29","VVI221",420,"m","3/26/06"
"1519","kitchen","cdi_words","1","produces",NA,0,"223","2026-03-09 15:51:32","VVI162",510,"f","2/24/26"
"1520","kitchen","cdi_words","1","understands",1,1,"223","2026-03-09 15:51:32","VVI162",510,"f","2/24/26"
"1521","kitchen","cdi_words","1","produces",NA,0,"207","2026-04-08 10:48:19","VVI193",450,"f","8/26/04"
"1522","kitchen","cdi_words","1","understands",1,1,"207","2026-04-08 10:48:19","VVI193",450,"f","8/26/04"
"1523","kitchen","cdi_words","1","produces",NA,0,"131","2026-04-28 16:52:20","VVI201",420,"m","4/27/26"
"1524","kitchen","cdi_words","1","understands",1,1,"131","2026-04-28 16:52:20","VVI201",420,"m","4/27/26"
"1525","kitchen","cdi_words","1","produces",NA,0,"216","2026-03-08 20:15:37","VVI146",510,"f","2/17/26"
"1526","kitchen","cdi_words","1","understands",NA,0,"216","2026-03-08 20:15:37","VVI146",510,"f","2/17/26"
"1527","kitchen","cdi_words","1","produces",NA,0,"179","2026-03-09 12:13:10","VVI160",510,"m","2/23/26"
"1528","kitchen","cdi_words","1","understands",NA,0,"179","2026-03-09 12:13:10","VVI160",510,"m","2/23/26"
"1529","kitchen","cdi_words","1","produces",NA,0,"102","2026-03-08 18:49:54","VVI164",480,"m","2/25/26"
"1530","kitchen","cdi_words","1","understands",1,1,"102","2026-03-08 18:49:54","VVI164",480,"m","2/25/26"
"1531","table","cdi_words","1","produces",NA,0,"32","2026-07-12 15:42:16","VVI230",510,"m","7/12/26"
"1532","table","cdi_words","1","understands",NA,0,"32","2026-07-12 15:42:16","VVI230",510,"m","7/12/26"
"1533","table","cdi_words","1","produces",NA,0,"199","2026-06-29 18:15:46","VVI223",450,"f","8/26/06"
"1534","table","cdi_words","1","understands",1,1,"199","2026-06-29 18:15:46","VVI223",450,"f","8/26/06"
"1535","table","cdi_words","1","produces",NA,0,"245","2026-04-29 06:56:14","VVI196",450,"f","4/14/26"
"1536","table","cdi_words","1","understands",1,1,"245","2026-04-29 06:56:14","VVI196",450,"f","4/14/26"
"1537","table","cdi_words","1","produces",NA,0,"104","2026-03-29 15:34:33","VVI183",420,"m","3/29/26"
"1538","table","cdi_words","1","understands",NA,0,"104","2026-03-29 15:34:33","VVI183",420,"m","3/29/26"
"1539","table","cdi_words","1","produces",NA,0,"125","2026-04-30 08:46:28","VVI197",450,"m","4/14/26"
"1540","table","cdi_words","1","understands",1,1,"125","2026-04-30 08:46:28","VVI197",450,"m","4/14/26"
"1541","table","cdi_words","1","produces",NA,0,"213","2026-02-15 21:07:24","VVI142",450,"f","2/16/26"
"1542","table","cdi_words","1","understands",1,1,"213","2026-02-15 21:07:24","VVI142",450,"f","2/16/26"
"1543","table","cdi_words","1","produces",NA,0,"76","2026-04-02 15:03:35","VVI186",450,"m","2/26/04"
"1544","table","cdi_words","1","understands",NA,0,"76","2026-04-02 15:03:35","VVI186",450,"m","2/26/04"
"1545","table","cdi_words","1","produces",NA,0,"3259","2026-06-30 07:13:02","VVI213",450,"f","5/19/26"
"1546","table","cdi_words","1","understands",1,1,"3259","2026-06-30 07:13:02","VVI213",450,"f","5/19/26"
"1547","table","cdi_words","1","produces",NA,0,"53","2026-06-03 07:26:29","VVI221",420,"m","3/26/06"
"1548","table","cdi_words","1","understands",NA,0,"53","2026-06-03 07:26:29","VVI221",420,"m","3/26/06"
"1549","table","cdi_words","1","produces",NA,0,"223","2026-03-09 15:51:32","VVI162",510,"f","2/24/26"
"1550","table","cdi_words","1","understands",NA,0,"223","2026-03-09 15:51:32","VVI162",510,"f","2/24/26"
"1551","table","cdi_words","1","produces",NA,0,"207","2026-04-08 10:48:19","VVI193",450,"f","8/26/04"
"1552","table","cdi_words","1","understands",1,1,"207","2026-04-08 10:48:19","VVI193",450,"f","8/26/04"
"1553","table","cdi_words","1","produces",NA,0,"131","2026-04-28 16:52:20","VVI201",420,"m","4/27/26"
"1554","table","cdi_words","1","understands",1,1,"131","2026-04-28 16:52:20","VVI201",420,"m","4/27/26"
"1555","table","cdi_words","1","produces",NA,0,"216","2026-03-08 20:15:37","VVI146",510,"f","2/17/26"
"1556","table","cdi_words","1","understands",1,1,"216","2026-03-08 20:15:37","VVI146",510,"f","2/17/26"
"1557","table","cdi_words","1","produces",NA,0,"179","2026-03-09 12:13:10","VVI160",510,"m","2/23/26"
"1558","table","cdi_words","1","understands",NA,0,"179","2026-03-09 12:13:10","VVI160",510,"m","2/23/26"
"1559","table","cdi_words","1","produces",NA,0,"102","2026-03-08 18:49:54","VVI164",480,"m","2/25/26"
"1560","table","cdi_words","1","understands",NA,0,"102","2026-03-08 18:49:54","VVI164",480,"m","2/25/26"
"1561","television","cdi_words","1","produces",NA,0,"32","2026-07-12 15:42:16","VVI230",510,"m","7/12/26"
"1562","television","cdi_words","1","understands",NA,0,"32","2026-07-12 15:42:16","VVI230",510,"m","7/12/26"
"1563","television","cdi_words","1","produces",NA,0,"199","2026-06-29 18:15:46","VVI223",450,"f","8/26/06"
"1564","television","cdi_words","1","understands",1,1,"199","2026-06-29 18:15:46","VVI223",450,"f","8/26/06"
"1565","television","cdi_words","1","produces",2,1,"245","2026-04-29 06:56:14","VVI196",450,"f","4/14/26"
"1566","television","cdi_words","1","understands",2,1,"245","2026-04-29 06:56:14","VVI196",450,"f","4/14/26"
"1567","television","cdi_words","1","produces",NA,0,"104","2026-03-29 15:34:33","VVI183",420,"m","3/29/26"
"1568","television","cdi_words","1","understands",NA,0,"104","2026-03-29 15:34:33","VVI183",420,"m","3/29/26"
"1569","television","cdi_words","1","produces",NA,0,"125","2026-04-30 08:46:28","VVI197",450,"m","4/14/26"
"1570","television","cdi_words","1","understands",NA,0,"125","2026-04-30 08:46:28","VVI197",450,"m","4/14/26"
"1571","television","cdi_words","1","produces",NA,0,"213","2026-02-15 21:07:24","VVI142",450,"f","2/16/26"
"1572","television","cdi_words","1","understands",1,1,"213","2026-02-15 21:07:24","VVI142",450,"f","2/16/26"
"1573","television","cdi_words","1","produces",NA,0,"76","2026-04-02 15:03:35","VVI186",450,"m","2/26/04"
"1574","television","cdi_words","1","understands",NA,0,"76","2026-04-02 15:03:35","VVI186",450,"m","2/26/04"
"1575","television","cdi_words","1","produces",NA,0,"3259","2026-06-30 07:13:02","VVI213",450,"f","5/19/26"
"1576","television","cdi_words","1","understands",NA,0,"3259","2026-06-30 07:13:02","VVI213",450,"f","5/19/26"
"1577","television","cdi_words","1","produces",NA,0,"53","2026-06-03 07:26:29","VVI221",420,"m","3/26/06"
"1578","television","cdi_words","1","understands",NA,0,"53","2026-06-03 07:26:29","VVI221",420,"m","3/26/06"
"1579","television","cdi_words","1","produces",NA,0,"223","2026-03-09 15:51:32","VVI162",510,"f","2/24/26"
"1580","television","cdi_words","1","understands",NA,0,"223","2026-03-09 15:51:32","VVI162",510,"f","2/24/26"
"1581","television","cdi_words","1","produces",NA,0,"207","2026-04-08 10:48:19","VVI193",450,"f","8/26/04"
"1582","television","cdi_words","1","understands",1,1,"207","2026-04-08 10:48:19","VVI193",450,"f","8/26/04"
"1583","television","cdi_words","1","produces",NA,0,"131","2026-04-28 16:52:20","VVI201",420,"m","4/27/26"
"1584","television","cdi_words","1","understands",NA,0,"131","2026-04-28 16:52:20","VVI201",420,"m","4/27/26"
"1585","television","cdi_words","1","produces",NA,0,"216","2026-03-08 20:15:37","VVI146",510,"f","2/17/26"
"1586","television","cdi_words","1","understands",1,1,"216","2026-03-08 20:15:37","VVI146",510,"f","2/17/26"
"1587","television","cdi_words","1","produces",NA,0,"179","2026-03-09 12:13:10","VVI160",510,"m","2/23/26"
"1588","television","cdi_words","1","understands",NA,0,"179","2026-03-09 12:13:10","VVI160",510,"m","2/23/26"
"1589","television","cdi_words","1","produces",NA,0,"102","2026-03-08 18:49:54","VVI164",480,"m","2/25/26"
"1590","television","cdi_words","1","understands",1,1,"102","2026-03-08 18:49:54","VVI164",480,"m","2/25/26"
"1591","blanket","cdi_words","1","produces",NA,0,"32","2026-07-12 15:42:16","VVI230",510,"m","7/12/26"
"1592","blanket","cdi_words","1","understands",NA,0,"32","2026-07-12 15:42:16","VVI230",510,"m","7/12/26"
"1593","blanket","cdi_words","1","produces",NA,0,"199","2026-06-29 18:15:46","VVI223",450,"f","8/26/06"
"1594","blanket","cdi_words","1","understands",1,1,"199","2026-06-29 18:15:46","VVI223",450,"f","8/26/06"
"1595","blanket","cdi_words","1","produces",NA,0,"245","2026-04-29 06:56:14","VVI196",450,"f","4/14/26"
"1596","blanket","cdi_words","1","understands",1,1,"245","2026-04-29 06:56:14","VVI196",450,"f","4/14/26"
"1597","blanket","cdi_words","1","produces",NA,0,"104","2026-03-29 15:34:33","VVI183",420,"m","3/29/26"
"1598","blanket","cdi_words","1","understands",NA,0,"104","2026-03-29 15:34:33","VVI183",420,"m","3/29/26"
"1599","blanket","cdi_words","1","produces",NA,0,"125","2026-04-30 08:46:28","VVI197",450,"m","4/14/26"
"1600","blanket","cdi_words","1","understands",1,1,"125","2026-04-30 08:46:28","VVI197",450,"m","4/14/26"
"1601","blanket","cdi_words","1","produces",NA,0,"213","2026-02-15 21:07:24","VVI142",450,"f","2/16/26"
"1602","blanket","cdi_words","1","understands",1,1,"213","2026-02-15 21:07:24","VVI142",450,"f","2/16/26"
"1603","blanket","cdi_words","1","produces",NA,0,"76","2026-04-02 15:03:35","VVI186",450,"m","2/26/04"
"1604","blanket","cdi_words","1","understands",NA,0,"76","2026-04-02 15:03:35","VVI186",450,"m","2/26/04"
"1605","blanket","cdi_words","1","produces",2,1,"3259","2026-06-30 07:13:02","VVI213",450,"f","5/19/26"
"1606","blanket","cdi_words","1","understands",2,1,"3259","2026-06-30 07:13:02","VVI213",450,"f","5/19/26"
"1607","blanket","cdi_words","1","produces",NA,0,"53","2026-06-03 07:26:29","VVI221",420,"m","3/26/06"
"1608","blanket","cdi_words","1","understands",NA,0,"53","2026-06-03 07:26:29","VVI221",420,"m","3/26/06"
"1609","blanket","cdi_words","1","produces",NA,0,"223","2026-03-09 15:51:32","VVI162",510,"f","2/24/26"
"1610","blanket","cdi_words","1","understands",NA,0,"223","2026-03-09 15:51:32","VVI162",510,"f","2/24/26"
"1611","blanket","cdi_words","1","produces",NA,0,"207","2026-04-08 10:48:19","VVI193",450,"f","8/26/04"
"1612","blanket","cdi_words","1","understands",1,1,"207","2026-04-08 10:48:19","VVI193",450,"f","8/26/04"
"1613","blanket","cdi_words","1","produces",NA,0,"131","2026-04-28 16:52:20","VVI201",420,"m","4/27/26"
"1614","blanket","cdi_words","1","understands",1,1,"131","2026-04-28 16:52:20","VVI201",420,"m","4/27/26"
"1615","blanket","cdi_words","1","produces",2,1,"216","2026-03-08 20:15:37","VVI146",510,"f","2/17/26"
"1616","blanket","cdi_words","1","understands",2,1,"216","2026-03-08 20:15:37","VVI146",510,"f","2/17/26"
"1617","blanket","cdi_words","1","produces",NA,0,"179","2026-03-09 12:13:10","VVI160",510,"m","2/23/26"
"1618","blanket","cdi_words","1","understands",NA,0,"179","2026-03-09 12:13:10","VVI160",510,"m","2/23/26"
"1619","blanket","cdi_words","1","produces",NA,0,"102","2026-03-08 18:49:54","VVI164",480,"m","2/25/26"
"1620","blanket","cdi_words","1","understands",NA,0,"102","2026-03-08 18:49:54","VVI164",480,"m","2/25/26"
"1621","bottle","cdi_words","1","produces",NA,0,"32","2026-07-12 15:42:16","VVI230",510,"m","7/12/26"
"1622","bottle","cdi_words","1","understands",NA,0,"32","2026-07-12 15:42:16","VVI230",510,"m","7/12/26"
"1623","bottle","cdi_words","1","produces",NA,0,"199","2026-06-29 18:15:46","VVI223",450,"f","8/26/06"
"1624","bottle","cdi_words","1","understands",1,1,"199","2026-06-29 18:15:46","VVI223",450,"f","8/26/06"
"1625","bottle","cdi_words","1","produces",NA,0,"245","2026-04-29 06:56:14","VVI196",450,"f","4/14/26"
"1626","bottle","cdi_words","1","understands",1,1,"245","2026-04-29 06:56:14","VVI196",450,"f","4/14/26"
"1627","bottle","cdi_words","1","produces",NA,0,"104","2026-03-29 15:34:33","VVI183",420,"m","3/29/26"
"1628","bottle","cdi_words","1","understands",1,1,"104","2026-03-29 15:34:33","VVI183",420,"m","3/29/26"
"1629","bottle","cdi_words","1","produces",NA,0,"125","2026-04-30 08:46:28","VVI197",450,"m","4/14/26"
"1630","bottle","cdi_words","1","understands",1,1,"125","2026-04-30 08:46:28","VVI197",450,"m","4/14/26"
"1631","bottle","cdi_words","1","produces",NA,0,"213","2026-02-15 21:07:24","VVI142",450,"f","2/16/26"
"1632","bottle","cdi_words","1","understands",NA,0,"213","2026-02-15 21:07:24","VVI142",450,"f","2/16/26"
"1633","bottle","cdi_words","1","produces",NA,0,"76","2026-04-02 15:03:35","VVI186",450,"m","2/26/04"
"1634","bottle","cdi_words","1","understands",NA,0,"76","2026-04-02 15:03:35","VVI186",450,"m","2/26/04"
"1635","bottle","cdi_words","1","produces",NA,0,"3259","2026-06-30 07:13:02","VVI213",450,"f","5/19/26"
"1636","bottle","cdi_words","1","understands",NA,0,"3259","2026-06-30 07:13:02","VVI213",450,"f","5/19/26"
"1637","bottle","cdi_words","1","produces",NA,0,"53","2026-06-03 07:26:29","VVI221",420,"m","3/26/06"
"1638","bottle","cdi_words","1","understands",NA,0,"53","2026-06-03 07:26:29","VVI221",420,"m","3/26/06"
"1639","bottle","cdi_words","1","produces",NA,0,"223","2026-03-09 15:51:32","VVI162",510,"f","2/24/26"
"1640","bottle","cdi_words","1","understands",NA,0,"223","2026-03-09 15:51:32","VVI162",510,"f","2/24/26"
"1641","bottle","cdi_words","1","produces",NA,0,"207","2026-04-08 10:48:19","VVI193",450,"f","8/26/04"
"1642","bottle","cdi_words","1","understands",1,1,"207","2026-04-08 10:48:19","VVI193",450,"f","8/26/04"
"1643","bottle","cdi_words","1","produces",NA,0,"131","2026-04-28 16:52:20","VVI201",420,"m","4/27/26"
"1644","bottle","cdi_words","1","understands",1,1,"131","2026-04-28 16:52:20","VVI201",420,"m","4/27/26"
"1645","bottle","cdi_words","1","produces",NA,0,"216","2026-03-08 20:15:37","VVI146",510,"f","2/17/26"
"1646","bottle","cdi_words","1","understands",NA,0,"216","2026-03-08 20:15:37","VVI146",510,"f","2/17/26"
"1647","bottle","cdi_words","1","produces",NA,0,"179","2026-03-09 12:13:10","VVI160",510,"m","2/23/26"
"1648","bottle","cdi_words","1","understands",1,1,"179","2026-03-09 12:13:10","VVI160",510,"m","2/23/26"
"1649","bottle","cdi_words","1","produces",NA,0,"102","2026-03-08 18:49:54","VVI164",480,"m","2/25/26"
"1650","bottle","cdi_words","1","understands",NA,0,"102","2026-03-08 18:49:54","VVI164",480,"m","2/25/26"
"1651","cup","cdi_words","1","produces",NA,0,"32","2026-07-12 15:42:16","VVI230",510,"m","7/12/26"
"1652","cup","cdi_words","1","understands",NA,0,"32","2026-07-12 15:42:16","VVI230",510,"m","7/12/26"
"1653","cup","cdi_words","1","produces",2,1,"199","2026-06-29 18:15:46","VVI223",450,"f","8/26/06"
"1654","cup","cdi_words","1","understands",2,1,"199","2026-06-29 18:15:46","VVI223",450,"f","8/26/06"
"1655","cup","cdi_words","1","produces",NA,0,"245","2026-04-29 06:56:14","VVI196",450,"f","4/14/26"
"1656","cup","cdi_words","1","understands",1,1,"245","2026-04-29 06:56:14","VVI196",450,"f","4/14/26"
"1657","cup","cdi_words","1","produces",NA,0,"104","2026-03-29 15:34:33","VVI183",420,"m","3/29/26"
"1658","cup","cdi_words","1","understands",NA,0,"104","2026-03-29 15:34:33","VVI183",420,"m","3/29/26"
"1659","cup","cdi_words","1","produces",NA,0,"125","2026-04-30 08:46:28","VVI197",450,"m","4/14/26"
"1660","cup","cdi_words","1","understands",1,1,"125","2026-04-30 08:46:28","VVI197",450,"m","4/14/26"
"1661","cup","cdi_words","1","produces",NA,0,"213","2026-02-15 21:07:24","VVI142",450,"f","2/16/26"
"1662","cup","cdi_words","1","understands",1,1,"213","2026-02-15 21:07:24","VVI142",450,"f","2/16/26"
"1663","cup","cdi_words","1","produces",NA,0,"76","2026-04-02 15:03:35","VVI186",450,"m","2/26/04"
"1664","cup","cdi_words","1","understands",NA,0,"76","2026-04-02 15:03:35","VVI186",450,"m","2/26/04"
"1665","cup","cdi_words","1","produces",NA,0,"3259","2026-06-30 07:13:02","VVI213",450,"f","5/19/26"
"1666","cup","cdi_words","1","understands",1,1,"3259","2026-06-30 07:13:02","VVI213",450,"f","5/19/26"
"1667","cup","cdi_words","1","produces",NA,0,"53","2026-06-03 07:26:29","VVI221",420,"m","3/26/06"
"1668","cup","cdi_words","1","understands",NA,0,"53","2026-06-03 07:26:29","VVI221",420,"m","3/26/06"
"1669","cup","cdi_words","1","produces",NA,0,"223","2026-03-09 15:51:32","VVI162",510,"f","2/24/26"
"1670","cup","cdi_words","1","understands",NA,0,"223","2026-03-09 15:51:32","VVI162",510,"f","2/24/26"
"1671","cup","cdi_words","1","produces",NA,0,"207","2026-04-08 10:48:19","VVI193",450,"f","8/26/04"
"1672","cup","cdi_words","1","understands",1,1,"207","2026-04-08 10:48:19","VVI193",450,"f","8/26/04"
"1673","cup","cdi_words","1","produces",NA,0,"131","2026-04-28 16:52:20","VVI201",420,"m","4/27/26"
"1674","cup","cdi_words","1","understands",1,1,"131","2026-04-28 16:52:20","VVI201",420,"m","4/27/26"
"1675","cup","cdi_words","1","produces",NA,0,"216","2026-03-08 20:15:37","VVI146",510,"f","2/17/26"
"1676","cup","cdi_words","1","understands",1,1,"216","2026-03-08 20:15:37","VVI146",510,"f","2/17/26"
"1677","cup","cdi_words","1","produces",NA,0,"179","2026-03-09 12:13:10","VVI160",510,"m","2/23/26"
"1678","cup","cdi_words","1","understands",1,1,"179","2026-03-09 12:13:10","VVI160",510,"m","2/23/26"
"1679","cup","cdi_words","1","produces",NA,0,"102","2026-03-08 18:49:54","VVI164",480,"m","2/25/26"
"1680","cup","cdi_words","1","understands",NA,0,"102","2026-03-08 18:49:54","VVI164",480,"m","2/25/26"
"1681","dish","cdi_words","1","produces",NA,0,"32","2026-07-12 15:42:16","VVI230",510,"m","7/12/26"
"1682","dish","cdi_words","1","understands",NA,0,"32","2026-07-12 15:42:16","VVI230",510,"m","7/12/26"
"1683","dish","cdi_words","1","produces",NA,0,"199","2026-06-29 18:15:46","VVI223",450,"f","8/26/06"
"1684","dish","cdi_words","1","understands",1,1,"199","2026-06-29 18:15:46","VVI223",450,"f","8/26/06"
"1685","dish","cdi_words","1","produces",2,1,"245","2026-04-29 06:56:14","VVI196",450,"f","4/14/26"
"1686","dish","cdi_words","1","understands",2,1,"245","2026-04-29 06:56:14","VVI196",450,"f","4/14/26"
"1687","dish","cdi_words","1","produces",NA,0,"104","2026-03-29 15:34:33","VVI183",420,"m","3/29/26"
"1688","dish","cdi_words","1","understands",NA,0,"104","2026-03-29 15:34:33","VVI183",420,"m","3/29/26"
"1689","dish","cdi_words","1","produces",NA,0,"125","2026-04-30 08:46:28","VVI197",450,"m","4/14/26"
"1690","dish","cdi_words","1","understands",NA,0,"125","2026-04-30 08:46:28","VVI197",450,"m","4/14/26"
"1691","dish","cdi_words","1","produces",NA,0,"213","2026-02-15 21:07:24","VVI142",450,"f","2/16/26"
"1692","dish","cdi_words","1","understands",NA,0,"213","2026-02-15 21:07:24","VVI142",450,"f","2/16/26"
"1693","dish","cdi_words","1","produces",NA,0,"76","2026-04-02 15:03:35","VVI186",450,"m","2/26/04"
"1694","dish","cdi_words","1","understands",NA,0,"76","2026-04-02 15:03:35","VVI186",450,"m","2/26/04"
"1695","dish","cdi_words","1","produces",NA,0,"3259","2026-06-30 07:13:02","VVI213",450,"f","5/19/26"
"1696","dish","cdi_words","1","understands",NA,0,"3259","2026-06-30 07:13:02","VVI213",450,"f","5/19/26"
"1697","dish","cdi_words","1","produces",NA,0,"53","2026-06-03 07:26:29","VVI221",420,"m","3/26/06"
"1698","dish","cdi_words","1","understands",NA,0,"53","2026-06-03 07:26:29","VVI221",420,"m","3/26/06"
"1699","dish","cdi_words","1","produces",NA,0,"223","2026-03-09 15:51:32","VVI162",510,"f","2/24/26"
"1700","dish","cdi_words","1","understands",NA,0,"223","2026-03-09 15:51:32","VVI162",510,"f","2/24/26"
"1701","dish","cdi_words","1","produces",NA,0,"207","2026-04-08 10:48:19","VVI193",450,"f","8/26/04"
"1702","dish","cdi_words","1","understands",1,1,"207","2026-04-08 10:48:19","VVI193",450,"f","8/26/04"
"1703","dish","cdi_words","1","produces",NA,0,"131","2026-04-28 16:52:20","VVI201",420,"m","4/27/26"
"1704","dish","cdi_words","1","understands",NA,0,"131","2026-04-28 16:52:20","VVI201",420,"m","4/27/26"
"1705","dish","cdi_words","1","produces",NA,0,"216","2026-03-08 20:15:37","VVI146",510,"f","2/17/26"
"1706","dish","cdi_words","1","understands",1,1,"216","2026-03-08 20:15:37","VVI146",510,"f","2/17/26"
"1707","dish","cdi_words","1","produces",NA,0,"179","2026-03-09 12:13:10","VVI160",510,"m","2/23/26"
"1708","dish","cdi_words","1","understands",1,1,"179","2026-03-09 12:13:10","VVI160",510,"m","2/23/26"
"1709","dish","cdi_words","1","produces",NA,0,"102","2026-03-08 18:49:54","VVI164",480,"m","2/25/26"
"1710","dish","cdi_words","1","understands",NA,0,"102","2026-03-08 18:49:54","VVI164",480,"m","2/25/26"
"1711","uh oh","cdi_words","1","produces",NA,0,"32","2026-07-12 15:42:16","VVI230",510,"m","7/12/26"
"1712","uh oh","cdi_words","1","understands",NA,0,"32","2026-07-12 15:42:16","VVI230",510,"m","7/12/26"
"1713","uh oh","cdi_words","1","produces",2,1,"199","2026-06-29 18:15:46","VVI223",450,"f","8/26/06"
"1714","uh oh","cdi_words","1","understands",2,1,"199","2026-06-29 18:15:46","VVI223",450,"f","8/26/06"
"1715","uh oh","cdi_words","1","produces",NA,0,"245","2026-04-29 06:56:14","VVI196",450,"f","4/14/26"
"1716","uh oh","cdi_words","1","understands",1,1,"245","2026-04-29 06:56:14","VVI196",450,"f","4/14/26"
"1717","uh oh","cdi_words","1","produces",NA,0,"104","2026-03-29 15:34:33","VVI183",420,"m","3/29/26"
"1718","uh oh","cdi_words","1","understands",1,1,"104","2026-03-29 15:34:33","VVI183",420,"m","3/29/26"
"1719","uh oh","cdi_words","1","produces",NA,0,"125","2026-04-30 08:46:28","VVI197",450,"m","4/14/26"
"1720","uh oh","cdi_words","1","understands",1,1,"125","2026-04-30 08:46:28","VVI197",450,"m","4/14/26"
"1721","uh oh","cdi_words","1","produces",2,1,"213","2026-02-15 21:07:24","VVI142",450,"f","2/16/26"
"1722","uh oh","cdi_words","1","understands",2,1,"213","2026-02-15 21:07:24","VVI142",450,"f","2/16/26"
"1723","uh oh","cdi_words","1","produces",NA,0,"76","2026-04-02 15:03:35","VVI186",450,"m","2/26/04"
"1724","uh oh","cdi_words","1","understands",1,1,"76","2026-04-02 15:03:35","VVI186",450,"m","2/26/04"
"1725","uh oh","cdi_words","1","produces",2,1,"3259","2026-06-30 07:13:02","VVI213",450,"f","5/19/26"
"1726","uh oh","cdi_words","1","understands",2,1,"3259","2026-06-30 07:13:02","VVI213",450,"f","5/19/26"
"1727","uh oh","cdi_words","1","produces",NA,0,"53","2026-06-03 07:26:29","VVI221",420,"m","3/26/06"
"1728","uh oh","cdi_words","1","understands",1,1,"53","2026-06-03 07:26:29","VVI221",420,"m","3/26/06"
"1729","uh oh","cdi_words","1","produces",2,1,"223","2026-03-09 15:51:32","VVI162",510,"f","2/24/26"
"1730","uh oh","cdi_words","1","understands",2,1,"223","2026-03-09 15:51:32","VVI162",510,"f","2/24/26"
"1731","uh oh","cdi_words","1","produces",NA,0,"207","2026-04-08 10:48:19","VVI193",450,"f","8/26/04"
"1732","uh oh","cdi_words","1","understands",1,1,"207","2026-04-08 10:48:19","VVI193",450,"f","8/26/04"
"1733","uh oh","cdi_words","1","produces",NA,0,"131","2026-04-28 16:52:20","VVI201",420,"m","4/27/26"
"1734","uh oh","cdi_words","1","understands",1,1,"131","2026-04-28 16:52:20","VVI201",420,"m","4/27/26"
"1735","uh oh","cdi_words","1","produces",2,1,"216","2026-03-08 20:15:37","VVI146",510,"f","2/17/26"
"1736","uh oh","cdi_words","1","understands",2,1,"216","2026-03-08 20:15:37","VVI146",510,"f","2/17/26"
"1737","uh oh","cdi_words","1","produces",2,1,"179","2026-03-09 12:13:10","VVI160",510,"m","2/23/26"
"1738","uh oh","cdi_words","1","understands",2,1,"179","2026-03-09 12:13:10","VVI160",510,"m","2/23/26"
"1739","uh oh","cdi_words","1","produces",2,1,"102","2026-03-08 18:49:54","VVI164",480,"m","2/25/26"
"1740","uh oh","cdi_words","1","understands",2,1,"102","2026-03-08 18:49:54","VVI164",480,"m","2/25/26"
"1741","lamp","cdi_words","1","produces",NA,0,"32","2026-07-12 15:42:16","VVI230",510,"m","7/12/26"
"1742","lamp","cdi_words","1","understands",NA,0,"32","2026-07-12 15:42:16","VVI230",510,"m","7/12/26"
"1743","lamp","cdi_words","1","produces",NA,0,"199","2026-06-29 18:15:46","VVI223",450,"f","8/26/06"
"1744","lamp","cdi_words","1","understands",1,1,"199","2026-06-29 18:15:46","VVI223",450,"f","8/26/06"
"1745","lamp","cdi_words","1","produces",NA,0,"245","2026-04-29 06:56:14","VVI196",450,"f","4/14/26"
"1746","lamp","cdi_words","1","understands",1,1,"245","2026-04-29 06:56:14","VVI196",450,"f","4/14/26"
"1747","lamp","cdi_words","1","produces",NA,0,"104","2026-03-29 15:34:33","VVI183",420,"m","3/29/26"
"1748","lamp","cdi_words","1","understands",NA,0,"104","2026-03-29 15:34:33","VVI183",420,"m","3/29/26"
"1749","lamp","cdi_words","1","produces",NA,0,"125","2026-04-30 08:46:28","VVI197",450,"m","4/14/26"
"1750","lamp","cdi_words","1","understands",NA,0,"125","2026-04-30 08:46:28","VVI197",450,"m","4/14/26"
"1751","lamp","cdi_words","1","produces",NA,0,"213","2026-02-15 21:07:24","VVI142",450,"f","2/16/26"
"1752","lamp","cdi_words","1","understands",NA,0,"213","2026-02-15 21:07:24","VVI142",450,"f","2/16/26"
"1753","lamp","cdi_words","1","produces",NA,0,"76","2026-04-02 15:03:35","VVI186",450,"m","2/26/04"
"1754","lamp","cdi_words","1","understands",NA,0,"76","2026-04-02 15:03:35","VVI186",450,"m","2/26/04"
"1755","lamp","cdi_words","1","produces",NA,0,"3259","2026-06-30 07:13:02","VVI213",450,"f","5/19/26"
"1756","lamp","cdi_words","1","understands",NA,0,"3259","2026-06-30 07:13:02","VVI213",450,"f","5/19/26"
"1757","lamp","cdi_words","1","produces",NA,0,"53","2026-06-03 07:26:29","VVI221",420,"m","3/26/06"
"1758","lamp","cdi_words","1","understands",NA,0,"53","2026-06-03 07:26:29","VVI221",420,"m","3/26/06"
"1759","lamp","cdi_words","1","produces",NA,0,"223","2026-03-09 15:51:32","VVI162",510,"f","2/24/26"
"1760","lamp","cdi_words","1","understands",NA,0,"223","2026-03-09 15:51:32","VVI162",510,"f","2/24/26"
"1761","lamp","cdi_words","1","produces",NA,0,"207","2026-04-08 10:48:19","VVI193",450,"f","8/26/04"
"1762","lamp","cdi_words","1","understands",1,1,"207","2026-04-08 10:48:19","VVI193",450,"f","8/26/04"
"1763","lamp","cdi_words","1","produces",NA,0,"131","2026-04-28 16:52:20","VVI201",420,"m","4/27/26"
"1764","lamp","cdi_words","1","understands",NA,0,"131","2026-04-28 16:52:20","VVI201",420,"m","4/27/26"
"1765","lamp","cdi_words","1","produces",NA,0,"216","2026-03-08 20:15:37","VVI146",510,"f","2/17/26"
"1766","lamp","cdi_words","1","understands",NA,0,"216","2026-03-08 20:15:37","VVI146",510,"f","2/17/26"
"1767","lamp","cdi_words","1","produces",NA,0,"179","2026-03-09 12:13:10","VVI160",510,"m","2/23/26"
"1768","lamp","cdi_words","1","understands",NA,0,"179","2026-03-09 12:13:10","VVI160",510,"m","2/23/26"
"1769","lamp","cdi_words","1","produces",NA,0,"102","2026-03-08 18:49:54","VVI164",480,"m","2/25/26"
"1770","lamp","cdi_words","1","understands",NA,0,"102","2026-03-08 18:49:54","VVI164",480,"m","2/25/26"
"1771","radio","cdi_words","1","produces",NA,0,"32","2026-07-12 15:42:16","VVI230",510,"m","7/12/26"
"1772","radio","cdi_words","1","understands",NA,0,"32","2026-07-12 15:42:16","VVI230",510,"m","7/12/26"
"1773","radio","cdi_words","1","produces",NA,0,"199","2026-06-29 18:15:46","VVI223",450,"f","8/26/06"
"1774","radio","cdi_words","1","understands",NA,0,"199","2026-06-29 18:15:46","VVI223",450,"f","8/26/06"
"1775","radio","cdi_words","1","produces",NA,0,"245","2026-04-29 06:56:14","VVI196",450,"f","4/14/26"
"1776","radio","cdi_words","1","understands",1,1,"245","2026-04-29 06:56:14","VVI196",450,"f","4/14/26"
"1777","radio","cdi_words","1","produces",NA,0,"104","2026-03-29 15:34:33","VVI183",420,"m","3/29/26"
"1778","radio","cdi_words","1","understands",NA,0,"104","2026-03-29 15:34:33","VVI183",420,"m","3/29/26"
"1779","radio","cdi_words","1","produces",NA,0,"125","2026-04-30 08:46:28","VVI197",450,"m","4/14/26"
"1780","radio","cdi_words","1","understands",NA,0,"125","2026-04-30 08:46:28","VVI197",450,"m","4/14/26"
"1781","radio","cdi_words","1","produces",NA,0,"213","2026-02-15 21:07:24","VVI142",450,"f","2/16/26"
"1782","radio","cdi_words","1","understands",NA,0,"213","2026-02-15 21:07:24","VVI142",450,"f","2/16/26"
"1783","radio","cdi_words","1","produces",NA,0,"76","2026-04-02 15:03:35","VVI186",450,"m","2/26/04"
"1784","radio","cdi_words","1","understands",NA,0,"76","2026-04-02 15:03:35","VVI186",450,"m","2/26/04"
"1785","radio","cdi_words","1","produces",NA,0,"3259","2026-06-30 07:13:02","VVI213",450,"f","5/19/26"
"1786","radio","cdi_words","1","understands",NA,0,"3259","2026-06-30 07:13:02","VVI213",450,"f","5/19/26"
"1787","radio","cdi_words","1","produces",NA,0,"53","2026-06-03 07:26:29","VVI221",420,"m","3/26/06"
"1788","radio","cdi_words","1","understands",NA,0,"53","2026-06-03 07:26:29","VVI221",420,"m","3/26/06"
"1789","radio","cdi_words","1","produces",NA,0,"223","2026-03-09 15:51:32","VVI162",510,"f","2/24/26"
"1790","radio","cdi_words","1","understands",NA,0,"223","2026-03-09 15:51:32","VVI162",510,"f","2/24/26"
"1791","radio","cdi_words","1","produces",NA,0,"207","2026-04-08 10:48:19","VVI193",450,"f","8/26/04"
"1792","radio","cdi_words","1","understands",NA,0,"207","2026-04-08 10:48:19","VVI193",450,"f","8/26/04"
"1793","radio","cdi_words","1","produces",NA,0,"131","2026-04-28 16:52:20","VVI201",420,"m","4/27/26"
"1794","radio","cdi_words","1","understands",NA,0,"131","2026-04-28 16:52:20","VVI201",420,"m","4/27/26"
"1795","radio","cdi_words","1","produces",NA,0,"216","2026-03-08 20:15:37","VVI146",510,"f","2/17/26"
"1796","radio","cdi_words","1","understands",NA,0,"216","2026-03-08 20:15:37","VVI146",510,"f","2/17/26"
"1797","radio","cdi_words","1","produces",NA,0,"179","2026-03-09 12:13:10","VVI160",510,"m","2/23/26"
"1798","radio","cdi_words","1","understands",NA,0,"179","2026-03-09 12:13:10","VVI160",510,"m","2/23/26"
"1799","radio","cdi_words","1","produces",NA,0,"102","2026-03-08 18:49:54","VVI164",480,"m","2/25/26"
"1800","radio","cdi_words","1","understands",NA,0,"102","2026-03-08 18:49:54","VVI164",480,"m","2/25/26"
"1801","spoon","cdi_words","1","produces",NA,0,"32","2026-07-12 15:42:16","VVI230",510,"m","7/12/26"
"1802","spoon","cdi_words","1","understands",NA,0,"32","2026-07-12 15:42:16","VVI230",510,"m","7/12/26"
"1803","spoon","cdi_words","1","produces",NA,0,"199","2026-06-29 18:15:46","VVI223",450,"f","8/26/06"
"1804","spoon","cdi_words","1","understands",1,1,"199","2026-06-29 18:15:46","VVI223",450,"f","8/26/06"
"1805","spoon","cdi_words","1","produces",NA,0,"245","2026-04-29 06:56:14","VVI196",450,"f","4/14/26"
"1806","spoon","cdi_words","1","understands",1,1,"245","2026-04-29 06:56:14","VVI196",450,"f","4/14/26"
"1807","spoon","cdi_words","1","produces",NA,0,"104","2026-03-29 15:34:33","VVI183",420,"m","3/29/26"
"1808","spoon","cdi_words","1","understands",NA,0,"104","2026-03-29 15:34:33","VVI183",420,"m","3/29/26"
"1809","spoon","cdi_words","1","produces",NA,0,"125","2026-04-30 08:46:28","VVI197",450,"m","4/14/26"
"1810","spoon","cdi_words","1","understands",NA,0,"125","2026-04-30 08:46:28","VVI197",450,"m","4/14/26"
"1811","spoon","cdi_words","1","produces",NA,0,"213","2026-02-15 21:07:24","VVI142",450,"f","2/16/26"
"1812","spoon","cdi_words","1","understands",1,1,"213","2026-02-15 21:07:24","VVI142",450,"f","2/16/26"
"1813","spoon","cdi_words","1","produces",NA,0,"76","2026-04-02 15:03:35","VVI186",450,"m","2/26/04"
"1814","spoon","cdi_words","1","understands",NA,0,"76","2026-04-02 15:03:35","VVI186",450,"m","2/26/04"
"1815","spoon","cdi_words","1","produces",2,1,"3259","2026-06-30 07:13:02","VVI213",450,"f","5/19/26"
"1816","spoon","cdi_words","1","understands",2,1,"3259","2026-06-30 07:13:02","VVI213",450,"f","5/19/26"
"1817","spoon","cdi_words","1","produces",NA,0,"53","2026-06-03 07:26:29","VVI221",420,"m","3/26/06"
"1818","spoon","cdi_words","1","understands",NA,0,"53","2026-06-03 07:26:29","VVI221",420,"m","3/26/06"
"1819","spoon","cdi_words","1","produces",NA,0,"223","2026-03-09 15:51:32","VVI162",510,"f","2/24/26"
"1820","spoon","cdi_words","1","understands",NA,0,"223","2026-03-09 15:51:32","VVI162",510,"f","2/24/26"
"1821","spoon","cdi_words","1","produces",NA,0,"207","2026-04-08 10:48:19","VVI193",450,"f","8/26/04"
"1822","spoon","cdi_words","1","understands",1,1,"207","2026-04-08 10:48:19","VVI193",450,"f","8/26/04"
"1823","spoon","cdi_words","1","produces",NA,0,"131","2026-04-28 16:52:20","VVI201",420,"m","4/27/26"
"1824","spoon","cdi_words","1","understands",1,1,"131","2026-04-28 16:52:20","VVI201",420,"m","4/27/26"
"1825","spoon","cdi_words","1","produces",NA,0,"216","2026-03-08 20:15:37","VVI146",510,"f","2/17/26"
"1826","spoon","cdi_words","1","understands",1,1,"216","2026-03-08 20:15:37","VVI146",510,"f","2/17/26"
"1827","spoon","cdi_words","1","produces",NA,0,"179","2026-03-09 12:13:10","VVI160",510,"m","2/23/26"
"1828","spoon","cdi_words","1","understands",NA,0,"179","2026-03-09 12:13:10","VVI160",510,"m","2/23/26"
"1829","spoon","cdi_words","1","produces",NA,0,"102","2026-03-08 18:49:54","VVI164",480,"m","2/25/26"
"1830","spoon","cdi_words","1","understands",1,1,"102","2026-03-08 18:49:54","VVI164",480,"m","2/25/26"
"1831","flower","cdi_words","1","produces",NA,0,"32","2026-07-12 15:42:16","VVI230",510,"m","7/12/26"
"1832","flower","cdi_words","1","understands",NA,0,"32","2026-07-12 15:42:16","VVI230",510,"m","7/12/26"
"1833","flower","cdi_words","1","produces",NA,0,"199","2026-06-29 18:15:46","VVI223",450,"f","8/26/06"
"1834","flower","cdi_words","1","understands",1,1,"199","2026-06-29 18:15:46","VVI223",450,"f","8/26/06"
"1835","flower","cdi_words","1","produces",NA,0,"245","2026-04-29 06:56:14","VVI196",450,"f","4/14/26"
"1836","flower","cdi_words","1","understands",1,1,"245","2026-04-29 06:56:14","VVI196",450,"f","4/14/26"
"1837","flower","cdi_words","1","produces",NA,0,"104","2026-03-29 15:34:33","VVI183",420,"m","3/29/26"
"1838","flower","cdi_words","1","understands",NA,0,"104","2026-03-29 15:34:33","VVI183",420,"m","3/29/26"
"1839","flower","cdi_words","1","produces",NA,0,"125","2026-04-30 08:46:28","VVI197",450,"m","4/14/26"
"1840","flower","cdi_words","1","understands",NA,0,"125","2026-04-30 08:46:28","VVI197",450,"m","4/14/26"
"1841","flower","cdi_words","1","produces",NA,0,"213","2026-02-15 21:07:24","VVI142",450,"f","2/16/26"
"1842","flower","cdi_words","1","understands",NA,0,"213","2026-02-15 21:07:24","VVI142",450,"f","2/16/26"
"1843","flower","cdi_words","1","produces",NA,0,"76","2026-04-02 15:03:35","VVI186",450,"m","2/26/04"
"1844","flower","cdi_words","1","understands",NA,0,"76","2026-04-02 15:03:35","VVI186",450,"m","2/26/04"
"1845","flower","cdi_words","1","produces",NA,0,"3259","2026-06-30 07:13:02","VVI213",450,"f","5/19/26"
"1846","flower","cdi_words","1","understands",NA,0,"3259","2026-06-30 07:13:02","VVI213",450,"f","5/19/26"
"1847","flower","cdi_words","1","produces",NA,0,"53","2026-06-03 07:26:29","VVI221",420,"m","3/26/06"
"1848","flower","cdi_words","1","understands",NA,0,"53","2026-06-03 07:26:29","VVI221",420,"m","3/26/06"
"1849","flower","cdi_words","1","produces",NA,0,"223","2026-03-09 15:51:32","VVI162",510,"f","2/24/26"
"1850","flower","cdi_words","1","understands",NA,0,"223","2026-03-09 15:51:32","VVI162",510,"f","2/24/26"
"1851","flower","cdi_words","1","produces",NA,0,"207","2026-04-08 10:48:19","VVI193",450,"f","8/26/04"
"1852","flower","cdi_words","1","understands",1,1,"207","2026-04-08 10:48:19","VVI193",450,"f","8/26/04"
"1853","flower","cdi_words","1","produces",NA,0,"131","2026-04-28 16:52:20","VVI201",420,"m","4/27/26"
"1854","flower","cdi_words","1","understands",1,1,"131","2026-04-28 16:52:20","VVI201",420,"m","4/27/26"
"1855","flower","cdi_words","1","produces",NA,0,"216","2026-03-08 20:15:37","VVI146",510,"f","2/17/26"
"1856","flower","cdi_words","1","understands",1,1,"216","2026-03-08 20:15:37","VVI146",510,"f","2/17/26"
"1857","flower","cdi_words","1","produces",NA,0,"179","2026-03-09 12:13:10","VVI160",510,"m","2/23/26"
"1858","flower","cdi_words","1","understands",NA,0,"179","2026-03-09 12:13:10","VVI160",510,"m","2/23/26"
"1859","flower","cdi_words","1","produces",NA,0,"102","2026-03-08 18:49:54","VVI164",480,"m","2/25/26"
"1860","flower","cdi_words","1","understands",NA,0,"102","2026-03-08 18:49:54","VVI164",480,"m","2/25/26"
"1861","home","cdi_words","1","produces",NA,0,"32","2026-07-12 15:42:16","VVI230",510,"m","7/12/26"
"1862","home","cdi_words","1","understands",NA,0,"32","2026-07-12 15:42:16","VVI230",510,"m","7/12/26"
"1863","home","cdi_words","1","produces",NA,0,"199","2026-06-29 18:15:46","VVI223",450,"f","8/26/06"
"1864","home","cdi_words","1","understands",1,1,"199","2026-06-29 18:15:46","VVI223",450,"f","8/26/06"
"1865","home","cdi_words","1","produces",NA,0,"245","2026-04-29 06:56:14","VVI196",450,"f","4/14/26"
"1866","home","cdi_words","1","understands",1,1,"245","2026-04-29 06:56:14","VVI196",450,"f","4/14/26"
"1867","home","cdi_words","1","produces",NA,0,"104","2026-03-29 15:34:33","VVI183",420,"m","3/29/26"
"1868","home","cdi_words","1","understands",NA,0,"104","2026-03-29 15:34:33","VVI183",420,"m","3/29/26"
"1869","home","cdi_words","1","produces",NA,0,"125","2026-04-30 08:46:28","VVI197",450,"m","4/14/26"
"1870","home","cdi_words","1","understands",1,1,"125","2026-04-30 08:46:28","VVI197",450,"m","4/14/26"
"1871","home","cdi_words","1","produces",NA,0,"213","2026-02-15 21:07:24","VVI142",450,"f","2/16/26"
"1872","home","cdi_words","1","understands",1,1,"213","2026-02-15 21:07:24","VVI142",450,"f","2/16/26"
"1873","home","cdi_words","1","produces",NA,0,"76","2026-04-02 15:03:35","VVI186",450,"m","2/26/04"
"1874","home","cdi_words","1","understands",NA,0,"76","2026-04-02 15:03:35","VVI186",450,"m","2/26/04"
"1875","home","cdi_words","1","produces",NA,0,"3259","2026-06-30 07:13:02","VVI213",450,"f","5/19/26"
"1876","home","cdi_words","1","understands",NA,0,"3259","2026-06-30 07:13:02","VVI213",450,"f","5/19/26"
"1877","home","cdi_words","1","produces",NA,0,"53","2026-06-03 07:26:29","VVI221",420,"m","3/26/06"
"1878","home","cdi_words","1","understands",NA,0,"53","2026-06-03 07:26:29","VVI221",420,"m","3/26/06"
"1879","home","cdi_words","1","produces",NA,0,"223","2026-03-09 15:51:32","VVI162",510,"f","2/24/26"
"1880","home","cdi_words","1","understands",NA,0,"223","2026-03-09 15:51:32","VVI162",510,"f","2/24/26"
"1881","home","cdi_words","1","produces",NA,0,"207","2026-04-08 10:48:19","VVI193",450,"f","8/26/04"
"1882","home","cdi_words","1","understands",1,1,"207","2026-04-08 10:48:19","VVI193",450,"f","8/26/04"
"1883","home","cdi_words","1","produces",NA,0,"131","2026-04-28 16:52:20","VVI201",420,"m","4/27/26"
"1884","home","cdi_words","1","understands",1,1,"131","2026-04-28 16:52:20","VVI201",420,"m","4/27/26"
"1885","home","cdi_words","1","produces",NA,0,"216","2026-03-08 20:15:37","VVI146",510,"f","2/17/26"
"1886","home","cdi_words","1","understands",1,1,"216","2026-03-08 20:15:37","VVI146",510,"f","2/17/26"
"1887","home","cdi_words","1","produces",NA,0,"179","2026-03-09 12:13:10","VVI160",510,"m","2/23/26"
"1888","home","cdi_words","1","understands",NA,0,"179","2026-03-09 12:13:10","VVI160",510,"m","2/23/26"
"1889","home","cdi_words","1","produces",NA,0,"102","2026-03-08 18:49:54","VVI164",480,"m","2/25/26"
"1890","home","cdi_words","1","understands",NA,0,"102","2026-03-08 18:49:54","VVI164",480,"m","2/25/26"
"1891","moon","cdi_words","1","produces",NA,0,"32","2026-07-12 15:42:16","VVI230",510,"m","7/12/26"
"1892","moon","cdi_words","1","understands",NA,0,"32","2026-07-12 15:42:16","VVI230",510,"m","7/12/26"
"1893","moon","cdi_words","1","produces",2,1,"199","2026-06-29 18:15:46","VVI223",450,"f","8/26/06"
"1894","moon","cdi_words","1","understands",2,1,"199","2026-06-29 18:15:46","VVI223",450,"f","8/26/06"
"1895","moon","cdi_words","1","produces",NA,0,"245","2026-04-29 06:56:14","VVI196",450,"f","4/14/26"
"1896","moon","cdi_words","1","understands",1,1,"245","2026-04-29 06:56:14","VVI196",450,"f","4/14/26"
"1897","moon","cdi_words","1","produces",NA,0,"104","2026-03-29 15:34:33","VVI183",420,"m","3/29/26"
"1898","moon","cdi_words","1","understands",NA,0,"104","2026-03-29 15:34:33","VVI183",420,"m","3/29/26"
"1899","moon","cdi_words","1","produces",NA,0,"125","2026-04-30 08:46:28","VVI197",450,"m","4/14/26"
"1900","moon","cdi_words","1","understands",1,1,"125","2026-04-30 08:46:28","VVI197",450,"m","4/14/26"
"1901","moon","cdi_words","1","produces",NA,0,"213","2026-02-15 21:07:24","VVI142",450,"f","2/16/26"
"1902","moon","cdi_words","1","understands",NA,0,"213","2026-02-15 21:07:24","VVI142",450,"f","2/16/26"
"1903","moon","cdi_words","1","produces",NA,0,"76","2026-04-02 15:03:35","VVI186",450,"m","2/26/04"
"1904","moon","cdi_words","1","understands",NA,0,"76","2026-04-02 15:03:35","VVI186",450,"m","2/26/04"
"1905","moon","cdi_words","1","produces",NA,0,"3259","2026-06-30 07:13:02","VVI213",450,"f","5/19/26"
"1906","moon","cdi_words","1","understands",NA,0,"3259","2026-06-30 07:13:02","VVI213",450,"f","5/19/26"
"1907","moon","cdi_words","1","produces",NA,0,"53","2026-06-03 07:26:29","VVI221",420,"m","3/26/06"
"1908","moon","cdi_words","1","understands",NA,0,"53","2026-06-03 07:26:29","VVI221",420,"m","3/26/06"
"1909","moon","cdi_words","1","produces",NA,0,"223","2026-03-09 15:51:32","VVI162",510,"f","2/24/26"
"1910","moon","cdi_words","1","understands",NA,0,"223","2026-03-09 15:51:32","VVI162",510,"f","2/24/26"
"1911","moon","cdi_words","1","produces",NA,0,"207","2026-04-08 10:48:19","VVI193",450,"f","8/26/04"
"1912","moon","cdi_words","1","understands",NA,0,"207","2026-04-08 10:48:19","VVI193",450,"f","8/26/04"
"1913","moon","cdi_words","1","produces",NA,0,"131","2026-04-28 16:52:20","VVI201",420,"m","4/27/26"
"1914","moon","cdi_words","1","understands",NA,0,"131","2026-04-28 16:52:20","VVI201",420,"m","4/27/26"
"1915","moon","cdi_words","1","produces",2,1,"216","2026-03-08 20:15:37","VVI146",510,"f","2/17/26"
"1916","moon","cdi_words","1","understands",2,1,"216","2026-03-08 20:15:37","VVI146",510,"f","2/17/26"
"1917","moon","cdi_words","1","produces",NA,0,"179","2026-03-09 12:13:10","VVI160",510,"m","2/23/26"
"1918","moon","cdi_words","1","understands",NA,0,"179","2026-03-09 12:13:10","VVI160",510,"m","2/23/26"
"1919","moon","cdi_words","1","produces",NA,0,"102","2026-03-08 18:49:54","VVI164",480,"m","2/25/26"
"1920","moon","cdi_words","1","understands",NA,0,"102","2026-03-08 18:49:54","VVI164",480,"m","2/25/26"
"1921","outside","cdi_words","1","produces",NA,0,"32","2026-07-12 15:42:16","VVI230",510,"m","7/12/26"
"1922","outside","cdi_words","1","understands",NA,0,"32","2026-07-12 15:42:16","VVI230",510,"m","7/12/26"
"1923","outside","cdi_words","1","produces",NA,0,"199","2026-06-29 18:15:46","VVI223",450,"f","8/26/06"
"1924","outside","cdi_words","1","understands",1,1,"199","2026-06-29 18:15:46","VVI223",450,"f","8/26/06"
"1925","outside","cdi_words","1","produces",NA,0,"245","2026-04-29 06:56:14","VVI196",450,"f","4/14/26"
"1926","outside","cdi_words","1","understands",1,1,"245","2026-04-29 06:56:14","VVI196",450,"f","4/14/26"
"1927","outside","cdi_words","1","produces",NA,0,"104","2026-03-29 15:34:33","VVI183",420,"m","3/29/26"
"1928","outside","cdi_words","1","understands",NA,0,"104","2026-03-29 15:34:33","VVI183",420,"m","3/29/26"
"1929","outside","cdi_words","1","produces",NA,0,"125","2026-04-30 08:46:28","VVI197",450,"m","4/14/26"
"1930","outside","cdi_words","1","understands",1,1,"125","2026-04-30 08:46:28","VVI197",450,"m","4/14/26"
"1931","outside","cdi_words","1","produces",NA,0,"213","2026-02-15 21:07:24","VVI142",450,"f","2/16/26"
"1932","outside","cdi_words","1","understands",1,1,"213","2026-02-15 21:07:24","VVI142",450,"f","2/16/26"
"1933","outside","cdi_words","1","produces",NA,0,"76","2026-04-02 15:03:35","VVI186",450,"m","2/26/04"
"1934","outside","cdi_words","1","understands",NA,0,"76","2026-04-02 15:03:35","VVI186",450,"m","2/26/04"
"1935","outside","cdi_words","1","produces",NA,0,"3259","2026-06-30 07:13:02","VVI213",450,"f","5/19/26"
"1936","outside","cdi_words","1","understands",1,1,"3259","2026-06-30 07:13:02","VVI213",450,"f","5/19/26"
"1937","outside","cdi_words","1","produces",NA,0,"53","2026-06-03 07:26:29","VVI221",420,"m","3/26/06"
"1938","outside","cdi_words","1","understands",NA,0,"53","2026-06-03 07:26:29","VVI221",420,"m","3/26/06"
"1939","outside","cdi_words","1","produces",NA,0,"223","2026-03-09 15:51:32","VVI162",510,"f","2/24/26"
"1940","outside","cdi_words","1","understands",1,1,"223","2026-03-09 15:51:32","VVI162",510,"f","2/24/26"
"1941","outside","cdi_words","1","produces",NA,0,"207","2026-04-08 10:48:19","VVI193",450,"f","8/26/04"
"1942","outside","cdi_words","1","understands",1,1,"207","2026-04-08 10:48:19","VVI193",450,"f","8/26/04"
"1943","outside","cdi_words","1","produces",NA,0,"131","2026-04-28 16:52:20","VVI201",420,"m","4/27/26"
"1944","outside","cdi_words","1","understands",1,1,"131","2026-04-28 16:52:20","VVI201",420,"m","4/27/26"
"1945","outside","cdi_words","1","produces",2,1,"216","2026-03-08 20:15:37","VVI146",510,"f","2/17/26"
"1946","outside","cdi_words","1","understands",2,1,"216","2026-03-08 20:15:37","VVI146",510,"f","2/17/26"
"1947","outside","cdi_words","1","produces",NA,0,"179","2026-03-09 12:13:10","VVI160",510,"m","2/23/26"
"1948","outside","cdi_words","1","understands",1,1,"179","2026-03-09 12:13:10","VVI160",510,"m","2/23/26"
"1949","outside","cdi_words","1","produces",NA,0,"102","2026-03-08 18:49:54","VVI164",480,"m","2/25/26"
"1950","outside","cdi_words","1","understands",1,1,"102","2026-03-08 18:49:54","VVI164",480,"m","2/25/26"
"1951","plant","cdi_words","1","produces",NA,0,"32","2026-07-12 15:42:16","VVI230",510,"m","7/12/26"
"1952","plant","cdi_words","1","understands",NA,0,"32","2026-07-12 15:42:16","VVI230",510,"m","7/12/26"
"1953","plant","cdi_words","1","produces",NA,0,"199","2026-06-29 18:15:46","VVI223",450,"f","8/26/06"
"1954","plant","cdi_words","1","understands",1,1,"199","2026-06-29 18:15:46","VVI223",450,"f","8/26/06"
"1955","plant","cdi_words","1","produces",NA,0,"245","2026-04-29 06:56:14","VVI196",450,"f","4/14/26"
"1956","plant","cdi_words","1","understands",1,1,"245","2026-04-29 06:56:14","VVI196",450,"f","4/14/26"
"1957","plant","cdi_words","1","produces",NA,0,"104","2026-03-29 15:34:33","VVI183",420,"m","3/29/26"
"1958","plant","cdi_words","1","understands",NA,0,"104","2026-03-29 15:34:33","VVI183",420,"m","3/29/26"
"1959","plant","cdi_words","1","produces",NA,0,"125","2026-04-30 08:46:28","VVI197",450,"m","4/14/26"
"1960","plant","cdi_words","1","understands",1,1,"125","2026-04-30 08:46:28","VVI197",450,"m","4/14/26"
"1961","plant","cdi_words","1","produces",NA,0,"213","2026-02-15 21:07:24","VVI142",450,"f","2/16/26"
"1962","plant","cdi_words","1","understands",NA,0,"213","2026-02-15 21:07:24","VVI142",450,"f","2/16/26"
"1963","plant","cdi_words","1","produces",NA,0,"76","2026-04-02 15:03:35","VVI186",450,"m","2/26/04"
"1964","plant","cdi_words","1","understands",NA,0,"76","2026-04-02 15:03:35","VVI186",450,"m","2/26/04"
"1965","plant","cdi_words","1","produces",NA,0,"3259","2026-06-30 07:13:02","VVI213",450,"f","5/19/26"
"1966","plant","cdi_words","1","understands",NA,0,"3259","2026-06-30 07:13:02","VVI213",450,"f","5/19/26"
"1967","plant","cdi_words","1","produces",NA,0,"53","2026-06-03 07:26:29","VVI221",420,"m","3/26/06"
"1968","plant","cdi_words","1","understands",NA,0,"53","2026-06-03 07:26:29","VVI221",420,"m","3/26/06"
"1969","plant","cdi_words","1","produces",NA,0,"223","2026-03-09 15:51:32","VVI162",510,"f","2/24/26"
"1970","plant","cdi_words","1","understands",NA,0,"223","2026-03-09 15:51:32","VVI162",510,"f","2/24/26"
"1971","plant","cdi_words","1","produces",NA,0,"207","2026-04-08 10:48:19","VVI193",450,"f","8/26/04"
"1972","plant","cdi_words","1","understands",1,1,"207","2026-04-08 10:48:19","VVI193",450,"f","8/26/04"
"1973","plant","cdi_words","1","produces",NA,0,"131","2026-04-28 16:52:20","VVI201",420,"m","4/27/26"
"1974","plant","cdi_words","1","understands",NA,0,"131","2026-04-28 16:52:20","VVI201",420,"m","4/27/26"
"1975","plant","cdi_words","1","produces",NA,0,"216","2026-03-08 20:15:37","VVI146",510,"f","2/17/26"
"1976","plant","cdi_words","1","understands",1,1,"216","2026-03-08 20:15:37","VVI146",510,"f","2/17/26"
"1977","plant","cdi_words","1","produces",NA,0,"179","2026-03-09 12:13:10","VVI160",510,"m","2/23/26"
"1978","plant","cdi_words","1","understands",NA,0,"179","2026-03-09 12:13:10","VVI160",510,"m","2/23/26"
"1979","plant","cdi_words","1","produces",NA,0,"102","2026-03-08 18:49:54","VVI164",480,"m","2/25/26"
"1980","plant","cdi_words","1","understands",NA,0,"102","2026-03-08 18:49:54","VVI164",480,"m","2/25/26"
"1981","rain","cdi_words","1","produces",NA,0,"32","2026-07-12 15:42:16","VVI230",510,"m","7/12/26"
"1982","rain","cdi_words","1","understands",NA,0,"32","2026-07-12 15:42:16","VVI230",510,"m","7/12/26"
"1983","rain","cdi_words","1","produces",NA,0,"199","2026-06-29 18:15:46","VVI223",450,"f","8/26/06"
"1984","rain","cdi_words","1","understands",1,1,"199","2026-06-29 18:15:46","VVI223",450,"f","8/26/06"
"1985","rain","cdi_words","1","produces",NA,0,"245","2026-04-29 06:56:14","VVI196",450,"f","4/14/26"
"1986","rain","cdi_words","1","understands",1,1,"245","2026-04-29 06:56:14","VVI196",450,"f","4/14/26"
"1987","rain","cdi_words","1","produces",NA,0,"104","2026-03-29 15:34:33","VVI183",420,"m","3/29/26"
"1988","rain","cdi_words","1","understands",NA,0,"104","2026-03-29 15:34:33","VVI183",420,"m","3/29/26"
"1989","rain","cdi_words","1","produces",NA,0,"125","2026-04-30 08:46:28","VVI197",450,"m","4/14/26"
"1990","rain","cdi_words","1","understands",1,1,"125","2026-04-30 08:46:28","VVI197",450,"m","4/14/26"
"1991","rain","cdi_words","1","produces",NA,0,"213","2026-02-15 21:07:24","VVI142",450,"f","2/16/26"
"1992","rain","cdi_words","1","understands",NA,0,"213","2026-02-15 21:07:24","VVI142",450,"f","2/16/26"
"1993","rain","cdi_words","1","produces",NA,0,"76","2026-04-02 15:03:35","VVI186",450,"m","2/26/04"
"1994","rain","cdi_words","1","understands",NA,0,"76","2026-04-02 15:03:35","VVI186",450,"m","2/26/04"
"1995","rain","cdi_words","1","produces",NA,0,"3259","2026-06-30 07:13:02","VVI213",450,"f","5/19/26"
"1996","rain","cdi_words","1","understands",NA,0,"3259","2026-06-30 07:13:02","VVI213",450,"f","5/19/26"
"1997","rain","cdi_words","1","produces",NA,0,"53","2026-06-03 07:26:29","VVI221",420,"m","3/26/06"
"1998","rain","cdi_words","1","understands",NA,0,"53","2026-06-03 07:26:29","VVI221",420,"m","3/26/06"
"1999","rain","cdi_words","1","produces",NA,0,"223","2026-03-09 15:51:32","VVI162",510,"f","2/24/26"
"2000","rain","cdi_words","1","understands",NA,0,"223","2026-03-09 15:51:32","VVI162",510,"f","2/24/26"
"2001","rain","cdi_words","1","produces",NA,0,"207","2026-04-08 10:48:19","VVI193",450,"f","8/26/04"
"2002","rain","cdi_words","1","understands",1,1,"207","2026-04-08 10:48:19","VVI193",450,"f","8/26/04"
"2003","rain","cdi_words","1","produces",NA,0,"131","2026-04-28 16:52:20","VVI201",420,"m","4/27/26"
"2004","rain","cdi_words","1","understands",1,1,"131","2026-04-28 16:52:20","VVI201",420,"m","4/27/26"
"2005","rain","cdi_words","1","produces",NA,0,"216","2026-03-08 20:15:37","VVI146",510,"f","2/17/26"
"2006","rain","cdi_words","1","understands",1,1,"216","2026-03-08 20:15:37","VVI146",510,"f","2/17/26"
"2007","rain","cdi_words","1","produces",NA,0,"179","2026-03-09 12:13:10","VVI160",510,"m","2/23/26"
"2008","rain","cdi_words","1","understands",NA,0,"179","2026-03-09 12:13:10","VVI160",510,"m","2/23/26"
"2009","rain","cdi_words","1","produces",NA,0,"102","2026-03-08 18:49:54","VVI164",480,"m","2/25/26"
"2010","rain","cdi_words","1","understands",NA,0,"102","2026-03-08 18:49:54","VVI164",480,"m","2/25/26"
"2011","rock","cdi_words","1","produces",NA,0,"32","2026-07-12 15:42:16","VVI230",510,"m","7/12/26"
"2012","rock","cdi_words","1","understands",NA,0,"32","2026-07-12 15:42:16","VVI230",510,"m","7/12/26"
"2013","rock","cdi_words","1","produces",NA,0,"199","2026-06-29 18:15:46","VVI223",450,"f","8/26/06"
"2014","rock","cdi_words","1","understands",1,1,"199","2026-06-29 18:15:46","VVI223",450,"f","8/26/06"
"2015","rock","cdi_words","1","produces",NA,0,"245","2026-04-29 06:56:14","VVI196",450,"f","4/14/26"
"2016","rock","cdi_words","1","understands",1,1,"245","2026-04-29 06:56:14","VVI196",450,"f","4/14/26"
"2017","rock","cdi_words","1","produces",NA,0,"104","2026-03-29 15:34:33","VVI183",420,"m","3/29/26"
"2018","rock","cdi_words","1","understands",NA,0,"104","2026-03-29 15:34:33","VVI183",420,"m","3/29/26"
"2019","rock","cdi_words","1","produces",NA,0,"125","2026-04-30 08:46:28","VVI197",450,"m","4/14/26"
"2020","rock","cdi_words","1","understands",1,1,"125","2026-04-30 08:46:28","VVI197",450,"m","4/14/26"
"2021","rock","cdi_words","1","produces",NA,0,"213","2026-02-15 21:07:24","VVI142",450,"f","2/16/26"
"2022","rock","cdi_words","1","understands",1,1,"213","2026-02-15 21:07:24","VVI142",450,"f","2/16/26"
"2023","rock","cdi_words","1","produces",NA,0,"76","2026-04-02 15:03:35","VVI186",450,"m","2/26/04"
"2024","rock","cdi_words","1","understands",NA,0,"76","2026-04-02 15:03:35","VVI186",450,"m","2/26/04"
"2025","rock","cdi_words","1","produces",NA,0,"3259","2026-06-30 07:13:02","VVI213",450,"f","5/19/26"
"2026","rock","cdi_words","1","understands",NA,0,"3259","2026-06-30 07:13:02","VVI213",450,"f","5/19/26"
"2027","rock","cdi_words","1","produces",NA,0,"53","2026-06-03 07:26:29","VVI221",420,"m","3/26/06"
"2028","rock","cdi_words","1","understands",NA,0,"53","2026-06-03 07:26:29","VVI221",420,"m","3/26/06"
"2029","rock","cdi_words","1","produces",NA,0,"223","2026-03-09 15:51:32","VVI162",510,"f","2/24/26"
"2030","rock","cdi_words","1","understands",NA,0,"223","2026-03-09 15:51:32","VVI162",510,"f","2/24/26"
"2031","rock","cdi_words","1","produces",NA,0,"207","2026-04-08 10:48:19","VVI193",450,"f","8/26/04"
"2032","rock","cdi_words","1","understands",1,1,"207","2026-04-08 10:48:19","VVI193",450,"f","8/26/04"
"2033","rock","cdi_words","1","produces",NA,0,"131","2026-04-28 16:52:20","VVI201",420,"m","4/27/26"
"2034","rock","cdi_words","1","understands",NA,0,"131","2026-04-28 16:52:20","VVI201",420,"m","4/27/26"
"2035","rock","cdi_words","1","produces",2,1,"216","2026-03-08 20:15:37","VVI146",510,"f","2/17/26"
"2036","rock","cdi_words","1","understands",2,1,"216","2026-03-08 20:15:37","VVI146",510,"f","2/17/26"
"2037","rock","cdi_words","1","produces",NA,0,"179","2026-03-09 12:13:10","VVI160",510,"m","2/23/26"
"2038","rock","cdi_words","1","understands",NA,0,"179","2026-03-09 12:13:10","VVI160",510,"m","2/23/26"
"2039","rock","cdi_words","1","produces",NA,0,"102","2026-03-08 18:49:54","VVI164",480,"m","2/25/26"
"2040","rock","cdi_words","1","understands",NA,0,"102","2026-03-08 18:49:54","VVI164",480,"m","2/25/26"
"2041","bird","cdi_words","1","produces",NA,0,"32","2026-07-12 15:42:16","VVI230",510,"m","7/12/26"
"2042","bird","cdi_words","1","understands",NA,0,"32","2026-07-12 15:42:16","VVI230",510,"m","7/12/26"
"2043","bird","cdi_words","1","produces",2,1,"199","2026-06-29 18:15:46","VVI223",450,"f","8/26/06"
"2044","bird","cdi_words","1","understands",2,1,"199","2026-06-29 18:15:46","VVI223",450,"f","8/26/06"
"2045","bird","cdi_words","1","produces",NA,0,"245","2026-04-29 06:56:14","VVI196",450,"f","4/14/26"
"2046","bird","cdi_words","1","understands",1,1,"245","2026-04-29 06:56:14","VVI196",450,"f","4/14/26"
"2047","bird","cdi_words","1","produces",NA,0,"104","2026-03-29 15:34:33","VVI183",420,"m","3/29/26"
"2048","bird","cdi_words","1","understands",NA,0,"104","2026-03-29 15:34:33","VVI183",420,"m","3/29/26"
"2049","bird","cdi_words","1","produces",NA,0,"125","2026-04-30 08:46:28","VVI197",450,"m","4/14/26"
"2050","bird","cdi_words","1","understands",1,1,"125","2026-04-30 08:46:28","VVI197",450,"m","4/14/26"
"2051","bird","cdi_words","1","produces",NA,0,"213","2026-02-15 21:07:24","VVI142",450,"f","2/16/26"
"2052","bird","cdi_words","1","understands",1,1,"213","2026-02-15 21:07:24","VVI142",450,"f","2/16/26"
"2053","bird","cdi_words","1","produces",NA,0,"76","2026-04-02 15:03:35","VVI186",450,"m","2/26/04"
"2054","bird","cdi_words","1","understands",NA,0,"76","2026-04-02 15:03:35","VVI186",450,"m","2/26/04"
"2055","bird","cdi_words","1","produces",2,1,"3259","2026-06-30 07:13:02","VVI213",450,"f","5/19/26"
"2056","bird","cdi_words","1","understands",2,1,"3259","2026-06-30 07:13:02","VVI213",450,"f","5/19/26"
"2057","bird","cdi_words","1","produces",NA,0,"53","2026-06-03 07:26:29","VVI221",420,"m","3/26/06"
"2058","bird","cdi_words","1","understands",NA,0,"53","2026-06-03 07:26:29","VVI221",420,"m","3/26/06"
"2059","bird","cdi_words","1","produces",NA,0,"223","2026-03-09 15:51:32","VVI162",510,"f","2/24/26"
"2060","bird","cdi_words","1","understands",1,1,"223","2026-03-09 15:51:32","VVI162",510,"f","2/24/26"
"2061","bird","cdi_words","1","produces",NA,0,"207","2026-04-08 10:48:19","VVI193",450,"f","8/26/04"
"2062","bird","cdi_words","1","understands",1,1,"207","2026-04-08 10:48:19","VVI193",450,"f","8/26/04"
"2063","bird","cdi_words","1","produces",NA,0,"131","2026-04-28 16:52:20","VVI201",420,"m","4/27/26"
"2064","bird","cdi_words","1","understands",1,1,"131","2026-04-28 16:52:20","VVI201",420,"m","4/27/26"
"2065","bird","cdi_words","1","produces",2,1,"216","2026-03-08 20:15:37","VVI146",510,"f","2/17/26"
"2066","bird","cdi_words","1","understands",2,1,"216","2026-03-08 20:15:37","VVI146",510,"f","2/17/26"
"2067","bird","cdi_words","1","produces",NA,0,"179","2026-03-09 12:13:10","VVI160",510,"m","2/23/26"
"2068","bird","cdi_words","1","understands",NA,0,"179","2026-03-09 12:13:10","VVI160",510,"m","2/23/26"
"2069","bird","cdi_words","1","produces",NA,0,"102","2026-03-08 18:49:54","VVI164",480,"m","2/25/26"
"2070","bird","cdi_words","1","understands",NA,0,"102","2026-03-08 18:49:54","VVI164",480,"m","2/25/26"
"2071","water","cdi_words","1","produces",NA,0,"32","2026-07-12 15:42:16","VVI230",510,"m","7/12/26"
"2072","water","cdi_words","1","understands",NA,0,"32","2026-07-12 15:42:16","VVI230",510,"m","7/12/26"
"2073","water","cdi_words","1","produces",NA,0,"199","2026-06-29 18:15:46","VVI223",450,"f","8/26/06"
"2074","water","cdi_words","1","understands",1,1,"199","2026-06-29 18:15:46","VVI223",450,"f","8/26/06"
"2075","water","cdi_words","1","produces",NA,0,"245","2026-04-29 06:56:14","VVI196",450,"f","4/14/26"
"2076","water","cdi_words","1","understands",1,1,"245","2026-04-29 06:56:14","VVI196",450,"f","4/14/26"
"2077","water","cdi_words","1","produces",NA,0,"104","2026-03-29 15:34:33","VVI183",420,"m","3/29/26"
"2078","water","cdi_words","1","understands",NA,0,"104","2026-03-29 15:34:33","VVI183",420,"m","3/29/26"
"2079","water","cdi_words","1","produces",NA,0,"125","2026-04-30 08:46:28","VVI197",450,"m","4/14/26"
"2080","water","cdi_words","1","understands",1,1,"125","2026-04-30 08:46:28","VVI197",450,"m","4/14/26"
"2081","water","cdi_words","1","produces",NA,0,"213","2026-02-15 21:07:24","VVI142",450,"f","2/16/26"
"2082","water","cdi_words","1","understands",1,1,"213","2026-02-15 21:07:24","VVI142",450,"f","2/16/26"
"2083","water","cdi_words","1","produces",NA,0,"76","2026-04-02 15:03:35","VVI186",450,"m","2/26/04"
"2084","water","cdi_words","1","understands",NA,0,"76","2026-04-02 15:03:35","VVI186",450,"m","2/26/04"
"2085","water","cdi_words","1","produces",2,1,"3259","2026-06-30 07:13:02","VVI213",450,"f","5/19/26"
"2086","water","cdi_words","1","understands",2,1,"3259","2026-06-30 07:13:02","VVI213",450,"f","5/19/26"
"2087","water","cdi_words","1","produces",NA,0,"53","2026-06-03 07:26:29","VVI221",420,"m","3/26/06"
"2088","water","cdi_words","1","understands",NA,0,"53","2026-06-03 07:26:29","VVI221",420,"m","3/26/06"
"2089","water","cdi_words","1","produces",NA,0,"223","2026-03-09 15:51:32","VVI162",510,"f","2/24/26"
"2090","water","cdi_words","1","understands",1,1,"223","2026-03-09 15:51:32","VVI162",510,"f","2/24/26"
"2091","water","cdi_words","1","produces",NA,0,"207","2026-04-08 10:48:19","VVI193",450,"f","8/26/04"
"2092","water","cdi_words","1","understands",1,1,"207","2026-04-08 10:48:19","VVI193",450,"f","8/26/04"
"2093","water","cdi_words","1","produces",NA,0,"131","2026-04-28 16:52:20","VVI201",420,"m","4/27/26"
"2094","water","cdi_words","1","understands",1,1,"131","2026-04-28 16:52:20","VVI201",420,"m","4/27/26"
"2095","water","cdi_words","1","produces",2,1,"216","2026-03-08 20:15:37","VVI146",510,"f","2/17/26"
"2096","water","cdi_words","1","understands",2,1,"216","2026-03-08 20:15:37","VVI146",510,"f","2/17/26"
"2097","water","cdi_words","1","produces",2,1,"179","2026-03-09 12:13:10","VVI160",510,"m","2/23/26"
"2098","water","cdi_words","1","understands",2,1,"179","2026-03-09 12:13:10","VVI160",510,"m","2/23/26"
"2099","water","cdi_words","1","produces",2,1,"102","2026-03-08 18:49:54","VVI164",480,"m","2/25/26"
"2100","water","cdi_words","1","understands",2,1,"102","2026-03-08 18:49:54","VVI164",480,"m","2/25/26"
"2101","babysitter","cdi_words","1","produces",NA,0,"32","2026-07-12 15:42:16","VVI230",510,"m","7/12/26"
"2102","babysitter","cdi_words","1","understands",NA,0,"32","2026-07-12 15:42:16","VVI230",510,"m","7/12/26"
"2103","babysitter","cdi_words","1","produces",NA,0,"199","2026-06-29 18:15:46","VVI223",450,"f","8/26/06"
"2104","babysitter","cdi_words","1","understands",NA,0,"199","2026-06-29 18:15:46","VVI223",450,"f","8/26/06"
"2105","babysitter","cdi_words","1","produces",NA,0,"245","2026-04-29 06:56:14","VVI196",450,"f","4/14/26"
"2106","babysitter","cdi_words","1","understands",NA,0,"245","2026-04-29 06:56:14","VVI196",450,"f","4/14/26"
"2107","babysitter","cdi_words","1","produces",NA,0,"104","2026-03-29 15:34:33","VVI183",420,"m","3/29/26"
"2108","babysitter","cdi_words","1","understands",NA,0,"104","2026-03-29 15:34:33","VVI183",420,"m","3/29/26"
"2109","babysitter","cdi_words","1","produces",NA,0,"125","2026-04-30 08:46:28","VVI197",450,"m","4/14/26"
"2110","babysitter","cdi_words","1","understands",NA,0,"125","2026-04-30 08:46:28","VVI197",450,"m","4/14/26"
"2111","babysitter","cdi_words","1","produces",NA,0,"213","2026-02-15 21:07:24","VVI142",450,"f","2/16/26"
"2112","babysitter","cdi_words","1","understands",NA,0,"213","2026-02-15 21:07:24","VVI142",450,"f","2/16/26"
"2113","babysitter","cdi_words","1","produces",NA,0,"76","2026-04-02 15:03:35","VVI186",450,"m","2/26/04"
"2114","babysitter","cdi_words","1","understands",NA,0,"76","2026-04-02 15:03:35","VVI186",450,"m","2/26/04"
"2115","babysitter","cdi_words","1","produces",NA,0,"3259","2026-06-30 07:13:02","VVI213",450,"f","5/19/26"
"2116","babysitter","cdi_words","1","understands",NA,0,"3259","2026-06-30 07:13:02","VVI213",450,"f","5/19/26"
"2117","babysitter","cdi_words","1","produces",NA,0,"53","2026-06-03 07:26:29","VVI221",420,"m","3/26/06"
"2118","babysitter","cdi_words","1","understands",NA,0,"53","2026-06-03 07:26:29","VVI221",420,"m","3/26/06"
"2119","babysitter","cdi_words","1","produces",NA,0,"223","2026-03-09 15:51:32","VVI162",510,"f","2/24/26"
"2120","babysitter","cdi_words","1","understands",NA,0,"223","2026-03-09 15:51:32","VVI162",510,"f","2/24/26"
"2121","babysitter","cdi_words","1","produces",NA,0,"207","2026-04-08 10:48:19","VVI193",450,"f","8/26/04"
"2122","babysitter","cdi_words","1","understands",NA,0,"207","2026-04-08 10:48:19","VVI193",450,"f","8/26/04"
"2123","babysitter","cdi_words","1","produces",NA,0,"131","2026-04-28 16:52:20","VVI201",420,"m","4/27/26"
"2124","babysitter","cdi_words","1","understands",NA,0,"131","2026-04-28 16:52:20","VVI201",420,"m","4/27/26"
"2125","babysitter","cdi_words","1","produces",NA,0,"216","2026-03-08 20:15:37","VVI146",510,"f","2/17/26"
"2126","babysitter","cdi_words","1","understands",NA,0,"216","2026-03-08 20:15:37","VVI146",510,"f","2/17/26"
"2127","babysitter","cdi_words","1","produces",NA,0,"179","2026-03-09 12:13:10","VVI160",510,"m","2/23/26"
"2128","babysitter","cdi_words","1","understands",NA,0,"179","2026-03-09 12:13:10","VVI160",510,"m","2/23/26"
"2129","babysitter","cdi_words","1","produces",NA,0,"102","2026-03-08 18:49:54","VVI164",480,"m","2/25/26"
"2130","babysitter","cdi_words","1","understands",NA,0,"102","2026-03-08 18:49:54","VVI164",480,"m","2/25/26"
"2131","girl","cdi_words","1","produces",NA,0,"32","2026-07-12 15:42:16","VVI230",510,"m","7/12/26"
"2132","girl","cdi_words","1","understands",NA,0,"32","2026-07-12 15:42:16","VVI230",510,"m","7/12/26"
"2133","girl","cdi_words","1","produces",NA,0,"199","2026-06-29 18:15:46","VVI223",450,"f","8/26/06"
"2134","girl","cdi_words","1","understands",NA,0,"199","2026-06-29 18:15:46","VVI223",450,"f","8/26/06"
"2135","girl","cdi_words","1","produces",NA,0,"245","2026-04-29 06:56:14","VVI196",450,"f","4/14/26"
"2136","girl","cdi_words","1","understands",1,1,"245","2026-04-29 06:56:14","VVI196",450,"f","4/14/26"
"2137","girl","cdi_words","1","produces",NA,0,"104","2026-03-29 15:34:33","VVI183",420,"m","3/29/26"
"2138","girl","cdi_words","1","understands",NA,0,"104","2026-03-29 15:34:33","VVI183",420,"m","3/29/26"
"2139","girl","cdi_words","1","produces",NA,0,"125","2026-04-30 08:46:28","VVI197",450,"m","4/14/26"
"2140","girl","cdi_words","1","understands",1,1,"125","2026-04-30 08:46:28","VVI197",450,"m","4/14/26"
"2141","girl","cdi_words","1","produces",NA,0,"213","2026-02-15 21:07:24","VVI142",450,"f","2/16/26"
"2142","girl","cdi_words","1","understands",NA,0,"213","2026-02-15 21:07:24","VVI142",450,"f","2/16/26"
"2143","girl","cdi_words","1","produces",NA,0,"76","2026-04-02 15:03:35","VVI186",450,"m","2/26/04"
"2144","girl","cdi_words","1","understands",NA,0,"76","2026-04-02 15:03:35","VVI186",450,"m","2/26/04"
"2145","girl","cdi_words","1","produces",NA,0,"3259","2026-06-30 07:13:02","VVI213",450,"f","5/19/26"
"2146","girl","cdi_words","1","understands",NA,0,"3259","2026-06-30 07:13:02","VVI213",450,"f","5/19/26"
"2147","girl","cdi_words","1","produces",NA,0,"53","2026-06-03 07:26:29","VVI221",420,"m","3/26/06"
"2148","girl","cdi_words","1","understands",NA,0,"53","2026-06-03 07:26:29","VVI221",420,"m","3/26/06"
"2149","girl","cdi_words","1","produces",NA,0,"223","2026-03-09 15:51:32","VVI162",510,"f","2/24/26"
"2150","girl","cdi_words","1","understands",NA,0,"223","2026-03-09 15:51:32","VVI162",510,"f","2/24/26"
"2151","girl","cdi_words","1","produces",NA,0,"207","2026-04-08 10:48:19","VVI193",450,"f","8/26/04"
"2152","girl","cdi_words","1","understands",1,1,"207","2026-04-08 10:48:19","VVI193",450,"f","8/26/04"
"2153","girl","cdi_words","1","produces",NA,0,"131","2026-04-28 16:52:20","VVI201",420,"m","4/27/26"
"2154","girl","cdi_words","1","understands",NA,0,"131","2026-04-28 16:52:20","VVI201",420,"m","4/27/26"
"2155","girl","cdi_words","1","produces",NA,0,"216","2026-03-08 20:15:37","VVI146",510,"f","2/17/26"
"2156","girl","cdi_words","1","understands",NA,0,"216","2026-03-08 20:15:37","VVI146",510,"f","2/17/26"
"2157","girl","cdi_words","1","produces",NA,0,"179","2026-03-09 12:13:10","VVI160",510,"m","2/23/26"
"2158","girl","cdi_words","1","understands",NA,0,"179","2026-03-09 12:13:10","VVI160",510,"m","2/23/26"
"2159","girl","cdi_words","1","produces",NA,0,"102","2026-03-08 18:49:54","VVI164",480,"m","2/25/26"
"2160","girl","cdi_words","1","understands",NA,0,"102","2026-03-08 18:49:54","VVI164",480,"m","2/25/26"
"2161","grandma","cdi_words","1","produces",NA,0,"32","2026-07-12 15:42:16","VVI230",510,"m","7/12/26"
"2162","grandma","cdi_words","1","understands",NA,0,"32","2026-07-12 15:42:16","VVI230",510,"m","7/12/26"
"2163","grandma","cdi_words","1","produces",2,1,"199","2026-06-29 18:15:46","VVI223",450,"f","8/26/06"
"2164","grandma","cdi_words","1","understands",2,1,"199","2026-06-29 18:15:46","VVI223",450,"f","8/26/06"
"2165","grandma","cdi_words","1","produces",NA,0,"245","2026-04-29 06:56:14","VVI196",450,"f","4/14/26"
"2166","grandma","cdi_words","1","understands",1,1,"245","2026-04-29 06:56:14","VVI196",450,"f","4/14/26"
"2167","grandma","cdi_words","1","produces",NA,0,"104","2026-03-29 15:34:33","VVI183",420,"m","3/29/26"
"2168","grandma","cdi_words","1","understands",NA,0,"104","2026-03-29 15:34:33","VVI183",420,"m","3/29/26"
"2169","grandma","cdi_words","1","produces",NA,0,"125","2026-04-30 08:46:28","VVI197",450,"m","4/14/26"
"2170","grandma","cdi_words","1","understands",1,1,"125","2026-04-30 08:46:28","VVI197",450,"m","4/14/26"
"2171","grandma","cdi_words","1","produces",NA,0,"213","2026-02-15 21:07:24","VVI142",450,"f","2/16/26"
"2172","grandma","cdi_words","1","understands",1,1,"213","2026-02-15 21:07:24","VVI142",450,"f","2/16/26"
"2173","grandma","cdi_words","1","produces",2,1,"76","2026-04-02 15:03:35","VVI186",450,"m","2/26/04"
"2174","grandma","cdi_words","1","understands",2,1,"76","2026-04-02 15:03:35","VVI186",450,"m","2/26/04"
"2175","grandma","cdi_words","1","produces",2,1,"3259","2026-06-30 07:13:02","VVI213",450,"f","5/19/26"
"2176","grandma","cdi_words","1","understands",2,1,"3259","2026-06-30 07:13:02","VVI213",450,"f","5/19/26"
"2177","grandma","cdi_words","1","produces",NA,0,"53","2026-06-03 07:26:29","VVI221",420,"m","3/26/06"
"2178","grandma","cdi_words","1","understands",NA,0,"53","2026-06-03 07:26:29","VVI221",420,"m","3/26/06"
"2179","grandma","cdi_words","1","produces",NA,0,"223","2026-03-09 15:51:32","VVI162",510,"f","2/24/26"
"2180","grandma","cdi_words","1","understands",1,1,"223","2026-03-09 15:51:32","VVI162",510,"f","2/24/26"
"2181","grandma","cdi_words","1","produces",NA,0,"207","2026-04-08 10:48:19","VVI193",450,"f","8/26/04"
"2182","grandma","cdi_words","1","understands",1,1,"207","2026-04-08 10:48:19","VVI193",450,"f","8/26/04"
"2183","grandma","cdi_words","1","produces",NA,0,"131","2026-04-28 16:52:20","VVI201",420,"m","4/27/26"
"2184","grandma","cdi_words","1","understands",1,1,"131","2026-04-28 16:52:20","VVI201",420,"m","4/27/26"
"2185","grandma","cdi_words","1","produces",NA,0,"216","2026-03-08 20:15:37","VVI146",510,"f","2/17/26"
"2186","grandma","cdi_words","1","understands",1,1,"216","2026-03-08 20:15:37","VVI146",510,"f","2/17/26"
"2187","grandma","cdi_words","1","produces",NA,0,"179","2026-03-09 12:13:10","VVI160",510,"m","2/23/26"
"2188","grandma","cdi_words","1","understands",NA,0,"179","2026-03-09 12:13:10","VVI160",510,"m","2/23/26"
"2189","grandma","cdi_words","1","produces",NA,0,"102","2026-03-08 18:49:54","VVI164",480,"m","2/25/26"
"2190","grandma","cdi_words","1","understands",NA,0,"102","2026-03-08 18:49:54","VVI164",480,"m","2/25/26"
"2191","mommy","cdi_words","1","produces",NA,0,"32","2026-07-12 15:42:16","VVI230",510,"m","7/12/26"
"2192","mommy","cdi_words","1","understands",NA,0,"32","2026-07-12 15:42:16","VVI230",510,"m","7/12/26"
"2193","mommy","cdi_words","1","produces",2,1,"199","2026-06-29 18:15:46","VVI223",450,"f","8/26/06"
"2194","mommy","cdi_words","1","understands",2,1,"199","2026-06-29 18:15:46","VVI223",450,"f","8/26/06"
"2195","mommy","cdi_words","1","produces",NA,0,"245","2026-04-29 06:56:14","VVI196",450,"f","4/14/26"
"2196","mommy","cdi_words","1","understands",1,1,"245","2026-04-29 06:56:14","VVI196",450,"f","4/14/26"
"2197","mommy","cdi_words","1","produces",NA,0,"104","2026-03-29 15:34:33","VVI183",420,"m","3/29/26"
"2198","mommy","cdi_words","1","understands",1,1,"104","2026-03-29 15:34:33","VVI183",420,"m","3/29/26"
"2199","mommy","cdi_words","1","produces",NA,0,"125","2026-04-30 08:46:28","VVI197",450,"m","4/14/26"
"2200","mommy","cdi_words","1","understands",1,1,"125","2026-04-30 08:46:28","VVI197",450,"m","4/14/26"
"2201","mommy","cdi_words","1","produces",NA,0,"213","2026-02-15 21:07:24","VVI142",450,"f","2/16/26"
"2202","mommy","cdi_words","1","understands",1,1,"213","2026-02-15 21:07:24","VVI142",450,"f","2/16/26"
"2203","mommy","cdi_words","1","produces",2,1,"76","2026-04-02 15:03:35","VVI186",450,"m","2/26/04"
"2204","mommy","cdi_words","1","understands",2,1,"76","2026-04-02 15:03:35","VVI186",450,"m","2/26/04"
"2205","mommy","cdi_words","1","produces",2,1,"3259","2026-06-30 07:13:02","VVI213",450,"f","5/19/26"
"2206","mommy","cdi_words","1","understands",2,1,"3259","2026-06-30 07:13:02","VVI213",450,"f","5/19/26"
"2207","mommy","cdi_words","1","produces",NA,0,"53","2026-06-03 07:26:29","VVI221",420,"m","3/26/06"
"2208","mommy","cdi_words","1","understands",NA,0,"53","2026-06-03 07:26:29","VVI221",420,"m","3/26/06"
"2209","mommy","cdi_words","1","produces",2,1,"223","2026-03-09 15:51:32","VVI162",510,"f","2/24/26"
"2210","mommy","cdi_words","1","understands",2,1,"223","2026-03-09 15:51:32","VVI162",510,"f","2/24/26"
"2211","mommy","cdi_words","1","produces",NA,0,"207","2026-04-08 10:48:19","VVI193",450,"f","8/26/04"
"2212","mommy","cdi_words","1","understands",1,1,"207","2026-04-08 10:48:19","VVI193",450,"f","8/26/04"
"2213","mommy","cdi_words","1","produces",2,1,"131","2026-04-28 16:52:20","VVI201",420,"m","4/27/26"
"2214","mommy","cdi_words","1","understands",2,1,"131","2026-04-28 16:52:20","VVI201",420,"m","4/27/26"
"2215","mommy","cdi_words","1","produces",2,1,"216","2026-03-08 20:15:37","VVI146",510,"f","2/17/26"
"2216","mommy","cdi_words","1","understands",2,1,"216","2026-03-08 20:15:37","VVI146",510,"f","2/17/26"
"2217","mommy","cdi_words","1","produces",2,1,"179","2026-03-09 12:13:10","VVI160",510,"m","2/23/26"
"2218","mommy","cdi_words","1","understands",2,1,"179","2026-03-09 12:13:10","VVI160",510,"m","2/23/26"
"2219","mommy","cdi_words","1","produces",2,1,"102","2026-03-08 18:49:54","VVI164",480,"m","2/25/26"
"2220","mommy","cdi_words","1","understands",2,1,"102","2026-03-08 18:49:54","VVI164",480,"m","2/25/26"
"2221","bath","cdi_words","1","produces",NA,0,"32","2026-07-12 15:42:16","VVI230",510,"m","7/12/26"
"2222","bath","cdi_words","1","understands",NA,0,"32","2026-07-12 15:42:16","VVI230",510,"m","7/12/26"
"2223","bath","cdi_words","1","produces",2,1,"199","2026-06-29 18:15:46","VVI223",450,"f","8/26/06"
"2224","bath","cdi_words","1","understands",2,1,"199","2026-06-29 18:15:46","VVI223",450,"f","8/26/06"
"2225","bath","cdi_words","1","produces",2,1,"245","2026-04-29 06:56:14","VVI196",450,"f","4/14/26"
"2226","bath","cdi_words","1","understands",2,1,"245","2026-04-29 06:56:14","VVI196",450,"f","4/14/26"
"2227","bath","cdi_words","1","produces",NA,0,"104","2026-03-29 15:34:33","VVI183",420,"m","3/29/26"
"2228","bath","cdi_words","1","understands",1,1,"104","2026-03-29 15:34:33","VVI183",420,"m","3/29/26"
"2229","bath","cdi_words","1","produces",NA,0,"125","2026-04-30 08:46:28","VVI197",450,"m","4/14/26"
"2230","bath","cdi_words","1","understands",1,1,"125","2026-04-30 08:46:28","VVI197",450,"m","4/14/26"
"2231","bath","cdi_words","1","produces",NA,0,"213","2026-02-15 21:07:24","VVI142",450,"f","2/16/26"
"2232","bath","cdi_words","1","understands",1,1,"213","2026-02-15 21:07:24","VVI142",450,"f","2/16/26"
"2233","bath","cdi_words","1","produces",NA,0,"76","2026-04-02 15:03:35","VVI186",450,"m","2/26/04"
"2234","bath","cdi_words","1","understands",NA,0,"76","2026-04-02 15:03:35","VVI186",450,"m","2/26/04"
"2235","bath","cdi_words","1","produces",NA,0,"3259","2026-06-30 07:13:02","VVI213",450,"f","5/19/26"
"2236","bath","cdi_words","1","understands",1,1,"3259","2026-06-30 07:13:02","VVI213",450,"f","5/19/26"
"2237","bath","cdi_words","1","produces",NA,0,"53","2026-06-03 07:26:29","VVI221",420,"m","3/26/06"
"2238","bath","cdi_words","1","understands",NA,0,"53","2026-06-03 07:26:29","VVI221",420,"m","3/26/06"
"2239","bath","cdi_words","1","produces",NA,0,"223","2026-03-09 15:51:32","VVI162",510,"f","2/24/26"
"2240","bath","cdi_words","1","understands",1,1,"223","2026-03-09 15:51:32","VVI162",510,"f","2/24/26"
"2241","bath","cdi_words","1","produces",NA,0,"207","2026-04-08 10:48:19","VVI193",450,"f","8/26/04"
"2242","bath","cdi_words","1","understands",1,1,"207","2026-04-08 10:48:19","VVI193",450,"f","8/26/04"
"2243","bath","cdi_words","1","produces",NA,0,"131","2026-04-28 16:52:20","VVI201",420,"m","4/27/26"
"2244","bath","cdi_words","1","understands",1,1,"131","2026-04-28 16:52:20","VVI201",420,"m","4/27/26"
"2245","bath","cdi_words","1","produces",2,1,"216","2026-03-08 20:15:37","VVI146",510,"f","2/17/26"
"2246","bath","cdi_words","1","understands",2,1,"216","2026-03-08 20:15:37","VVI146",510,"f","2/17/26"
"2247","bath","cdi_words","1","produces",NA,0,"179","2026-03-09 12:13:10","VVI160",510,"m","2/23/26"
"2248","bath","cdi_words","1","understands",NA,0,"179","2026-03-09 12:13:10","VVI160",510,"m","2/23/26"
"2249","bath","cdi_words","1","produces",NA,0,"102","2026-03-08 18:49:54","VVI164",480,"m","2/25/26"
"2250","bath","cdi_words","1","understands",1,1,"102","2026-03-08 18:49:54","VVI164",480,"m","2/25/26"
"2251","don't","cdi_words","1","produces",NA,0,"32","2026-07-12 15:42:16","VVI230",510,"m","7/12/26"
"2252","don't","cdi_words","1","understands",NA,0,"32","2026-07-12 15:42:16","VVI230",510,"m","7/12/26"
"2253","don't","cdi_words","1","produces",NA,0,"199","2026-06-29 18:15:46","VVI223",450,"f","8/26/06"
"2254","don't","cdi_words","1","understands",1,1,"199","2026-06-29 18:15:46","VVI223",450,"f","8/26/06"
"2255","don't","cdi_words","1","produces",2,1,"245","2026-04-29 06:56:14","VVI196",450,"f","4/14/26"
"2256","don't","cdi_words","1","understands",2,1,"245","2026-04-29 06:56:14","VVI196",450,"f","4/14/26"
"2257","don't","cdi_words","1","produces",NA,0,"104","2026-03-29 15:34:33","VVI183",420,"m","3/29/26"
"2258","don't","cdi_words","1","understands",NA,0,"104","2026-03-29 15:34:33","VVI183",420,"m","3/29/26"
"2259","don't","cdi_words","1","produces",NA,0,"125","2026-04-30 08:46:28","VVI197",450,"m","4/14/26"
"2260","don't","cdi_words","1","understands",1,1,"125","2026-04-30 08:46:28","VVI197",450,"m","4/14/26"
"2261","don't","cdi_words","1","produces",NA,0,"213","2026-02-15 21:07:24","VVI142",450,"f","2/16/26"
"2262","don't","cdi_words","1","understands",1,1,"213","2026-02-15 21:07:24","VVI142",450,"f","2/16/26"
"2263","don't","cdi_words","1","produces",NA,0,"76","2026-04-02 15:03:35","VVI186",450,"m","2/26/04"
"2264","don't","cdi_words","1","understands",NA,0,"76","2026-04-02 15:03:35","VVI186",450,"m","2/26/04"
"2265","don't","cdi_words","1","produces",NA,0,"3259","2026-06-30 07:13:02","VVI213",450,"f","5/19/26"
"2266","don't","cdi_words","1","understands",NA,0,"3259","2026-06-30 07:13:02","VVI213",450,"f","5/19/26"
"2267","don't","cdi_words","1","produces",NA,0,"53","2026-06-03 07:26:29","VVI221",420,"m","3/26/06"
"2268","don't","cdi_words","1","understands",NA,0,"53","2026-06-03 07:26:29","VVI221",420,"m","3/26/06"
"2269","don't","cdi_words","1","produces",NA,0,"223","2026-03-09 15:51:32","VVI162",510,"f","2/24/26"
"2270","don't","cdi_words","1","understands",1,1,"223","2026-03-09 15:51:32","VVI162",510,"f","2/24/26"
"2271","don't","cdi_words","1","produces",NA,0,"207","2026-04-08 10:48:19","VVI193",450,"f","8/26/04"
"2272","don't","cdi_words","1","understands",NA,0,"207","2026-04-08 10:48:19","VVI193",450,"f","8/26/04"
"2273","don't","cdi_words","1","produces",NA,0,"131","2026-04-28 16:52:20","VVI201",420,"m","4/27/26"
"2274","don't","cdi_words","1","understands",NA,0,"131","2026-04-28 16:52:20","VVI201",420,"m","4/27/26"
"2275","don't","cdi_words","1","produces",NA,0,"216","2026-03-08 20:15:37","VVI146",510,"f","2/17/26"
"2276","don't","cdi_words","1","understands",NA,0,"216","2026-03-08 20:15:37","VVI146",510,"f","2/17/26"
"2277","don't","cdi_words","1","produces",NA,0,"179","2026-03-09 12:13:10","VVI160",510,"m","2/23/26"
"2278","don't","cdi_words","1","understands",NA,0,"179","2026-03-09 12:13:10","VVI160",510,"m","2/23/26"
"2279","don't","cdi_words","1","produces",NA,0,"102","2026-03-08 18:49:54","VVI164",480,"m","2/25/26"
"2280","don't","cdi_words","1","understands",NA,0,"102","2026-03-08 18:49:54","VVI164",480,"m","2/25/26"
"2281","hi","cdi_words","1","produces",NA,0,"32","2026-07-12 15:42:16","VVI230",510,"m","7/12/26"
"2282","hi","cdi_words","1","understands",NA,0,"32","2026-07-12 15:42:16","VVI230",510,"m","7/12/26"
"2283","hi","cdi_words","1","produces",2,1,"199","2026-06-29 18:15:46","VVI223",450,"f","8/26/06"
"2284","hi","cdi_words","1","understands",2,1,"199","2026-06-29 18:15:46","VVI223",450,"f","8/26/06"
"2285","hi","cdi_words","1","produces",NA,0,"245","2026-04-29 06:56:14","VVI196",450,"f","4/14/26"
"2286","hi","cdi_words","1","understands",1,1,"245","2026-04-29 06:56:14","VVI196",450,"f","4/14/26"
"2287","hi","cdi_words","1","produces",NA,0,"104","2026-03-29 15:34:33","VVI183",420,"m","3/29/26"
"2288","hi","cdi_words","1","understands",NA,0,"104","2026-03-29 15:34:33","VVI183",420,"m","3/29/26"
"2289","hi","cdi_words","1","produces",NA,0,"125","2026-04-30 08:46:28","VVI197",450,"m","4/14/26"
"2290","hi","cdi_words","1","understands",1,1,"125","2026-04-30 08:46:28","VVI197",450,"m","4/14/26"
"2291","hi","cdi_words","1","produces",2,1,"213","2026-02-15 21:07:24","VVI142",450,"f","2/16/26"
"2292","hi","cdi_words","1","understands",2,1,"213","2026-02-15 21:07:24","VVI142",450,"f","2/16/26"
"2293","hi","cdi_words","1","produces",NA,0,"76","2026-04-02 15:03:35","VVI186",450,"m","2/26/04"
"2294","hi","cdi_words","1","understands",NA,0,"76","2026-04-02 15:03:35","VVI186",450,"m","2/26/04"
"2295","hi","cdi_words","1","produces",2,1,"3259","2026-06-30 07:13:02","VVI213",450,"f","5/19/26"
"2296","hi","cdi_words","1","understands",2,1,"3259","2026-06-30 07:13:02","VVI213",450,"f","5/19/26"
"2297","hi","cdi_words","1","produces",2,1,"53","2026-06-03 07:26:29","VVI221",420,"m","3/26/06"
"2298","hi","cdi_words","1","understands",2,1,"53","2026-06-03 07:26:29","VVI221",420,"m","3/26/06"
"2299","hi","cdi_words","1","produces",2,1,"223","2026-03-09 15:51:32","VVI162",510,"f","2/24/26"
"2300","hi","cdi_words","1","understands",2,1,"223","2026-03-09 15:51:32","VVI162",510,"f","2/24/26"
"2301","hi","cdi_words","1","produces",NA,0,"207","2026-04-08 10:48:19","VVI193",450,"f","8/26/04"
"2302","hi","cdi_words","1","understands",1,1,"207","2026-04-08 10:48:19","VVI193",450,"f","8/26/04"
"2303","hi","cdi_words","1","produces",NA,0,"131","2026-04-28 16:52:20","VVI201",420,"m","4/27/26"
"2304","hi","cdi_words","1","understands",1,1,"131","2026-04-28 16:52:20","VVI201",420,"m","4/27/26"
"2305","hi","cdi_words","1","produces",2,1,"216","2026-03-08 20:15:37","VVI146",510,"f","2/17/26"
"2306","hi","cdi_words","1","understands",2,1,"216","2026-03-08 20:15:37","VVI146",510,"f","2/17/26"
"2307","hi","cdi_words","1","produces",2,1,"179","2026-03-09 12:13:10","VVI160",510,"m","2/23/26"
"2308","hi","cdi_words","1","understands",2,1,"179","2026-03-09 12:13:10","VVI160",510,"m","2/23/26"
"2309","hi","cdi_words","1","produces",2,1,"102","2026-03-08 18:49:54","VVI164",480,"m","2/25/26"
"2310","hi","cdi_words","1","understands",2,1,"102","2026-03-08 18:49:54","VVI164",480,"m","2/25/26"
"2311","night night","cdi_words","1","produces",NA,0,"32","2026-07-12 15:42:16","VVI230",510,"m","7/12/26"
"2312","night night","cdi_words","1","understands",NA,0,"32","2026-07-12 15:42:16","VVI230",510,"m","7/12/26"
"2313","night night","cdi_words","1","produces",NA,0,"199","2026-06-29 18:15:46","VVI223",450,"f","8/26/06"
"2314","night night","cdi_words","1","understands",1,1,"199","2026-06-29 18:15:46","VVI223",450,"f","8/26/06"
"2315","night night","cdi_words","1","produces",2,1,"245","2026-04-29 06:56:14","VVI196",450,"f","4/14/26"
"2316","night night","cdi_words","1","understands",2,1,"245","2026-04-29 06:56:14","VVI196",450,"f","4/14/26"
"2317","night night","cdi_words","1","produces",NA,0,"104","2026-03-29 15:34:33","VVI183",420,"m","3/29/26"
"2318","night night","cdi_words","1","understands",1,1,"104","2026-03-29 15:34:33","VVI183",420,"m","3/29/26"
"2319","night night","cdi_words","1","produces",NA,0,"125","2026-04-30 08:46:28","VVI197",450,"m","4/14/26"
"2320","night night","cdi_words","1","understands",1,1,"125","2026-04-30 08:46:28","VVI197",450,"m","4/14/26"
"2321","night night","cdi_words","1","produces",NA,0,"213","2026-02-15 21:07:24","VVI142",450,"f","2/16/26"
"2322","night night","cdi_words","1","understands",NA,0,"213","2026-02-15 21:07:24","VVI142",450,"f","2/16/26"
"2323","night night","cdi_words","1","produces",NA,0,"76","2026-04-02 15:03:35","VVI186",450,"m","2/26/04"
"2324","night night","cdi_words","1","understands",1,1,"76","2026-04-02 15:03:35","VVI186",450,"m","2/26/04"
"2325","night night","cdi_words","1","produces",2,1,"3259","2026-06-30 07:13:02","VVI213",450,"f","5/19/26"
"2326","night night","cdi_words","1","understands",2,1,"3259","2026-06-30 07:13:02","VVI213",450,"f","5/19/26"
"2327","night night","cdi_words","1","produces",NA,0,"53","2026-06-03 07:26:29","VVI221",420,"m","3/26/06"
"2328","night night","cdi_words","1","understands",NA,0,"53","2026-06-03 07:26:29","VVI221",420,"m","3/26/06"
"2329","night night","cdi_words","1","produces",2,1,"223","2026-03-09 15:51:32","VVI162",510,"f","2/24/26"
"2330","night night","cdi_words","1","understands",2,1,"223","2026-03-09 15:51:32","VVI162",510,"f","2/24/26"
"2331","night night","cdi_words","1","produces",NA,0,"207","2026-04-08 10:48:19","VVI193",450,"f","8/26/04"
"2332","night night","cdi_words","1","understands",1,1,"207","2026-04-08 10:48:19","VVI193",450,"f","8/26/04"
"2333","night night","cdi_words","1","produces",NA,0,"131","2026-04-28 16:52:20","VVI201",420,"m","4/27/26"
"2334","night night","cdi_words","1","understands",1,1,"131","2026-04-28 16:52:20","VVI201",420,"m","4/27/26"
"2335","night night","cdi_words","1","produces",2,1,"216","2026-03-08 20:15:37","VVI146",510,"f","2/17/26"
"2336","night night","cdi_words","1","understands",2,1,"216","2026-03-08 20:15:37","VVI146",510,"f","2/17/26"
"2337","night night","cdi_words","1","produces",NA,0,"179","2026-03-09 12:13:10","VVI160",510,"m","2/23/26"
"2338","night night","cdi_words","1","understands",1,1,"179","2026-03-09 12:13:10","VVI160",510,"m","2/23/26"
"2339","night night","cdi_words","1","produces",NA,0,"102","2026-03-08 18:49:54","VVI164",480,"m","2/25/26"
"2340","night night","cdi_words","1","understands",NA,0,"102","2026-03-08 18:49:54","VVI164",480,"m","2/25/26"
"2341","patty cake","cdi_words","1","produces",NA,0,"32","2026-07-12 15:42:16","VVI230",510,"m","7/12/26"
"2342","patty cake","cdi_words","1","understands",NA,0,"32","2026-07-12 15:42:16","VVI230",510,"m","7/12/26"
"2343","patty cake","cdi_words","1","produces",NA,0,"199","2026-06-29 18:15:46","VVI223",450,"f","8/26/06"
"2344","patty cake","cdi_words","1","understands",1,1,"199","2026-06-29 18:15:46","VVI223",450,"f","8/26/06"
"2345","patty cake","cdi_words","1","produces",NA,0,"245","2026-04-29 06:56:14","VVI196",450,"f","4/14/26"
"2346","patty cake","cdi_words","1","understands",1,1,"245","2026-04-29 06:56:14","VVI196",450,"f","4/14/26"
"2347","patty cake","cdi_words","1","produces",NA,0,"104","2026-03-29 15:34:33","VVI183",420,"m","3/29/26"
"2348","patty cake","cdi_words","1","understands",1,1,"104","2026-03-29 15:34:33","VVI183",420,"m","3/29/26"
"2349","patty cake","cdi_words","1","produces",NA,0,"125","2026-04-30 08:46:28","VVI197",450,"m","4/14/26"
"2350","patty cake","cdi_words","1","understands",1,1,"125","2026-04-30 08:46:28","VVI197",450,"m","4/14/26"
"2351","patty cake","cdi_words","1","produces",NA,0,"213","2026-02-15 21:07:24","VVI142",450,"f","2/16/26"
"2352","patty cake","cdi_words","1","understands",NA,0,"213","2026-02-15 21:07:24","VVI142",450,"f","2/16/26"
"2353","patty cake","cdi_words","1","produces",NA,0,"76","2026-04-02 15:03:35","VVI186",450,"m","2/26/04"
"2354","patty cake","cdi_words","1","understands",NA,0,"76","2026-04-02 15:03:35","VVI186",450,"m","2/26/04"
"2355","patty cake","cdi_words","1","produces",NA,0,"3259","2026-06-30 07:13:02","VVI213",450,"f","5/19/26"
"2356","patty cake","cdi_words","1","understands",1,1,"3259","2026-06-30 07:13:02","VVI213",450,"f","5/19/26"
"2357","patty cake","cdi_words","1","produces",NA,0,"53","2026-06-03 07:26:29","VVI221",420,"m","3/26/06"
"2358","patty cake","cdi_words","1","understands",NA,0,"53","2026-06-03 07:26:29","VVI221",420,"m","3/26/06"
"2359","patty cake","cdi_words","1","produces",NA,0,"223","2026-03-09 15:51:32","VVI162",510,"f","2/24/26"
"2360","patty cake","cdi_words","1","understands",NA,0,"223","2026-03-09 15:51:32","VVI162",510,"f","2/24/26"
"2361","patty cake","cdi_words","1","produces",NA,0,"207","2026-04-08 10:48:19","VVI193",450,"f","8/26/04"
"2362","patty cake","cdi_words","1","understands",NA,0,"207","2026-04-08 10:48:19","VVI193",450,"f","8/26/04"
"2363","patty cake","cdi_words","1","produces",NA,0,"131","2026-04-28 16:52:20","VVI201",420,"m","4/27/26"
"2364","patty cake","cdi_words","1","understands",1,1,"131","2026-04-28 16:52:20","VVI201",420,"m","4/27/26"
"2365","patty cake","cdi_words","1","produces",NA,0,"216","2026-03-08 20:15:37","VVI146",510,"f","2/17/26"
"2366","patty cake","cdi_words","1","understands",NA,0,"216","2026-03-08 20:15:37","VVI146",510,"f","2/17/26"
"2367","patty cake","cdi_words","1","produces",NA,0,"179","2026-03-09 12:13:10","VVI160",510,"m","2/23/26"
"2368","patty cake","cdi_words","1","understands",NA,0,"179","2026-03-09 12:13:10","VVI160",510,"m","2/23/26"
"2369","patty cake","cdi_words","1","produces",NA,0,"102","2026-03-08 18:49:54","VVI164",480,"m","2/25/26"
"2370","patty cake","cdi_words","1","understands",NA,0,"102","2026-03-08 18:49:54","VVI164",480,"m","2/25/26"
"2371","dog","cdi_words","1","produces",NA,0,"32","2026-07-12 15:42:16","VVI230",510,"m","7/12/26"
"2372","dog","cdi_words","1","understands",NA,0,"32","2026-07-12 15:42:16","VVI230",510,"m","7/12/26"
"2373","dog","cdi_words","1","produces",2,1,"199","2026-06-29 18:15:46","VVI223",450,"f","8/26/06"
"2374","dog","cdi_words","1","understands",2,1,"199","2026-06-29 18:15:46","VVI223",450,"f","8/26/06"
"2375","dog","cdi_words","1","produces",NA,0,"245","2026-04-29 06:56:14","VVI196",450,"f","4/14/26"
"2376","dog","cdi_words","1","understands",1,1,"245","2026-04-29 06:56:14","VVI196",450,"f","4/14/26"
"2377","dog","cdi_words","1","produces",NA,0,"104","2026-03-29 15:34:33","VVI183",420,"m","3/29/26"
"2378","dog","cdi_words","1","understands",1,1,"104","2026-03-29 15:34:33","VVI183",420,"m","3/29/26"
"2379","dog","cdi_words","1","produces",NA,0,"125","2026-04-30 08:46:28","VVI197",450,"m","4/14/26"
"2380","dog","cdi_words","1","understands",1,1,"125","2026-04-30 08:46:28","VVI197",450,"m","4/14/26"
"2381","dog","cdi_words","1","produces",NA,0,"213","2026-02-15 21:07:24","VVI142",450,"f","2/16/26"
"2382","dog","cdi_words","1","understands",1,1,"213","2026-02-15 21:07:24","VVI142",450,"f","2/16/26"
"2383","dog","cdi_words","1","produces",NA,0,"76","2026-04-02 15:03:35","VVI186",450,"m","2/26/04"
"2384","dog","cdi_words","1","understands",NA,0,"76","2026-04-02 15:03:35","VVI186",450,"m","2/26/04"
"2385","dog","cdi_words","1","produces",2,1,"3259","2026-06-30 07:13:02","VVI213",450,"f","5/19/26"
"2386","dog","cdi_words","1","understands",2,1,"3259","2026-06-30 07:13:02","VVI213",450,"f","5/19/26"
"2387","dog","cdi_words","1","produces",NA,0,"53","2026-06-03 07:26:29","VVI221",420,"m","3/26/06"
"2388","dog","cdi_words","1","understands",NA,0,"53","2026-06-03 07:26:29","VVI221",420,"m","3/26/06"
"2389","dog","cdi_words","1","produces",2,1,"223","2026-03-09 15:51:32","VVI162",510,"f","2/24/26"
"2390","dog","cdi_words","1","understands",2,1,"223","2026-03-09 15:51:32","VVI162",510,"f","2/24/26"
"2391","dog","cdi_words","1","produces",NA,0,"207","2026-04-08 10:48:19","VVI193",450,"f","8/26/04"
"2392","dog","cdi_words","1","understands",1,1,"207","2026-04-08 10:48:19","VVI193",450,"f","8/26/04"
"2393","dog","cdi_words","1","produces",NA,0,"131","2026-04-28 16:52:20","VVI201",420,"m","4/27/26"
"2394","dog","cdi_words","1","understands",1,1,"131","2026-04-28 16:52:20","VVI201",420,"m","4/27/26"
"2395","dog","cdi_words","1","produces",2,1,"216","2026-03-08 20:15:37","VVI146",510,"f","2/17/26"
"2396","dog","cdi_words","1","understands",2,1,"216","2026-03-08 20:15:37","VVI146",510,"f","2/17/26"
"2397","dog","cdi_words","1","produces",NA,0,"179","2026-03-09 12:13:10","VVI160",510,"m","2/23/26"
"2398","dog","cdi_words","1","understands",1,1,"179","2026-03-09 12:13:10","VVI160",510,"m","2/23/26"
"2399","dog","cdi_words","1","produces",NA,0,"102","2026-03-08 18:49:54","VVI164",480,"m","2/25/26"
"2400","dog","cdi_words","1","understands",NA,0,"102","2026-03-08 18:49:54","VVI164",480,"m","2/25/26"
"2401","please","cdi_words","1","produces",NA,0,"32","2026-07-12 15:42:16","VVI230",510,"m","7/12/26"
"2402","please","cdi_words","1","understands",NA,0,"32","2026-07-12 15:42:16","VVI230",510,"m","7/12/26"
"2403","please","cdi_words","1","produces",NA,0,"199","2026-06-29 18:15:46","VVI223",450,"f","8/26/06"
"2404","please","cdi_words","1","understands",1,1,"199","2026-06-29 18:15:46","VVI223",450,"f","8/26/06"
"2405","please","cdi_words","1","produces",NA,0,"245","2026-04-29 06:56:14","VVI196",450,"f","4/14/26"
"2406","please","cdi_words","1","understands",1,1,"245","2026-04-29 06:56:14","VVI196",450,"f","4/14/26"
"2407","please","cdi_words","1","produces",NA,0,"104","2026-03-29 15:34:33","VVI183",420,"m","3/29/26"
"2408","please","cdi_words","1","understands",NA,0,"104","2026-03-29 15:34:33","VVI183",420,"m","3/29/26"
"2409","please","cdi_words","1","produces",NA,0,"125","2026-04-30 08:46:28","VVI197",450,"m","4/14/26"
"2410","please","cdi_words","1","understands",1,1,"125","2026-04-30 08:46:28","VVI197",450,"m","4/14/26"
"2411","please","cdi_words","1","produces",NA,0,"213","2026-02-15 21:07:24","VVI142",450,"f","2/16/26"
"2412","please","cdi_words","1","understands",1,1,"213","2026-02-15 21:07:24","VVI142",450,"f","2/16/26"
"2413","please","cdi_words","1","produces",NA,0,"76","2026-04-02 15:03:35","VVI186",450,"m","2/26/04"
"2414","please","cdi_words","1","understands",NA,0,"76","2026-04-02 15:03:35","VVI186",450,"m","2/26/04"
"2415","please","cdi_words","1","produces",NA,0,"3259","2026-06-30 07:13:02","VVI213",450,"f","5/19/26"
"2416","please","cdi_words","1","understands",1,1,"3259","2026-06-30 07:13:02","VVI213",450,"f","5/19/26"
"2417","please","cdi_words","1","produces",NA,0,"53","2026-06-03 07:26:29","VVI221",420,"m","3/26/06"
"2418","please","cdi_words","1","understands",NA,0,"53","2026-06-03 07:26:29","VVI221",420,"m","3/26/06"
"2419","please","cdi_words","1","produces",NA,0,"223","2026-03-09 15:51:32","VVI162",510,"f","2/24/26"
"2420","please","cdi_words","1","understands",1,1,"223","2026-03-09 15:51:32","VVI162",510,"f","2/24/26"
"2421","please","cdi_words","1","produces",NA,0,"207","2026-04-08 10:48:19","VVI193",450,"f","8/26/04"
"2422","please","cdi_words","1","understands",1,1,"207","2026-04-08 10:48:19","VVI193",450,"f","8/26/04"
"2423","please","cdi_words","1","produces",NA,0,"131","2026-04-28 16:52:20","VVI201",420,"m","4/27/26"
"2424","please","cdi_words","1","understands",1,1,"131","2026-04-28 16:52:20","VVI201",420,"m","4/27/26"
"2425","please","cdi_words","1","produces",NA,0,"216","2026-03-08 20:15:37","VVI146",510,"f","2/17/26"
"2426","please","cdi_words","1","understands",NA,0,"216","2026-03-08 20:15:37","VVI146",510,"f","2/17/26"
"2427","please","cdi_words","1","produces",NA,0,"179","2026-03-09 12:13:10","VVI160",510,"m","2/23/26"
"2428","please","cdi_words","1","understands",NA,0,"179","2026-03-09 12:13:10","VVI160",510,"m","2/23/26"
"2429","please","cdi_words","1","produces",NA,0,"102","2026-03-08 18:49:54","VVI164",480,"m","2/25/26"
"2430","please","cdi_words","1","understands",NA,0,"102","2026-03-08 18:49:54","VVI164",480,"m","2/25/26"
"2431","wait","cdi_words","1","produces",NA,0,"32","2026-07-12 15:42:16","VVI230",510,"m","7/12/26"
"2432","wait","cdi_words","1","understands",NA,0,"32","2026-07-12 15:42:16","VVI230",510,"m","7/12/26"
"2433","wait","cdi_words","1","produces",NA,0,"199","2026-06-29 18:15:46","VVI223",450,"f","8/26/06"
"2434","wait","cdi_words","1","understands",1,1,"199","2026-06-29 18:15:46","VVI223",450,"f","8/26/06"
"2435","wait","cdi_words","1","produces",NA,0,"245","2026-04-29 06:56:14","VVI196",450,"f","4/14/26"
"2436","wait","cdi_words","1","understands",1,1,"245","2026-04-29 06:56:14","VVI196",450,"f","4/14/26"
"2437","wait","cdi_words","1","produces",NA,0,"104","2026-03-29 15:34:33","VVI183",420,"m","3/29/26"
"2438","wait","cdi_words","1","understands",NA,0,"104","2026-03-29 15:34:33","VVI183",420,"m","3/29/26"
"2439","wait","cdi_words","1","produces",NA,0,"125","2026-04-30 08:46:28","VVI197",450,"m","4/14/26"
"2440","wait","cdi_words","1","understands",1,1,"125","2026-04-30 08:46:28","VVI197",450,"m","4/14/26"
"2441","wait","cdi_words","1","produces",NA,0,"213","2026-02-15 21:07:24","VVI142",450,"f","2/16/26"
"2442","wait","cdi_words","1","understands",1,1,"213","2026-02-15 21:07:24","VVI142",450,"f","2/16/26"
"2443","wait","cdi_words","1","produces",NA,0,"76","2026-04-02 15:03:35","VVI186",450,"m","2/26/04"
"2444","wait","cdi_words","1","understands",NA,0,"76","2026-04-02 15:03:35","VVI186",450,"m","2/26/04"
"2445","wait","cdi_words","1","produces",NA,0,"3259","2026-06-30 07:13:02","VVI213",450,"f","5/19/26"
"2446","wait","cdi_words","1","understands",1,1,"3259","2026-06-30 07:13:02","VVI213",450,"f","5/19/26"
"2447","wait","cdi_words","1","produces",NA,0,"53","2026-06-03 07:26:29","VVI221",420,"m","3/26/06"
"2448","wait","cdi_words","1","understands",NA,0,"53","2026-06-03 07:26:29","VVI221",420,"m","3/26/06"
"2449","wait","cdi_words","1","produces",NA,0,"223","2026-03-09 15:51:32","VVI162",510,"f","2/24/26"
"2450","wait","cdi_words","1","understands",1,1,"223","2026-03-09 15:51:32","VVI162",510,"f","2/24/26"
"2451","wait","cdi_words","1","produces",NA,0,"207","2026-04-08 10:48:19","VVI193",450,"f","8/26/04"
"2452","wait","cdi_words","1","understands",1,1,"207","2026-04-08 10:48:19","VVI193",450,"f","8/26/04"
"2453","wait","cdi_words","1","produces",NA,0,"131","2026-04-28 16:52:20","VVI201",420,"m","4/27/26"
"2454","wait","cdi_words","1","understands",1,1,"131","2026-04-28 16:52:20","VVI201",420,"m","4/27/26"
"2455","wait","cdi_words","1","produces",NA,0,"216","2026-03-08 20:15:37","VVI146",510,"f","2/17/26"
"2456","wait","cdi_words","1","understands",NA,0,"216","2026-03-08 20:15:37","VVI146",510,"f","2/17/26"
"2457","wait","cdi_words","1","produces",NA,0,"179","2026-03-09 12:13:10","VVI160",510,"m","2/23/26"
"2458","wait","cdi_words","1","understands",NA,0,"179","2026-03-09 12:13:10","VVI160",510,"m","2/23/26"
"2459","wait","cdi_words","1","produces",NA,0,"102","2026-03-08 18:49:54","VVI164",480,"m","2/25/26"
"2460","wait","cdi_words","1","understands",NA,0,"102","2026-03-08 18:49:54","VVI164",480,"m","2/25/26"
"2461","break","cdi_words","1","produces",NA,0,"32","2026-07-12 15:42:16","VVI230",510,"m","7/12/26"
"2462","break","cdi_words","1","understands",NA,0,"32","2026-07-12 15:42:16","VVI230",510,"m","7/12/26"
"2463","break","cdi_words","1","produces",NA,0,"199","2026-06-29 18:15:46","VVI223",450,"f","8/26/06"
"2464","break","cdi_words","1","understands",1,1,"199","2026-06-29 18:15:46","VVI223",450,"f","8/26/06"
"2465","break","cdi_words","1","produces",NA,0,"245","2026-04-29 06:56:14","VVI196",450,"f","4/14/26"
"2466","break","cdi_words","1","understands",1,1,"245","2026-04-29 06:56:14","VVI196",450,"f","4/14/26"
"2467","break","cdi_words","1","produces",NA,0,"104","2026-03-29 15:34:33","VVI183",420,"m","3/29/26"
"2468","break","cdi_words","1","understands",NA,0,"104","2026-03-29 15:34:33","VVI183",420,"m","3/29/26"
"2469","break","cdi_words","1","produces",NA,0,"125","2026-04-30 08:46:28","VVI197",450,"m","4/14/26"
"2470","break","cdi_words","1","understands",1,1,"125","2026-04-30 08:46:28","VVI197",450,"m","4/14/26"
"2471","break","cdi_words","1","produces",NA,0,"213","2026-02-15 21:07:24","VVI142",450,"f","2/16/26"
"2472","break","cdi_words","1","understands",NA,0,"213","2026-02-15 21:07:24","VVI142",450,"f","2/16/26"
"2473","break","cdi_words","1","produces",NA,0,"76","2026-04-02 15:03:35","VVI186",450,"m","2/26/04"
"2474","break","cdi_words","1","understands",NA,0,"76","2026-04-02 15:03:35","VVI186",450,"m","2/26/04"
"2475","break","cdi_words","1","produces",NA,0,"3259","2026-06-30 07:13:02","VVI213",450,"f","5/19/26"
"2476","break","cdi_words","1","understands",NA,0,"3259","2026-06-30 07:13:02","VVI213",450,"f","5/19/26"
"2477","break","cdi_words","1","produces",NA,0,"53","2026-06-03 07:26:29","VVI221",420,"m","3/26/06"
"2478","break","cdi_words","1","understands",NA,0,"53","2026-06-03 07:26:29","VVI221",420,"m","3/26/06"
"2479","break","cdi_words","1","produces",NA,0,"223","2026-03-09 15:51:32","VVI162",510,"f","2/24/26"
"2480","break","cdi_words","1","understands",NA,0,"223","2026-03-09 15:51:32","VVI162",510,"f","2/24/26"
"2481","break","cdi_words","1","produces",NA,0,"207","2026-04-08 10:48:19","VVI193",450,"f","8/26/04"
"2482","break","cdi_words","1","understands",1,1,"207","2026-04-08 10:48:19","VVI193",450,"f","8/26/04"
"2483","break","cdi_words","1","produces",NA,0,"131","2026-04-28 16:52:20","VVI201",420,"m","4/27/26"
"2484","break","cdi_words","1","understands",NA,0,"131","2026-04-28 16:52:20","VVI201",420,"m","4/27/26"
"2485","break","cdi_words","1","produces",NA,0,"216","2026-03-08 20:15:37","VVI146",510,"f","2/17/26"
"2486","break","cdi_words","1","understands",NA,0,"216","2026-03-08 20:15:37","VVI146",510,"f","2/17/26"
"2487","break","cdi_words","1","produces",NA,0,"179","2026-03-09 12:13:10","VVI160",510,"m","2/23/26"
"2488","break","cdi_words","1","understands",NA,0,"179","2026-03-09 12:13:10","VVI160",510,"m","2/23/26"
"2489","break","cdi_words","1","produces",NA,0,"102","2026-03-08 18:49:54","VVI164",480,"m","2/25/26"
"2490","break","cdi_words","1","understands",NA,0,"102","2026-03-08 18:49:54","VVI164",480,"m","2/25/26"
"2491","feed","cdi_words","1","produces",NA,0,"32","2026-07-12 15:42:16","VVI230",510,"m","7/12/26"
"2492","feed","cdi_words","1","understands",NA,0,"32","2026-07-12 15:42:16","VVI230",510,"m","7/12/26"
"2493","feed","cdi_words","1","produces",NA,0,"199","2026-06-29 18:15:46","VVI223",450,"f","8/26/06"
"2494","feed","cdi_words","1","understands",1,1,"199","2026-06-29 18:15:46","VVI223",450,"f","8/26/06"
"2495","feed","cdi_words","1","produces",NA,0,"245","2026-04-29 06:56:14","VVI196",450,"f","4/14/26"
"2496","feed","cdi_words","1","understands",1,1,"245","2026-04-29 06:56:14","VVI196",450,"f","4/14/26"
"2497","feed","cdi_words","1","produces",NA,0,"104","2026-03-29 15:34:33","VVI183",420,"m","3/29/26"
"2498","feed","cdi_words","1","understands",NA,0,"104","2026-03-29 15:34:33","VVI183",420,"m","3/29/26"
"2499","feed","cdi_words","1","produces",NA,0,"125","2026-04-30 08:46:28","VVI197",450,"m","4/14/26"
"2500","feed","cdi_words","1","understands",1,1,"125","2026-04-30 08:46:28","VVI197",450,"m","4/14/26"
"2501","feed","cdi_words","1","produces",NA,0,"213","2026-02-15 21:07:24","VVI142",450,"f","2/16/26"
"2502","feed","cdi_words","1","understands",1,1,"213","2026-02-15 21:07:24","VVI142",450,"f","2/16/26"
"2503","feed","cdi_words","1","produces",NA,0,"76","2026-04-02 15:03:35","VVI186",450,"m","2/26/04"
"2504","feed","cdi_words","1","understands",NA,0,"76","2026-04-02 15:03:35","VVI186",450,"m","2/26/04"
"2505","feed","cdi_words","1","produces",NA,0,"3259","2026-06-30 07:13:02","VVI213",450,"f","5/19/26"
"2506","feed","cdi_words","1","understands",NA,0,"3259","2026-06-30 07:13:02","VVI213",450,"f","5/19/26"
"2507","feed","cdi_words","1","produces",NA,0,"53","2026-06-03 07:26:29","VVI221",420,"m","3/26/06"
"2508","feed","cdi_words","1","understands",NA,0,"53","2026-06-03 07:26:29","VVI221",420,"m","3/26/06"
"2509","feed","cdi_words","1","produces",NA,0,"223","2026-03-09 15:51:32","VVI162",510,"f","2/24/26"
"2510","feed","cdi_words","1","understands",NA,0,"223","2026-03-09 15:51:32","VVI162",510,"f","2/24/26"
"2511","feed","cdi_words","1","produces",NA,0,"207","2026-04-08 10:48:19","VVI193",450,"f","8/26/04"
"2512","feed","cdi_words","1","understands",1,1,"207","2026-04-08 10:48:19","VVI193",450,"f","8/26/04"
"2513","feed","cdi_words","1","produces",NA,0,"131","2026-04-28 16:52:20","VVI201",420,"m","4/27/26"
"2514","feed","cdi_words","1","understands",NA,0,"131","2026-04-28 16:52:20","VVI201",420,"m","4/27/26"
"2515","feed","cdi_words","1","produces",NA,0,"216","2026-03-08 20:15:37","VVI146",510,"f","2/17/26"
"2516","feed","cdi_words","1","understands",NA,0,"216","2026-03-08 20:15:37","VVI146",510,"f","2/17/26"
"2517","feed","cdi_words","1","produces",NA,0,"179","2026-03-09 12:13:10","VVI160",510,"m","2/23/26"
"2518","feed","cdi_words","1","understands",NA,0,"179","2026-03-09 12:13:10","VVI160",510,"m","2/23/26"
"2519","feed","cdi_words","1","produces",NA,0,"102","2026-03-08 18:49:54","VVI164",480,"m","2/25/26"
"2520","feed","cdi_words","1","understands",NA,0,"102","2026-03-08 18:49:54","VVI164",480,"m","2/25/26"
"2521","finish","cdi_words","1","produces",NA,0,"32","2026-07-12 15:42:16","VVI230",510,"m","7/12/26"
"2522","finish","cdi_words","1","understands",NA,0,"32","2026-07-12 15:42:16","VVI230",510,"m","7/12/26"
"2523","finish","cdi_words","1","produces",NA,0,"199","2026-06-29 18:15:46","VVI223",450,"f","8/26/06"
"2524","finish","cdi_words","1","understands",1,1,"199","2026-06-29 18:15:46","VVI223",450,"f","8/26/06"
"2525","finish","cdi_words","1","produces",NA,0,"245","2026-04-29 06:56:14","VVI196",450,"f","4/14/26"
"2526","finish","cdi_words","1","understands",1,1,"245","2026-04-29 06:56:14","VVI196",450,"f","4/14/26"
"2527","finish","cdi_words","1","produces",NA,0,"104","2026-03-29 15:34:33","VVI183",420,"m","3/29/26"
"2528","finish","cdi_words","1","understands",NA,0,"104","2026-03-29 15:34:33","VVI183",420,"m","3/29/26"
"2529","finish","cdi_words","1","produces",NA,0,"125","2026-04-30 08:46:28","VVI197",450,"m","4/14/26"
"2530","finish","cdi_words","1","understands",1,1,"125","2026-04-30 08:46:28","VVI197",450,"m","4/14/26"
"2531","finish","cdi_words","1","produces",NA,0,"213","2026-02-15 21:07:24","VVI142",450,"f","2/16/26"
"2532","finish","cdi_words","1","understands",1,1,"213","2026-02-15 21:07:24","VVI142",450,"f","2/16/26"
"2533","finish","cdi_words","1","produces",NA,0,"76","2026-04-02 15:03:35","VVI186",450,"m","2/26/04"
"2534","finish","cdi_words","1","understands",NA,0,"76","2026-04-02 15:03:35","VVI186",450,"m","2/26/04"
"2535","finish","cdi_words","1","produces",NA,0,"3259","2026-06-30 07:13:02","VVI213",450,"f","5/19/26"
"2536","finish","cdi_words","1","understands",NA,0,"3259","2026-06-30 07:13:02","VVI213",450,"f","5/19/26"
"2537","finish","cdi_words","1","produces",NA,0,"53","2026-06-03 07:26:29","VVI221",420,"m","3/26/06"
"2538","finish","cdi_words","1","understands",NA,0,"53","2026-06-03 07:26:29","VVI221",420,"m","3/26/06"
"2539","finish","cdi_words","1","produces",NA,0,"223","2026-03-09 15:51:32","VVI162",510,"f","2/24/26"
"2540","finish","cdi_words","1","understands",NA,0,"223","2026-03-09 15:51:32","VVI162",510,"f","2/24/26"
"2541","finish","cdi_words","1","produces",NA,0,"207","2026-04-08 10:48:19","VVI193",450,"f","8/26/04"
"2542","finish","cdi_words","1","understands",NA,0,"207","2026-04-08 10:48:19","VVI193",450,"f","8/26/04"
"2543","finish","cdi_words","1","produces",NA,0,"131","2026-04-28 16:52:20","VVI201",420,"m","4/27/26"
"2544","finish","cdi_words","1","understands",1,1,"131","2026-04-28 16:52:20","VVI201",420,"m","4/27/26"
"2545","finish","cdi_words","1","produces",NA,0,"216","2026-03-08 20:15:37","VVI146",510,"f","2/17/26"
"2546","finish","cdi_words","1","understands",NA,0,"216","2026-03-08 20:15:37","VVI146",510,"f","2/17/26"
"2547","finish","cdi_words","1","produces",NA,0,"179","2026-03-09 12:13:10","VVI160",510,"m","2/23/26"
"2548","finish","cdi_words","1","understands",NA,0,"179","2026-03-09 12:13:10","VVI160",510,"m","2/23/26"
"2549","finish","cdi_words","1","produces",NA,0,"102","2026-03-08 18:49:54","VVI164",480,"m","2/25/26"
"2550","finish","cdi_words","1","understands",NA,0,"102","2026-03-08 18:49:54","VVI164",480,"m","2/25/26"
"2551","help","cdi_words","1","produces",NA,0,"32","2026-07-12 15:42:16","VVI230",510,"m","7/12/26"
"2552","help","cdi_words","1","understands",NA,0,"32","2026-07-12 15:42:16","VVI230",510,"m","7/12/26"
"2553","help","cdi_words","1","produces",2,1,"199","2026-06-29 18:15:46","VVI223",450,"f","8/26/06"
"2554","help","cdi_words","1","understands",2,1,"199","2026-06-29 18:15:46","VVI223",450,"f","8/26/06"
"2555","help","cdi_words","1","produces",NA,0,"245","2026-04-29 06:56:14","VVI196",450,"f","4/14/26"
"2556","help","cdi_words","1","understands",1,1,"245","2026-04-29 06:56:14","VVI196",450,"f","4/14/26"
"2557","help","cdi_words","1","produces",NA,0,"104","2026-03-29 15:34:33","VVI183",420,"m","3/29/26"
"2558","help","cdi_words","1","understands",NA,0,"104","2026-03-29 15:34:33","VVI183",420,"m","3/29/26"
"2559","help","cdi_words","1","produces",NA,0,"125","2026-04-30 08:46:28","VVI197",450,"m","4/14/26"
"2560","help","cdi_words","1","understands",1,1,"125","2026-04-30 08:46:28","VVI197",450,"m","4/14/26"
"2561","help","cdi_words","1","produces",NA,0,"213","2026-02-15 21:07:24","VVI142",450,"f","2/16/26"
"2562","help","cdi_words","1","understands",1,1,"213","2026-02-15 21:07:24","VVI142",450,"f","2/16/26"
"2563","help","cdi_words","1","produces",NA,0,"76","2026-04-02 15:03:35","VVI186",450,"m","2/26/04"
"2564","help","cdi_words","1","understands",NA,0,"76","2026-04-02 15:03:35","VVI186",450,"m","2/26/04"
"2565","help","cdi_words","1","produces",NA,0,"3259","2026-06-30 07:13:02","VVI213",450,"f","5/19/26"
"2566","help","cdi_words","1","understands",1,1,"3259","2026-06-30 07:13:02","VVI213",450,"f","5/19/26"
"2567","help","cdi_words","1","produces",NA,0,"53","2026-06-03 07:26:29","VVI221",420,"m","3/26/06"
"2568","help","cdi_words","1","understands",NA,0,"53","2026-06-03 07:26:29","VVI221",420,"m","3/26/06"
"2569","help","cdi_words","1","produces",NA,0,"223","2026-03-09 15:51:32","VVI162",510,"f","2/24/26"
"2570","help","cdi_words","1","understands",1,1,"223","2026-03-09 15:51:32","VVI162",510,"f","2/24/26"
"2571","help","cdi_words","1","produces",NA,0,"207","2026-04-08 10:48:19","VVI193",450,"f","8/26/04"
"2572","help","cdi_words","1","understands",1,1,"207","2026-04-08 10:48:19","VVI193",450,"f","8/26/04"
"2573","help","cdi_words","1","produces",NA,0,"131","2026-04-28 16:52:20","VVI201",420,"m","4/27/26"
"2574","help","cdi_words","1","understands",1,1,"131","2026-04-28 16:52:20","VVI201",420,"m","4/27/26"
"2575","help","cdi_words","1","produces",NA,0,"216","2026-03-08 20:15:37","VVI146",510,"f","2/17/26"
"2576","help","cdi_words","1","understands",NA,0,"216","2026-03-08 20:15:37","VVI146",510,"f","2/17/26"
"2577","help","cdi_words","1","produces",NA,0,"179","2026-03-09 12:13:10","VVI160",510,"m","2/23/26"
"2578","help","cdi_words","1","understands",NA,0,"179","2026-03-09 12:13:10","VVI160",510,"m","2/23/26"
"2579","help","cdi_words","1","produces",NA,0,"102","2026-03-08 18:49:54","VVI164",480,"m","2/25/26"
"2580","help","cdi_words","1","understands",NA,0,"102","2026-03-08 18:49:54","VVI164",480,"m","2/25/26"
"2581","jump","cdi_words","1","produces",NA,0,"32","2026-07-12 15:42:16","VVI230",510,"m","7/12/26"
"2582","jump","cdi_words","1","understands",NA,0,"32","2026-07-12 15:42:16","VVI230",510,"m","7/12/26"
"2583","jump","cdi_words","1","produces",NA,0,"199","2026-06-29 18:15:46","VVI223",450,"f","8/26/06"
"2584","jump","cdi_words","1","understands",1,1,"199","2026-06-29 18:15:46","VVI223",450,"f","8/26/06"
"2585","jump","cdi_words","1","produces",NA,0,"245","2026-04-29 06:56:14","VVI196",450,"f","4/14/26"
"2586","jump","cdi_words","1","understands",1,1,"245","2026-04-29 06:56:14","VVI196",450,"f","4/14/26"
"2587","jump","cdi_words","1","produces",NA,0,"104","2026-03-29 15:34:33","VVI183",420,"m","3/29/26"
"2588","jump","cdi_words","1","understands",NA,0,"104","2026-03-29 15:34:33","VVI183",420,"m","3/29/26"
"2589","jump","cdi_words","1","produces",NA,0,"125","2026-04-30 08:46:28","VVI197",450,"m","4/14/26"
"2590","jump","cdi_words","1","understands",1,1,"125","2026-04-30 08:46:28","VVI197",450,"m","4/14/26"
"2591","jump","cdi_words","1","produces",NA,0,"213","2026-02-15 21:07:24","VVI142",450,"f","2/16/26"
"2592","jump","cdi_words","1","understands",1,1,"213","2026-02-15 21:07:24","VVI142",450,"f","2/16/26"
"2593","jump","cdi_words","1","produces",NA,0,"76","2026-04-02 15:03:35","VVI186",450,"m","2/26/04"
"2594","jump","cdi_words","1","understands",NA,0,"76","2026-04-02 15:03:35","VVI186",450,"m","2/26/04"
"2595","jump","cdi_words","1","produces",2,1,"3259","2026-06-30 07:13:02","VVI213",450,"f","5/19/26"
"2596","jump","cdi_words","1","understands",2,1,"3259","2026-06-30 07:13:02","VVI213",450,"f","5/19/26"
"2597","jump","cdi_words","1","produces",NA,0,"53","2026-06-03 07:26:29","VVI221",420,"m","3/26/06"
"2598","jump","cdi_words","1","understands",NA,0,"53","2026-06-03 07:26:29","VVI221",420,"m","3/26/06"
"2599","jump","cdi_words","1","produces",NA,0,"223","2026-03-09 15:51:32","VVI162",510,"f","2/24/26"
"2600","jump","cdi_words","1","understands",1,1,"223","2026-03-09 15:51:32","VVI162",510,"f","2/24/26"
"2601","jump","cdi_words","1","produces",NA,0,"207","2026-04-08 10:48:19","VVI193",450,"f","8/26/04"
"2602","jump","cdi_words","1","understands",NA,0,"207","2026-04-08 10:48:19","VVI193",450,"f","8/26/04"
"2603","jump","cdi_words","1","produces",NA,0,"131","2026-04-28 16:52:20","VVI201",420,"m","4/27/26"
"2604","jump","cdi_words","1","understands",NA,0,"131","2026-04-28 16:52:20","VVI201",420,"m","4/27/26"
"2605","jump","cdi_words","1","produces",NA,0,"216","2026-03-08 20:15:37","VVI146",510,"f","2/17/26"
"2606","jump","cdi_words","1","understands",1,1,"216","2026-03-08 20:15:37","VVI146",510,"f","2/17/26"
"2607","jump","cdi_words","1","produces",NA,0,"179","2026-03-09 12:13:10","VVI160",510,"m","2/23/26"
"2608","jump","cdi_words","1","understands",NA,0,"179","2026-03-09 12:13:10","VVI160",510,"m","2/23/26"
"2609","jump","cdi_words","1","produces",NA,0,"102","2026-03-08 18:49:54","VVI164",480,"m","2/25/26"
"2610","jump","cdi_words","1","understands",NA,0,"102","2026-03-08 18:49:54","VVI164",480,"m","2/25/26"
"2611","kick","cdi_words","1","produces",NA,0,"32","2026-07-12 15:42:16","VVI230",510,"m","7/12/26"
"2612","kick","cdi_words","1","understands",NA,0,"32","2026-07-12 15:42:16","VVI230",510,"m","7/12/26"
"2613","kick","cdi_words","1","produces",NA,0,"199","2026-06-29 18:15:46","VVI223",450,"f","8/26/06"
"2614","kick","cdi_words","1","understands",1,1,"199","2026-06-29 18:15:46","VVI223",450,"f","8/26/06"
"2615","kick","cdi_words","1","produces",NA,0,"245","2026-04-29 06:56:14","VVI196",450,"f","4/14/26"
"2616","kick","cdi_words","1","understands",1,1,"245","2026-04-29 06:56:14","VVI196",450,"f","4/14/26"
"2617","kick","cdi_words","1","produces",NA,0,"104","2026-03-29 15:34:33","VVI183",420,"m","3/29/26"
"2618","kick","cdi_words","1","understands",NA,0,"104","2026-03-29 15:34:33","VVI183",420,"m","3/29/26"
"2619","kick","cdi_words","1","produces",NA,0,"125","2026-04-30 08:46:28","VVI197",450,"m","4/14/26"
"2620","kick","cdi_words","1","understands",1,1,"125","2026-04-30 08:46:28","VVI197",450,"m","4/14/26"
"2621","kick","cdi_words","1","produces",NA,0,"213","2026-02-15 21:07:24","VVI142",450,"f","2/16/26"
"2622","kick","cdi_words","1","understands",1,1,"213","2026-02-15 21:07:24","VVI142",450,"f","2/16/26"
"2623","kick","cdi_words","1","produces",NA,0,"76","2026-04-02 15:03:35","VVI186",450,"m","2/26/04"
"2624","kick","cdi_words","1","understands",NA,0,"76","2026-04-02 15:03:35","VVI186",450,"m","2/26/04"
"2625","kick","cdi_words","1","produces",NA,0,"3259","2026-06-30 07:13:02","VVI213",450,"f","5/19/26"
"2626","kick","cdi_words","1","understands",NA,0,"3259","2026-06-30 07:13:02","VVI213",450,"f","5/19/26"
"2627","kick","cdi_words","1","produces",NA,0,"53","2026-06-03 07:26:29","VVI221",420,"m","3/26/06"
"2628","kick","cdi_words","1","understands",NA,0,"53","2026-06-03 07:26:29","VVI221",420,"m","3/26/06"
"2629","kick","cdi_words","1","produces",NA,0,"223","2026-03-09 15:51:32","VVI162",510,"f","2/24/26"
"2630","kick","cdi_words","1","understands",NA,0,"223","2026-03-09 15:51:32","VVI162",510,"f","2/24/26"
"2631","kick","cdi_words","1","produces",NA,0,"207","2026-04-08 10:48:19","VVI193",450,"f","8/26/04"
"2632","kick","cdi_words","1","understands",NA,0,"207","2026-04-08 10:48:19","VVI193",450,"f","8/26/04"
"2633","kick","cdi_words","1","produces",NA,0,"131","2026-04-28 16:52:20","VVI201",420,"m","4/27/26"
"2634","kick","cdi_words","1","understands",NA,0,"131","2026-04-28 16:52:20","VVI201",420,"m","4/27/26"
"2635","kick","cdi_words","1","produces",NA,0,"216","2026-03-08 20:15:37","VVI146",510,"f","2/17/26"
"2636","kick","cdi_words","1","understands",1,1,"216","2026-03-08 20:15:37","VVI146",510,"f","2/17/26"
"2637","kick","cdi_words","1","produces",NA,0,"179","2026-03-09 12:13:10","VVI160",510,"m","2/23/26"
"2638","kick","cdi_words","1","understands",NA,0,"179","2026-03-09 12:13:10","VVI160",510,"m","2/23/26"
"2639","kick","cdi_words","1","produces",NA,0,"102","2026-03-08 18:49:54","VVI164",480,"m","2/25/26"
"2640","kick","cdi_words","1","understands",NA,0,"102","2026-03-08 18:49:54","VVI164",480,"m","2/25/26"
"2641","kiss","cdi_words","1","produces",NA,0,"32","2026-07-12 15:42:16","VVI230",510,"m","7/12/26"
"2642","kiss","cdi_words","1","understands",NA,0,"32","2026-07-12 15:42:16","VVI230",510,"m","7/12/26"
"2643","kiss","cdi_words","1","produces",NA,0,"199","2026-06-29 18:15:46","VVI223",450,"f","8/26/06"
"2644","kiss","cdi_words","1","understands",1,1,"199","2026-06-29 18:15:46","VVI223",450,"f","8/26/06"
"2645","kiss","cdi_words","1","produces",NA,0,"245","2026-04-29 06:56:14","VVI196",450,"f","4/14/26"
"2646","kiss","cdi_words","1","understands",1,1,"245","2026-04-29 06:56:14","VVI196",450,"f","4/14/26"
"2647","kiss","cdi_words","1","produces",NA,0,"104","2026-03-29 15:34:33","VVI183",420,"m","3/29/26"
"2648","kiss","cdi_words","1","understands",1,1,"104","2026-03-29 15:34:33","VVI183",420,"m","3/29/26"
"2649","kiss","cdi_words","1","produces",NA,0,"125","2026-04-30 08:46:28","VVI197",450,"m","4/14/26"
"2650","kiss","cdi_words","1","understands",1,1,"125","2026-04-30 08:46:28","VVI197",450,"m","4/14/26"
"2651","kiss","cdi_words","1","produces",NA,0,"213","2026-02-15 21:07:24","VVI142",450,"f","2/16/26"
"2652","kiss","cdi_words","1","understands",1,1,"213","2026-02-15 21:07:24","VVI142",450,"f","2/16/26"
"2653","kiss","cdi_words","1","produces",NA,0,"76","2026-04-02 15:03:35","VVI186",450,"m","2/26/04"
"2654","kiss","cdi_words","1","understands",NA,0,"76","2026-04-02 15:03:35","VVI186",450,"m","2/26/04"
"2655","kiss","cdi_words","1","produces",2,1,"3259","2026-06-30 07:13:02","VVI213",450,"f","5/19/26"
"2656","kiss","cdi_words","1","understands",2,1,"3259","2026-06-30 07:13:02","VVI213",450,"f","5/19/26"
"2657","kiss","cdi_words","1","produces",NA,0,"53","2026-06-03 07:26:29","VVI221",420,"m","3/26/06"
"2658","kiss","cdi_words","1","understands",NA,0,"53","2026-06-03 07:26:29","VVI221",420,"m","3/26/06"
"2659","kiss","cdi_words","1","produces",NA,0,"223","2026-03-09 15:51:32","VVI162",510,"f","2/24/26"
"2660","kiss","cdi_words","1","understands",1,1,"223","2026-03-09 15:51:32","VVI162",510,"f","2/24/26"
"2661","kiss","cdi_words","1","produces",NA,0,"207","2026-04-08 10:48:19","VVI193",450,"f","8/26/04"
"2662","kiss","cdi_words","1","understands",NA,0,"207","2026-04-08 10:48:19","VVI193",450,"f","8/26/04"
"2663","kiss","cdi_words","1","produces",NA,0,"131","2026-04-28 16:52:20","VVI201",420,"m","4/27/26"
"2664","kiss","cdi_words","1","understands",NA,0,"131","2026-04-28 16:52:20","VVI201",420,"m","4/27/26"
"2665","kiss","cdi_words","1","produces",NA,0,"216","2026-03-08 20:15:37","VVI146",510,"f","2/17/26"
"2666","kiss","cdi_words","1","understands",1,1,"216","2026-03-08 20:15:37","VVI146",510,"f","2/17/26"
"2667","kiss","cdi_words","1","produces",NA,0,"179","2026-03-09 12:13:10","VVI160",510,"m","2/23/26"
"2668","kiss","cdi_words","1","understands",1,1,"179","2026-03-09 12:13:10","VVI160",510,"m","2/23/26"
"2669","kiss","cdi_words","1","produces",NA,0,"102","2026-03-08 18:49:54","VVI164",480,"m","2/25/26"
"2670","kiss","cdi_words","1","understands",1,1,"102","2026-03-08 18:49:54","VVI164",480,"m","2/25/26"
"2671","push","cdi_words","1","produces",NA,0,"32","2026-07-12 15:42:16","VVI230",510,"m","7/12/26"
"2672","push","cdi_words","1","understands",NA,0,"32","2026-07-12 15:42:16","VVI230",510,"m","7/12/26"
"2673","push","cdi_words","1","produces",NA,0,"199","2026-06-29 18:15:46","VVI223",450,"f","8/26/06"
"2674","push","cdi_words","1","understands",1,1,"199","2026-06-29 18:15:46","VVI223",450,"f","8/26/06"
"2675","push","cdi_words","1","produces",NA,0,"245","2026-04-29 06:56:14","VVI196",450,"f","4/14/26"
"2676","push","cdi_words","1","understands",1,1,"245","2026-04-29 06:56:14","VVI196",450,"f","4/14/26"
"2677","push","cdi_words","1","produces",NA,0,"104","2026-03-29 15:34:33","VVI183",420,"m","3/29/26"
"2678","push","cdi_words","1","understands",NA,0,"104","2026-03-29 15:34:33","VVI183",420,"m","3/29/26"
"2679","push","cdi_words","1","produces",NA,0,"125","2026-04-30 08:46:28","VVI197",450,"m","4/14/26"
"2680","push","cdi_words","1","understands",NA,0,"125","2026-04-30 08:46:28","VVI197",450,"m","4/14/26"
"2681","push","cdi_words","1","produces",NA,0,"213","2026-02-15 21:07:24","VVI142",450,"f","2/16/26"
"2682","push","cdi_words","1","understands",NA,0,"213","2026-02-15 21:07:24","VVI142",450,"f","2/16/26"
"2683","push","cdi_words","1","produces",NA,0,"76","2026-04-02 15:03:35","VVI186",450,"m","2/26/04"
"2684","push","cdi_words","1","understands",NA,0,"76","2026-04-02 15:03:35","VVI186",450,"m","2/26/04"
"2685","push","cdi_words","1","produces",NA,0,"3259","2026-06-30 07:13:02","VVI213",450,"f","5/19/26"
"2686","push","cdi_words","1","understands",NA,0,"3259","2026-06-30 07:13:02","VVI213",450,"f","5/19/26"
"2687","push","cdi_words","1","produces",NA,0,"53","2026-06-03 07:26:29","VVI221",420,"m","3/26/06"
"2688","push","cdi_words","1","understands",NA,0,"53","2026-06-03 07:26:29","VVI221",420,"m","3/26/06"
"2689","push","cdi_words","1","produces",NA,0,"223","2026-03-09 15:51:32","VVI162",510,"f","2/24/26"
"2690","push","cdi_words","1","understands",NA,0,"223","2026-03-09 15:51:32","VVI162",510,"f","2/24/26"
"2691","push","cdi_words","1","produces",NA,0,"207","2026-04-08 10:48:19","VVI193",450,"f","8/26/04"
"2692","push","cdi_words","1","understands",NA,0,"207","2026-04-08 10:48:19","VVI193",450,"f","8/26/04"
"2693","push","cdi_words","1","produces",NA,0,"131","2026-04-28 16:52:20","VVI201",420,"m","4/27/26"
"2694","push","cdi_words","1","understands",NA,0,"131","2026-04-28 16:52:20","VVI201",420,"m","4/27/26"
"2695","push","cdi_words","1","produces",NA,0,"216","2026-03-08 20:15:37","VVI146",510,"f","2/17/26"
"2696","push","cdi_words","1","understands",1,1,"216","2026-03-08 20:15:37","VVI146",510,"f","2/17/26"
"2697","push","cdi_words","1","produces",NA,0,"179","2026-03-09 12:13:10","VVI160",510,"m","2/23/26"
"2698","push","cdi_words","1","understands",NA,0,"179","2026-03-09 12:13:10","VVI160",510,"m","2/23/26"
"2699","push","cdi_words","1","produces",NA,0,"102","2026-03-08 18:49:54","VVI164",480,"m","2/25/26"
"2700","push","cdi_words","1","understands",NA,0,"102","2026-03-08 18:49:54","VVI164",480,"m","2/25/26"
"2701","duck","cdi_words","1","produces",NA,0,"32","2026-07-12 15:42:16","VVI230",510,"m","7/12/26"
"2702","duck","cdi_words","1","understands",NA,0,"32","2026-07-12 15:42:16","VVI230",510,"m","7/12/26"
"2703","duck","cdi_words","1","produces",NA,0,"199","2026-06-29 18:15:46","VVI223",450,"f","8/26/06"
"2704","duck","cdi_words","1","understands",1,1,"199","2026-06-29 18:15:46","VVI223",450,"f","8/26/06"
"2705","duck","cdi_words","1","produces",NA,0,"245","2026-04-29 06:56:14","VVI196",450,"f","4/14/26"
"2706","duck","cdi_words","1","understands",1,1,"245","2026-04-29 06:56:14","VVI196",450,"f","4/14/26"
"2707","duck","cdi_words","1","produces",NA,0,"104","2026-03-29 15:34:33","VVI183",420,"m","3/29/26"
"2708","duck","cdi_words","1","understands",NA,0,"104","2026-03-29 15:34:33","VVI183",420,"m","3/29/26"
"2709","duck","cdi_words","1","produces",NA,0,"125","2026-04-30 08:46:28","VVI197",450,"m","4/14/26"
"2710","duck","cdi_words","1","understands",1,1,"125","2026-04-30 08:46:28","VVI197",450,"m","4/14/26"
"2711","duck","cdi_words","1","produces",NA,0,"213","2026-02-15 21:07:24","VVI142",450,"f","2/16/26"
"2712","duck","cdi_words","1","understands",1,1,"213","2026-02-15 21:07:24","VVI142",450,"f","2/16/26"
"2713","duck","cdi_words","1","produces",NA,0,"76","2026-04-02 15:03:35","VVI186",450,"m","2/26/04"
"2714","duck","cdi_words","1","understands",1,1,"76","2026-04-02 15:03:35","VVI186",450,"m","2/26/04"
"2715","duck","cdi_words","1","produces",2,1,"3259","2026-06-30 07:13:02","VVI213",450,"f","5/19/26"
"2716","duck","cdi_words","1","understands",2,1,"3259","2026-06-30 07:13:02","VVI213",450,"f","5/19/26"
"2717","duck","cdi_words","1","produces",NA,0,"53","2026-06-03 07:26:29","VVI221",420,"m","3/26/06"
"2718","duck","cdi_words","1","understands",NA,0,"53","2026-06-03 07:26:29","VVI221",420,"m","3/26/06"
"2719","duck","cdi_words","1","produces",2,1,"223","2026-03-09 15:51:32","VVI162",510,"f","2/24/26"
"2720","duck","cdi_words","1","understands",2,1,"223","2026-03-09 15:51:32","VVI162",510,"f","2/24/26"
"2721","duck","cdi_words","1","produces",NA,0,"207","2026-04-08 10:48:19","VVI193",450,"f","8/26/04"
"2722","duck","cdi_words","1","understands",1,1,"207","2026-04-08 10:48:19","VVI193",450,"f","8/26/04"
"2723","duck","cdi_words","1","produces",NA,0,"131","2026-04-28 16:52:20","VVI201",420,"m","4/27/26"
"2724","duck","cdi_words","1","understands",NA,0,"131","2026-04-28 16:52:20","VVI201",420,"m","4/27/26"
"2725","duck","cdi_words","1","produces",NA,0,"216","2026-03-08 20:15:37","VVI146",510,"f","2/17/26"
"2726","duck","cdi_words","1","understands",NA,0,"216","2026-03-08 20:15:37","VVI146",510,"f","2/17/26"
"2727","duck","cdi_words","1","produces",NA,0,"179","2026-03-09 12:13:10","VVI160",510,"m","2/23/26"
"2728","duck","cdi_words","1","understands",1,1,"179","2026-03-09 12:13:10","VVI160",510,"m","2/23/26"
"2729","duck","cdi_words","1","produces",NA,0,"102","2026-03-08 18:49:54","VVI164",480,"m","2/25/26"
"2730","duck","cdi_words","1","understands",NA,0,"102","2026-03-08 18:49:54","VVI164",480,"m","2/25/26"
"2731","sing","cdi_words","1","produces",NA,0,"32","2026-07-12 15:42:16","VVI230",510,"m","7/12/26"
"2732","sing","cdi_words","1","understands",NA,0,"32","2026-07-12 15:42:16","VVI230",510,"m","7/12/26"
"2733","sing","cdi_words","1","produces",NA,0,"199","2026-06-29 18:15:46","VVI223",450,"f","8/26/06"
"2734","sing","cdi_words","1","understands",1,1,"199","2026-06-29 18:15:46","VVI223",450,"f","8/26/06"
"2735","sing","cdi_words","1","produces",NA,0,"245","2026-04-29 06:56:14","VVI196",450,"f","4/14/26"
"2736","sing","cdi_words","1","understands",1,1,"245","2026-04-29 06:56:14","VVI196",450,"f","4/14/26"
"2737","sing","cdi_words","1","produces",NA,0,"104","2026-03-29 15:34:33","VVI183",420,"m","3/29/26"
"2738","sing","cdi_words","1","understands",NA,0,"104","2026-03-29 15:34:33","VVI183",420,"m","3/29/26"
"2739","sing","cdi_words","1","produces",NA,0,"125","2026-04-30 08:46:28","VVI197",450,"m","4/14/26"
"2740","sing","cdi_words","1","understands",1,1,"125","2026-04-30 08:46:28","VVI197",450,"m","4/14/26"
"2741","sing","cdi_words","1","produces",NA,0,"213","2026-02-15 21:07:24","VVI142",450,"f","2/16/26"
"2742","sing","cdi_words","1","understands",NA,0,"213","2026-02-15 21:07:24","VVI142",450,"f","2/16/26"
"2743","sing","cdi_words","1","produces",NA,0,"76","2026-04-02 15:03:35","VVI186",450,"m","2/26/04"
"2744","sing","cdi_words","1","understands",NA,0,"76","2026-04-02 15:03:35","VVI186",450,"m","2/26/04"
"2745","sing","cdi_words","1","produces",NA,0,"3259","2026-06-30 07:13:02","VVI213",450,"f","5/19/26"
"2746","sing","cdi_words","1","understands",1,1,"3259","2026-06-30 07:13:02","VVI213",450,"f","5/19/26"
"2747","sing","cdi_words","1","produces",NA,0,"53","2026-06-03 07:26:29","VVI221",420,"m","3/26/06"
"2748","sing","cdi_words","1","understands",NA,0,"53","2026-06-03 07:26:29","VVI221",420,"m","3/26/06"
"2749","sing","cdi_words","1","produces",NA,0,"223","2026-03-09 15:51:32","VVI162",510,"f","2/24/26"
"2750","sing","cdi_words","1","understands",1,1,"223","2026-03-09 15:51:32","VVI162",510,"f","2/24/26"
"2751","sing","cdi_words","1","produces",NA,0,"207","2026-04-08 10:48:19","VVI193",450,"f","8/26/04"
"2752","sing","cdi_words","1","understands",NA,0,"207","2026-04-08 10:48:19","VVI193",450,"f","8/26/04"
"2753","sing","cdi_words","1","produces",NA,0,"131","2026-04-28 16:52:20","VVI201",420,"m","4/27/26"
"2754","sing","cdi_words","1","understands",1,1,"131","2026-04-28 16:52:20","VVI201",420,"m","4/27/26"
"2755","sing","cdi_words","1","produces",NA,0,"216","2026-03-08 20:15:37","VVI146",510,"f","2/17/26"
"2756","sing","cdi_words","1","understands",1,1,"216","2026-03-08 20:15:37","VVI146",510,"f","2/17/26"
"2757","sing","cdi_words","1","produces",NA,0,"179","2026-03-09 12:13:10","VVI160",510,"m","2/23/26"
"2758","sing","cdi_words","1","understands",NA,0,"179","2026-03-09 12:13:10","VVI160",510,"m","2/23/26"
"2759","sing","cdi_words","1","produces",NA,0,"102","2026-03-08 18:49:54","VVI164",480,"m","2/25/26"
"2760","sing","cdi_words","1","understands",NA,0,"102","2026-03-08 18:49:54","VVI164",480,"m","2/25/26"
"2761","smile","cdi_words","1","produces",NA,0,"32","2026-07-12 15:42:16","VVI230",510,"m","7/12/26"
"2762","smile","cdi_words","1","understands",NA,0,"32","2026-07-12 15:42:16","VVI230",510,"m","7/12/26"
"2763","smile","cdi_words","1","produces",NA,0,"199","2026-06-29 18:15:46","VVI223",450,"f","8/26/06"
"2764","smile","cdi_words","1","understands",1,1,"199","2026-06-29 18:15:46","VVI223",450,"f","8/26/06"
"2765","smile","cdi_words","1","produces",NA,0,"245","2026-04-29 06:56:14","VVI196",450,"f","4/14/26"
"2766","smile","cdi_words","1","understands",1,1,"245","2026-04-29 06:56:14","VVI196",450,"f","4/14/26"
"2767","smile","cdi_words","1","produces",NA,0,"104","2026-03-29 15:34:33","VVI183",420,"m","3/29/26"
"2768","smile","cdi_words","1","understands",NA,0,"104","2026-03-29 15:34:33","VVI183",420,"m","3/29/26"
"2769","smile","cdi_words","1","produces",NA,0,"125","2026-04-30 08:46:28","VVI197",450,"m","4/14/26"
"2770","smile","cdi_words","1","understands",1,1,"125","2026-04-30 08:46:28","VVI197",450,"m","4/14/26"
"2771","smile","cdi_words","1","produces",NA,0,"213","2026-02-15 21:07:24","VVI142",450,"f","2/16/26"
"2772","smile","cdi_words","1","understands",NA,0,"213","2026-02-15 21:07:24","VVI142",450,"f","2/16/26"
"2773","smile","cdi_words","1","produces",NA,0,"76","2026-04-02 15:03:35","VVI186",450,"m","2/26/04"
"2774","smile","cdi_words","1","understands",NA,0,"76","2026-04-02 15:03:35","VVI186",450,"m","2/26/04"
"2775","smile","cdi_words","1","produces",NA,0,"3259","2026-06-30 07:13:02","VVI213",450,"f","5/19/26"
"2776","smile","cdi_words","1","understands",1,1,"3259","2026-06-30 07:13:02","VVI213",450,"f","5/19/26"
"2777","smile","cdi_words","1","produces",NA,0,"53","2026-06-03 07:26:29","VVI221",420,"m","3/26/06"
"2778","smile","cdi_words","1","understands",1,1,"53","2026-06-03 07:26:29","VVI221",420,"m","3/26/06"
"2779","smile","cdi_words","1","produces",NA,0,"223","2026-03-09 15:51:32","VVI162",510,"f","2/24/26"
"2780","smile","cdi_words","1","understands",NA,0,"223","2026-03-09 15:51:32","VVI162",510,"f","2/24/26"
"2781","smile","cdi_words","1","produces",NA,0,"207","2026-04-08 10:48:19","VVI193",450,"f","8/26/04"
"2782","smile","cdi_words","1","understands",NA,0,"207","2026-04-08 10:48:19","VVI193",450,"f","8/26/04"
"2783","smile","cdi_words","1","produces",NA,0,"131","2026-04-28 16:52:20","VVI201",420,"m","4/27/26"
"2784","smile","cdi_words","1","understands",1,1,"131","2026-04-28 16:52:20","VVI201",420,"m","4/27/26"
"2785","smile","cdi_words","1","produces",NA,0,"216","2026-03-08 20:15:37","VVI146",510,"f","2/17/26"
"2786","smile","cdi_words","1","understands",1,1,"216","2026-03-08 20:15:37","VVI146",510,"f","2/17/26"
"2787","smile","cdi_words","1","produces",NA,0,"179","2026-03-09 12:13:10","VVI160",510,"m","2/23/26"
"2788","smile","cdi_words","1","understands",NA,0,"179","2026-03-09 12:13:10","VVI160",510,"m","2/23/26"
"2789","smile","cdi_words","1","produces",NA,0,"102","2026-03-08 18:49:54","VVI164",480,"m","2/25/26"
"2790","smile","cdi_words","1","understands",NA,0,"102","2026-03-08 18:49:54","VVI164",480,"m","2/25/26"
"2791","night","cdi_words","1","produces",NA,0,"32","2026-07-12 15:42:16","VVI230",510,"m","7/12/26"
"2792","night","cdi_words","1","understands",NA,0,"32","2026-07-12 15:42:16","VVI230",510,"m","7/12/26"
"2793","night","cdi_words","1","produces",NA,0,"199","2026-06-29 18:15:46","VVI223",450,"f","8/26/06"
"2794","night","cdi_words","1","understands",1,1,"199","2026-06-29 18:15:46","VVI223",450,"f","8/26/06"
"2795","night","cdi_words","1","produces",NA,0,"245","2026-04-29 06:56:14","VVI196",450,"f","4/14/26"
"2796","night","cdi_words","1","understands",1,1,"245","2026-04-29 06:56:14","VVI196",450,"f","4/14/26"
"2797","night","cdi_words","1","produces",NA,0,"104","2026-03-29 15:34:33","VVI183",420,"m","3/29/26"
"2798","night","cdi_words","1","understands",NA,0,"104","2026-03-29 15:34:33","VVI183",420,"m","3/29/26"
"2799","night","cdi_words","1","produces",NA,0,"125","2026-04-30 08:46:28","VVI197",450,"m","4/14/26"
"2800","night","cdi_words","1","understands",1,1,"125","2026-04-30 08:46:28","VVI197",450,"m","4/14/26"
"2801","night","cdi_words","1","produces",NA,0,"213","2026-02-15 21:07:24","VVI142",450,"f","2/16/26"
"2802","night","cdi_words","1","understands",NA,0,"213","2026-02-15 21:07:24","VVI142",450,"f","2/16/26"
"2803","night","cdi_words","1","produces",NA,0,"76","2026-04-02 15:03:35","VVI186",450,"m","2/26/04"
"2804","night","cdi_words","1","understands",1,1,"76","2026-04-02 15:03:35","VVI186",450,"m","2/26/04"
"2805","night","cdi_words","1","produces",2,1,"3259","2026-06-30 07:13:02","VVI213",450,"f","5/19/26"
"2806","night","cdi_words","1","understands",2,1,"3259","2026-06-30 07:13:02","VVI213",450,"f","5/19/26"
"2807","night","cdi_words","1","produces",NA,0,"53","2026-06-03 07:26:29","VVI221",420,"m","3/26/06"
"2808","night","cdi_words","1","understands",1,1,"53","2026-06-03 07:26:29","VVI221",420,"m","3/26/06"
"2809","night","cdi_words","1","produces",NA,0,"223","2026-03-09 15:51:32","VVI162",510,"f","2/24/26"
"2810","night","cdi_words","1","understands",NA,0,"223","2026-03-09 15:51:32","VVI162",510,"f","2/24/26"
"2811","night","cdi_words","1","produces",NA,0,"207","2026-04-08 10:48:19","VVI193",450,"f","8/26/04"
"2812","night","cdi_words","1","understands",1,1,"207","2026-04-08 10:48:19","VVI193",450,"f","8/26/04"
"2813","night","cdi_words","1","produces",NA,0,"131","2026-04-28 16:52:20","VVI201",420,"m","4/27/26"
"2814","night","cdi_words","1","understands",1,1,"131","2026-04-28 16:52:20","VVI201",420,"m","4/27/26"
"2815","night","cdi_words","1","produces",NA,0,"216","2026-03-08 20:15:37","VVI146",510,"f","2/17/26"
"2816","night","cdi_words","1","understands",NA,0,"216","2026-03-08 20:15:37","VVI146",510,"f","2/17/26"
"2817","night","cdi_words","1","produces",NA,0,"179","2026-03-09 12:13:10","VVI160",510,"m","2/23/26"
"2818","night","cdi_words","1","understands",NA,0,"179","2026-03-09 12:13:10","VVI160",510,"m","2/23/26"
"2819","night","cdi_words","1","produces",NA,0,"102","2026-03-08 18:49:54","VVI164",480,"m","2/25/26"
"2820","night","cdi_words","1","understands",NA,0,"102","2026-03-08 18:49:54","VVI164",480,"m","2/25/26"
"2821","today","cdi_words","1","produces",NA,0,"32","2026-07-12 15:42:16","VVI230",510,"m","7/12/26"
"2822","today","cdi_words","1","understands",NA,0,"32","2026-07-12 15:42:16","VVI230",510,"m","7/12/26"
"2823","today","cdi_words","1","produces",NA,0,"199","2026-06-29 18:15:46","VVI223",450,"f","8/26/06"
"2824","today","cdi_words","1","understands",1,1,"199","2026-06-29 18:15:46","VVI223",450,"f","8/26/06"
"2825","today","cdi_words","1","produces",2,1,"245","2026-04-29 06:56:14","VVI196",450,"f","4/14/26"
"2826","today","cdi_words","1","understands",2,1,"245","2026-04-29 06:56:14","VVI196",450,"f","4/14/26"
"2827","today","cdi_words","1","produces",NA,0,"104","2026-03-29 15:34:33","VVI183",420,"m","3/29/26"
"2828","today","cdi_words","1","understands",NA,0,"104","2026-03-29 15:34:33","VVI183",420,"m","3/29/26"
"2829","today","cdi_words","1","produces",NA,0,"125","2026-04-30 08:46:28","VVI197",450,"m","4/14/26"
"2830","today","cdi_words","1","understands",NA,0,"125","2026-04-30 08:46:28","VVI197",450,"m","4/14/26"
"2831","today","cdi_words","1","produces",NA,0,"213","2026-02-15 21:07:24","VVI142",450,"f","2/16/26"
"2832","today","cdi_words","1","understands",NA,0,"213","2026-02-15 21:07:24","VVI142",450,"f","2/16/26"
"2833","today","cdi_words","1","produces",NA,0,"76","2026-04-02 15:03:35","VVI186",450,"m","2/26/04"
"2834","today","cdi_words","1","understands",NA,0,"76","2026-04-02 15:03:35","VVI186",450,"m","2/26/04"
"2835","today","cdi_words","1","produces",NA,0,"3259","2026-06-30 07:13:02","VVI213",450,"f","5/19/26"
"2836","today","cdi_words","1","understands",NA,0,"3259","2026-06-30 07:13:02","VVI213",450,"f","5/19/26"
"2837","today","cdi_words","1","produces",NA,0,"53","2026-06-03 07:26:29","VVI221",420,"m","3/26/06"
"2838","today","cdi_words","1","understands",1,1,"53","2026-06-03 07:26:29","VVI221",420,"m","3/26/06"
"2839","today","cdi_words","1","produces",NA,0,"223","2026-03-09 15:51:32","VVI162",510,"f","2/24/26"
"2840","today","cdi_words","1","understands",NA,0,"223","2026-03-09 15:51:32","VVI162",510,"f","2/24/26"
"2841","today","cdi_words","1","produces",NA,0,"207","2026-04-08 10:48:19","VVI193",450,"f","8/26/04"
"2842","today","cdi_words","1","understands",NA,0,"207","2026-04-08 10:48:19","VVI193",450,"f","8/26/04"
"2843","today","cdi_words","1","produces",NA,0,"131","2026-04-28 16:52:20","VVI201",420,"m","4/27/26"
"2844","today","cdi_words","1","understands",1,1,"131","2026-04-28 16:52:20","VVI201",420,"m","4/27/26"
"2845","today","cdi_words","1","produces",NA,0,"216","2026-03-08 20:15:37","VVI146",510,"f","2/17/26"
"2846","today","cdi_words","1","understands",NA,0,"216","2026-03-08 20:15:37","VVI146",510,"f","2/17/26"
"2847","today","cdi_words","1","produces",NA,0,"179","2026-03-09 12:13:10","VVI160",510,"m","2/23/26"
"2848","today","cdi_words","1","understands",NA,0,"179","2026-03-09 12:13:10","VVI160",510,"m","2/23/26"
"2849","today","cdi_words","1","produces",NA,0,"102","2026-03-08 18:49:54","VVI164",480,"m","2/25/26"
"2850","today","cdi_words","1","understands",NA,0,"102","2026-03-08 18:49:54","VVI164",480,"m","2/25/26"
"2851","all gone","cdi_words","1","produces",NA,0,"32","2026-07-12 15:42:16","VVI230",510,"m","7/12/26"
"2852","all gone","cdi_words","1","understands",NA,0,"32","2026-07-12 15:42:16","VVI230",510,"m","7/12/26"
"2853","all gone","cdi_words","1","produces",2,1,"199","2026-06-29 18:15:46","VVI223",450,"f","8/26/06"
"2854","all gone","cdi_words","1","understands",2,1,"199","2026-06-29 18:15:46","VVI223",450,"f","8/26/06"
"2855","all gone","cdi_words","1","produces",2,1,"245","2026-04-29 06:56:14","VVI196",450,"f","4/14/26"
"2856","all gone","cdi_words","1","understands",2,1,"245","2026-04-29 06:56:14","VVI196",450,"f","4/14/26"
"2857","all gone","cdi_words","1","produces",NA,0,"104","2026-03-29 15:34:33","VVI183",420,"m","3/29/26"
"2858","all gone","cdi_words","1","understands",NA,0,"104","2026-03-29 15:34:33","VVI183",420,"m","3/29/26"
"2859","all gone","cdi_words","1","produces",NA,0,"125","2026-04-30 08:46:28","VVI197",450,"m","4/14/26"
"2860","all gone","cdi_words","1","understands",1,1,"125","2026-04-30 08:46:28","VVI197",450,"m","4/14/26"
"2861","all gone","cdi_words","1","produces",NA,0,"213","2026-02-15 21:07:24","VVI142",450,"f","2/16/26"
"2862","all gone","cdi_words","1","understands",NA,0,"213","2026-02-15 21:07:24","VVI142",450,"f","2/16/26"
"2863","all gone","cdi_words","1","produces",NA,0,"76","2026-04-02 15:03:35","VVI186",450,"m","2/26/04"
"2864","all gone","cdi_words","1","understands",1,1,"76","2026-04-02 15:03:35","VVI186",450,"m","2/26/04"
"2865","all gone","cdi_words","1","produces",2,1,"3259","2026-06-30 07:13:02","VVI213",450,"f","5/19/26"
"2866","all gone","cdi_words","1","understands",2,1,"3259","2026-06-30 07:13:02","VVI213",450,"f","5/19/26"
"2867","all gone","cdi_words","1","produces",NA,0,"53","2026-06-03 07:26:29","VVI221",420,"m","3/26/06"
"2868","all gone","cdi_words","1","understands",NA,0,"53","2026-06-03 07:26:29","VVI221",420,"m","3/26/06"
"2869","all gone","cdi_words","1","produces",2,1,"223","2026-03-09 15:51:32","VVI162",510,"f","2/24/26"
"2870","all gone","cdi_words","1","understands",2,1,"223","2026-03-09 15:51:32","VVI162",510,"f","2/24/26"
"2871","all gone","cdi_words","1","produces",NA,0,"207","2026-04-08 10:48:19","VVI193",450,"f","8/26/04"
"2872","all gone","cdi_words","1","understands",NA,0,"207","2026-04-08 10:48:19","VVI193",450,"f","8/26/04"
"2873","all gone","cdi_words","1","produces",NA,0,"131","2026-04-28 16:52:20","VVI201",420,"m","4/27/26"
"2874","all gone","cdi_words","1","understands",1,1,"131","2026-04-28 16:52:20","VVI201",420,"m","4/27/26"
"2875","all gone","cdi_words","1","produces",NA,0,"216","2026-03-08 20:15:37","VVI146",510,"f","2/17/26"
"2876","all gone","cdi_words","1","understands",1,1,"216","2026-03-08 20:15:37","VVI146",510,"f","2/17/26"
"2877","all gone","cdi_words","1","produces",NA,0,"179","2026-03-09 12:13:10","VVI160",510,"m","2/23/26"
"2878","all gone","cdi_words","1","understands",1,1,"179","2026-03-09 12:13:10","VVI160",510,"m","2/23/26"
"2879","all gone","cdi_words","1","produces",2,1,"102","2026-03-08 18:49:54","VVI164",480,"m","2/25/26"
"2880","all gone","cdi_words","1","understands",2,1,"102","2026-03-08 18:49:54","VVI164",480,"m","2/25/26"
"2881","big","cdi_words","1","produces",NA,0,"32","2026-07-12 15:42:16","VVI230",510,"m","7/12/26"
"2882","big","cdi_words","1","understands",NA,0,"32","2026-07-12 15:42:16","VVI230",510,"m","7/12/26"
"2883","big","cdi_words","1","produces",NA,0,"199","2026-06-29 18:15:46","VVI223",450,"f","8/26/06"
"2884","big","cdi_words","1","understands",1,1,"199","2026-06-29 18:15:46","VVI223",450,"f","8/26/06"
"2885","big","cdi_words","1","produces",NA,0,"245","2026-04-29 06:56:14","VVI196",450,"f","4/14/26"
"2886","big","cdi_words","1","understands",1,1,"245","2026-04-29 06:56:14","VVI196",450,"f","4/14/26"
"2887","big","cdi_words","1","produces",NA,0,"104","2026-03-29 15:34:33","VVI183",420,"m","3/29/26"
"2888","big","cdi_words","1","understands",NA,0,"104","2026-03-29 15:34:33","VVI183",420,"m","3/29/26"
"2889","big","cdi_words","1","produces",NA,0,"125","2026-04-30 08:46:28","VVI197",450,"m","4/14/26"
"2890","big","cdi_words","1","understands",1,1,"125","2026-04-30 08:46:28","VVI197",450,"m","4/14/26"
"2891","big","cdi_words","1","produces",NA,0,"213","2026-02-15 21:07:24","VVI142",450,"f","2/16/26"
"2892","big","cdi_words","1","understands",1,1,"213","2026-02-15 21:07:24","VVI142",450,"f","2/16/26"
"2893","big","cdi_words","1","produces",NA,0,"76","2026-04-02 15:03:35","VVI186",450,"m","2/26/04"
"2894","big","cdi_words","1","understands",NA,0,"76","2026-04-02 15:03:35","VVI186",450,"m","2/26/04"
"2895","big","cdi_words","1","produces",2,1,"3259","2026-06-30 07:13:02","VVI213",450,"f","5/19/26"
"2896","big","cdi_words","1","understands",2,1,"3259","2026-06-30 07:13:02","VVI213",450,"f","5/19/26"
"2897","big","cdi_words","1","produces",NA,0,"53","2026-06-03 07:26:29","VVI221",420,"m","3/26/06"
"2898","big","cdi_words","1","understands",NA,0,"53","2026-06-03 07:26:29","VVI221",420,"m","3/26/06"
"2899","big","cdi_words","1","produces",NA,0,"223","2026-03-09 15:51:32","VVI162",510,"f","2/24/26"
"2900","big","cdi_words","1","understands",NA,0,"223","2026-03-09 15:51:32","VVI162",510,"f","2/24/26"
"2901","big","cdi_words","1","produces",NA,0,"207","2026-04-08 10:48:19","VVI193",450,"f","8/26/04"
"2902","big","cdi_words","1","understands",1,1,"207","2026-04-08 10:48:19","VVI193",450,"f","8/26/04"
"2903","big","cdi_words","1","produces",NA,0,"131","2026-04-28 16:52:20","VVI201",420,"m","4/27/26"
"2904","big","cdi_words","1","understands",1,1,"131","2026-04-28 16:52:20","VVI201",420,"m","4/27/26"
"2905","big","cdi_words","1","produces",NA,0,"216","2026-03-08 20:15:37","VVI146",510,"f","2/17/26"
"2906","big","cdi_words","1","understands",NA,0,"216","2026-03-08 20:15:37","VVI146",510,"f","2/17/26"
"2907","big","cdi_words","1","produces",NA,0,"179","2026-03-09 12:13:10","VVI160",510,"m","2/23/26"
"2908","big","cdi_words","1","understands",1,1,"179","2026-03-09 12:13:10","VVI160",510,"m","2/23/26"
"2909","big","cdi_words","1","produces",NA,0,"102","2026-03-08 18:49:54","VVI164",480,"m","2/25/26"
"2910","big","cdi_words","1","understands",NA,0,"102","2026-03-08 18:49:54","VVI164",480,"m","2/25/26"
"2911","broken","cdi_words","1","produces",NA,0,"32","2026-07-12 15:42:16","VVI230",510,"m","7/12/26"
"2912","broken","cdi_words","1","understands",NA,0,"32","2026-07-12 15:42:16","VVI230",510,"m","7/12/26"
"2913","broken","cdi_words","1","produces",NA,0,"199","2026-06-29 18:15:46","VVI223",450,"f","8/26/06"
"2914","broken","cdi_words","1","understands",1,1,"199","2026-06-29 18:15:46","VVI223",450,"f","8/26/06"
"2915","broken","cdi_words","1","produces",NA,0,"245","2026-04-29 06:56:14","VVI196",450,"f","4/14/26"
"2916","broken","cdi_words","1","understands",1,1,"245","2026-04-29 06:56:14","VVI196",450,"f","4/14/26"
"2917","broken","cdi_words","1","produces",NA,0,"104","2026-03-29 15:34:33","VVI183",420,"m","3/29/26"
"2918","broken","cdi_words","1","understands",NA,0,"104","2026-03-29 15:34:33","VVI183",420,"m","3/29/26"
"2919","broken","cdi_words","1","produces",NA,0,"125","2026-04-30 08:46:28","VVI197",450,"m","4/14/26"
"2920","broken","cdi_words","1","understands",1,1,"125","2026-04-30 08:46:28","VVI197",450,"m","4/14/26"
"2921","broken","cdi_words","1","produces",NA,0,"213","2026-02-15 21:07:24","VVI142",450,"f","2/16/26"
"2922","broken","cdi_words","1","understands",NA,0,"213","2026-02-15 21:07:24","VVI142",450,"f","2/16/26"
"2923","broken","cdi_words","1","produces",NA,0,"76","2026-04-02 15:03:35","VVI186",450,"m","2/26/04"
"2924","broken","cdi_words","1","understands",NA,0,"76","2026-04-02 15:03:35","VVI186",450,"m","2/26/04"
"2925","broken","cdi_words","1","produces",NA,0,"3259","2026-06-30 07:13:02","VVI213",450,"f","5/19/26"
"2926","broken","cdi_words","1","understands",1,1,"3259","2026-06-30 07:13:02","VVI213",450,"f","5/19/26"
"2927","broken","cdi_words","1","produces",NA,0,"53","2026-06-03 07:26:29","VVI221",420,"m","3/26/06"
"2928","broken","cdi_words","1","understands",NA,0,"53","2026-06-03 07:26:29","VVI221",420,"m","3/26/06"
"2929","broken","cdi_words","1","produces",NA,0,"223","2026-03-09 15:51:32","VVI162",510,"f","2/24/26"
"2930","broken","cdi_words","1","understands",NA,0,"223","2026-03-09 15:51:32","VVI162",510,"f","2/24/26"
"2931","broken","cdi_words","1","produces",NA,0,"207","2026-04-08 10:48:19","VVI193",450,"f","8/26/04"
"2932","broken","cdi_words","1","understands",NA,0,"207","2026-04-08 10:48:19","VVI193",450,"f","8/26/04"
"2933","broken","cdi_words","1","produces",NA,0,"131","2026-04-28 16:52:20","VVI201",420,"m","4/27/26"
"2934","broken","cdi_words","1","understands",NA,0,"131","2026-04-28 16:52:20","VVI201",420,"m","4/27/26"
"2935","broken","cdi_words","1","produces",2,1,"216","2026-03-08 20:15:37","VVI146",510,"f","2/17/26"
"2936","broken","cdi_words","1","understands",2,1,"216","2026-03-08 20:15:37","VVI146",510,"f","2/17/26"
"2937","broken","cdi_words","1","produces",NA,0,"179","2026-03-09 12:13:10","VVI160",510,"m","2/23/26"
"2938","broken","cdi_words","1","understands",NA,0,"179","2026-03-09 12:13:10","VVI160",510,"m","2/23/26"
"2939","broken","cdi_words","1","produces",NA,0,"102","2026-03-08 18:49:54","VVI164",480,"m","2/25/26"
"2940","broken","cdi_words","1","understands",NA,0,"102","2026-03-08 18:49:54","VVI164",480,"m","2/25/26"
"2941","dark","cdi_words","1","produces",NA,0,"32","2026-07-12 15:42:16","VVI230",510,"m","7/12/26"
"2942","dark","cdi_words","1","understands",NA,0,"32","2026-07-12 15:42:16","VVI230",510,"m","7/12/26"
"2943","dark","cdi_words","1","produces",NA,0,"199","2026-06-29 18:15:46","VVI223",450,"f","8/26/06"
"2944","dark","cdi_words","1","understands",1,1,"199","2026-06-29 18:15:46","VVI223",450,"f","8/26/06"
"2945","dark","cdi_words","1","produces",NA,0,"245","2026-04-29 06:56:14","VVI196",450,"f","4/14/26"
"2946","dark","cdi_words","1","understands",1,1,"245","2026-04-29 06:56:14","VVI196",450,"f","4/14/26"
"2947","dark","cdi_words","1","produces",NA,0,"104","2026-03-29 15:34:33","VVI183",420,"m","3/29/26"
"2948","dark","cdi_words","1","understands",NA,0,"104","2026-03-29 15:34:33","VVI183",420,"m","3/29/26"
"2949","dark","cdi_words","1","produces",NA,0,"125","2026-04-30 08:46:28","VVI197",450,"m","4/14/26"
"2950","dark","cdi_words","1","understands",1,1,"125","2026-04-30 08:46:28","VVI197",450,"m","4/14/26"
"2951","dark","cdi_words","1","produces",NA,0,"213","2026-02-15 21:07:24","VVI142",450,"f","2/16/26"
"2952","dark","cdi_words","1","understands",NA,0,"213","2026-02-15 21:07:24","VVI142",450,"f","2/16/26"
"2953","dark","cdi_words","1","produces",NA,0,"76","2026-04-02 15:03:35","VVI186",450,"m","2/26/04"
"2954","dark","cdi_words","1","understands",NA,0,"76","2026-04-02 15:03:35","VVI186",450,"m","2/26/04"
"2955","dark","cdi_words","1","produces",NA,0,"3259","2026-06-30 07:13:02","VVI213",450,"f","5/19/26"
"2956","dark","cdi_words","1","understands",NA,0,"3259","2026-06-30 07:13:02","VVI213",450,"f","5/19/26"
"2957","dark","cdi_words","1","produces",NA,0,"53","2026-06-03 07:26:29","VVI221",420,"m","3/26/06"
"2958","dark","cdi_words","1","understands",NA,0,"53","2026-06-03 07:26:29","VVI221",420,"m","3/26/06"
"2959","dark","cdi_words","1","produces",NA,0,"223","2026-03-09 15:51:32","VVI162",510,"f","2/24/26"
"2960","dark","cdi_words","1","understands",NA,0,"223","2026-03-09 15:51:32","VVI162",510,"f","2/24/26"
"2961","dark","cdi_words","1","produces",NA,0,"207","2026-04-08 10:48:19","VVI193",450,"f","8/26/04"
"2962","dark","cdi_words","1","understands",NA,0,"207","2026-04-08 10:48:19","VVI193",450,"f","8/26/04"
"2963","dark","cdi_words","1","produces",NA,0,"131","2026-04-28 16:52:20","VVI201",420,"m","4/27/26"
"2964","dark","cdi_words","1","understands",NA,0,"131","2026-04-28 16:52:20","VVI201",420,"m","4/27/26"
"2965","dark","cdi_words","1","produces",NA,0,"216","2026-03-08 20:15:37","VVI146",510,"f","2/17/26"
"2966","dark","cdi_words","1","understands",NA,0,"216","2026-03-08 20:15:37","VVI146",510,"f","2/17/26"
"2967","dark","cdi_words","1","produces",NA,0,"179","2026-03-09 12:13:10","VVI160",510,"m","2/23/26"
"2968","dark","cdi_words","1","understands",NA,0,"179","2026-03-09 12:13:10","VVI160",510,"m","2/23/26"
"2969","dark","cdi_words","1","produces",NA,0,"102","2026-03-08 18:49:54","VVI164",480,"m","2/25/26"
"2970","dark","cdi_words","1","understands",NA,0,"102","2026-03-08 18:49:54","VVI164",480,"m","2/25/26"
"2971","fast","cdi_words","1","produces",NA,0,"32","2026-07-12 15:42:16","VVI230",510,"m","7/12/26"
"2972","fast","cdi_words","1","understands",NA,0,"32","2026-07-12 15:42:16","VVI230",510,"m","7/12/26"
"2973","fast","cdi_words","1","produces",NA,0,"199","2026-06-29 18:15:46","VVI223",450,"f","8/26/06"
"2974","fast","cdi_words","1","understands",1,1,"199","2026-06-29 18:15:46","VVI223",450,"f","8/26/06"
"2975","fast","cdi_words","1","produces",2,1,"245","2026-04-29 06:56:14","VVI196",450,"f","4/14/26"
"2976","fast","cdi_words","1","understands",2,1,"245","2026-04-29 06:56:14","VVI196",450,"f","4/14/26"
"2977","fast","cdi_words","1","produces",NA,0,"104","2026-03-29 15:34:33","VVI183",420,"m","3/29/26"
"2978","fast","cdi_words","1","understands",NA,0,"104","2026-03-29 15:34:33","VVI183",420,"m","3/29/26"
"2979","fast","cdi_words","1","produces",NA,0,"125","2026-04-30 08:46:28","VVI197",450,"m","4/14/26"
"2980","fast","cdi_words","1","understands",1,1,"125","2026-04-30 08:46:28","VVI197",450,"m","4/14/26"
"2981","fast","cdi_words","1","produces",NA,0,"213","2026-02-15 21:07:24","VVI142",450,"f","2/16/26"
"2982","fast","cdi_words","1","understands",NA,0,"213","2026-02-15 21:07:24","VVI142",450,"f","2/16/26"
"2983","fast","cdi_words","1","produces",NA,0,"76","2026-04-02 15:03:35","VVI186",450,"m","2/26/04"
"2984","fast","cdi_words","1","understands",NA,0,"76","2026-04-02 15:03:35","VVI186",450,"m","2/26/04"
"2985","fast","cdi_words","1","produces",NA,0,"3259","2026-06-30 07:13:02","VVI213",450,"f","5/19/26"
"2986","fast","cdi_words","1","understands",NA,0,"3259","2026-06-30 07:13:02","VVI213",450,"f","5/19/26"
"2987","fast","cdi_words","1","produces",NA,0,"53","2026-06-03 07:26:29","VVI221",420,"m","3/26/06"
"2988","fast","cdi_words","1","understands",NA,0,"53","2026-06-03 07:26:29","VVI221",420,"m","3/26/06"
"2989","fast","cdi_words","1","produces",NA,0,"223","2026-03-09 15:51:32","VVI162",510,"f","2/24/26"
"2990","fast","cdi_words","1","understands",NA,0,"223","2026-03-09 15:51:32","VVI162",510,"f","2/24/26"
"2991","fast","cdi_words","1","produces",NA,0,"207","2026-04-08 10:48:19","VVI193",450,"f","8/26/04"
"2992","fast","cdi_words","1","understands",NA,0,"207","2026-04-08 10:48:19","VVI193",450,"f","8/26/04"
"2993","fast","cdi_words","1","produces",NA,0,"131","2026-04-28 16:52:20","VVI201",420,"m","4/27/26"
"2994","fast","cdi_words","1","understands",NA,0,"131","2026-04-28 16:52:20","VVI201",420,"m","4/27/26"
"2995","fast","cdi_words","1","produces",NA,0,"216","2026-03-08 20:15:37","VVI146",510,"f","2/17/26"
"2996","fast","cdi_words","1","understands",NA,0,"216","2026-03-08 20:15:37","VVI146",510,"f","2/17/26"
"2997","fast","cdi_words","1","produces",NA,0,"179","2026-03-09 12:13:10","VVI160",510,"m","2/23/26"
"2998","fast","cdi_words","1","understands",NA,0,"179","2026-03-09 12:13:10","VVI160",510,"m","2/23/26"
"2999","fast","cdi_words","1","produces",NA,0,"102","2026-03-08 18:49:54","VVI164",480,"m","2/25/26"
"3000","fast","cdi_words","1","understands",NA,0,"102","2026-03-08 18:49:54","VVI164",480,"m","2/25/26"
"3001","hurt","cdi_words","1","produces",NA,0,"32","2026-07-12 15:42:16","VVI230",510,"m","7/12/26"
"3002","hurt","cdi_words","1","understands",NA,0,"32","2026-07-12 15:42:16","VVI230",510,"m","7/12/26"
"3003","hurt","cdi_words","1","produces",NA,0,"199","2026-06-29 18:15:46","VVI223",450,"f","8/26/06"
"3004","hurt","cdi_words","1","understands",1,1,"199","2026-06-29 18:15:46","VVI223",450,"f","8/26/06"
"3005","hurt","cdi_words","1","produces",NA,0,"245","2026-04-29 06:56:14","VVI196",450,"f","4/14/26"
"3006","hurt","cdi_words","1","understands",1,1,"245","2026-04-29 06:56:14","VVI196",450,"f","4/14/26"
"3007","hurt","cdi_words","1","produces",NA,0,"104","2026-03-29 15:34:33","VVI183",420,"m","3/29/26"
"3008","hurt","cdi_words","1","understands",NA,0,"104","2026-03-29 15:34:33","VVI183",420,"m","3/29/26"
"3009","hurt","cdi_words","1","produces",NA,0,"125","2026-04-30 08:46:28","VVI197",450,"m","4/14/26"
"3010","hurt","cdi_words","1","understands",1,1,"125","2026-04-30 08:46:28","VVI197",450,"m","4/14/26"
"3011","hurt","cdi_words","1","produces",NA,0,"213","2026-02-15 21:07:24","VVI142",450,"f","2/16/26"
"3012","hurt","cdi_words","1","understands",1,1,"213","2026-02-15 21:07:24","VVI142",450,"f","2/16/26"
"3013","hurt","cdi_words","1","produces",NA,0,"76","2026-04-02 15:03:35","VVI186",450,"m","2/26/04"
"3014","hurt","cdi_words","1","understands",NA,0,"76","2026-04-02 15:03:35","VVI186",450,"m","2/26/04"
"3015","hurt","cdi_words","1","produces",NA,0,"3259","2026-06-30 07:13:02","VVI213",450,"f","5/19/26"
"3016","hurt","cdi_words","1","understands",NA,0,"3259","2026-06-30 07:13:02","VVI213",450,"f","5/19/26"
"3017","hurt","cdi_words","1","produces",NA,0,"53","2026-06-03 07:26:29","VVI221",420,"m","3/26/06"
"3018","hurt","cdi_words","1","understands",NA,0,"53","2026-06-03 07:26:29","VVI221",420,"m","3/26/06"
"3019","hurt","cdi_words","1","produces",NA,0,"223","2026-03-09 15:51:32","VVI162",510,"f","2/24/26"
"3020","hurt","cdi_words","1","understands",NA,0,"223","2026-03-09 15:51:32","VVI162",510,"f","2/24/26"
"3021","hurt","cdi_words","1","produces",NA,0,"207","2026-04-08 10:48:19","VVI193",450,"f","8/26/04"
"3022","hurt","cdi_words","1","understands",NA,0,"207","2026-04-08 10:48:19","VVI193",450,"f","8/26/04"
"3023","hurt","cdi_words","1","produces",NA,0,"131","2026-04-28 16:52:20","VVI201",420,"m","4/27/26"
"3024","hurt","cdi_words","1","understands",NA,0,"131","2026-04-28 16:52:20","VVI201",420,"m","4/27/26"
"3025","hurt","cdi_words","1","produces",NA,0,"216","2026-03-08 20:15:37","VVI146",510,"f","2/17/26"
"3026","hurt","cdi_words","1","understands",NA,0,"216","2026-03-08 20:15:37","VVI146",510,"f","2/17/26"
"3027","hurt","cdi_words","1","produces",NA,0,"179","2026-03-09 12:13:10","VVI160",510,"m","2/23/26"
"3028","hurt","cdi_words","1","understands",NA,0,"179","2026-03-09 12:13:10","VVI160",510,"m","2/23/26"
"3029","hurt","cdi_words","1","produces",NA,0,"102","2026-03-08 18:49:54","VVI164",480,"m","2/25/26"
"3030","hurt","cdi_words","1","understands",NA,0,"102","2026-03-08 18:49:54","VVI164",480,"m","2/25/26"
"3031","kitty","cdi_words","1","produces",NA,0,"32","2026-07-12 15:42:16","VVI230",510,"m","7/12/26"
"3032","kitty","cdi_words","1","understands",NA,0,"32","2026-07-12 15:42:16","VVI230",510,"m","7/12/26"
"3033","kitty","cdi_words","1","produces",NA,0,"199","2026-06-29 18:15:46","VVI223",450,"f","8/26/06"
"3034","kitty","cdi_words","1","understands",1,1,"199","2026-06-29 18:15:46","VVI223",450,"f","8/26/06"
"3035","kitty","cdi_words","1","produces",NA,0,"245","2026-04-29 06:56:14","VVI196",450,"f","4/14/26"
"3036","kitty","cdi_words","1","understands",1,1,"245","2026-04-29 06:56:14","VVI196",450,"f","4/14/26"
"3037","kitty","cdi_words","1","produces",NA,0,"104","2026-03-29 15:34:33","VVI183",420,"m","3/29/26"
"3038","kitty","cdi_words","1","understands",NA,0,"104","2026-03-29 15:34:33","VVI183",420,"m","3/29/26"
"3039","kitty","cdi_words","1","produces",NA,0,"125","2026-04-30 08:46:28","VVI197",450,"m","4/14/26"
"3040","kitty","cdi_words","1","understands",1,1,"125","2026-04-30 08:46:28","VVI197",450,"m","4/14/26"
"3041","kitty","cdi_words","1","produces",NA,0,"213","2026-02-15 21:07:24","VVI142",450,"f","2/16/26"
"3042","kitty","cdi_words","1","understands",NA,0,"213","2026-02-15 21:07:24","VVI142",450,"f","2/16/26"
"3043","kitty","cdi_words","1","produces",NA,0,"76","2026-04-02 15:03:35","VVI186",450,"m","2/26/04"
"3044","kitty","cdi_words","1","understands",NA,0,"76","2026-04-02 15:03:35","VVI186",450,"m","2/26/04"
"3045","kitty","cdi_words","1","produces",2,1,"3259","2026-06-30 07:13:02","VVI213",450,"f","5/19/26"
"3046","kitty","cdi_words","1","understands",2,1,"3259","2026-06-30 07:13:02","VVI213",450,"f","5/19/26"
"3047","kitty","cdi_words","1","produces",NA,0,"53","2026-06-03 07:26:29","VVI221",420,"m","3/26/06"
"3048","kitty","cdi_words","1","understands",NA,0,"53","2026-06-03 07:26:29","VVI221",420,"m","3/26/06"
"3049","kitty","cdi_words","1","produces",2,1,"223","2026-03-09 15:51:32","VVI162",510,"f","2/24/26"
"3050","kitty","cdi_words","1","understands",2,1,"223","2026-03-09 15:51:32","VVI162",510,"f","2/24/26"
"3051","kitty","cdi_words","1","produces",NA,0,"207","2026-04-08 10:48:19","VVI193",450,"f","8/26/04"
"3052","kitty","cdi_words","1","understands",1,1,"207","2026-04-08 10:48:19","VVI193",450,"f","8/26/04"
"3053","kitty","cdi_words","1","produces",NA,0,"131","2026-04-28 16:52:20","VVI201",420,"m","4/27/26"
"3054","kitty","cdi_words","1","understands",NA,0,"131","2026-04-28 16:52:20","VVI201",420,"m","4/27/26"
"3055","kitty","cdi_words","1","produces",2,1,"216","2026-03-08 20:15:37","VVI146",510,"f","2/17/26"
"3056","kitty","cdi_words","1","understands",2,1,"216","2026-03-08 20:15:37","VVI146",510,"f","2/17/26"
"3057","kitty","cdi_words","1","produces",NA,0,"179","2026-03-09 12:13:10","VVI160",510,"m","2/23/26"
"3058","kitty","cdi_words","1","understands",NA,0,"179","2026-03-09 12:13:10","VVI160",510,"m","2/23/26"
"3059","kitty","cdi_words","1","produces",NA,0,"102","2026-03-08 18:49:54","VVI164",480,"m","2/25/26"
"3060","kitty","cdi_words","1","understands",NA,0,"102","2026-03-08 18:49:54","VVI164",480,"m","2/25/26"
"3061","pretty","cdi_words","1","produces",NA,0,"32","2026-07-12 15:42:16","VVI230",510,"m","7/12/26"
"3062","pretty","cdi_words","1","understands",NA,0,"32","2026-07-12 15:42:16","VVI230",510,"m","7/12/26"
"3063","pretty","cdi_words","1","produces",NA,0,"199","2026-06-29 18:15:46","VVI223",450,"f","8/26/06"
"3064","pretty","cdi_words","1","understands",1,1,"199","2026-06-29 18:15:46","VVI223",450,"f","8/26/06"
"3065","pretty","cdi_words","1","produces",NA,0,"245","2026-04-29 06:56:14","VVI196",450,"f","4/14/26"
"3066","pretty","cdi_words","1","understands",1,1,"245","2026-04-29 06:56:14","VVI196",450,"f","4/14/26"
"3067","pretty","cdi_words","1","produces",NA,0,"104","2026-03-29 15:34:33","VVI183",420,"m","3/29/26"
"3068","pretty","cdi_words","1","understands",NA,0,"104","2026-03-29 15:34:33","VVI183",420,"m","3/29/26"
"3069","pretty","cdi_words","1","produces",NA,0,"125","2026-04-30 08:46:28","VVI197",450,"m","4/14/26"
"3070","pretty","cdi_words","1","understands",NA,0,"125","2026-04-30 08:46:28","VVI197",450,"m","4/14/26"
"3071","pretty","cdi_words","1","produces",NA,0,"213","2026-02-15 21:07:24","VVI142",450,"f","2/16/26"
"3072","pretty","cdi_words","1","understands",NA,0,"213","2026-02-15 21:07:24","VVI142",450,"f","2/16/26"
"3073","pretty","cdi_words","1","produces",NA,0,"76","2026-04-02 15:03:35","VVI186",450,"m","2/26/04"
"3074","pretty","cdi_words","1","understands",NA,0,"76","2026-04-02 15:03:35","VVI186",450,"m","2/26/04"
"3075","pretty","cdi_words","1","produces",NA,0,"3259","2026-06-30 07:13:02","VVI213",450,"f","5/19/26"
"3076","pretty","cdi_words","1","understands",NA,0,"3259","2026-06-30 07:13:02","VVI213",450,"f","5/19/26"
"3077","pretty","cdi_words","1","produces",NA,0,"53","2026-06-03 07:26:29","VVI221",420,"m","3/26/06"
"3078","pretty","cdi_words","1","understands",NA,0,"53","2026-06-03 07:26:29","VVI221",420,"m","3/26/06"
"3079","pretty","cdi_words","1","produces",NA,0,"223","2026-03-09 15:51:32","VVI162",510,"f","2/24/26"
"3080","pretty","cdi_words","1","understands",NA,0,"223","2026-03-09 15:51:32","VVI162",510,"f","2/24/26"
"3081","pretty","cdi_words","1","produces",NA,0,"207","2026-04-08 10:48:19","VVI193",450,"f","8/26/04"
"3082","pretty","cdi_words","1","understands",NA,0,"207","2026-04-08 10:48:19","VVI193",450,"f","8/26/04"
"3083","pretty","cdi_words","1","produces",NA,0,"131","2026-04-28 16:52:20","VVI201",420,"m","4/27/26"
"3084","pretty","cdi_words","1","understands",NA,0,"131","2026-04-28 16:52:20","VVI201",420,"m","4/27/26"
"3085","pretty","cdi_words","1","produces",NA,0,"216","2026-03-08 20:15:37","VVI146",510,"f","2/17/26"
"3086","pretty","cdi_words","1","understands",NA,0,"216","2026-03-08 20:15:37","VVI146",510,"f","2/17/26"
"3087","pretty","cdi_words","1","produces",NA,0,"179","2026-03-09 12:13:10","VVI160",510,"m","2/23/26"
"3088","pretty","cdi_words","1","understands",NA,0,"179","2026-03-09 12:13:10","VVI160",510,"m","2/23/26"
"3089","pretty","cdi_words","1","produces",NA,0,"102","2026-03-08 18:49:54","VVI164",480,"m","2/25/26"
"3090","pretty","cdi_words","1","understands",NA,0,"102","2026-03-08 18:49:54","VVI164",480,"m","2/25/26"
"3091","soft","cdi_words","1","produces",NA,0,"32","2026-07-12 15:42:16","VVI230",510,"m","7/12/26"
"3092","soft","cdi_words","1","understands",NA,0,"32","2026-07-12 15:42:16","VVI230",510,"m","7/12/26"
"3093","soft","cdi_words","1","produces",NA,0,"199","2026-06-29 18:15:46","VVI223",450,"f","8/26/06"
"3094","soft","cdi_words","1","understands",1,1,"199","2026-06-29 18:15:46","VVI223",450,"f","8/26/06"
"3095","soft","cdi_words","1","produces",NA,0,"245","2026-04-29 06:56:14","VVI196",450,"f","4/14/26"
"3096","soft","cdi_words","1","understands",1,1,"245","2026-04-29 06:56:14","VVI196",450,"f","4/14/26"
"3097","soft","cdi_words","1","produces",NA,0,"104","2026-03-29 15:34:33","VVI183",420,"m","3/29/26"
"3098","soft","cdi_words","1","understands",NA,0,"104","2026-03-29 15:34:33","VVI183",420,"m","3/29/26"
"3099","soft","cdi_words","1","produces",NA,0,"125","2026-04-30 08:46:28","VVI197",450,"m","4/14/26"
"3100","soft","cdi_words","1","understands",1,1,"125","2026-04-30 08:46:28","VVI197",450,"m","4/14/26"
"3101","soft","cdi_words","1","produces",NA,0,"213","2026-02-15 21:07:24","VVI142",450,"f","2/16/26"
"3102","soft","cdi_words","1","understands",NA,0,"213","2026-02-15 21:07:24","VVI142",450,"f","2/16/26"
"3103","soft","cdi_words","1","produces",NA,0,"76","2026-04-02 15:03:35","VVI186",450,"m","2/26/04"
"3104","soft","cdi_words","1","understands",NA,0,"76","2026-04-02 15:03:35","VVI186",450,"m","2/26/04"
"3105","soft","cdi_words","1","produces",NA,0,"3259","2026-06-30 07:13:02","VVI213",450,"f","5/19/26"
"3106","soft","cdi_words","1","understands",NA,0,"3259","2026-06-30 07:13:02","VVI213",450,"f","5/19/26"
"3107","soft","cdi_words","1","produces",NA,0,"53","2026-06-03 07:26:29","VVI221",420,"m","3/26/06"
"3108","soft","cdi_words","1","understands",NA,0,"53","2026-06-03 07:26:29","VVI221",420,"m","3/26/06"
"3109","soft","cdi_words","1","produces",NA,0,"223","2026-03-09 15:51:32","VVI162",510,"f","2/24/26"
"3110","soft","cdi_words","1","understands",NA,0,"223","2026-03-09 15:51:32","VVI162",510,"f","2/24/26"
"3111","soft","cdi_words","1","produces",NA,0,"207","2026-04-08 10:48:19","VVI193",450,"f","8/26/04"
"3112","soft","cdi_words","1","understands",NA,0,"207","2026-04-08 10:48:19","VVI193",450,"f","8/26/04"
"3113","soft","cdi_words","1","produces",NA,0,"131","2026-04-28 16:52:20","VVI201",420,"m","4/27/26"
"3114","soft","cdi_words","1","understands",NA,0,"131","2026-04-28 16:52:20","VVI201",420,"m","4/27/26"
"3115","soft","cdi_words","1","produces",NA,0,"216","2026-03-08 20:15:37","VVI146",510,"f","2/17/26"
"3116","soft","cdi_words","1","understands",NA,0,"216","2026-03-08 20:15:37","VVI146",510,"f","2/17/26"
"3117","soft","cdi_words","1","produces",NA,0,"179","2026-03-09 12:13:10","VVI160",510,"m","2/23/26"
"3118","soft","cdi_words","1","understands",NA,0,"179","2026-03-09 12:13:10","VVI160",510,"m","2/23/26"
"3119","soft","cdi_words","1","produces",NA,0,"102","2026-03-08 18:49:54","VVI164",480,"m","2/25/26"
"3120","soft","cdi_words","1","understands",NA,0,"102","2026-03-08 18:49:54","VVI164",480,"m","2/25/26"
"3121","I","cdi_words","1","produces",NA,0,"32","2026-07-12 15:42:16","VVI230",510,"m","7/12/26"
"3122","I","cdi_words","1","understands",NA,0,"32","2026-07-12 15:42:16","VVI230",510,"m","7/12/26"
"3123","I","cdi_words","1","produces",NA,0,"199","2026-06-29 18:15:46","VVI223",450,"f","8/26/06"
"3124","I","cdi_words","1","understands",1,1,"199","2026-06-29 18:15:46","VVI223",450,"f","8/26/06"
"3125","I","cdi_words","1","produces",NA,0,"245","2026-04-29 06:56:14","VVI196",450,"f","4/14/26"
"3126","I","cdi_words","1","understands",1,1,"245","2026-04-29 06:56:14","VVI196",450,"f","4/14/26"
"3127","I","cdi_words","1","produces",NA,0,"104","2026-03-29 15:34:33","VVI183",420,"m","3/29/26"
"3128","I","cdi_words","1","understands",NA,0,"104","2026-03-29 15:34:33","VVI183",420,"m","3/29/26"
"3129","I","cdi_words","1","produces",NA,0,"125","2026-04-30 08:46:28","VVI197",450,"m","4/14/26"
"3130","I","cdi_words","1","understands",1,1,"125","2026-04-30 08:46:28","VVI197",450,"m","4/14/26"
"3131","I","cdi_words","1","produces",NA,0,"213","2026-02-15 21:07:24","VVI142",450,"f","2/16/26"
"3132","I","cdi_words","1","understands",NA,0,"213","2026-02-15 21:07:24","VVI142",450,"f","2/16/26"
"3133","I","cdi_words","1","produces",NA,0,"76","2026-04-02 15:03:35","VVI186",450,"m","2/26/04"
"3134","I","cdi_words","1","understands",NA,0,"76","2026-04-02 15:03:35","VVI186",450,"m","2/26/04"
"3135","I","cdi_words","1","produces",NA,0,"3259","2026-06-30 07:13:02","VVI213",450,"f","5/19/26"
"3136","I","cdi_words","1","understands",NA,0,"3259","2026-06-30 07:13:02","VVI213",450,"f","5/19/26"
"3137","I","cdi_words","1","produces",NA,0,"53","2026-06-03 07:26:29","VVI221",420,"m","3/26/06"
"3138","I","cdi_words","1","understands",NA,0,"53","2026-06-03 07:26:29","VVI221",420,"m","3/26/06"
"3139","I","cdi_words","1","produces",NA,0,"223","2026-03-09 15:51:32","VVI162",510,"f","2/24/26"
"3140","I","cdi_words","1","understands",NA,0,"223","2026-03-09 15:51:32","VVI162",510,"f","2/24/26"
"3141","I","cdi_words","1","produces",NA,0,"207","2026-04-08 10:48:19","VVI193",450,"f","8/26/04"
"3142","I","cdi_words","1","understands",NA,0,"207","2026-04-08 10:48:19","VVI193",450,"f","8/26/04"
"3143","I","cdi_words","1","produces",NA,0,"131","2026-04-28 16:52:20","VVI201",420,"m","4/27/26"
"3144","I","cdi_words","1","understands",NA,0,"131","2026-04-28 16:52:20","VVI201",420,"m","4/27/26"
"3145","I","cdi_words","1","produces",NA,0,"216","2026-03-08 20:15:37","VVI146",510,"f","2/17/26"
"3146","I","cdi_words","1","understands",NA,0,"216","2026-03-08 20:15:37","VVI146",510,"f","2/17/26"
"3147","I","cdi_words","1","produces",NA,0,"179","2026-03-09 12:13:10","VVI160",510,"m","2/23/26"
"3148","I","cdi_words","1","understands",NA,0,"179","2026-03-09 12:13:10","VVI160",510,"m","2/23/26"
"3149","I","cdi_words","1","produces",NA,0,"102","2026-03-08 18:49:54","VVI164",480,"m","2/25/26"
"3150","I","cdi_words","1","understands",NA,0,"102","2026-03-08 18:49:54","VVI164",480,"m","2/25/26"
"3151","me","cdi_words","1","produces",NA,0,"32","2026-07-12 15:42:16","VVI230",510,"m","7/12/26"
"3152","me","cdi_words","1","understands",NA,0,"32","2026-07-12 15:42:16","VVI230",510,"m","7/12/26"
"3153","me","cdi_words","1","produces",NA,0,"199","2026-06-29 18:15:46","VVI223",450,"f","8/26/06"
"3154","me","cdi_words","1","understands",1,1,"199","2026-06-29 18:15:46","VVI223",450,"f","8/26/06"
"3155","me","cdi_words","1","produces",NA,0,"245","2026-04-29 06:56:14","VVI196",450,"f","4/14/26"
"3156","me","cdi_words","1","understands",1,1,"245","2026-04-29 06:56:14","VVI196",450,"f","4/14/26"
"3157","me","cdi_words","1","produces",NA,0,"104","2026-03-29 15:34:33","VVI183",420,"m","3/29/26"
"3158","me","cdi_words","1","understands",NA,0,"104","2026-03-29 15:34:33","VVI183",420,"m","3/29/26"
"3159","me","cdi_words","1","produces",NA,0,"125","2026-04-30 08:46:28","VVI197",450,"m","4/14/26"
"3160","me","cdi_words","1","understands",1,1,"125","2026-04-30 08:46:28","VVI197",450,"m","4/14/26"
"3161","me","cdi_words","1","produces",NA,0,"213","2026-02-15 21:07:24","VVI142",450,"f","2/16/26"
"3162","me","cdi_words","1","understands",1,1,"213","2026-02-15 21:07:24","VVI142",450,"f","2/16/26"
"3163","me","cdi_words","1","produces",NA,0,"76","2026-04-02 15:03:35","VVI186",450,"m","2/26/04"
"3164","me","cdi_words","1","understands",NA,0,"76","2026-04-02 15:03:35","VVI186",450,"m","2/26/04"
"3165","me","cdi_words","1","produces",2,1,"3259","2026-06-30 07:13:02","VVI213",450,"f","5/19/26"
"3166","me","cdi_words","1","understands",2,1,"3259","2026-06-30 07:13:02","VVI213",450,"f","5/19/26"
"3167","me","cdi_words","1","produces",NA,0,"53","2026-06-03 07:26:29","VVI221",420,"m","3/26/06"
"3168","me","cdi_words","1","understands",NA,0,"53","2026-06-03 07:26:29","VVI221",420,"m","3/26/06"
"3169","me","cdi_words","1","produces",NA,0,"223","2026-03-09 15:51:32","VVI162",510,"f","2/24/26"
"3170","me","cdi_words","1","understands",NA,0,"223","2026-03-09 15:51:32","VVI162",510,"f","2/24/26"
"3171","me","cdi_words","1","produces",NA,0,"207","2026-04-08 10:48:19","VVI193",450,"f","8/26/04"
"3172","me","cdi_words","1","understands",NA,0,"207","2026-04-08 10:48:19","VVI193",450,"f","8/26/04"
"3173","me","cdi_words","1","produces",NA,0,"131","2026-04-28 16:52:20","VVI201",420,"m","4/27/26"
"3174","me","cdi_words","1","understands",NA,0,"131","2026-04-28 16:52:20","VVI201",420,"m","4/27/26"
"3175","me","cdi_words","1","produces",NA,0,"216","2026-03-08 20:15:37","VVI146",510,"f","2/17/26"
"3176","me","cdi_words","1","understands",NA,0,"216","2026-03-08 20:15:37","VVI146",510,"f","2/17/26"
"3177","me","cdi_words","1","produces",2,1,"179","2026-03-09 12:13:10","VVI160",510,"m","2/23/26"
"3178","me","cdi_words","1","understands",2,1,"179","2026-03-09 12:13:10","VVI160",510,"m","2/23/26"
"3179","me","cdi_words","1","produces",NA,0,"102","2026-03-08 18:49:54","VVI164",480,"m","2/25/26"
"3180","me","cdi_words","1","understands",NA,0,"102","2026-03-08 18:49:54","VVI164",480,"m","2/25/26"
"3181","how","cdi_words","1","produces",NA,0,"32","2026-07-12 15:42:16","VVI230",510,"m","7/12/26"
"3182","how","cdi_words","1","understands",NA,0,"32","2026-07-12 15:42:16","VVI230",510,"m","7/12/26"
"3183","how","cdi_words","1","produces",NA,0,"199","2026-06-29 18:15:46","VVI223",450,"f","8/26/06"
"3184","how","cdi_words","1","understands",1,1,"199","2026-06-29 18:15:46","VVI223",450,"f","8/26/06"
"3185","how","cdi_words","1","produces",NA,0,"245","2026-04-29 06:56:14","VVI196",450,"f","4/14/26"
"3186","how","cdi_words","1","understands",1,1,"245","2026-04-29 06:56:14","VVI196",450,"f","4/14/26"
"3187","how","cdi_words","1","produces",NA,0,"104","2026-03-29 15:34:33","VVI183",420,"m","3/29/26"
"3188","how","cdi_words","1","understands",NA,0,"104","2026-03-29 15:34:33","VVI183",420,"m","3/29/26"
"3189","how","cdi_words","1","produces",NA,0,"125","2026-04-30 08:46:28","VVI197",450,"m","4/14/26"
"3190","how","cdi_words","1","understands",1,1,"125","2026-04-30 08:46:28","VVI197",450,"m","4/14/26"
"3191","how","cdi_words","1","produces",NA,0,"213","2026-02-15 21:07:24","VVI142",450,"f","2/16/26"
"3192","how","cdi_words","1","understands",NA,0,"213","2026-02-15 21:07:24","VVI142",450,"f","2/16/26"
"3193","how","cdi_words","1","produces",NA,0,"76","2026-04-02 15:03:35","VVI186",450,"m","2/26/04"
"3194","how","cdi_words","1","understands",NA,0,"76","2026-04-02 15:03:35","VVI186",450,"m","2/26/04"
"3195","how","cdi_words","1","produces",NA,0,"3259","2026-06-30 07:13:02","VVI213",450,"f","5/19/26"
"3196","how","cdi_words","1","understands",NA,0,"3259","2026-06-30 07:13:02","VVI213",450,"f","5/19/26"
"3197","how","cdi_words","1","produces",NA,0,"53","2026-06-03 07:26:29","VVI221",420,"m","3/26/06"
"3198","how","cdi_words","1","understands",NA,0,"53","2026-06-03 07:26:29","VVI221",420,"m","3/26/06"
"3199","how","cdi_words","1","produces",NA,0,"223","2026-03-09 15:51:32","VVI162",510,"f","2/24/26"
"3200","how","cdi_words","1","understands",NA,0,"223","2026-03-09 15:51:32","VVI162",510,"f","2/24/26"
"3201","how","cdi_words","1","produces",NA,0,"207","2026-04-08 10:48:19","VVI193",450,"f","8/26/04"
"3202","how","cdi_words","1","understands",NA,0,"207","2026-04-08 10:48:19","VVI193",450,"f","8/26/04"
"3203","how","cdi_words","1","produces",NA,0,"131","2026-04-28 16:52:20","VVI201",420,"m","4/27/26"
"3204","how","cdi_words","1","understands",NA,0,"131","2026-04-28 16:52:20","VVI201",420,"m","4/27/26"
"3205","how","cdi_words","1","produces",NA,0,"216","2026-03-08 20:15:37","VVI146",510,"f","2/17/26"
"3206","how","cdi_words","1","understands",NA,0,"216","2026-03-08 20:15:37","VVI146",510,"f","2/17/26"
"3207","how","cdi_words","1","produces",NA,0,"179","2026-03-09 12:13:10","VVI160",510,"m","2/23/26"
"3208","how","cdi_words","1","understands",NA,0,"179","2026-03-09 12:13:10","VVI160",510,"m","2/23/26"
"3209","how","cdi_words","1","produces",NA,0,"102","2026-03-08 18:49:54","VVI164",480,"m","2/25/26"
"3210","how","cdi_words","1","understands",NA,0,"102","2026-03-08 18:49:54","VVI164",480,"m","2/25/26"
"3211","who","cdi_words","1","produces",NA,0,"32","2026-07-12 15:42:16","VVI230",510,"m","7/12/26"
"3212","who","cdi_words","1","understands",NA,0,"32","2026-07-12 15:42:16","VVI230",510,"m","7/12/26"
"3213","who","cdi_words","1","produces",NA,0,"199","2026-06-29 18:15:46","VVI223",450,"f","8/26/06"
"3214","who","cdi_words","1","understands",1,1,"199","2026-06-29 18:15:46","VVI223",450,"f","8/26/06"
"3215","who","cdi_words","1","produces",NA,0,"245","2026-04-29 06:56:14","VVI196",450,"f","4/14/26"
"3216","who","cdi_words","1","understands",1,1,"245","2026-04-29 06:56:14","VVI196",450,"f","4/14/26"
"3217","who","cdi_words","1","produces",NA,0,"104","2026-03-29 15:34:33","VVI183",420,"m","3/29/26"
"3218","who","cdi_words","1","understands",NA,0,"104","2026-03-29 15:34:33","VVI183",420,"m","3/29/26"
"3219","who","cdi_words","1","produces",NA,0,"125","2026-04-30 08:46:28","VVI197",450,"m","4/14/26"
"3220","who","cdi_words","1","understands",1,1,"125","2026-04-30 08:46:28","VVI197",450,"m","4/14/26"
"3221","who","cdi_words","1","produces",NA,0,"213","2026-02-15 21:07:24","VVI142",450,"f","2/16/26"
"3222","who","cdi_words","1","understands",NA,0,"213","2026-02-15 21:07:24","VVI142",450,"f","2/16/26"
"3223","who","cdi_words","1","produces",NA,0,"76","2026-04-02 15:03:35","VVI186",450,"m","2/26/04"
"3224","who","cdi_words","1","understands",NA,0,"76","2026-04-02 15:03:35","VVI186",450,"m","2/26/04"
"3225","who","cdi_words","1","produces",NA,0,"3259","2026-06-30 07:13:02","VVI213",450,"f","5/19/26"
"3226","who","cdi_words","1","understands",NA,0,"3259","2026-06-30 07:13:02","VVI213",450,"f","5/19/26"
"3227","who","cdi_words","1","produces",NA,0,"53","2026-06-03 07:26:29","VVI221",420,"m","3/26/06"
"3228","who","cdi_words","1","understands",NA,0,"53","2026-06-03 07:26:29","VVI221",420,"m","3/26/06"
"3229","who","cdi_words","1","produces",NA,0,"223","2026-03-09 15:51:32","VVI162",510,"f","2/24/26"
"3230","who","cdi_words","1","understands",NA,0,"223","2026-03-09 15:51:32","VVI162",510,"f","2/24/26"
"3231","who","cdi_words","1","produces",NA,0,"207","2026-04-08 10:48:19","VVI193",450,"f","8/26/04"
"3232","who","cdi_words","1","understands",NA,0,"207","2026-04-08 10:48:19","VVI193",450,"f","8/26/04"
"3233","who","cdi_words","1","produces",NA,0,"131","2026-04-28 16:52:20","VVI201",420,"m","4/27/26"
"3234","who","cdi_words","1","understands",NA,0,"131","2026-04-28 16:52:20","VVI201",420,"m","4/27/26"
"3235","who","cdi_words","1","produces",NA,0,"216","2026-03-08 20:15:37","VVI146",510,"f","2/17/26"
"3236","who","cdi_words","1","understands",NA,0,"216","2026-03-08 20:15:37","VVI146",510,"f","2/17/26"
"3237","who","cdi_words","1","produces",NA,0,"179","2026-03-09 12:13:10","VVI160",510,"m","2/23/26"
"3238","who","cdi_words","1","understands",NA,0,"179","2026-03-09 12:13:10","VVI160",510,"m","2/23/26"
"3239","who","cdi_words","1","produces",NA,0,"102","2026-03-08 18:49:54","VVI164",480,"m","2/25/26"
"3240","who","cdi_words","1","understands",NA,0,"102","2026-03-08 18:49:54","VVI164",480,"m","2/25/26"
"3241","away","cdi_words","1","produces",NA,0,"32","2026-07-12 15:42:16","VVI230",510,"m","7/12/26"
"3242","away","cdi_words","1","understands",NA,0,"32","2026-07-12 15:42:16","VVI230",510,"m","7/12/26"
"3243","away","cdi_words","1","produces",NA,0,"199","2026-06-29 18:15:46","VVI223",450,"f","8/26/06"
"3244","away","cdi_words","1","understands",1,1,"199","2026-06-29 18:15:46","VVI223",450,"f","8/26/06"
"3245","away","cdi_words","1","produces",NA,0,"245","2026-04-29 06:56:14","VVI196",450,"f","4/14/26"
"3246","away","cdi_words","1","understands",1,1,"245","2026-04-29 06:56:14","VVI196",450,"f","4/14/26"
"3247","away","cdi_words","1","produces",NA,0,"104","2026-03-29 15:34:33","VVI183",420,"m","3/29/26"
"3248","away","cdi_words","1","understands",NA,0,"104","2026-03-29 15:34:33","VVI183",420,"m","3/29/26"
"3249","away","cdi_words","1","produces",NA,0,"125","2026-04-30 08:46:28","VVI197",450,"m","4/14/26"
"3250","away","cdi_words","1","understands",1,1,"125","2026-04-30 08:46:28","VVI197",450,"m","4/14/26"
"3251","away","cdi_words","1","produces",NA,0,"213","2026-02-15 21:07:24","VVI142",450,"f","2/16/26"
"3252","away","cdi_words","1","understands",NA,0,"213","2026-02-15 21:07:24","VVI142",450,"f","2/16/26"
"3253","away","cdi_words","1","produces",NA,0,"76","2026-04-02 15:03:35","VVI186",450,"m","2/26/04"
"3254","away","cdi_words","1","understands",NA,0,"76","2026-04-02 15:03:35","VVI186",450,"m","2/26/04"
"3255","away","cdi_words","1","produces",NA,0,"3259","2026-06-30 07:13:02","VVI213",450,"f","5/19/26"
"3256","away","cdi_words","1","understands",NA,0,"3259","2026-06-30 07:13:02","VVI213",450,"f","5/19/26"
"3257","away","cdi_words","1","produces",NA,0,"53","2026-06-03 07:26:29","VVI221",420,"m","3/26/06"
"3258","away","cdi_words","1","understands",NA,0,"53","2026-06-03 07:26:29","VVI221",420,"m","3/26/06"
"3259","away","cdi_words","1","produces",NA,0,"223","2026-03-09 15:51:32","VVI162",510,"f","2/24/26"
"3260","away","cdi_words","1","understands",NA,0,"223","2026-03-09 15:51:32","VVI162",510,"f","2/24/26"
"3261","away","cdi_words","1","produces",NA,0,"207","2026-04-08 10:48:19","VVI193",450,"f","8/26/04"
"3262","away","cdi_words","1","understands",NA,0,"207","2026-04-08 10:48:19","VVI193",450,"f","8/26/04"
"3263","away","cdi_words","1","produces",NA,0,"131","2026-04-28 16:52:20","VVI201",420,"m","4/27/26"
"3264","away","cdi_words","1","understands",NA,0,"131","2026-04-28 16:52:20","VVI201",420,"m","4/27/26"
"3265","away","cdi_words","1","produces",NA,0,"216","2026-03-08 20:15:37","VVI146",510,"f","2/17/26"
"3266","away","cdi_words","1","understands",NA,0,"216","2026-03-08 20:15:37","VVI146",510,"f","2/17/26"
"3267","away","cdi_words","1","produces",NA,0,"179","2026-03-09 12:13:10","VVI160",510,"m","2/23/26"
"3268","away","cdi_words","1","understands",NA,0,"179","2026-03-09 12:13:10","VVI160",510,"m","2/23/26"
"3269","away","cdi_words","1","produces",NA,0,"102","2026-03-08 18:49:54","VVI164",480,"m","2/25/26"
"3270","away","cdi_words","1","understands",NA,0,"102","2026-03-08 18:49:54","VVI164",480,"m","2/25/26"
"3271","out","cdi_words","1","produces",NA,0,"32","2026-07-12 15:42:16","VVI230",510,"m","7/12/26"
"3272","out","cdi_words","1","understands",NA,0,"32","2026-07-12 15:42:16","VVI230",510,"m","7/12/26"
"3273","out","cdi_words","1","produces",NA,0,"199","2026-06-29 18:15:46","VVI223",450,"f","8/26/06"
"3274","out","cdi_words","1","understands",1,1,"199","2026-06-29 18:15:46","VVI223",450,"f","8/26/06"
"3275","out","cdi_words","1","produces",NA,0,"245","2026-04-29 06:56:14","VVI196",450,"f","4/14/26"
"3276","out","cdi_words","1","understands",1,1,"245","2026-04-29 06:56:14","VVI196",450,"f","4/14/26"
"3277","out","cdi_words","1","produces",NA,0,"104","2026-03-29 15:34:33","VVI183",420,"m","3/29/26"
"3278","out","cdi_words","1","understands",NA,0,"104","2026-03-29 15:34:33","VVI183",420,"m","3/29/26"
"3279","out","cdi_words","1","produces",NA,0,"125","2026-04-30 08:46:28","VVI197",450,"m","4/14/26"
"3280","out","cdi_words","1","understands",1,1,"125","2026-04-30 08:46:28","VVI197",450,"m","4/14/26"
"3281","out","cdi_words","1","produces",NA,0,"213","2026-02-15 21:07:24","VVI142",450,"f","2/16/26"
"3282","out","cdi_words","1","understands",NA,0,"213","2026-02-15 21:07:24","VVI142",450,"f","2/16/26"
"3283","out","cdi_words","1","produces",NA,0,"76","2026-04-02 15:03:35","VVI186",450,"m","2/26/04"
"3284","out","cdi_words","1","understands",NA,0,"76","2026-04-02 15:03:35","VVI186",450,"m","2/26/04"
"3285","out","cdi_words","1","produces",2,1,"3259","2026-06-30 07:13:02","VVI213",450,"f","5/19/26"
"3286","out","cdi_words","1","understands",2,1,"3259","2026-06-30 07:13:02","VVI213",450,"f","5/19/26"
"3287","out","cdi_words","1","produces",NA,0,"53","2026-06-03 07:26:29","VVI221",420,"m","3/26/06"
"3288","out","cdi_words","1","understands",NA,0,"53","2026-06-03 07:26:29","VVI221",420,"m","3/26/06"
"3289","out","cdi_words","1","produces",NA,0,"223","2026-03-09 15:51:32","VVI162",510,"f","2/24/26"
"3290","out","cdi_words","1","understands",NA,0,"223","2026-03-09 15:51:32","VVI162",510,"f","2/24/26"
"3291","out","cdi_words","1","produces",NA,0,"207","2026-04-08 10:48:19","VVI193",450,"f","8/26/04"
"3292","out","cdi_words","1","understands",NA,0,"207","2026-04-08 10:48:19","VVI193",450,"f","8/26/04"
"3293","out","cdi_words","1","produces",NA,0,"131","2026-04-28 16:52:20","VVI201",420,"m","4/27/26"
"3294","out","cdi_words","1","understands",NA,0,"131","2026-04-28 16:52:20","VVI201",420,"m","4/27/26"
"3295","out","cdi_words","1","produces",NA,0,"216","2026-03-08 20:15:37","VVI146",510,"f","2/17/26"
"3296","out","cdi_words","1","understands",1,1,"216","2026-03-08 20:15:37","VVI146",510,"f","2/17/26"
"3297","out","cdi_words","1","produces",NA,0,"179","2026-03-09 12:13:10","VVI160",510,"m","2/23/26"
"3298","out","cdi_words","1","understands",1,1,"179","2026-03-09 12:13:10","VVI160",510,"m","2/23/26"
"3299","out","cdi_words","1","produces",NA,0,"102","2026-03-08 18:49:54","VVI164",480,"m","2/25/26"
"3300","out","cdi_words","1","understands",NA,0,"102","2026-03-08 18:49:54","VVI164",480,"m","2/25/26"
"3301","other","cdi_words","1","produces",NA,0,"32","2026-07-12 15:42:16","VVI230",510,"m","7/12/26"
"3302","other","cdi_words","1","understands",NA,0,"32","2026-07-12 15:42:16","VVI230",510,"m","7/12/26"
"3303","other","cdi_words","1","produces",NA,0,"199","2026-06-29 18:15:46","VVI223",450,"f","8/26/06"
"3304","other","cdi_words","1","understands",1,1,"199","2026-06-29 18:15:46","VVI223",450,"f","8/26/06"
"3305","other","cdi_words","1","produces",2,1,"245","2026-04-29 06:56:14","VVI196",450,"f","4/14/26"
"3306","other","cdi_words","1","understands",2,1,"245","2026-04-29 06:56:14","VVI196",450,"f","4/14/26"
"3307","other","cdi_words","1","produces",NA,0,"104","2026-03-29 15:34:33","VVI183",420,"m","3/29/26"
"3308","other","cdi_words","1","understands",NA,0,"104","2026-03-29 15:34:33","VVI183",420,"m","3/29/26"
"3309","other","cdi_words","1","produces",NA,0,"125","2026-04-30 08:46:28","VVI197",450,"m","4/14/26"
"3310","other","cdi_words","1","understands",NA,0,"125","2026-04-30 08:46:28","VVI197",450,"m","4/14/26"
"3311","other","cdi_words","1","produces",NA,0,"213","2026-02-15 21:07:24","VVI142",450,"f","2/16/26"
"3312","other","cdi_words","1","understands",NA,0,"213","2026-02-15 21:07:24","VVI142",450,"f","2/16/26"
"3313","other","cdi_words","1","produces",NA,0,"76","2026-04-02 15:03:35","VVI186",450,"m","2/26/04"
"3314","other","cdi_words","1","understands",NA,0,"76","2026-04-02 15:03:35","VVI186",450,"m","2/26/04"
"3315","other","cdi_words","1","produces",NA,0,"3259","2026-06-30 07:13:02","VVI213",450,"f","5/19/26"
"3316","other","cdi_words","1","understands",NA,0,"3259","2026-06-30 07:13:02","VVI213",450,"f","5/19/26"
"3317","other","cdi_words","1","produces",NA,0,"53","2026-06-03 07:26:29","VVI221",420,"m","3/26/06"
"3318","other","cdi_words","1","understands",NA,0,"53","2026-06-03 07:26:29","VVI221",420,"m","3/26/06"
"3319","other","cdi_words","1","produces",NA,0,"223","2026-03-09 15:51:32","VVI162",510,"f","2/24/26"
"3320","other","cdi_words","1","understands",NA,0,"223","2026-03-09 15:51:32","VVI162",510,"f","2/24/26"
"3321","other","cdi_words","1","produces",NA,0,"207","2026-04-08 10:48:19","VVI193",450,"f","8/26/04"
"3322","other","cdi_words","1","understands",NA,0,"207","2026-04-08 10:48:19","VVI193",450,"f","8/26/04"
"3323","other","cdi_words","1","produces",NA,0,"131","2026-04-28 16:52:20","VVI201",420,"m","4/27/26"
"3324","other","cdi_words","1","understands",1,1,"131","2026-04-28 16:52:20","VVI201",420,"m","4/27/26"
"3325","other","cdi_words","1","produces",NA,0,"216","2026-03-08 20:15:37","VVI146",510,"f","2/17/26"
"3326","other","cdi_words","1","understands",NA,0,"216","2026-03-08 20:15:37","VVI146",510,"f","2/17/26"
"3327","other","cdi_words","1","produces",NA,0,"179","2026-03-09 12:13:10","VVI160",510,"m","2/23/26"
"3328","other","cdi_words","1","understands",NA,0,"179","2026-03-09 12:13:10","VVI160",510,"m","2/23/26"
"3329","other","cdi_words","1","produces",NA,0,"102","2026-03-08 18:49:54","VVI164",480,"m","2/25/26"
"3330","other","cdi_words","1","understands",NA,0,"102","2026-03-08 18:49:54","VVI164",480,"m","2/25/26"
"3331","some","cdi_words","1","produces",NA,0,"32","2026-07-12 15:42:16","VVI230",510,"m","7/12/26"
"3332","some","cdi_words","1","understands",NA,0,"32","2026-07-12 15:42:16","VVI230",510,"m","7/12/26"
"3333","some","cdi_words","1","produces",NA,0,"199","2026-06-29 18:15:46","VVI223",450,"f","8/26/06"
"3334","some","cdi_words","1","understands",1,1,"199","2026-06-29 18:15:46","VVI223",450,"f","8/26/06"
"3335","some","cdi_words","1","produces",NA,0,"245","2026-04-29 06:56:14","VVI196",450,"f","4/14/26"
"3336","some","cdi_words","1","understands",1,1,"245","2026-04-29 06:56:14","VVI196",450,"f","4/14/26"
"3337","some","cdi_words","1","produces",NA,0,"104","2026-03-29 15:34:33","VVI183",420,"m","3/29/26"
"3338","some","cdi_words","1","understands",NA,0,"104","2026-03-29 15:34:33","VVI183",420,"m","3/29/26"
"3339","some","cdi_words","1","produces",NA,0,"125","2026-04-30 08:46:28","VVI197",450,"m","4/14/26"
"3340","some","cdi_words","1","understands",1,1,"125","2026-04-30 08:46:28","VVI197",450,"m","4/14/26"
"3341","some","cdi_words","1","produces",NA,0,"213","2026-02-15 21:07:24","VVI142",450,"f","2/16/26"
"3342","some","cdi_words","1","understands",NA,0,"213","2026-02-15 21:07:24","VVI142",450,"f","2/16/26"
"3343","some","cdi_words","1","produces",NA,0,"76","2026-04-02 15:03:35","VVI186",450,"m","2/26/04"
"3344","some","cdi_words","1","understands",NA,0,"76","2026-04-02 15:03:35","VVI186",450,"m","2/26/04"
"3345","some","cdi_words","1","produces",NA,0,"3259","2026-06-30 07:13:02","VVI213",450,"f","5/19/26"
"3346","some","cdi_words","1","understands",NA,0,"3259","2026-06-30 07:13:02","VVI213",450,"f","5/19/26"
"3347","some","cdi_words","1","produces",NA,0,"53","2026-06-03 07:26:29","VVI221",420,"m","3/26/06"
"3348","some","cdi_words","1","understands",NA,0,"53","2026-06-03 07:26:29","VVI221",420,"m","3/26/06"
"3349","some","cdi_words","1","produces",NA,0,"223","2026-03-09 15:51:32","VVI162",510,"f","2/24/26"
"3350","some","cdi_words","1","understands",NA,0,"223","2026-03-09 15:51:32","VVI162",510,"f","2/24/26"
"3351","some","cdi_words","1","produces",NA,0,"207","2026-04-08 10:48:19","VVI193",450,"f","8/26/04"
"3352","some","cdi_words","1","understands",NA,0,"207","2026-04-08 10:48:19","VVI193",450,"f","8/26/04"
"3353","some","cdi_words","1","produces",NA,0,"131","2026-04-28 16:52:20","VVI201",420,"m","4/27/26"
"3354","some","cdi_words","1","understands",NA,0,"131","2026-04-28 16:52:20","VVI201",420,"m","4/27/26"
"3355","some","cdi_words","1","produces",NA,0,"216","2026-03-08 20:15:37","VVI146",510,"f","2/17/26"
"3356","some","cdi_words","1","understands",NA,0,"216","2026-03-08 20:15:37","VVI146",510,"f","2/17/26"
"3357","some","cdi_words","1","produces",NA,0,"179","2026-03-09 12:13:10","VVI160",510,"m","2/23/26"
"3358","some","cdi_words","1","understands",NA,0,"179","2026-03-09 12:13:10","VVI160",510,"m","2/23/26"
"3359","some","cdi_words","1","produces",NA,0,"102","2026-03-08 18:49:54","VVI164",480,"m","2/25/26"
"3360","some","cdi_words","1","understands",NA,0,"102","2026-03-08 18:49:54","VVI164",480,"m","2/25/26"
"3361","lion","cdi_words","1","produces",NA,0,"32","2026-07-12 15:42:16","VVI230",510,"m","7/12/26"
"3362","lion","cdi_words","1","understands",NA,0,"32","2026-07-12 15:42:16","VVI230",510,"m","7/12/26"
"3363","lion","cdi_words","1","produces",2,1,"199","2026-06-29 18:15:46","VVI223",450,"f","8/26/06"
"3364","lion","cdi_words","1","understands",2,1,"199","2026-06-29 18:15:46","VVI223",450,"f","8/26/06"
"3365","lion","cdi_words","1","produces",NA,0,"245","2026-04-29 06:56:14","VVI196",450,"f","4/14/26"
"3366","lion","cdi_words","1","understands",1,1,"245","2026-04-29 06:56:14","VVI196",450,"f","4/14/26"
"3367","lion","cdi_words","1","produces",NA,0,"104","2026-03-29 15:34:33","VVI183",420,"m","3/29/26"
"3368","lion","cdi_words","1","understands",NA,0,"104","2026-03-29 15:34:33","VVI183",420,"m","3/29/26"
"3369","lion","cdi_words","1","produces",NA,0,"125","2026-04-30 08:46:28","VVI197",450,"m","4/14/26"
"3370","lion","cdi_words","1","understands",NA,0,"125","2026-04-30 08:46:28","VVI197",450,"m","4/14/26"
"3371","lion","cdi_words","1","produces",NA,0,"213","2026-02-15 21:07:24","VVI142",450,"f","2/16/26"
"3372","lion","cdi_words","1","understands",1,1,"213","2026-02-15 21:07:24","VVI142",450,"f","2/16/26"
"3373","lion","cdi_words","1","produces",NA,0,"76","2026-04-02 15:03:35","VVI186",450,"m","2/26/04"
"3374","lion","cdi_words","1","understands",NA,0,"76","2026-04-02 15:03:35","VVI186",450,"m","2/26/04"
"3375","lion","cdi_words","1","produces",NA,0,"3259","2026-06-30 07:13:02","VVI213",450,"f","5/19/26"
"3376","lion","cdi_words","1","understands",1,1,"3259","2026-06-30 07:13:02","VVI213",450,"f","5/19/26"
"3377","lion","cdi_words","1","produces",NA,0,"53","2026-06-03 07:26:29","VVI221",420,"m","3/26/06"
"3378","lion","cdi_words","1","understands",NA,0,"53","2026-06-03 07:26:29","VVI221",420,"m","3/26/06"
"3379","lion","cdi_words","1","produces",NA,0,"223","2026-03-09 15:51:32","VVI162",510,"f","2/24/26"
"3380","lion","cdi_words","1","understands",NA,0,"223","2026-03-09 15:51:32","VVI162",510,"f","2/24/26"
"3381","lion","cdi_words","1","produces",NA,0,"207","2026-04-08 10:48:19","VVI193",450,"f","8/26/04"
"3382","lion","cdi_words","1","understands",1,1,"207","2026-04-08 10:48:19","VVI193",450,"f","8/26/04"
"3383","lion","cdi_words","1","produces",NA,0,"131","2026-04-28 16:52:20","VVI201",420,"m","4/27/26"
"3384","lion","cdi_words","1","understands",NA,0,"131","2026-04-28 16:52:20","VVI201",420,"m","4/27/26"
"3385","lion","cdi_words","1","produces",NA,0,"216","2026-03-08 20:15:37","VVI146",510,"f","2/17/26"
"3386","lion","cdi_words","1","understands",NA,0,"216","2026-03-08 20:15:37","VVI146",510,"f","2/17/26"
"3387","lion","cdi_words","1","produces",NA,0,"179","2026-03-09 12:13:10","VVI160",510,"m","2/23/26"
"3388","lion","cdi_words","1","understands",1,1,"179","2026-03-09 12:13:10","VVI160",510,"m","2/23/26"
"3389","lion","cdi_words","1","produces",NA,0,"102","2026-03-08 18:49:54","VVI164",480,"m","2/25/26"
"3390","lion","cdi_words","1","understands",NA,0,"102","2026-03-08 18:49:54","VVI164",480,"m","2/25/26"
"3391","sock","extra_words","2A","produces",1,1,"157","2026-04-09 08:59:38","VVI172",690,"f","5/26/03"
"3392","bathtub","extra_words","2A","produces",1,1,"157","2026-04-09 08:59:38","VVI172",690,"f","5/26/03"
"3393","shower","extra_words","2A","produces",NA,0,"157","2026-04-09 08:59:38","VVI172",690,"f","5/26/03"
"3394","balloon","extra_words","2A","produces",1,1,"157","2026-04-09 08:59:38","VVI172",690,"f","5/26/03"
"3395","dresser","extra_words","2A","produces",NA,0,"157","2026-04-09 08:59:38","VVI172",690,"f","5/26/03"
"3396","kite","extra_words","2A","produces",NA,0,"157","2026-04-09 08:59:38","VVI172",690,"f","5/26/03"
"3397","camel","extra_words","2A","produces",NA,0,"157","2026-04-09 08:59:38","VVI172",690,"f","5/26/03"
"3398","elephant","extra_words","2A","produces",NA,0,"157","2026-04-09 08:59:38","VVI172",690,"f","5/26/03"
"3399","ladybug","extra_words","2A","produces",NA,0,"157","2026-04-09 08:59:38","VVI172",690,"f","5/26/03"
"3400","cloud","extra_words","2A","produces",NA,0,"157","2026-04-09 08:59:38","VVI172",690,"f","5/26/03"
"3401","tree","extra_words","2A","produces",1,1,"157","2026-04-09 08:59:38","VVI172",690,"f","5/26/03"
"3402","zipper","extra_words","2A","produces",NA,0,"157","2026-04-09 08:59:38","VVI172",690,"f","5/26/03"
"3403","crow","extra_words","2A","produces",NA,0,"157","2026-04-09 08:59:38","VVI172",690,"f","5/26/03"
"3404","penguin","extra_words","2A","produces",NA,0,"157","2026-04-09 08:59:38","VVI172",690,"f","5/26/03"
"3405","seahorse","extra_words","2A","produces",NA,0,"157","2026-04-09 08:59:38","VVI172",690,"f","5/26/03"
"3406","duck","extra_words","2A","produces",1,1,"157","2026-04-09 08:59:38","VVI172",690,"f","5/26/03"
"3407","chicken","extra_words","2A","produces",NA,0,"157","2026-04-09 08:59:38","VVI172",690,"f","5/26/03"
"3408","butterfly","extra_words","2A","produces",NA,0,"157","2026-04-09 08:59:38","VVI172",690,"f","5/26/03"
"3409","lizard","extra_words","2A","produces",NA,0,"157","2026-04-09 08:59:38","VVI172",690,"f","5/26/03"
"3410","walrus","extra_words","2A","produces",NA,0,"157","2026-04-09 08:59:38","VVI172",690,"f","5/26/03"
"3411","snake","extra_words","2A","produces",NA,0,"157","2026-04-09 08:59:38","VVI172",690,"f","5/26/03"
"3412","truck","extra_words","2A","produces",NA,0,"157","2026-04-09 08:59:38","VVI172",690,"f","5/26/03"
"3413","car","extra_words","2A","produces",1,1,"157","2026-04-09 08:59:38","VVI172",690,"f","5/26/03"
"3414","airplane","extra_words","2A","produces",1,1,"157","2026-04-09 08:59:38","VVI172",690,"f","5/26/03"
"3415","baa baa","cdi_words","2A","produces",1,1,"157","2026-04-09 08:59:38","VVI172",690,"f","5/26/03"
"3416","meow","cdi_words","2A","produces",1,1,"157","2026-04-09 08:59:38","VVI172",690,"f","5/26/03"
"3417","ouch","cdi_words","2A","produces",1,1,"157","2026-04-09 08:59:38","VVI172",690,"f","5/26/03"
"3418","uh oh","cdi_words","2A","produces",1,1,"157","2026-04-09 08:59:38","VVI172",690,"f","5/26/03"
"3419","woof woof","cdi_words","2A","produces",1,1,"157","2026-04-09 08:59:38","VVI172",690,"f","5/26/03"
"3420","bear","cdi_words","2A","produces",NA,0,"157","2026-04-09 08:59:38","VVI172",690,"f","5/26/03"
"3421","bird","cdi_words","2A","produces",1,1,"157","2026-04-09 08:59:38","VVI172",690,"f","5/26/03"
"3422","cat","cdi_words","2A","produces",1,1,"157","2026-04-09 08:59:38","VVI172",690,"f","5/26/03"
"3423","dog","cdi_words","2A","produces",1,1,"157","2026-04-09 08:59:38","VVI172",690,"f","5/26/03"
"3424","duck","cdi_words","2A","produces",1,1,"157","2026-04-09 08:59:38","VVI172",690,"f","5/26/03"
"3425","horse","cdi_words","2A","produces",1,1,"157","2026-04-09 08:59:38","VVI172",690,"f","5/26/03"
"3426","airplane","cdi_words","2A","produces",1,1,"157","2026-04-09 08:59:38","VVI172",690,"f","5/26/03"
"3427","boat","cdi_words","2A","produces",1,1,"157","2026-04-09 08:59:38","VVI172",690,"f","5/26/03"
"3428","car","cdi_words","2A","produces",1,1,"157","2026-04-09 08:59:38","VVI172",690,"f","5/26/03"
"3429","ball","cdi_words","2A","produces",1,1,"157","2026-04-09 08:59:38","VVI172",690,"f","5/26/03"
"3430","book","cdi_words","2A","produces",1,1,"157","2026-04-09 08:59:38","VVI172",690,"f","5/26/03"
"3431","game","cdi_words","2A","produces",NA,0,"157","2026-04-09 08:59:38","VVI172",690,"f","5/26/03"
"3432","applesauce","cdi_words","2A","produces",NA,0,"157","2026-04-09 08:59:38","VVI172",690,"f","5/26/03"
"3433","candy","cdi_words","2A","produces",1,1,"157","2026-04-09 08:59:38","VVI172",690,"f","5/26/03"
"3434","coke","cdi_words","2A","produces",1,1,"157","2026-04-09 08:59:38","VVI172",690,"f","5/26/03"
"3435","cracker","cdi_words","2A","produces",1,1,"157","2026-04-09 08:59:38","VVI172",690,"f","5/26/03"
"3436","juice","cdi_words","2A","produces",1,1,"157","2026-04-09 08:59:38","VVI172",690,"f","5/26/03"
"3437","meat","cdi_words","2A","produces",NA,0,"157","2026-04-09 08:59:38","VVI172",690,"f","5/26/03"
"3438","milk","cdi_words","2A","produces",1,1,"157","2026-04-09 08:59:38","VVI172",690,"f","5/26/03"
"3439","peas","cdi_words","2A","produces",NA,0,"157","2026-04-09 08:59:38","VVI172",690,"f","5/26/03"
"3440","hat","cdi_words","2A","produces",1,1,"157","2026-04-09 08:59:38","VVI172",690,"f","5/26/03"
"3441","necklace","cdi_words","2A","produces",NA,0,"157","2026-04-09 08:59:38","VVI172",690,"f","5/26/03"
"3442","shoe","cdi_words","2A","produces",1,1,"157","2026-04-09 08:59:38","VVI172",690,"f","5/26/03"
"3443","sock","cdi_words","2A","produces",1,1,"157","2026-04-09 08:59:38","VVI172",690,"f","5/26/03"
"3444","chin","cdi_words","2A","produces",1,1,"157","2026-04-09 08:59:38","VVI172",690,"f","5/26/03"
"3445","ear","cdi_words","2A","produces",1,1,"157","2026-04-09 08:59:38","VVI172",690,"f","5/26/03"
"3446","hand","cdi_words","2A","produces",1,1,"157","2026-04-09 08:59:38","VVI172",690,"f","5/26/03"
"3447","leg","cdi_words","2A","produces",1,1,"157","2026-04-09 08:59:38","VVI172",690,"f","5/26/03"
"3448","broom","cdi_words","2A","produces",NA,0,"157","2026-04-09 08:59:38","VVI172",690,"f","5/26/03"
"3449","comb","cdi_words","2A","produces",NA,0,"157","2026-04-09 08:59:38","VVI172",690,"f","5/26/03"
"3450","mop","cdi_words","2A","produces",NA,0,"157","2026-04-09 08:59:38","VVI172",690,"f","5/26/03"
"3451","plate","cdi_words","2A","produces",1,1,"157","2026-04-09 08:59:38","VVI172",690,"f","5/26/03"
"3452","trash","cdi_words","2A","produces",NA,0,"157","2026-04-09 08:59:38","VVI172",690,"f","5/26/03"
"3453","tray","cdi_words","2A","produces",NA,0,"157","2026-04-09 08:59:38","VVI172",690,"f","5/26/03"
"3454","towel","cdi_words","2A","produces",NA,0,"157","2026-04-09 08:59:38","VVI172",690,"f","5/26/03"
"3455","bed","cdi_words","2A","produces",1,1,"157","2026-04-09 08:59:38","VVI172",690,"f","5/26/03"
"3456","bedroom","cdi_words","2A","produces",NA,0,"157","2026-04-09 08:59:38","VVI172",690,"f","5/26/03"
"3457","bench","cdi_words","2A","produces",NA,0,"157","2026-04-09 08:59:38","VVI172",690,"f","5/26/03"
"3458","oven","cdi_words","2A","produces",NA,0,"157","2026-04-09 08:59:38","VVI172",690,"f","5/26/03"
"3459","stairs","cdi_words","2A","produces",1,1,"157","2026-04-09 08:59:38","VVI172",690,"f","5/26/03"
"3460","flag","cdi_words","2A","produces",NA,0,"157","2026-04-09 08:59:38","VVI172",690,"f","5/26/03"
"3461","rain","cdi_words","2A","produces",NA,0,"157","2026-04-09 08:59:38","VVI172",690,"f","5/26/03"
"3462","star","cdi_words","2A","produces",NA,0,"157","2026-04-09 08:59:38","VVI172",690,"f","5/26/03"
"3463","swing","cdi_words","2A","produces",NA,0,"157","2026-04-09 08:59:38","VVI172",690,"f","5/26/03"
"3464","school","cdi_words","2A","produces",NA,0,"157","2026-04-09 08:59:38","VVI172",690,"f","5/26/03"
"3465","sky","cdi_words","2A","produces",NA,0,"157","2026-04-09 08:59:38","VVI172",690,"f","5/26/03"
"3466","party","cdi_words","2A","produces",NA,0,"157","2026-04-09 08:59:38","VVI172",690,"f","5/26/03"
"3467","friend","cdi_words","2A","produces",NA,0,"157","2026-04-09 08:59:38","VVI172",690,"f","5/26/03"
"3468","mommy","cdi_words","2A","produces",1,1,"157","2026-04-09 08:59:38","VVI172",690,"f","5/26/03"
"3469","person","cdi_words","2A","produces",NA,0,"157","2026-04-09 08:59:38","VVI172",690,"f","5/26/03"
"3470","bye","cdi_words","2A","produces",1,1,"157","2026-04-09 08:59:38","VVI172",690,"f","5/26/03"
"3471","hi","cdi_words","2A","produces",1,1,"157","2026-04-09 08:59:38","VVI172",690,"f","5/26/03"
"3472","no","cdi_words","2A","produces",1,1,"157","2026-04-09 08:59:38","VVI172",690,"f","5/26/03"
"3473","shopping","cdi_words","2A","produces",NA,0,"157","2026-04-09 08:59:38","VVI172",690,"f","5/26/03"
"3474","thank you","cdi_words","2A","produces",1,1,"157","2026-04-09 08:59:38","VVI172",690,"f","5/26/03"
"3475","carry","cdi_words","2A","produces",NA,0,"157","2026-04-09 08:59:38","VVI172",690,"f","5/26/03"
"3476","chase","cdi_words","2A","produces",NA,0,"157","2026-04-09 08:59:38","VVI172",690,"f","5/26/03"
"3477","dump","cdi_words","2A","produces",NA,0,"157","2026-04-09 08:59:38","VVI172",690,"f","5/26/03"
"3478","finish","cdi_words","2A","produces",1,1,"157","2026-04-09 08:59:38","VVI172",690,"f","5/26/03"
"3479","fit","cdi_words","2A","produces",NA,0,"157","2026-04-09 08:59:38","VVI172",690,"f","5/26/03"
"3480","hug","cdi_words","2A","produces",1,1,"157","2026-04-09 08:59:38","VVI172",690,"f","5/26/03"
"3481","listen","cdi_words","2A","produces",NA,0,"157","2026-04-09 08:59:38","VVI172",690,"f","5/26/03"
"3482","like","cdi_words","2A","produces",NA,0,"157","2026-04-09 08:59:38","VVI172",690,"f","5/26/03"
"3483","pretend","cdi_words","2A","produces",NA,0,"157","2026-04-09 08:59:38","VVI172",690,"f","5/26/03"
"3484","rip","cdi_words","2A","produces",NA,0,"157","2026-04-09 08:59:38","VVI172",690,"f","5/26/03"
"3485","shake","cdi_words","2A","produces",NA,0,"157","2026-04-09 08:59:38","VVI172",690,"f","5/26/03"
"3486","taste","cdi_words","2A","produces",NA,0,"157","2026-04-09 08:59:38","VVI172",690,"f","5/26/03"
"3487","gentle","cdi_words","2A","produces",NA,0,"157","2026-04-09 08:59:38","VVI172",690,"f","5/26/03"
"3488","think","cdi_words","2A","produces",NA,0,"157","2026-04-09 08:59:38","VVI172",690,"f","5/26/03"
"3489","wish","cdi_words","2A","produces",NA,0,"157","2026-04-09 08:59:38","VVI172",690,"f","5/26/03"
"3490","all gone","cdi_words","2A","produces",1,1,"157","2026-04-09 08:59:38","VVI172",690,"f","5/26/03"
"3491","cold","cdi_words","2A","produces",1,1,"157","2026-04-09 08:59:38","VVI172",690,"f","5/26/03"
"3492","fast","cdi_words","2A","produces",1,1,"157","2026-04-09 08:59:38","VVI172",690,"f","5/26/03"
"3493","happy","cdi_words","2A","produces",1,1,"157","2026-04-09 08:59:38","VVI172",690,"f","5/26/03"
"3494","hot","cdi_words","2A","produces",1,1,"157","2026-04-09 08:59:38","VVI172",690,"f","5/26/03"
"3495","last","cdi_words","2A","produces",NA,0,"157","2026-04-09 08:59:38","VVI172",690,"f","5/26/03"
"3496","tiny","cdi_words","2A","produces",NA,0,"157","2026-04-09 08:59:38","VVI172",690,"f","5/26/03"
"3497","wet","cdi_words","2A","produces",1,1,"157","2026-04-09 08:59:38","VVI172",690,"f","5/26/03"
"3498","after","cdi_words","2A","produces",NA,0,"157","2026-04-09 08:59:38","VVI172",690,"f","5/26/03"
"3499","day","cdi_words","2A","produces",NA,0,"157","2026-04-09 08:59:38","VVI172",690,"f","5/26/03"
"3500","tonight","cdi_words","2A","produces",NA,0,"157","2026-04-09 08:59:38","VVI172",690,"f","5/26/03"
"3501","our","cdi_words","2A","produces",NA,0,"157","2026-04-09 08:59:38","VVI172",690,"f","5/26/03"
"3502","them","cdi_words","2A","produces",NA,0,"157","2026-04-09 08:59:38","VVI172",690,"f","5/26/03"
"3503","this","cdi_words","2A","produces",1,1,"157","2026-04-09 08:59:38","VVI172",690,"f","5/26/03"
"3504","us","cdi_words","2A","produces",NA,0,"157","2026-04-09 08:59:38","VVI172",690,"f","5/26/03"
"3505","where","cdi_words","2A","produces",NA,0,"157","2026-04-09 08:59:38","VVI172",690,"f","5/26/03"
"3506","beside","cdi_words","2A","produces",NA,0,"157","2026-04-09 08:59:38","VVI172",690,"f","5/26/03"
"3507","down","cdi_words","2A","produces",1,1,"157","2026-04-09 08:59:38","VVI172",690,"f","5/26/03"
"3508","under","cdi_words","2A","produces",NA,0,"157","2026-04-09 08:59:38","VVI172",690,"f","5/26/03"
"3509","all","cdi_words","2A","produces",NA,0,"157","2026-04-09 08:59:38","VVI172",690,"f","5/26/03"
"3510","much","cdi_words","2A","produces",NA,0,"157","2026-04-09 08:59:38","VVI172",690,"f","5/26/03"
"3511","could","cdi_words","2A","produces",NA,0,"157","2026-04-09 08:59:38","VVI172",690,"f","5/26/03"
"3512","need","cdi_words","2A","produces",NA,0,"157","2026-04-09 08:59:38","VVI172",690,"f","5/26/03"
"3513","would","cdi_words","2A","produces",NA,0,"157","2026-04-09 08:59:38","VVI172",690,"f","5/26/03"
"3514","if","cdi_words","2A","produces",NA,0,"157","2026-04-09 08:59:38","VVI172",690,"f","5/26/03"
"3515","sock","extra_words","2A","produces",1,1,"140","2026-03-08 19:06:56","VVI141",750,"f","2/14/26"
"3516","bathtub","extra_words","2A","produces",1,1,"140","2026-03-08 19:06:56","VVI141",750,"f","2/14/26"
"3517","shower","extra_words","2A","produces",1,1,"140","2026-03-08 19:06:56","VVI141",750,"f","2/14/26"
"3518","balloon","extra_words","2A","produces",1,1,"140","2026-03-08 19:06:56","VVI141",750,"f","2/14/26"
"3519","dresser","extra_words","2A","produces",1,1,"140","2026-03-08 19:06:56","VVI141",750,"f","2/14/26"
"3520","kite","extra_words","2A","produces",1,1,"140","2026-03-08 19:06:56","VVI141",750,"f","2/14/26"
"3521","camel","extra_words","2A","produces",1,1,"140","2026-03-08 19:06:56","VVI141",750,"f","2/14/26"
"3522","elephant","extra_words","2A","produces",1,1,"140","2026-03-08 19:06:56","VVI141",750,"f","2/14/26"
"3523","ladybug","extra_words","2A","produces",1,1,"140","2026-03-08 19:06:56","VVI141",750,"f","2/14/26"
"3524","cloud","extra_words","2A","produces",1,1,"140","2026-03-08 19:06:56","VVI141",750,"f","2/14/26"
"3525","tree","extra_words","2A","produces",1,1,"140","2026-03-08 19:06:56","VVI141",750,"f","2/14/26"
"3526","zipper","extra_words","2A","produces",1,1,"140","2026-03-08 19:06:56","VVI141",750,"f","2/14/26"
"3527","crow","extra_words","2A","produces",1,1,"140","2026-03-08 19:06:56","VVI141",750,"f","2/14/26"
"3528","penguin","extra_words","2A","produces",1,1,"140","2026-03-08 19:06:56","VVI141",750,"f","2/14/26"
"3529","seahorse","extra_words","2A","produces",NA,0,"140","2026-03-08 19:06:56","VVI141",750,"f","2/14/26"
"3530","duck","extra_words","2A","produces",1,1,"140","2026-03-08 19:06:56","VVI141",750,"f","2/14/26"
"3531","chicken","extra_words","2A","produces",1,1,"140","2026-03-08 19:06:56","VVI141",750,"f","2/14/26"
"3532","butterfly","extra_words","2A","produces",1,1,"140","2026-03-08 19:06:56","VVI141",750,"f","2/14/26"
"3533","lizard","extra_words","2A","produces",NA,0,"140","2026-03-08 19:06:56","VVI141",750,"f","2/14/26"
"3534","walrus","extra_words","2A","produces",NA,0,"140","2026-03-08 19:06:56","VVI141",750,"f","2/14/26"
"3535","snake","extra_words","2A","produces",1,1,"140","2026-03-08 19:06:56","VVI141",750,"f","2/14/26"
"3536","truck","extra_words","2A","produces",1,1,"140","2026-03-08 19:06:56","VVI141",750,"f","2/14/26"
"3537","car","extra_words","2A","produces",1,1,"140","2026-03-08 19:06:56","VVI141",750,"f","2/14/26"
"3538","airplane","extra_words","2A","produces",1,1,"140","2026-03-08 19:06:56","VVI141",750,"f","2/14/26"
"3539","baa baa","cdi_words","2A","produces",1,1,"140","2026-03-08 19:06:56","VVI141",750,"f","2/14/26"
"3540","meow","cdi_words","2A","produces",1,1,"140","2026-03-08 19:06:56","VVI141",750,"f","2/14/26"
"3541","ouch","cdi_words","2A","produces",1,1,"140","2026-03-08 19:06:56","VVI141",750,"f","2/14/26"
"3542","uh oh","cdi_words","2A","produces",1,1,"140","2026-03-08 19:06:56","VVI141",750,"f","2/14/26"
"3543","woof woof","cdi_words","2A","produces",1,1,"140","2026-03-08 19:06:56","VVI141",750,"f","2/14/26"
"3544","bear","cdi_words","2A","produces",1,1,"140","2026-03-08 19:06:56","VVI141",750,"f","2/14/26"
"3545","bird","cdi_words","2A","produces",1,1,"140","2026-03-08 19:06:56","VVI141",750,"f","2/14/26"
"3546","cat","cdi_words","2A","produces",1,1,"140","2026-03-08 19:06:56","VVI141",750,"f","2/14/26"
"3547","dog","cdi_words","2A","produces",1,1,"140","2026-03-08 19:06:56","VVI141",750,"f","2/14/26"
"3548","duck","cdi_words","2A","produces",1,1,"140","2026-03-08 19:06:56","VVI141",750,"f","2/14/26"
"3549","horse","cdi_words","2A","produces",1,1,"140","2026-03-08 19:06:56","VVI141",750,"f","2/14/26"
"3550","airplane","cdi_words","2A","produces",1,1,"140","2026-03-08 19:06:56","VVI141",750,"f","2/14/26"
"3551","boat","cdi_words","2A","produces",1,1,"140","2026-03-08 19:06:56","VVI141",750,"f","2/14/26"
"3552","car","cdi_words","2A","produces",1,1,"140","2026-03-08 19:06:56","VVI141",750,"f","2/14/26"
"3553","ball","cdi_words","2A","produces",1,1,"140","2026-03-08 19:06:56","VVI141",750,"f","2/14/26"
"3554","book","cdi_words","2A","produces",1,1,"140","2026-03-08 19:06:56","VVI141",750,"f","2/14/26"
"3555","game","cdi_words","2A","produces",1,1,"140","2026-03-08 19:06:56","VVI141",750,"f","2/14/26"
"3556","applesauce","cdi_words","2A","produces",1,1,"140","2026-03-08 19:06:56","VVI141",750,"f","2/14/26"
"3557","candy","cdi_words","2A","produces",1,1,"140","2026-03-08 19:06:56","VVI141",750,"f","2/14/26"
"3558","coke","cdi_words","2A","produces",1,1,"140","2026-03-08 19:06:56","VVI141",750,"f","2/14/26"
"3559","cracker","cdi_words","2A","produces",1,1,"140","2026-03-08 19:06:56","VVI141",750,"f","2/14/26"
"3560","juice","cdi_words","2A","produces",1,1,"140","2026-03-08 19:06:56","VVI141",750,"f","2/14/26"
"3561","meat","cdi_words","2A","produces",1,1,"140","2026-03-08 19:06:56","VVI141",750,"f","2/14/26"
"3562","milk","cdi_words","2A","produces",1,1,"140","2026-03-08 19:06:56","VVI141",750,"f","2/14/26"
"3563","peas","cdi_words","2A","produces",1,1,"140","2026-03-08 19:06:56","VVI141",750,"f","2/14/26"
"3564","hat","cdi_words","2A","produces",1,1,"140","2026-03-08 19:06:56","VVI141",750,"f","2/14/26"
"3565","necklace","cdi_words","2A","produces",1,1,"140","2026-03-08 19:06:56","VVI141",750,"f","2/14/26"
"3566","shoe","cdi_words","2A","produces",1,1,"140","2026-03-08 19:06:56","VVI141",750,"f","2/14/26"
"3567","sock","cdi_words","2A","produces",1,1,"140","2026-03-08 19:06:56","VVI141",750,"f","2/14/26"
"3568","chin","cdi_words","2A","produces",1,1,"140","2026-03-08 19:06:56","VVI141",750,"f","2/14/26"
"3569","ear","cdi_words","2A","produces",1,1,"140","2026-03-08 19:06:56","VVI141",750,"f","2/14/26"
"3570","hand","cdi_words","2A","produces",1,1,"140","2026-03-08 19:06:56","VVI141",750,"f","2/14/26"
"3571","leg","cdi_words","2A","produces",1,1,"140","2026-03-08 19:06:56","VVI141",750,"f","2/14/26"
"3572","broom","cdi_words","2A","produces",1,1,"140","2026-03-08 19:06:56","VVI141",750,"f","2/14/26"
"3573","comb","cdi_words","2A","produces",NA,0,"140","2026-03-08 19:06:56","VVI141",750,"f","2/14/26"
"3574","mop","cdi_words","2A","produces",1,1,"140","2026-03-08 19:06:56","VVI141",750,"f","2/14/26"
"3575","plate","cdi_words","2A","produces",1,1,"140","2026-03-08 19:06:56","VVI141",750,"f","2/14/26"
"3576","trash","cdi_words","2A","produces",1,1,"140","2026-03-08 19:06:56","VVI141",750,"f","2/14/26"
"3577","tray","cdi_words","2A","produces",1,1,"140","2026-03-08 19:06:56","VVI141",750,"f","2/14/26"
"3578","towel","cdi_words","2A","produces",1,1,"140","2026-03-08 19:06:56","VVI141",750,"f","2/14/26"
"3579","bed","cdi_words","2A","produces",1,1,"140","2026-03-08 19:06:56","VVI141",750,"f","2/14/26"
"3580","bedroom","cdi_words","2A","produces",1,1,"140","2026-03-08 19:06:56","VVI141",750,"f","2/14/26"
"3581","bench","cdi_words","2A","produces",1,1,"140","2026-03-08 19:06:56","VVI141",750,"f","2/14/26"
"3582","oven","cdi_words","2A","produces",1,1,"140","2026-03-08 19:06:56","VVI141",750,"f","2/14/26"
"3583","stairs","cdi_words","2A","produces",1,1,"140","2026-03-08 19:06:56","VVI141",750,"f","2/14/26"
"3584","flag","cdi_words","2A","produces",1,1,"140","2026-03-08 19:06:56","VVI141",750,"f","2/14/26"
"3585","rain","cdi_words","2A","produces",1,1,"140","2026-03-08 19:06:56","VVI141",750,"f","2/14/26"
"3586","star","cdi_words","2A","produces",1,1,"140","2026-03-08 19:06:56","VVI141",750,"f","2/14/26"
"3587","swing","cdi_words","2A","produces",1,1,"140","2026-03-08 19:06:56","VVI141",750,"f","2/14/26"
"3588","school","cdi_words","2A","produces",1,1,"140","2026-03-08 19:06:56","VVI141",750,"f","2/14/26"
"3589","sky","cdi_words","2A","produces",1,1,"140","2026-03-08 19:06:56","VVI141",750,"f","2/14/26"
"3590","party","cdi_words","2A","produces",1,1,"140","2026-03-08 19:06:56","VVI141",750,"f","2/14/26"
"3591","friend","cdi_words","2A","produces",1,1,"140","2026-03-08 19:06:56","VVI141",750,"f","2/14/26"
"3592","mommy","cdi_words","2A","produces",1,1,"140","2026-03-08 19:06:56","VVI141",750,"f","2/14/26"
"3593","person","cdi_words","2A","produces",1,1,"140","2026-03-08 19:06:56","VVI141",750,"f","2/14/26"
"3594","bye","cdi_words","2A","produces",1,1,"140","2026-03-08 19:06:56","VVI141",750,"f","2/14/26"
"3595","hi","cdi_words","2A","produces",1,1,"140","2026-03-08 19:06:56","VVI141",750,"f","2/14/26"
"3596","no","cdi_words","2A","produces",1,1,"140","2026-03-08 19:06:56","VVI141",750,"f","2/14/26"
"3597","shopping","cdi_words","2A","produces",1,1,"140","2026-03-08 19:06:56","VVI141",750,"f","2/14/26"
"3598","thank you","cdi_words","2A","produces",1,1,"140","2026-03-08 19:06:56","VVI141",750,"f","2/14/26"
"3599","carry","cdi_words","2A","produces",1,1,"140","2026-03-08 19:06:56","VVI141",750,"f","2/14/26"
"3600","chase","cdi_words","2A","produces",NA,0,"140","2026-03-08 19:06:56","VVI141",750,"f","2/14/26"
"3601","dump","cdi_words","2A","produces",1,1,"140","2026-03-08 19:06:56","VVI141",750,"f","2/14/26"
"3602","finish","cdi_words","2A","produces",1,1,"140","2026-03-08 19:06:56","VVI141",750,"f","2/14/26"
"3603","fit","cdi_words","2A","produces",NA,0,"140","2026-03-08 19:06:56","VVI141",750,"f","2/14/26"
"3604","hug","cdi_words","2A","produces",1,1,"140","2026-03-08 19:06:56","VVI141",750,"f","2/14/26"
"3605","listen","cdi_words","2A","produces",1,1,"140","2026-03-08 19:06:56","VVI141",750,"f","2/14/26"
"3606","like","cdi_words","2A","produces",1,1,"140","2026-03-08 19:06:56","VVI141",750,"f","2/14/26"
"3607","pretend","cdi_words","2A","produces",NA,0,"140","2026-03-08 19:06:56","VVI141",750,"f","2/14/26"
"3608","rip","cdi_words","2A","produces",NA,0,"140","2026-03-08 19:06:56","VVI141",750,"f","2/14/26"
"3609","shake","cdi_words","2A","produces",NA,0,"140","2026-03-08 19:06:56","VVI141",750,"f","2/14/26"
"3610","taste","cdi_words","2A","produces",1,1,"140","2026-03-08 19:06:56","VVI141",750,"f","2/14/26"
"3611","gentle","cdi_words","2A","produces",1,1,"140","2026-03-08 19:06:56","VVI141",750,"f","2/14/26"
"3612","think","cdi_words","2A","produces",NA,0,"140","2026-03-08 19:06:56","VVI141",750,"f","2/14/26"
"3613","wish","cdi_words","2A","produces",NA,0,"140","2026-03-08 19:06:56","VVI141",750,"f","2/14/26"
"3614","all gone","cdi_words","2A","produces",1,1,"140","2026-03-08 19:06:56","VVI141",750,"f","2/14/26"
"3615","cold","cdi_words","2A","produces",1,1,"140","2026-03-08 19:06:56","VVI141",750,"f","2/14/26"
"3616","fast","cdi_words","2A","produces",1,1,"140","2026-03-08 19:06:56","VVI141",750,"f","2/14/26"
"3617","happy","cdi_words","2A","produces",1,1,"140","2026-03-08 19:06:56","VVI141",750,"f","2/14/26"
"3618","hot","cdi_words","2A","produces",1,1,"140","2026-03-08 19:06:56","VVI141",750,"f","2/14/26"
"3619","last","cdi_words","2A","produces",1,1,"140","2026-03-08 19:06:56","VVI141",750,"f","2/14/26"
"3620","tiny","cdi_words","2A","produces",NA,0,"140","2026-03-08 19:06:56","VVI141",750,"f","2/14/26"
"3621","wet","cdi_words","2A","produces",1,1,"140","2026-03-08 19:06:56","VVI141",750,"f","2/14/26"
"3622","after","cdi_words","2A","produces",NA,0,"140","2026-03-08 19:06:56","VVI141",750,"f","2/14/26"
"3623","day","cdi_words","2A","produces",NA,0,"140","2026-03-08 19:06:56","VVI141",750,"f","2/14/26"
"3624","tonight","cdi_words","2A","produces",NA,0,"140","2026-03-08 19:06:56","VVI141",750,"f","2/14/26"
"3625","our","cdi_words","2A","produces",NA,0,"140","2026-03-08 19:06:56","VVI141",750,"f","2/14/26"
"3626","them","cdi_words","2A","produces",NA,0,"140","2026-03-08 19:06:56","VVI141",750,"f","2/14/26"
"3627","this","cdi_words","2A","produces",NA,0,"140","2026-03-08 19:06:56","VVI141",750,"f","2/14/26"
"3628","us","cdi_words","2A","produces",NA,0,"140","2026-03-08 19:06:56","VVI141",750,"f","2/14/26"
"3629","where","cdi_words","2A","produces",1,1,"140","2026-03-08 19:06:56","VVI141",750,"f","2/14/26"
"3630","beside","cdi_words","2A","produces",NA,0,"140","2026-03-08 19:06:56","VVI141",750,"f","2/14/26"
"3631","down","cdi_words","2A","produces",NA,0,"140","2026-03-08 19:06:56","VVI141",750,"f","2/14/26"
"3632","under","cdi_words","2A","produces",1,1,"140","2026-03-08 19:06:56","VVI141",750,"f","2/14/26"
"3633","all","cdi_words","2A","produces",NA,0,"140","2026-03-08 19:06:56","VVI141",750,"f","2/14/26"
"3634","much","cdi_words","2A","produces",NA,0,"140","2026-03-08 19:06:56","VVI141",750,"f","2/14/26"
"3635","could","cdi_words","2A","produces",NA,0,"140","2026-03-08 19:06:56","VVI141",750,"f","2/14/26"
"3636","need","cdi_words","2A","produces",1,1,"140","2026-03-08 19:06:56","VVI141",750,"f","2/14/26"
"3637","would","cdi_words","2A","produces",NA,0,"140","2026-03-08 19:06:56","VVI141",750,"f","2/14/26"
"3638","if","cdi_words","2A","produces",NA,0,"140","2026-03-08 19:06:56","VVI141",750,"f","2/14/26"
"3639","sock","extra_words","2A","produces",1,1,"248","2026-02-18 10:40:52","VVI148",630,"f","2/18/26"
"3640","bathtub","extra_words","2A","produces",1,1,"248","2026-02-18 10:40:52","VVI148",630,"f","2/18/26"
"3641","shower","extra_words","2A","produces",1,1,"248","2026-02-18 10:40:52","VVI148",630,"f","2/18/26"
"3642","balloon","extra_words","2A","produces",1,1,"248","2026-02-18 10:40:52","VVI148",630,"f","2/18/26"
"3643","dresser","extra_words","2A","produces",NA,0,"248","2026-02-18 10:40:52","VVI148",630,"f","2/18/26"
"3644","kite","extra_words","2A","produces",NA,0,"248","2026-02-18 10:40:52","VVI148",630,"f","2/18/26"
"3645","camel","extra_words","2A","produces",NA,0,"248","2026-02-18 10:40:52","VVI148",630,"f","2/18/26"
"3646","elephant","extra_words","2A","produces",1,1,"248","2026-02-18 10:40:52","VVI148",630,"f","2/18/26"
"3647","ladybug","extra_words","2A","produces",1,1,"248","2026-02-18 10:40:52","VVI148",630,"f","2/18/26"
"3648","cloud","extra_words","2A","produces",1,1,"248","2026-02-18 10:40:52","VVI148",630,"f","2/18/26"
"3649","tree","extra_words","2A","produces",1,1,"248","2026-02-18 10:40:52","VVI148",630,"f","2/18/26"
"3650","zipper","extra_words","2A","produces",1,1,"248","2026-02-18 10:40:52","VVI148",630,"f","2/18/26"
"3651","crow","extra_words","2A","produces",NA,0,"248","2026-02-18 10:40:52","VVI148",630,"f","2/18/26"
"3652","penguin","extra_words","2A","produces",1,1,"248","2026-02-18 10:40:52","VVI148",630,"f","2/18/26"
"3653","seahorse","extra_words","2A","produces",NA,0,"248","2026-02-18 10:40:52","VVI148",630,"f","2/18/26"
"3654","duck","extra_words","2A","produces",1,1,"248","2026-02-18 10:40:52","VVI148",630,"f","2/18/26"
"3655","chicken","extra_words","2A","produces",1,1,"248","2026-02-18 10:40:52","VVI148",630,"f","2/18/26"
"3656","butterfly","extra_words","2A","produces",1,1,"248","2026-02-18 10:40:52","VVI148",630,"f","2/18/26"
"3657","lizard","extra_words","2A","produces",NA,0,"248","2026-02-18 10:40:52","VVI148",630,"f","2/18/26"
"3658","walrus","extra_words","2A","produces",1,1,"248","2026-02-18 10:40:52","VVI148",630,"f","2/18/26"
"3659","snake","extra_words","2A","produces",1,1,"248","2026-02-18 10:40:52","VVI148",630,"f","2/18/26"
"3660","truck","extra_words","2A","produces",1,1,"248","2026-02-18 10:40:52","VVI148",630,"f","2/18/26"
"3661","car","extra_words","2A","produces",1,1,"248","2026-02-18 10:40:52","VVI148",630,"f","2/18/26"
"3662","airplane","extra_words","2A","produces",1,1,"248","2026-02-18 10:40:52","VVI148",630,"f","2/18/26"
"3663","baa baa","cdi_words","2A","produces",1,1,"248","2026-02-18 10:40:52","VVI148",630,"f","2/18/26"
"3664","meow","cdi_words","2A","produces",1,1,"248","2026-02-18 10:40:52","VVI148",630,"f","2/18/26"
"3665","ouch","cdi_words","2A","produces",1,1,"248","2026-02-18 10:40:52","VVI148",630,"f","2/18/26"
"3666","uh oh","cdi_words","2A","produces",1,1,"248","2026-02-18 10:40:52","VVI148",630,"f","2/18/26"
"3667","woof woof","cdi_words","2A","produces",1,1,"248","2026-02-18 10:40:52","VVI148",630,"f","2/18/26"
"3668","bear","cdi_words","2A","produces",1,1,"248","2026-02-18 10:40:52","VVI148",630,"f","2/18/26"
"3669","bird","cdi_words","2A","produces",1,1,"248","2026-02-18 10:40:52","VVI148",630,"f","2/18/26"
"3670","cat","cdi_words","2A","produces",1,1,"248","2026-02-18 10:40:52","VVI148",630,"f","2/18/26"
"3671","dog","cdi_words","2A","produces",1,1,"248","2026-02-18 10:40:52","VVI148",630,"f","2/18/26"
"3672","duck","cdi_words","2A","produces",1,1,"248","2026-02-18 10:40:52","VVI148",630,"f","2/18/26"
"3673","horse","cdi_words","2A","produces",1,1,"248","2026-02-18 10:40:52","VVI148",630,"f","2/18/26"
"3674","airplane","cdi_words","2A","produces",1,1,"248","2026-02-18 10:40:52","VVI148",630,"f","2/18/26"
"3675","boat","cdi_words","2A","produces",1,1,"248","2026-02-18 10:40:52","VVI148",630,"f","2/18/26"
"3676","car","cdi_words","2A","produces",1,1,"248","2026-02-18 10:40:52","VVI148",630,"f","2/18/26"
"3677","ball","cdi_words","2A","produces",1,1,"248","2026-02-18 10:40:52","VVI148",630,"f","2/18/26"
"3678","book","cdi_words","2A","produces",1,1,"248","2026-02-18 10:40:52","VVI148",630,"f","2/18/26"
"3679","game","cdi_words","2A","produces",1,1,"248","2026-02-18 10:40:52","VVI148",630,"f","2/18/26"
"3680","applesauce","cdi_words","2A","produces",1,1,"248","2026-02-18 10:40:52","VVI148",630,"f","2/18/26"
"3681","candy","cdi_words","2A","produces",1,1,"248","2026-02-18 10:40:52","VVI148",630,"f","2/18/26"
"3682","coke","cdi_words","2A","produces",NA,0,"248","2026-02-18 10:40:52","VVI148",630,"f","2/18/26"
"3683","cracker","cdi_words","2A","produces",1,1,"248","2026-02-18 10:40:52","VVI148",630,"f","2/18/26"
"3684","juice","cdi_words","2A","produces",1,1,"248","2026-02-18 10:40:52","VVI148",630,"f","2/18/26"
"3685","meat","cdi_words","2A","produces",NA,0,"248","2026-02-18 10:40:52","VVI148",630,"f","2/18/26"
"3686","milk","cdi_words","2A","produces",1,1,"248","2026-02-18 10:40:52","VVI148",630,"f","2/18/26"
"3687","peas","cdi_words","2A","produces",1,1,"248","2026-02-18 10:40:52","VVI148",630,"f","2/18/26"
"3688","hat","cdi_words","2A","produces",1,1,"248","2026-02-18 10:40:52","VVI148",630,"f","2/18/26"
"3689","necklace","cdi_words","2A","produces",1,1,"248","2026-02-18 10:40:52","VVI148",630,"f","2/18/26"
"3690","shoe","cdi_words","2A","produces",1,1,"248","2026-02-18 10:40:52","VVI148",630,"f","2/18/26"
"3691","sock","cdi_words","2A","produces",1,1,"248","2026-02-18 10:40:52","VVI148",630,"f","2/18/26"
"3692","chin","cdi_words","2A","produces",1,1,"248","2026-02-18 10:40:52","VVI148",630,"f","2/18/26"
"3693","ear","cdi_words","2A","produces",1,1,"248","2026-02-18 10:40:52","VVI148",630,"f","2/18/26"
"3694","hand","cdi_words","2A","produces",1,1,"248","2026-02-18 10:40:52","VVI148",630,"f","2/18/26"
"3695","leg","cdi_words","2A","produces",1,1,"248","2026-02-18 10:40:52","VVI148",630,"f","2/18/26"
"3696","broom","cdi_words","2A","produces",1,1,"248","2026-02-18 10:40:52","VVI148",630,"f","2/18/26"
"3697","comb","cdi_words","2A","produces",NA,0,"248","2026-02-18 10:40:52","VVI148",630,"f","2/18/26"
"3698","mop","cdi_words","2A","produces",1,1,"248","2026-02-18 10:40:52","VVI148",630,"f","2/18/26"
"3699","plate","cdi_words","2A","produces",1,1,"248","2026-02-18 10:40:52","VVI148",630,"f","2/18/26"
"3700","trash","cdi_words","2A","produces",1,1,"248","2026-02-18 10:40:52","VVI148",630,"f","2/18/26"
"3701","tray","cdi_words","2A","produces",NA,0,"248","2026-02-18 10:40:52","VVI148",630,"f","2/18/26"
"3702","towel","cdi_words","2A","produces",1,1,"248","2026-02-18 10:40:52","VVI148",630,"f","2/18/26"
"3703","bed","cdi_words","2A","produces",1,1,"248","2026-02-18 10:40:52","VVI148",630,"f","2/18/26"
"3704","bedroom","cdi_words","2A","produces",NA,0,"248","2026-02-18 10:40:52","VVI148",630,"f","2/18/26"
"3705","bench","cdi_words","2A","produces",NA,0,"248","2026-02-18 10:40:52","VVI148",630,"f","2/18/26"
"3706","oven","cdi_words","2A","produces",1,1,"248","2026-02-18 10:40:52","VVI148",630,"f","2/18/26"
"3707","stairs","cdi_words","2A","produces",1,1,"248","2026-02-18 10:40:52","VVI148",630,"f","2/18/26"
"3708","flag","cdi_words","2A","produces",1,1,"248","2026-02-18 10:40:52","VVI148",630,"f","2/18/26"
"3709","rain","cdi_words","2A","produces",1,1,"248","2026-02-18 10:40:52","VVI148",630,"f","2/18/26"
"3710","star","cdi_words","2A","produces",1,1,"248","2026-02-18 10:40:52","VVI148",630,"f","2/18/26"
"3711","swing","cdi_words","2A","produces",1,1,"248","2026-02-18 10:40:52","VVI148",630,"f","2/18/26"
"3712","school","cdi_words","2A","produces",NA,0,"248","2026-02-18 10:40:52","VVI148",630,"f","2/18/26"
"3713","sky","cdi_words","2A","produces",1,1,"248","2026-02-18 10:40:52","VVI148",630,"f","2/18/26"
"3714","party","cdi_words","2A","produces",1,1,"248","2026-02-18 10:40:52","VVI148",630,"f","2/18/26"
"3715","friend","cdi_words","2A","produces",1,1,"248","2026-02-18 10:40:52","VVI148",630,"f","2/18/26"
"3716","mommy","cdi_words","2A","produces",1,1,"248","2026-02-18 10:40:52","VVI148",630,"f","2/18/26"
"3717","person","cdi_words","2A","produces",1,1,"248","2026-02-18 10:40:52","VVI148",630,"f","2/18/26"
"3718","bye","cdi_words","2A","produces",1,1,"248","2026-02-18 10:40:52","VVI148",630,"f","2/18/26"
"3719","hi","cdi_words","2A","produces",1,1,"248","2026-02-18 10:40:52","VVI148",630,"f","2/18/26"
"3720","no","cdi_words","2A","produces",1,1,"248","2026-02-18 10:40:52","VVI148",630,"f","2/18/26"
"3721","shopping","cdi_words","2A","produces",1,1,"248","2026-02-18 10:40:52","VVI148",630,"f","2/18/26"
"3722","thank you","cdi_words","2A","produces",1,1,"248","2026-02-18 10:40:52","VVI148",630,"f","2/18/26"
"3723","carry","cdi_words","2A","produces",NA,0,"248","2026-02-18 10:40:52","VVI148",630,"f","2/18/26"
"3724","chase","cdi_words","2A","produces",NA,0,"248","2026-02-18 10:40:52","VVI148",630,"f","2/18/26"
"3725","dump","cdi_words","2A","produces",1,1,"248","2026-02-18 10:40:52","VVI148",630,"f","2/18/26"
"3726","finish","cdi_words","2A","produces",NA,0,"248","2026-02-18 10:40:52","VVI148",630,"f","2/18/26"
"3727","fit","cdi_words","2A","produces",1,1,"248","2026-02-18 10:40:52","VVI148",630,"f","2/18/26"
"3728","hug","cdi_words","2A","produces",1,1,"248","2026-02-18 10:40:52","VVI148",630,"f","2/18/26"
"3729","listen","cdi_words","2A","produces",1,1,"248","2026-02-18 10:40:52","VVI148",630,"f","2/18/26"
"3730","like","cdi_words","2A","produces",NA,0,"248","2026-02-18 10:40:52","VVI148",630,"f","2/18/26"
"3731","pretend","cdi_words","2A","produces",NA,0,"248","2026-02-18 10:40:52","VVI148",630,"f","2/18/26"
"3732","rip","cdi_words","2A","produces",NA,0,"248","2026-02-18 10:40:52","VVI148",630,"f","2/18/26"
"3733","shake","cdi_words","2A","produces",1,1,"248","2026-02-18 10:40:52","VVI148",630,"f","2/18/26"
"3734","taste","cdi_words","2A","produces",NA,0,"248","2026-02-18 10:40:52","VVI148",630,"f","2/18/26"
"3735","gentle","cdi_words","2A","produces",NA,0,"248","2026-02-18 10:40:52","VVI148",630,"f","2/18/26"
"3736","think","cdi_words","2A","produces",NA,0,"248","2026-02-18 10:40:52","VVI148",630,"f","2/18/26"
"3737","wish","cdi_words","2A","produces",NA,0,"248","2026-02-18 10:40:52","VVI148",630,"f","2/18/26"
"3738","all gone","cdi_words","2A","produces",1,1,"248","2026-02-18 10:40:52","VVI148",630,"f","2/18/26"
"3739","cold","cdi_words","2A","produces",1,1,"248","2026-02-18 10:40:52","VVI148",630,"f","2/18/26"
"3740","fast","cdi_words","2A","produces",1,1,"248","2026-02-18 10:40:52","VVI148",630,"f","2/18/26"
"3741","happy","cdi_words","2A","produces",1,1,"248","2026-02-18 10:40:52","VVI148",630,"f","2/18/26"
"3742","hot","cdi_words","2A","produces",1,1,"248","2026-02-18 10:40:52","VVI148",630,"f","2/18/26"
"3743","last","cdi_words","2A","produces",NA,0,"248","2026-02-18 10:40:52","VVI148",630,"f","2/18/26"
"3744","tiny","cdi_words","2A","produces",NA,0,"248","2026-02-18 10:40:52","VVI148",630,"f","2/18/26"
"3745","wet","cdi_words","2A","produces",1,1,"248","2026-02-18 10:40:52","VVI148",630,"f","2/18/26"
"3746","after","cdi_words","2A","produces",NA,0,"248","2026-02-18 10:40:52","VVI148",630,"f","2/18/26"
"3747","day","cdi_words","2A","produces",NA,0,"248","2026-02-18 10:40:52","VVI148",630,"f","2/18/26"
"3748","tonight","cdi_words","2A","produces",NA,0,"248","2026-02-18 10:40:52","VVI148",630,"f","2/18/26"
"3749","our","cdi_words","2A","produces",NA,0,"248","2026-02-18 10:40:52","VVI148",630,"f","2/18/26"
"3750","them","cdi_words","2A","produces",NA,0,"248","2026-02-18 10:40:52","VVI148",630,"f","2/18/26"
"3751","this","cdi_words","2A","produces",NA,0,"248","2026-02-18 10:40:52","VVI148",630,"f","2/18/26"
"3752","us","cdi_words","2A","produces",NA,0,"248","2026-02-18 10:40:52","VVI148",630,"f","2/18/26"
"3753","where","cdi_words","2A","produces",1,1,"248","2026-02-18 10:40:52","VVI148",630,"f","2/18/26"
"3754","beside","cdi_words","2A","produces",NA,0,"248","2026-02-18 10:40:52","VVI148",630,"f","2/18/26"
"3755","down","cdi_words","2A","produces",1,1,"248","2026-02-18 10:40:52","VVI148",630,"f","2/18/26"
"3756","under","cdi_words","2A","produces",NA,0,"248","2026-02-18 10:40:52","VVI148",630,"f","2/18/26"
"3757","all","cdi_words","2A","produces",1,1,"248","2026-02-18 10:40:52","VVI148",630,"f","2/18/26"
"3758","much","cdi_words","2A","produces",NA,0,"248","2026-02-18 10:40:52","VVI148",630,"f","2/18/26"
"3759","could","cdi_words","2A","produces",NA,0,"248","2026-02-18 10:40:52","VVI148",630,"f","2/18/26"
"3760","need","cdi_words","2A","produces",NA,0,"248","2026-02-18 10:40:52","VVI148",630,"f","2/18/26"
"3761","would","cdi_words","2A","produces",NA,0,"248","2026-02-18 10:40:52","VVI148",630,"f","2/18/26"
"3762","if","cdi_words","2A","produces",NA,0,"248","2026-02-18 10:40:52","VVI148",630,"f","2/18/26"
"3763","sock","extra_words","2A","produces",NA,0,"105","2026-04-17 16:36:07","VVI190",570,"m","6/26/04"
"3764","bathtub","extra_words","2A","produces",NA,0,"105","2026-04-17 16:36:07","VVI190",570,"m","6/26/04"
"3765","shower","extra_words","2A","produces",NA,0,"105","2026-04-17 16:36:07","VVI190",570,"m","6/26/04"
"3766","balloon","extra_words","2A","produces",NA,0,"105","2026-04-17 16:36:07","VVI190",570,"m","6/26/04"
"3767","dresser","extra_words","2A","produces",NA,0,"105","2026-04-17 16:36:07","VVI190",570,"m","6/26/04"
"3768","kite","extra_words","2A","produces",NA,0,"105","2026-04-17 16:36:07","VVI190",570,"m","6/26/04"
"3769","camel","extra_words","2A","produces",NA,0,"105","2026-04-17 16:36:07","VVI190",570,"m","6/26/04"
"3770","elephant","extra_words","2A","produces",NA,0,"105","2026-04-17 16:36:07","VVI190",570,"m","6/26/04"
"3771","ladybug","extra_words","2A","produces",NA,0,"105","2026-04-17 16:36:07","VVI190",570,"m","6/26/04"
"3772","cloud","extra_words","2A","produces",NA,0,"105","2026-04-17 16:36:07","VVI190",570,"m","6/26/04"
"3773","tree","extra_words","2A","produces",NA,0,"105","2026-04-17 16:36:07","VVI190",570,"m","6/26/04"
"3774","zipper","extra_words","2A","produces",NA,0,"105","2026-04-17 16:36:07","VVI190",570,"m","6/26/04"
"3775","crow","extra_words","2A","produces",NA,0,"105","2026-04-17 16:36:07","VVI190",570,"m","6/26/04"
"3776","penguin","extra_words","2A","produces",NA,0,"105","2026-04-17 16:36:07","VVI190",570,"m","6/26/04"
"3777","seahorse","extra_words","2A","produces",NA,0,"105","2026-04-17 16:36:07","VVI190",570,"m","6/26/04"
"3778","duck","extra_words","2A","produces",NA,0,"105","2026-04-17 16:36:07","VVI190",570,"m","6/26/04"
"3779","chicken","extra_words","2A","produces",NA,0,"105","2026-04-17 16:36:07","VVI190",570,"m","6/26/04"
"3780","butterfly","extra_words","2A","produces",NA,0,"105","2026-04-17 16:36:07","VVI190",570,"m","6/26/04"
"3781","lizard","extra_words","2A","produces",NA,0,"105","2026-04-17 16:36:07","VVI190",570,"m","6/26/04"
"3782","walrus","extra_words","2A","produces",NA,0,"105","2026-04-17 16:36:07","VVI190",570,"m","6/26/04"
"3783","snake","extra_words","2A","produces",NA,0,"105","2026-04-17 16:36:07","VVI190",570,"m","6/26/04"
"3784","truck","extra_words","2A","produces",NA,0,"105","2026-04-17 16:36:07","VVI190",570,"m","6/26/04"
"3785","car","extra_words","2A","produces",1,1,"105","2026-04-17 16:36:07","VVI190",570,"m","6/26/04"
"3786","airplane","extra_words","2A","produces",NA,0,"105","2026-04-17 16:36:07","VVI190",570,"m","6/26/04"
"3787","baa baa","cdi_words","2A","produces",1,1,"105","2026-04-17 16:36:07","VVI190",570,"m","6/26/04"
"3788","meow","cdi_words","2A","produces",NA,0,"105","2026-04-17 16:36:07","VVI190",570,"m","6/26/04"
"3789","ouch","cdi_words","2A","produces",NA,0,"105","2026-04-17 16:36:07","VVI190",570,"m","6/26/04"
"3790","uh oh","cdi_words","2A","produces",NA,0,"105","2026-04-17 16:36:07","VVI190",570,"m","6/26/04"
"3791","woof woof","cdi_words","2A","produces",NA,0,"105","2026-04-17 16:36:07","VVI190",570,"m","6/26/04"
"3792","bear","cdi_words","2A","produces",NA,0,"105","2026-04-17 16:36:07","VVI190",570,"m","6/26/04"
"3793","bird","cdi_words","2A","produces",NA,0,"105","2026-04-17 16:36:07","VVI190",570,"m","6/26/04"
"3794","cat","cdi_words","2A","produces",NA,0,"105","2026-04-17 16:36:07","VVI190",570,"m","6/26/04"
"3795","dog","cdi_words","2A","produces",1,1,"105","2026-04-17 16:36:07","VVI190",570,"m","6/26/04"
"3796","duck","cdi_words","2A","produces",NA,0,"105","2026-04-17 16:36:07","VVI190",570,"m","6/26/04"
"3797","horse","cdi_words","2A","produces",NA,0,"105","2026-04-17 16:36:07","VVI190",570,"m","6/26/04"
"3798","airplane","cdi_words","2A","produces",NA,0,"105","2026-04-17 16:36:07","VVI190",570,"m","6/26/04"
"3799","boat","cdi_words","2A","produces",NA,0,"105","2026-04-17 16:36:07","VVI190",570,"m","6/26/04"
"3800","car","cdi_words","2A","produces",1,1,"105","2026-04-17 16:36:07","VVI190",570,"m","6/26/04"
"3801","ball","cdi_words","2A","produces",NA,0,"105","2026-04-17 16:36:07","VVI190",570,"m","6/26/04"
"3802","book","cdi_words","2A","produces",NA,0,"105","2026-04-17 16:36:07","VVI190",570,"m","6/26/04"
"3803","game","cdi_words","2A","produces",NA,0,"105","2026-04-17 16:36:07","VVI190",570,"m","6/26/04"
"3804","applesauce","cdi_words","2A","produces",NA,0,"105","2026-04-17 16:36:07","VVI190",570,"m","6/26/04"
"3805","candy","cdi_words","2A","produces",NA,0,"105","2026-04-17 16:36:07","VVI190",570,"m","6/26/04"
"3806","coke","cdi_words","2A","produces",NA,0,"105","2026-04-17 16:36:07","VVI190",570,"m","6/26/04"
"3807","cracker","cdi_words","2A","produces",NA,0,"105","2026-04-17 16:36:07","VVI190",570,"m","6/26/04"
"3808","juice","cdi_words","2A","produces",NA,0,"105","2026-04-17 16:36:07","VVI190",570,"m","6/26/04"
"3809","meat","cdi_words","2A","produces",NA,0,"105","2026-04-17 16:36:07","VVI190",570,"m","6/26/04"
"3810","milk","cdi_words","2A","produces",NA,0,"105","2026-04-17 16:36:07","VVI190",570,"m","6/26/04"
"3811","peas","cdi_words","2A","produces",NA,0,"105","2026-04-17 16:36:07","VVI190",570,"m","6/26/04"
"3812","hat","cdi_words","2A","produces",NA,0,"105","2026-04-17 16:36:07","VVI190",570,"m","6/26/04"
"3813","necklace","cdi_words","2A","produces",NA,0,"105","2026-04-17 16:36:07","VVI190",570,"m","6/26/04"
"3814","shoe","cdi_words","2A","produces",NA,0,"105","2026-04-17 16:36:07","VVI190",570,"m","6/26/04"
"3815","sock","cdi_words","2A","produces",NA,0,"105","2026-04-17 16:36:07","VVI190",570,"m","6/26/04"
"3816","chin","cdi_words","2A","produces",NA,0,"105","2026-04-17 16:36:07","VVI190",570,"m","6/26/04"
"3817","ear","cdi_words","2A","produces",NA,0,"105","2026-04-17 16:36:07","VVI190",570,"m","6/26/04"
"3818","hand","cdi_words","2A","produces",NA,0,"105","2026-04-17 16:36:07","VVI190",570,"m","6/26/04"
"3819","leg","cdi_words","2A","produces",NA,0,"105","2026-04-17 16:36:07","VVI190",570,"m","6/26/04"
"3820","broom","cdi_words","2A","produces",NA,0,"105","2026-04-17 16:36:07","VVI190",570,"m","6/26/04"
"3821","comb","cdi_words","2A","produces",NA,0,"105","2026-04-17 16:36:07","VVI190",570,"m","6/26/04"
"3822","mop","cdi_words","2A","produces",NA,0,"105","2026-04-17 16:36:07","VVI190",570,"m","6/26/04"
"3823","plate","cdi_words","2A","produces",NA,0,"105","2026-04-17 16:36:07","VVI190",570,"m","6/26/04"
"3824","trash","cdi_words","2A","produces",NA,0,"105","2026-04-17 16:36:07","VVI190",570,"m","6/26/04"
"3825","tray","cdi_words","2A","produces",NA,0,"105","2026-04-17 16:36:07","VVI190",570,"m","6/26/04"
"3826","towel","cdi_words","2A","produces",NA,0,"105","2026-04-17 16:36:07","VVI190",570,"m","6/26/04"
"3827","bed","cdi_words","2A","produces",NA,0,"105","2026-04-17 16:36:07","VVI190",570,"m","6/26/04"
"3828","bedroom","cdi_words","2A","produces",NA,0,"105","2026-04-17 16:36:07","VVI190",570,"m","6/26/04"
"3829","bench","cdi_words","2A","produces",NA,0,"105","2026-04-17 16:36:07","VVI190",570,"m","6/26/04"
"3830","oven","cdi_words","2A","produces",NA,0,"105","2026-04-17 16:36:07","VVI190",570,"m","6/26/04"
"3831","stairs","cdi_words","2A","produces",NA,0,"105","2026-04-17 16:36:07","VVI190",570,"m","6/26/04"
"3832","flag","cdi_words","2A","produces",NA,0,"105","2026-04-17 16:36:07","VVI190",570,"m","6/26/04"
"3833","rain","cdi_words","2A","produces",NA,0,"105","2026-04-17 16:36:07","VVI190",570,"m","6/26/04"
"3834","star","cdi_words","2A","produces",NA,0,"105","2026-04-17 16:36:07","VVI190",570,"m","6/26/04"
"3835","swing","cdi_words","2A","produces",NA,0,"105","2026-04-17 16:36:07","VVI190",570,"m","6/26/04"
"3836","school","cdi_words","2A","produces",NA,0,"105","2026-04-17 16:36:07","VVI190",570,"m","6/26/04"
"3837","sky","cdi_words","2A","produces",NA,0,"105","2026-04-17 16:36:07","VVI190",570,"m","6/26/04"
"3838","party","cdi_words","2A","produces",NA,0,"105","2026-04-17 16:36:07","VVI190",570,"m","6/26/04"
"3839","friend","cdi_words","2A","produces",NA,0,"105","2026-04-17 16:36:07","VVI190",570,"m","6/26/04"
"3840","mommy","cdi_words","2A","produces",NA,0,"105","2026-04-17 16:36:07","VVI190",570,"m","6/26/04"
"3841","person","cdi_words","2A","produces",NA,0,"105","2026-04-17 16:36:07","VVI190",570,"m","6/26/04"
"3842","bye","cdi_words","2A","produces",1,1,"105","2026-04-17 16:36:07","VVI190",570,"m","6/26/04"
"3843","hi","cdi_words","2A","produces",1,1,"105","2026-04-17 16:36:07","VVI190",570,"m","6/26/04"
"3844","no","cdi_words","2A","produces",1,1,"105","2026-04-17 16:36:07","VVI190",570,"m","6/26/04"
"3845","shopping","cdi_words","2A","produces",NA,0,"105","2026-04-17 16:36:07","VVI190",570,"m","6/26/04"
"3846","thank you","cdi_words","2A","produces",NA,0,"105","2026-04-17 16:36:07","VVI190",570,"m","6/26/04"
"3847","carry","cdi_words","2A","produces",NA,0,"105","2026-04-17 16:36:07","VVI190",570,"m","6/26/04"
"3848","chase","cdi_words","2A","produces",NA,0,"105","2026-04-17 16:36:07","VVI190",570,"m","6/26/04"
"3849","dump","cdi_words","2A","produces",NA,0,"105","2026-04-17 16:36:07","VVI190",570,"m","6/26/04"
"3850","finish","cdi_words","2A","produces",NA,0,"105","2026-04-17 16:36:07","VVI190",570,"m","6/26/04"
"3851","fit","cdi_words","2A","produces",NA,0,"105","2026-04-17 16:36:07","VVI190",570,"m","6/26/04"
"3852","hug","cdi_words","2A","produces",NA,0,"105","2026-04-17 16:36:07","VVI190",570,"m","6/26/04"
"3853","listen","cdi_words","2A","produces",NA,0,"105","2026-04-17 16:36:07","VVI190",570,"m","6/26/04"
"3854","like","cdi_words","2A","produces",NA,0,"105","2026-04-17 16:36:07","VVI190",570,"m","6/26/04"
"3855","pretend","cdi_words","2A","produces",NA,0,"105","2026-04-17 16:36:07","VVI190",570,"m","6/26/04"
"3856","rip","cdi_words","2A","produces",NA,0,"105","2026-04-17 16:36:07","VVI190",570,"m","6/26/04"
"3857","shake","cdi_words","2A","produces",NA,0,"105","2026-04-17 16:36:07","VVI190",570,"m","6/26/04"
"3858","taste","cdi_words","2A","produces",NA,0,"105","2026-04-17 16:36:07","VVI190",570,"m","6/26/04"
"3859","gentle","cdi_words","2A","produces",NA,0,"105","2026-04-17 16:36:07","VVI190",570,"m","6/26/04"
"3860","think","cdi_words","2A","produces",NA,0,"105","2026-04-17 16:36:07","VVI190",570,"m","6/26/04"
"3861","wish","cdi_words","2A","produces",NA,0,"105","2026-04-17 16:36:07","VVI190",570,"m","6/26/04"
"3862","all gone","cdi_words","2A","produces",NA,0,"105","2026-04-17 16:36:07","VVI190",570,"m","6/26/04"
"3863","cold","cdi_words","2A","produces",NA,0,"105","2026-04-17 16:36:07","VVI190",570,"m","6/26/04"
"3864","fast","cdi_words","2A","produces",NA,0,"105","2026-04-17 16:36:07","VVI190",570,"m","6/26/04"
"3865","happy","cdi_words","2A","produces",NA,0,"105","2026-04-17 16:36:07","VVI190",570,"m","6/26/04"
"3866","hot","cdi_words","2A","produces",NA,0,"105","2026-04-17 16:36:07","VVI190",570,"m","6/26/04"
"3867","last","cdi_words","2A","produces",NA,0,"105","2026-04-17 16:36:07","VVI190",570,"m","6/26/04"
"3868","tiny","cdi_words","2A","produces",NA,0,"105","2026-04-17 16:36:07","VVI190",570,"m","6/26/04"
"3869","wet","cdi_words","2A","produces",NA,0,"105","2026-04-17 16:36:07","VVI190",570,"m","6/26/04"
"3870","after","cdi_words","2A","produces",NA,0,"105","2026-04-17 16:36:07","VVI190",570,"m","6/26/04"
"3871","day","cdi_words","2A","produces",NA,0,"105","2026-04-17 16:36:07","VVI190",570,"m","6/26/04"
"3872","tonight","cdi_words","2A","produces",NA,0,"105","2026-04-17 16:36:07","VVI190",570,"m","6/26/04"
"3873","our","cdi_words","2A","produces",NA,0,"105","2026-04-17 16:36:07","VVI190",570,"m","6/26/04"
"3874","them","cdi_words","2A","produces",NA,0,"105","2026-04-17 16:36:07","VVI190",570,"m","6/26/04"
"3875","this","cdi_words","2A","produces",NA,0,"105","2026-04-17 16:36:07","VVI190",570,"m","6/26/04"
"3876","us","cdi_words","2A","produces",NA,0,"105","2026-04-17 16:36:07","VVI190",570,"m","6/26/04"
"3877","where","cdi_words","2A","produces",NA,0,"105","2026-04-17 16:36:07","VVI190",570,"m","6/26/04"
"3878","beside","cdi_words","2A","produces",NA,0,"105","2026-04-17 16:36:07","VVI190",570,"m","6/26/04"
"3879","down","cdi_words","2A","produces",NA,0,"105","2026-04-17 16:36:07","VVI190",570,"m","6/26/04"
"3880","under","cdi_words","2A","produces",NA,0,"105","2026-04-17 16:36:07","VVI190",570,"m","6/26/04"
"3881","all","cdi_words","2A","produces",NA,0,"105","2026-04-17 16:36:07","VVI190",570,"m","6/26/04"
"3882","much","cdi_words","2A","produces",NA,0,"105","2026-04-17 16:36:07","VVI190",570,"m","6/26/04"
"3883","could","cdi_words","2A","produces",NA,0,"105","2026-04-17 16:36:07","VVI190",570,"m","6/26/04"
"3884","need","cdi_words","2A","produces",NA,0,"105","2026-04-17 16:36:07","VVI190",570,"m","6/26/04"
"3885","would","cdi_words","2A","produces",NA,0,"105","2026-04-17 16:36:07","VVI190",570,"m","6/26/04"
"3886","if","cdi_words","2A","produces",NA,0,"105","2026-04-17 16:36:07","VVI190",570,"m","6/26/04"
"3887","sock","extra_words","2A","produces",NA,0,"92","2026-03-07 09:16:09","VVI174",690,"m","7/26/03"
"3888","bathtub","extra_words","2A","produces",NA,0,"92","2026-03-07 09:16:09","VVI174",690,"m","7/26/03"
"3889","shower","extra_words","2A","produces",NA,0,"92","2026-03-07 09:16:09","VVI174",690,"m","7/26/03"
"3890","balloon","extra_words","2A","produces",1,1,"92","2026-03-07 09:16:09","VVI174",690,"m","7/26/03"
"3891","dresser","extra_words","2A","produces",NA,0,"92","2026-03-07 09:16:09","VVI174",690,"m","7/26/03"
"3892","kite","extra_words","2A","produces",NA,0,"92","2026-03-07 09:16:09","VVI174",690,"m","7/26/03"
"3893","camel","extra_words","2A","produces",NA,0,"92","2026-03-07 09:16:09","VVI174",690,"m","7/26/03"
"3894","elephant","extra_words","2A","produces",NA,0,"92","2026-03-07 09:16:09","VVI174",690,"m","7/26/03"
"3895","ladybug","extra_words","2A","produces",NA,0,"92","2026-03-07 09:16:09","VVI174",690,"m","7/26/03"
"3896","cloud","extra_words","2A","produces",NA,0,"92","2026-03-07 09:16:09","VVI174",690,"m","7/26/03"
"3897","tree","extra_words","2A","produces",NA,0,"92","2026-03-07 09:16:09","VVI174",690,"m","7/26/03"
"3898","zipper","extra_words","2A","produces",NA,0,"92","2026-03-07 09:16:09","VVI174",690,"m","7/26/03"
"3899","crow","extra_words","2A","produces",NA,0,"92","2026-03-07 09:16:09","VVI174",690,"m","7/26/03"
"3900","penguin","extra_words","2A","produces",NA,0,"92","2026-03-07 09:16:09","VVI174",690,"m","7/26/03"
"3901","seahorse","extra_words","2A","produces",NA,0,"92","2026-03-07 09:16:09","VVI174",690,"m","7/26/03"
"3902","duck","extra_words","2A","produces",1,1,"92","2026-03-07 09:16:09","VVI174",690,"m","7/26/03"
"3903","chicken","extra_words","2A","produces",NA,0,"92","2026-03-07 09:16:09","VVI174",690,"m","7/26/03"
"3904","butterfly","extra_words","2A","produces",NA,0,"92","2026-03-07 09:16:09","VVI174",690,"m","7/26/03"
"3905","lizard","extra_words","2A","produces",NA,0,"92","2026-03-07 09:16:09","VVI174",690,"m","7/26/03"
"3906","walrus","extra_words","2A","produces",NA,0,"92","2026-03-07 09:16:09","VVI174",690,"m","7/26/03"
"3907","snake","extra_words","2A","produces",NA,0,"92","2026-03-07 09:16:09","VVI174",690,"m","7/26/03"
"3908","truck","extra_words","2A","produces",NA,0,"92","2026-03-07 09:16:09","VVI174",690,"m","7/26/03"
"3909","car","extra_words","2A","produces",NA,0,"92","2026-03-07 09:16:09","VVI174",690,"m","7/26/03"
"3910","airplane","extra_words","2A","produces",1,1,"92","2026-03-07 09:16:09","VVI174",690,"m","7/26/03"
"3911","baa baa","cdi_words","2A","produces",NA,0,"92","2026-03-07 09:16:09","VVI174",690,"m","7/26/03"
"3912","meow","cdi_words","2A","produces",NA,0,"92","2026-03-07 09:16:09","VVI174",690,"m","7/26/03"
"3913","ouch","cdi_words","2A","produces",NA,0,"92","2026-03-07 09:16:09","VVI174",690,"m","7/26/03"
"3914","uh oh","cdi_words","2A","produces",NA,0,"92","2026-03-07 09:16:09","VVI174",690,"m","7/26/03"
"3915","woof woof","cdi_words","2A","produces",NA,0,"92","2026-03-07 09:16:09","VVI174",690,"m","7/26/03"
"3916","bear","cdi_words","2A","produces",NA,0,"92","2026-03-07 09:16:09","VVI174",690,"m","7/26/03"
"3917","bird","cdi_words","2A","produces",NA,0,"92","2026-03-07 09:16:09","VVI174",690,"m","7/26/03"
"3918","cat","cdi_words","2A","produces",NA,0,"92","2026-03-07 09:16:09","VVI174",690,"m","7/26/03"
"3919","dog","cdi_words","2A","produces",NA,0,"92","2026-03-07 09:16:09","VVI174",690,"m","7/26/03"
"3920","duck","cdi_words","2A","produces",1,1,"92","2026-03-07 09:16:09","VVI174",690,"m","7/26/03"
"3921","horse","cdi_words","2A","produces",NA,0,"92","2026-03-07 09:16:09","VVI174",690,"m","7/26/03"
"3922","airplane","cdi_words","2A","produces",1,1,"92","2026-03-07 09:16:09","VVI174",690,"m","7/26/03"
"3923","boat","cdi_words","2A","produces",NA,0,"92","2026-03-07 09:16:09","VVI174",690,"m","7/26/03"
"3924","car","cdi_words","2A","produces",NA,0,"92","2026-03-07 09:16:09","VVI174",690,"m","7/26/03"
"3925","ball","cdi_words","2A","produces",1,1,"92","2026-03-07 09:16:09","VVI174",690,"m","7/26/03"
"3926","book","cdi_words","2A","produces",NA,0,"92","2026-03-07 09:16:09","VVI174",690,"m","7/26/03"
"3927","game","cdi_words","2A","produces",NA,0,"92","2026-03-07 09:16:09","VVI174",690,"m","7/26/03"
"3928","applesauce","cdi_words","2A","produces",NA,0,"92","2026-03-07 09:16:09","VVI174",690,"m","7/26/03"
"3929","candy","cdi_words","2A","produces",NA,0,"92","2026-03-07 09:16:09","VVI174",690,"m","7/26/03"
"3930","coke","cdi_words","2A","produces",NA,0,"92","2026-03-07 09:16:09","VVI174",690,"m","7/26/03"
"3931","cracker","cdi_words","2A","produces",NA,0,"92","2026-03-07 09:16:09","VVI174",690,"m","7/26/03"
"3932","juice","cdi_words","2A","produces",NA,0,"92","2026-03-07 09:16:09","VVI174",690,"m","7/26/03"
"3933","meat","cdi_words","2A","produces",NA,0,"92","2026-03-07 09:16:09","VVI174",690,"m","7/26/03"
"3934","milk","cdi_words","2A","produces",1,1,"92","2026-03-07 09:16:09","VVI174",690,"m","7/26/03"
"3935","peas","cdi_words","2A","produces",NA,0,"92","2026-03-07 09:16:09","VVI174",690,"m","7/26/03"
"3936","hat","cdi_words","2A","produces",1,1,"92","2026-03-07 09:16:09","VVI174",690,"m","7/26/03"
"3937","necklace","cdi_words","2A","produces",NA,0,"92","2026-03-07 09:16:09","VVI174",690,"m","7/26/03"
"3938","shoe","cdi_words","2A","produces",NA,0,"92","2026-03-07 09:16:09","VVI174",690,"m","7/26/03"
"3939","sock","cdi_words","2A","produces",NA,0,"92","2026-03-07 09:16:09","VVI174",690,"m","7/26/03"
"3940","chin","cdi_words","2A","produces",NA,0,"92","2026-03-07 09:16:09","VVI174",690,"m","7/26/03"
"3941","ear","cdi_words","2A","produces",NA,0,"92","2026-03-07 09:16:09","VVI174",690,"m","7/26/03"
"3942","hand","cdi_words","2A","produces",NA,0,"92","2026-03-07 09:16:09","VVI174",690,"m","7/26/03"
"3943","leg","cdi_words","2A","produces",NA,0,"92","2026-03-07 09:16:09","VVI174",690,"m","7/26/03"
"3944","broom","cdi_words","2A","produces",NA,0,"92","2026-03-07 09:16:09","VVI174",690,"m","7/26/03"
"3945","comb","cdi_words","2A","produces",NA,0,"92","2026-03-07 09:16:09","VVI174",690,"m","7/26/03"
"3946","mop","cdi_words","2A","produces",NA,0,"92","2026-03-07 09:16:09","VVI174",690,"m","7/26/03"
"3947","plate","cdi_words","2A","produces",NA,0,"92","2026-03-07 09:16:09","VVI174",690,"m","7/26/03"
"3948","trash","cdi_words","2A","produces",NA,0,"92","2026-03-07 09:16:09","VVI174",690,"m","7/26/03"
"3949","tray","cdi_words","2A","produces",NA,0,"92","2026-03-07 09:16:09","VVI174",690,"m","7/26/03"
"3950","towel","cdi_words","2A","produces",NA,0,"92","2026-03-07 09:16:09","VVI174",690,"m","7/26/03"
"3951","bed","cdi_words","2A","produces",NA,0,"92","2026-03-07 09:16:09","VVI174",690,"m","7/26/03"
"3952","bedroom","cdi_words","2A","produces",NA,0,"92","2026-03-07 09:16:09","VVI174",690,"m","7/26/03"
"3953","bench","cdi_words","2A","produces",NA,0,"92","2026-03-07 09:16:09","VVI174",690,"m","7/26/03"
"3954","oven","cdi_words","2A","produces",NA,0,"92","2026-03-07 09:16:09","VVI174",690,"m","7/26/03"
"3955","stairs","cdi_words","2A","produces",NA,0,"92","2026-03-07 09:16:09","VVI174",690,"m","7/26/03"
"3956","flag","cdi_words","2A","produces",NA,0,"92","2026-03-07 09:16:09","VVI174",690,"m","7/26/03"
"3957","rain","cdi_words","2A","produces",NA,0,"92","2026-03-07 09:16:09","VVI174",690,"m","7/26/03"
"3958","star","cdi_words","2A","produces",NA,0,"92","2026-03-07 09:16:09","VVI174",690,"m","7/26/03"
"3959","swing","cdi_words","2A","produces",NA,0,"92","2026-03-07 09:16:09","VVI174",690,"m","7/26/03"
"3960","school","cdi_words","2A","produces",NA,0,"92","2026-03-07 09:16:09","VVI174",690,"m","7/26/03"
"3961","sky","cdi_words","2A","produces",NA,0,"92","2026-03-07 09:16:09","VVI174",690,"m","7/26/03"
"3962","party","cdi_words","2A","produces",NA,0,"92","2026-03-07 09:16:09","VVI174",690,"m","7/26/03"
"3963","friend","cdi_words","2A","produces",NA,0,"92","2026-03-07 09:16:09","VVI174",690,"m","7/26/03"
"3964","mommy","cdi_words","2A","produces",1,1,"92","2026-03-07 09:16:09","VVI174",690,"m","7/26/03"
"3965","person","cdi_words","2A","produces",NA,0,"92","2026-03-07 09:16:09","VVI174",690,"m","7/26/03"
"3966","bye","cdi_words","2A","produces",1,1,"92","2026-03-07 09:16:09","VVI174",690,"m","7/26/03"
"3967","hi","cdi_words","2A","produces",1,1,"92","2026-03-07 09:16:09","VVI174",690,"m","7/26/03"
"3968","no","cdi_words","2A","produces",NA,0,"92","2026-03-07 09:16:09","VVI174",690,"m","7/26/03"
"3969","shopping","cdi_words","2A","produces",NA,0,"92","2026-03-07 09:16:09","VVI174",690,"m","7/26/03"
"3970","thank you","cdi_words","2A","produces",NA,0,"92","2026-03-07 09:16:09","VVI174",690,"m","7/26/03"
"3971","carry","cdi_words","2A","produces",NA,0,"92","2026-03-07 09:16:09","VVI174",690,"m","7/26/03"
"3972","chase","cdi_words","2A","produces",NA,0,"92","2026-03-07 09:16:09","VVI174",690,"m","7/26/03"
"3973","dump","cdi_words","2A","produces",NA,0,"92","2026-03-07 09:16:09","VVI174",690,"m","7/26/03"
"3974","finish","cdi_words","2A","produces",NA,0,"92","2026-03-07 09:16:09","VVI174",690,"m","7/26/03"
"3975","fit","cdi_words","2A","produces",NA,0,"92","2026-03-07 09:16:09","VVI174",690,"m","7/26/03"
"3976","hug","cdi_words","2A","produces",1,1,"92","2026-03-07 09:16:09","VVI174",690,"m","7/26/03"
"3977","listen","cdi_words","2A","produces",NA,0,"92","2026-03-07 09:16:09","VVI174",690,"m","7/26/03"
"3978","like","cdi_words","2A","produces",NA,0,"92","2026-03-07 09:16:09","VVI174",690,"m","7/26/03"
"3979","pretend","cdi_words","2A","produces",NA,0,"92","2026-03-07 09:16:09","VVI174",690,"m","7/26/03"
"3980","rip","cdi_words","2A","produces",NA,0,"92","2026-03-07 09:16:09","VVI174",690,"m","7/26/03"
"3981","shake","cdi_words","2A","produces",NA,0,"92","2026-03-07 09:16:09","VVI174",690,"m","7/26/03"
"3982","taste","cdi_words","2A","produces",NA,0,"92","2026-03-07 09:16:09","VVI174",690,"m","7/26/03"
"3983","gentle","cdi_words","2A","produces",NA,0,"92","2026-03-07 09:16:09","VVI174",690,"m","7/26/03"
"3984","think","cdi_words","2A","produces",NA,0,"92","2026-03-07 09:16:09","VVI174",690,"m","7/26/03"
"3985","wish","cdi_words","2A","produces",NA,0,"92","2026-03-07 09:16:09","VVI174",690,"m","7/26/03"
"3986","all gone","cdi_words","2A","produces",NA,0,"92","2026-03-07 09:16:09","VVI174",690,"m","7/26/03"
"3987","cold","cdi_words","2A","produces",NA,0,"92","2026-03-07 09:16:09","VVI174",690,"m","7/26/03"
"3988","fast","cdi_words","2A","produces",NA,0,"92","2026-03-07 09:16:09","VVI174",690,"m","7/26/03"
"3989","happy","cdi_words","2A","produces",NA,0,"92","2026-03-07 09:16:09","VVI174",690,"m","7/26/03"
"3990","hot","cdi_words","2A","produces",1,1,"92","2026-03-07 09:16:09","VVI174",690,"m","7/26/03"
"3991","last","cdi_words","2A","produces",NA,0,"92","2026-03-07 09:16:09","VVI174",690,"m","7/26/03"
"3992","tiny","cdi_words","2A","produces",NA,0,"92","2026-03-07 09:16:09","VVI174",690,"m","7/26/03"
"3993","wet","cdi_words","2A","produces",NA,0,"92","2026-03-07 09:16:09","VVI174",690,"m","7/26/03"
"3994","after","cdi_words","2A","produces",NA,0,"92","2026-03-07 09:16:09","VVI174",690,"m","7/26/03"
"3995","day","cdi_words","2A","produces",NA,0,"92","2026-03-07 09:16:09","VVI174",690,"m","7/26/03"
"3996","tonight","cdi_words","2A","produces",NA,0,"92","2026-03-07 09:16:09","VVI174",690,"m","7/26/03"
"3997","our","cdi_words","2A","produces",NA,0,"92","2026-03-07 09:16:09","VVI174",690,"m","7/26/03"
"3998","them","cdi_words","2A","produces",NA,0,"92","2026-03-07 09:16:09","VVI174",690,"m","7/26/03"
"3999","this","cdi_words","2A","produces",NA,0,"92","2026-03-07 09:16:09","VVI174",690,"m","7/26/03"
"4000","us","cdi_words","2A","produces",NA,0,"92","2026-03-07 09:16:09","VVI174",690,"m","7/26/03"
"4001","where","cdi_words","2A","produces",NA,0,"92","2026-03-07 09:16:09","VVI174",690,"m","7/26/03"
"4002","beside","cdi_words","2A","produces",NA,0,"92","2026-03-07 09:16:09","VVI174",690,"m","7/26/03"
"4003","down","cdi_words","2A","produces",NA,0,"92","2026-03-07 09:16:09","VVI174",690,"m","7/26/03"
"4004","under","cdi_words","2A","produces",NA,0,"92","2026-03-07 09:16:09","VVI174",690,"m","7/26/03"
"4005","all","cdi_words","2A","produces",NA,0,"92","2026-03-07 09:16:09","VVI174",690,"m","7/26/03"
"4006","much","cdi_words","2A","produces",NA,0,"92","2026-03-07 09:16:09","VVI174",690,"m","7/26/03"
"4007","could","cdi_words","2A","produces",NA,0,"92","2026-03-07 09:16:09","VVI174",690,"m","7/26/03"
"4008","need","cdi_words","2A","produces",NA,0,"92","2026-03-07 09:16:09","VVI174",690,"m","7/26/03"
"4009","would","cdi_words","2A","produces",NA,0,"92","2026-03-07 09:16:09","VVI174",690,"m","7/26/03"
"4010","if","cdi_words","2A","produces",NA,0,"92","2026-03-07 09:16:09","VVI174",690,"m","7/26/03"
"4011","sock","extra_words","2A","produces",NA,0,"66","2026-03-05 17:04:08","VVI173",690,"f","5/26/03"
"4012","bathtub","extra_words","2A","produces",NA,0,"66","2026-03-05 17:04:08","VVI173",690,"f","5/26/03"
"4013","shower","extra_words","2A","produces",NA,0,"66","2026-03-05 17:04:08","VVI173",690,"f","5/26/03"
"4014","balloon","extra_words","2A","produces",NA,0,"66","2026-03-05 17:04:08","VVI173",690,"f","5/26/03"
"4015","dresser","extra_words","2A","produces",NA,0,"66","2026-03-05 17:04:08","VVI173",690,"f","5/26/03"
"4016","kite","extra_words","2A","produces",NA,0,"66","2026-03-05 17:04:08","VVI173",690,"f","5/26/03"
"4017","camel","extra_words","2A","produces",NA,0,"66","2026-03-05 17:04:08","VVI173",690,"f","5/26/03"
"4018","elephant","extra_words","2A","produces",NA,0,"66","2026-03-05 17:04:08","VVI173",690,"f","5/26/03"
"4019","ladybug","extra_words","2A","produces",NA,0,"66","2026-03-05 17:04:08","VVI173",690,"f","5/26/03"
"4020","cloud","extra_words","2A","produces",NA,0,"66","2026-03-05 17:04:08","VVI173",690,"f","5/26/03"
"4021","tree","extra_words","2A","produces",NA,0,"66","2026-03-05 17:04:08","VVI173",690,"f","5/26/03"
"4022","zipper","extra_words","2A","produces",NA,0,"66","2026-03-05 17:04:08","VVI173",690,"f","5/26/03"
"4023","crow","extra_words","2A","produces",NA,0,"66","2026-03-05 17:04:08","VVI173",690,"f","5/26/03"
"4024","penguin","extra_words","2A","produces",NA,0,"66","2026-03-05 17:04:08","VVI173",690,"f","5/26/03"
"4025","seahorse","extra_words","2A","produces",NA,0,"66","2026-03-05 17:04:08","VVI173",690,"f","5/26/03"
"4026","duck","extra_words","2A","produces",NA,0,"66","2026-03-05 17:04:08","VVI173",690,"f","5/26/03"
"4027","chicken","extra_words","2A","produces",NA,0,"66","2026-03-05 17:04:08","VVI173",690,"f","5/26/03"
"4028","butterfly","extra_words","2A","produces",NA,0,"66","2026-03-05 17:04:08","VVI173",690,"f","5/26/03"
"4029","lizard","extra_words","2A","produces",NA,0,"66","2026-03-05 17:04:08","VVI173",690,"f","5/26/03"
"4030","walrus","extra_words","2A","produces",NA,0,"66","2026-03-05 17:04:08","VVI173",690,"f","5/26/03"
"4031","snake","extra_words","2A","produces",NA,0,"66","2026-03-05 17:04:08","VVI173",690,"f","5/26/03"
"4032","truck","extra_words","2A","produces",NA,0,"66","2026-03-05 17:04:08","VVI173",690,"f","5/26/03"
"4033","car","extra_words","2A","produces",NA,0,"66","2026-03-05 17:04:08","VVI173",690,"f","5/26/03"
"4034","airplane","extra_words","2A","produces",NA,0,"66","2026-03-05 17:04:08","VVI173",690,"f","5/26/03"
"4035","baa baa","cdi_words","2A","produces",1,1,"66","2026-03-05 17:04:08","VVI173",690,"f","5/26/03"
"4036","meow","cdi_words","2A","produces",1,1,"66","2026-03-05 17:04:08","VVI173",690,"f","5/26/03"
"4037","ouch","cdi_words","2A","produces",1,1,"66","2026-03-05 17:04:08","VVI173",690,"f","5/26/03"
"4038","uh oh","cdi_words","2A","produces",1,1,"66","2026-03-05 17:04:08","VVI173",690,"f","5/26/03"
"4039","woof woof","cdi_words","2A","produces",1,1,"66","2026-03-05 17:04:08","VVI173",690,"f","5/26/03"
"4040","bear","cdi_words","2A","produces",NA,0,"66","2026-03-05 17:04:08","VVI173",690,"f","5/26/03"
"4041","bird","cdi_words","2A","produces",NA,0,"66","2026-03-05 17:04:08","VVI173",690,"f","5/26/03"
"4042","cat","cdi_words","2A","produces",NA,0,"66","2026-03-05 17:04:08","VVI173",690,"f","5/26/03"
"4043","dog","cdi_words","2A","produces",NA,0,"66","2026-03-05 17:04:08","VVI173",690,"f","5/26/03"
"4044","duck","cdi_words","2A","produces",NA,0,"66","2026-03-05 17:04:08","VVI173",690,"f","5/26/03"
"4045","horse","cdi_words","2A","produces",NA,0,"66","2026-03-05 17:04:08","VVI173",690,"f","5/26/03"
"4046","airplane","cdi_words","2A","produces",NA,0,"66","2026-03-05 17:04:08","VVI173",690,"f","5/26/03"
"4047","boat","cdi_words","2A","produces",NA,0,"66","2026-03-05 17:04:08","VVI173",690,"f","5/26/03"
"4048","car","cdi_words","2A","produces",NA,0,"66","2026-03-05 17:04:08","VVI173",690,"f","5/26/03"
"4049","ball","cdi_words","2A","produces",NA,0,"66","2026-03-05 17:04:08","VVI173",690,"f","5/26/03"
"4050","book","cdi_words","2A","produces",NA,0,"66","2026-03-05 17:04:08","VVI173",690,"f","5/26/03"
"4051","game","cdi_words","2A","produces",NA,0,"66","2026-03-05 17:04:08","VVI173",690,"f","5/26/03"
"4052","applesauce","cdi_words","2A","produces",NA,0,"66","2026-03-05 17:04:08","VVI173",690,"f","5/26/03"
"4053","candy","cdi_words","2A","produces",NA,0,"66","2026-03-05 17:04:08","VVI173",690,"f","5/26/03"
"4054","coke","cdi_words","2A","produces",NA,0,"66","2026-03-05 17:04:08","VVI173",690,"f","5/26/03"
"4055","cracker","cdi_words","2A","produces",NA,0,"66","2026-03-05 17:04:08","VVI173",690,"f","5/26/03"
"4056","juice","cdi_words","2A","produces",NA,0,"66","2026-03-05 17:04:08","VVI173",690,"f","5/26/03"
"4057","meat","cdi_words","2A","produces",NA,0,"66","2026-03-05 17:04:08","VVI173",690,"f","5/26/03"
"4058","milk","cdi_words","2A","produces",NA,0,"66","2026-03-05 17:04:08","VVI173",690,"f","5/26/03"
"4059","peas","cdi_words","2A","produces",NA,0,"66","2026-03-05 17:04:08","VVI173",690,"f","5/26/03"
"4060","hat","cdi_words","2A","produces",NA,0,"66","2026-03-05 17:04:08","VVI173",690,"f","5/26/03"
"4061","necklace","cdi_words","2A","produces",NA,0,"66","2026-03-05 17:04:08","VVI173",690,"f","5/26/03"
"4062","shoe","cdi_words","2A","produces",NA,0,"66","2026-03-05 17:04:08","VVI173",690,"f","5/26/03"
"4063","sock","cdi_words","2A","produces",NA,0,"66","2026-03-05 17:04:08","VVI173",690,"f","5/26/03"
"4064","chin","cdi_words","2A","produces",NA,0,"66","2026-03-05 17:04:08","VVI173",690,"f","5/26/03"
"4065","ear","cdi_words","2A","produces",NA,0,"66","2026-03-05 17:04:08","VVI173",690,"f","5/26/03"
"4066","hand","cdi_words","2A","produces",NA,0,"66","2026-03-05 17:04:08","VVI173",690,"f","5/26/03"
"4067","leg","cdi_words","2A","produces",NA,0,"66","2026-03-05 17:04:08","VVI173",690,"f","5/26/03"
"4068","broom","cdi_words","2A","produces",NA,0,"66","2026-03-05 17:04:08","VVI173",690,"f","5/26/03"
"4069","comb","cdi_words","2A","produces",NA,0,"66","2026-03-05 17:04:08","VVI173",690,"f","5/26/03"
"4070","mop","cdi_words","2A","produces",NA,0,"66","2026-03-05 17:04:08","VVI173",690,"f","5/26/03"
"4071","plate","cdi_words","2A","produces",NA,0,"66","2026-03-05 17:04:08","VVI173",690,"f","5/26/03"
"4072","trash","cdi_words","2A","produces",NA,0,"66","2026-03-05 17:04:08","VVI173",690,"f","5/26/03"
"4073","tray","cdi_words","2A","produces",NA,0,"66","2026-03-05 17:04:08","VVI173",690,"f","5/26/03"
"4074","towel","cdi_words","2A","produces",NA,0,"66","2026-03-05 17:04:08","VVI173",690,"f","5/26/03"
"4075","bed","cdi_words","2A","produces",NA,0,"66","2026-03-05 17:04:08","VVI173",690,"f","5/26/03"
"4076","bedroom","cdi_words","2A","produces",NA,0,"66","2026-03-05 17:04:08","VVI173",690,"f","5/26/03"
"4077","bench","cdi_words","2A","produces",NA,0,"66","2026-03-05 17:04:08","VVI173",690,"f","5/26/03"
"4078","oven","cdi_words","2A","produces",NA,0,"66","2026-03-05 17:04:08","VVI173",690,"f","5/26/03"
"4079","stairs","cdi_words","2A","produces",NA,0,"66","2026-03-05 17:04:08","VVI173",690,"f","5/26/03"
"4080","flag","cdi_words","2A","produces",NA,0,"66","2026-03-05 17:04:08","VVI173",690,"f","5/26/03"
"4081","rain","cdi_words","2A","produces",NA,0,"66","2026-03-05 17:04:08","VVI173",690,"f","5/26/03"
"4082","star","cdi_words","2A","produces",NA,0,"66","2026-03-05 17:04:08","VVI173",690,"f","5/26/03"
"4083","swing","cdi_words","2A","produces",NA,0,"66","2026-03-05 17:04:08","VVI173",690,"f","5/26/03"
"4084","school","cdi_words","2A","produces",NA,0,"66","2026-03-05 17:04:08","VVI173",690,"f","5/26/03"
"4085","sky","cdi_words","2A","produces",NA,0,"66","2026-03-05 17:04:08","VVI173",690,"f","5/26/03"
"4086","party","cdi_words","2A","produces",NA,0,"66","2026-03-05 17:04:08","VVI173",690,"f","5/26/03"
"4087","friend","cdi_words","2A","produces",NA,0,"66","2026-03-05 17:04:08","VVI173",690,"f","5/26/03"
"4088","mommy","cdi_words","2A","produces",NA,0,"66","2026-03-05 17:04:08","VVI173",690,"f","5/26/03"
"4089","person","cdi_words","2A","produces",NA,0,"66","2026-03-05 17:04:08","VVI173",690,"f","5/26/03"
"4090","bye","cdi_words","2A","produces",NA,0,"66","2026-03-05 17:04:08","VVI173",690,"f","5/26/03"
"4091","hi","cdi_words","2A","produces",NA,0,"66","2026-03-05 17:04:08","VVI173",690,"f","5/26/03"
"4092","no","cdi_words","2A","produces",1,1,"66","2026-03-05 17:04:08","VVI173",690,"f","5/26/03"
"4093","shopping","cdi_words","2A","produces",NA,0,"66","2026-03-05 17:04:08","VVI173",690,"f","5/26/03"
"4094","thank you","cdi_words","2A","produces",NA,0,"66","2026-03-05 17:04:08","VVI173",690,"f","5/26/03"
"4095","carry","cdi_words","2A","produces",NA,0,"66","2026-03-05 17:04:08","VVI173",690,"f","5/26/03"
"4096","chase","cdi_words","2A","produces",NA,0,"66","2026-03-05 17:04:08","VVI173",690,"f","5/26/03"
"4097","dump","cdi_words","2A","produces",NA,0,"66","2026-03-05 17:04:08","VVI173",690,"f","5/26/03"
"4098","finish","cdi_words","2A","produces",NA,0,"66","2026-03-05 17:04:08","VVI173",690,"f","5/26/03"
"4099","fit","cdi_words","2A","produces",NA,0,"66","2026-03-05 17:04:08","VVI173",690,"f","5/26/03"
"4100","hug","cdi_words","2A","produces",NA,0,"66","2026-03-05 17:04:08","VVI173",690,"f","5/26/03"
"4101","listen","cdi_words","2A","produces",NA,0,"66","2026-03-05 17:04:08","VVI173",690,"f","5/26/03"
"4102","like","cdi_words","2A","produces",NA,0,"66","2026-03-05 17:04:08","VVI173",690,"f","5/26/03"
"4103","pretend","cdi_words","2A","produces",NA,0,"66","2026-03-05 17:04:08","VVI173",690,"f","5/26/03"
"4104","rip","cdi_words","2A","produces",NA,0,"66","2026-03-05 17:04:08","VVI173",690,"f","5/26/03"
"4105","shake","cdi_words","2A","produces",NA,0,"66","2026-03-05 17:04:08","VVI173",690,"f","5/26/03"
"4106","taste","cdi_words","2A","produces",NA,0,"66","2026-03-05 17:04:08","VVI173",690,"f","5/26/03"
"4107","gentle","cdi_words","2A","produces",NA,0,"66","2026-03-05 17:04:08","VVI173",690,"f","5/26/03"
"4108","think","cdi_words","2A","produces",NA,0,"66","2026-03-05 17:04:08","VVI173",690,"f","5/26/03"
"4109","wish","cdi_words","2A","produces",NA,0,"66","2026-03-05 17:04:08","VVI173",690,"f","5/26/03"
"4110","all gone","cdi_words","2A","produces",NA,0,"66","2026-03-05 17:04:08","VVI173",690,"f","5/26/03"
"4111","cold","cdi_words","2A","produces",NA,0,"66","2026-03-05 17:04:08","VVI173",690,"f","5/26/03"
"4112","fast","cdi_words","2A","produces",NA,0,"66","2026-03-05 17:04:08","VVI173",690,"f","5/26/03"
"4113","happy","cdi_words","2A","produces",NA,0,"66","2026-03-05 17:04:08","VVI173",690,"f","5/26/03"
"4114","hot","cdi_words","2A","produces",NA,0,"66","2026-03-05 17:04:08","VVI173",690,"f","5/26/03"
"4115","last","cdi_words","2A","produces",NA,0,"66","2026-03-05 17:04:08","VVI173",690,"f","5/26/03"
"4116","tiny","cdi_words","2A","produces",NA,0,"66","2026-03-05 17:04:08","VVI173",690,"f","5/26/03"
"4117","wet","cdi_words","2A","produces",NA,0,"66","2026-03-05 17:04:08","VVI173",690,"f","5/26/03"
"4118","after","cdi_words","2A","produces",NA,0,"66","2026-03-05 17:04:08","VVI173",690,"f","5/26/03"
"4119","day","cdi_words","2A","produces",NA,0,"66","2026-03-05 17:04:08","VVI173",690,"f","5/26/03"
"4120","tonight","cdi_words","2A","produces",NA,0,"66","2026-03-05 17:04:08","VVI173",690,"f","5/26/03"
"4121","our","cdi_words","2A","produces",NA,0,"66","2026-03-05 17:04:08","VVI173",690,"f","5/26/03"
"4122","them","cdi_words","2A","produces",NA,0,"66","2026-03-05 17:04:08","VVI173",690,"f","5/26/03"
"4123","this","cdi_words","2A","produces",NA,0,"66","2026-03-05 17:04:08","VVI173",690,"f","5/26/03"
"4124","us","cdi_words","2A","produces",NA,0,"66","2026-03-05 17:04:08","VVI173",690,"f","5/26/03"
"4125","where","cdi_words","2A","produces",NA,0,"66","2026-03-05 17:04:08","VVI173",690,"f","5/26/03"
"4126","beside","cdi_words","2A","produces",NA,0,"66","2026-03-05 17:04:08","VVI173",690,"f","5/26/03"
"4127","down","cdi_words","2A","produces",NA,0,"66","2026-03-05 17:04:08","VVI173",690,"f","5/26/03"
"4128","under","cdi_words","2A","produces",NA,0,"66","2026-03-05 17:04:08","VVI173",690,"f","5/26/03"
"4129","all","cdi_words","2A","produces",NA,0,"66","2026-03-05 17:04:08","VVI173",690,"f","5/26/03"
"4130","much","cdi_words","2A","produces",NA,0,"66","2026-03-05 17:04:08","VVI173",690,"f","5/26/03"
"4131","could","cdi_words","2A","produces",NA,0,"66","2026-03-05 17:04:08","VVI173",690,"f","5/26/03"
"4132","need","cdi_words","2A","produces",NA,0,"66","2026-03-05 17:04:08","VVI173",690,"f","5/26/03"
"4133","would","cdi_words","2A","produces",NA,0,"66","2026-03-05 17:04:08","VVI173",690,"f","5/26/03"
"4134","if","cdi_words","2A","produces",NA,0,"66","2026-03-05 17:04:08","VVI173",690,"f","5/26/03"
"4135","sock","extra_words","2A","produces",NA,0,"178","2026-05-18 20:50:22","VVI212",840,"f","5/19/26"
"4136","bathtub","extra_words","2A","produces",1,1,"178","2026-05-18 20:50:22","VVI212",840,"f","5/19/26"
"4137","shower","extra_words","2A","produces",1,1,"178","2026-05-18 20:50:22","VVI212",840,"f","5/19/26"
"4138","balloon","extra_words","2A","produces",1,1,"178","2026-05-18 20:50:22","VVI212",840,"f","5/19/26"
"4139","dresser","extra_words","2A","produces",NA,0,"178","2026-05-18 20:50:22","VVI212",840,"f","5/19/26"
"4140","kite","extra_words","2A","produces",1,1,"178","2026-05-18 20:50:22","VVI212",840,"f","5/19/26"
"4141","camel","extra_words","2A","produces",NA,0,"178","2026-05-18 20:50:22","VVI212",840,"f","5/19/26"
"4142","elephant","extra_words","2A","produces",1,1,"178","2026-05-18 20:50:22","VVI212",840,"f","5/19/26"
"4143","ladybug","extra_words","2A","produces",1,1,"178","2026-05-18 20:50:22","VVI212",840,"f","5/19/26"
"4144","cloud","extra_words","2A","produces",NA,0,"178","2026-05-18 20:50:22","VVI212",840,"f","5/19/26"
"4145","tree","extra_words","2A","produces",1,1,"178","2026-05-18 20:50:22","VVI212",840,"f","5/19/26"
"4146","zipper","extra_words","2A","produces",1,1,"178","2026-05-18 20:50:22","VVI212",840,"f","5/19/26"
"4147","crow","extra_words","2A","produces",NA,0,"178","2026-05-18 20:50:22","VVI212",840,"f","5/19/26"
"4148","penguin","extra_words","2A","produces",1,1,"178","2026-05-18 20:50:22","VVI212",840,"f","5/19/26"
"4149","seahorse","extra_words","2A","produces",NA,0,"178","2026-05-18 20:50:22","VVI212",840,"f","5/19/26"
"4150","duck","extra_words","2A","produces",1,1,"178","2026-05-18 20:50:22","VVI212",840,"f","5/19/26"
"4151","chicken","extra_words","2A","produces",1,1,"178","2026-05-18 20:50:22","VVI212",840,"f","5/19/26"
"4152","butterfly","extra_words","2A","produces",1,1,"178","2026-05-18 20:50:22","VVI212",840,"f","5/19/26"
"4153","lizard","extra_words","2A","produces",1,1,"178","2026-05-18 20:50:22","VVI212",840,"f","5/19/26"
"4154","walrus","extra_words","2A","produces",NA,0,"178","2026-05-18 20:50:22","VVI212",840,"f","5/19/26"
"4155","snake","extra_words","2A","produces",1,1,"178","2026-05-18 20:50:22","VVI212",840,"f","5/19/26"
"4156","truck","extra_words","2A","produces",1,1,"178","2026-05-18 20:50:22","VVI212",840,"f","5/19/26"
"4157","car","extra_words","2A","produces",1,1,"178","2026-05-18 20:50:22","VVI212",840,"f","5/19/26"
"4158","airplane","extra_words","2A","produces",1,1,"178","2026-05-18 20:50:22","VVI212",840,"f","5/19/26"
"4159","baa baa","cdi_words","2A","produces",1,1,"178","2026-05-18 20:50:22","VVI212",840,"f","5/19/26"
"4160","meow","cdi_words","2A","produces",1,1,"178","2026-05-18 20:50:22","VVI212",840,"f","5/19/26"
"4161","ouch","cdi_words","2A","produces",1,1,"178","2026-05-18 20:50:22","VVI212",840,"f","5/19/26"
"4162","uh oh","cdi_words","2A","produces",1,1,"178","2026-05-18 20:50:22","VVI212",840,"f","5/19/26"
"4163","woof woof","cdi_words","2A","produces",1,1,"178","2026-05-18 20:50:22","VVI212",840,"f","5/19/26"
"4164","bear","cdi_words","2A","produces",1,1,"178","2026-05-18 20:50:22","VVI212",840,"f","5/19/26"
"4165","bird","cdi_words","2A","produces",1,1,"178","2026-05-18 20:50:22","VVI212",840,"f","5/19/26"
"4166","cat","cdi_words","2A","produces",1,1,"178","2026-05-18 20:50:22","VVI212",840,"f","5/19/26"
"4167","dog","cdi_words","2A","produces",1,1,"178","2026-05-18 20:50:22","VVI212",840,"f","5/19/26"
"4168","duck","cdi_words","2A","produces",1,1,"178","2026-05-18 20:50:22","VVI212",840,"f","5/19/26"
"4169","horse","cdi_words","2A","produces",1,1,"178","2026-05-18 20:50:22","VVI212",840,"f","5/19/26"
"4170","airplane","cdi_words","2A","produces",1,1,"178","2026-05-18 20:50:22","VVI212",840,"f","5/19/26"
"4171","boat","cdi_words","2A","produces",1,1,"178","2026-05-18 20:50:22","VVI212",840,"f","5/19/26"
"4172","car","cdi_words","2A","produces",1,1,"178","2026-05-18 20:50:22","VVI212",840,"f","5/19/26"
"4173","ball","cdi_words","2A","produces",1,1,"178","2026-05-18 20:50:22","VVI212",840,"f","5/19/26"
"4174","book","cdi_words","2A","produces",1,1,"178","2026-05-18 20:50:22","VVI212",840,"f","5/19/26"
"4175","game","cdi_words","2A","produces",NA,0,"178","2026-05-18 20:50:22","VVI212",840,"f","5/19/26"
"4176","applesauce","cdi_words","2A","produces",NA,0,"178","2026-05-18 20:50:22","VVI212",840,"f","5/19/26"
"4177","candy","cdi_words","2A","produces",1,1,"178","2026-05-18 20:50:22","VVI212",840,"f","5/19/26"
"4178","coke","cdi_words","2A","produces",1,1,"178","2026-05-18 20:50:22","VVI212",840,"f","5/19/26"
"4179","cracker","cdi_words","2A","produces",NA,0,"178","2026-05-18 20:50:22","VVI212",840,"f","5/19/26"
"4180","juice","cdi_words","2A","produces",1,1,"178","2026-05-18 20:50:22","VVI212",840,"f","5/19/26"
"4181","meat","cdi_words","2A","produces",NA,0,"178","2026-05-18 20:50:22","VVI212",840,"f","5/19/26"
"4182","milk","cdi_words","2A","produces",1,1,"178","2026-05-18 20:50:22","VVI212",840,"f","5/19/26"
"4183","peas","cdi_words","2A","produces",NA,0,"178","2026-05-18 20:50:22","VVI212",840,"f","5/19/26"
"4184","hat","cdi_words","2A","produces",1,1,"178","2026-05-18 20:50:22","VVI212",840,"f","5/19/26"
"4185","necklace","cdi_words","2A","produces",NA,0,"178","2026-05-18 20:50:22","VVI212",840,"f","5/19/26"
"4186","shoe","cdi_words","2A","produces",1,1,"178","2026-05-18 20:50:22","VVI212",840,"f","5/19/26"
"4187","sock","cdi_words","2A","produces",1,1,"178","2026-05-18 20:50:22","VVI212",840,"f","5/19/26"
"4188","chin","cdi_words","2A","produces",1,1,"178","2026-05-18 20:50:22","VVI212",840,"f","5/19/26"
"4189","ear","cdi_words","2A","produces",1,1,"178","2026-05-18 20:50:22","VVI212",840,"f","5/19/26"
"4190","hand","cdi_words","2A","produces",1,1,"178","2026-05-18 20:50:22","VVI212",840,"f","5/19/26"
"4191","leg","cdi_words","2A","produces",1,1,"178","2026-05-18 20:50:22","VVI212",840,"f","5/19/26"
"4192","broom","cdi_words","2A","produces",NA,0,"178","2026-05-18 20:50:22","VVI212",840,"f","5/19/26"
"4193","comb","cdi_words","2A","produces",1,1,"178","2026-05-18 20:50:22","VVI212",840,"f","5/19/26"
"4194","mop","cdi_words","2A","produces",NA,0,"178","2026-05-18 20:50:22","VVI212",840,"f","5/19/26"
"4195","plate","cdi_words","2A","produces",1,1,"178","2026-05-18 20:50:22","VVI212",840,"f","5/19/26"
"4196","trash","cdi_words","2A","produces",NA,0,"178","2026-05-18 20:50:22","VVI212",840,"f","5/19/26"
"4197","tray","cdi_words","2A","produces",NA,0,"178","2026-05-18 20:50:22","VVI212",840,"f","5/19/26"
"4198","towel","cdi_words","2A","produces",NA,0,"178","2026-05-18 20:50:22","VVI212",840,"f","5/19/26"
"4199","bed","cdi_words","2A","produces",1,1,"178","2026-05-18 20:50:22","VVI212",840,"f","5/19/26"
"4200","bedroom","cdi_words","2A","produces",NA,0,"178","2026-05-18 20:50:22","VVI212",840,"f","5/19/26"
"4201","bench","cdi_words","2A","produces",NA,0,"178","2026-05-18 20:50:22","VVI212",840,"f","5/19/26"
"4202","oven","cdi_words","2A","produces",NA,0,"178","2026-05-18 20:50:22","VVI212",840,"f","5/19/26"
"4203","stairs","cdi_words","2A","produces",NA,0,"178","2026-05-18 20:50:22","VVI212",840,"f","5/19/26"
"4204","flag","cdi_words","2A","produces",NA,0,"178","2026-05-18 20:50:22","VVI212",840,"f","5/19/26"
"4205","rain","cdi_words","2A","produces",1,1,"178","2026-05-18 20:50:22","VVI212",840,"f","5/19/26"
"4206","star","cdi_words","2A","produces",1,1,"178","2026-05-18 20:50:22","VVI212",840,"f","5/19/26"
"4207","swing","cdi_words","2A","produces",1,1,"178","2026-05-18 20:50:22","VVI212",840,"f","5/19/26"
"4208","school","cdi_words","2A","produces",1,1,"178","2026-05-18 20:50:22","VVI212",840,"f","5/19/26"
"4209","sky","cdi_words","2A","produces",NA,0,"178","2026-05-18 20:50:22","VVI212",840,"f","5/19/26"
"4210","party","cdi_words","2A","produces",NA,0,"178","2026-05-18 20:50:22","VVI212",840,"f","5/19/26"
"4211","friend","cdi_words","2A","produces",1,1,"178","2026-05-18 20:50:22","VVI212",840,"f","5/19/26"
"4212","mommy","cdi_words","2A","produces",1,1,"178","2026-05-18 20:50:22","VVI212",840,"f","5/19/26"
"4213","person","cdi_words","2A","produces",NA,0,"178","2026-05-18 20:50:22","VVI212",840,"f","5/19/26"
"4214","bye","cdi_words","2A","produces",1,1,"178","2026-05-18 20:50:22","VVI212",840,"f","5/19/26"
"4215","hi","cdi_words","2A","produces",1,1,"178","2026-05-18 20:50:22","VVI212",840,"f","5/19/26"
"4216","no","cdi_words","2A","produces",1,1,"178","2026-05-18 20:50:22","VVI212",840,"f","5/19/26"
"4217","shopping","cdi_words","2A","produces",NA,0,"178","2026-05-18 20:50:22","VVI212",840,"f","5/19/26"
"4218","thank you","cdi_words","2A","produces",1,1,"178","2026-05-18 20:50:22","VVI212",840,"f","5/19/26"
"4219","carry","cdi_words","2A","produces",NA,0,"178","2026-05-18 20:50:22","VVI212",840,"f","5/19/26"
"4220","chase","cdi_words","2A","produces",NA,0,"178","2026-05-18 20:50:22","VVI212",840,"f","5/19/26"
"4221","dump","cdi_words","2A","produces",NA,0,"178","2026-05-18 20:50:22","VVI212",840,"f","5/19/26"
"4222","finish","cdi_words","2A","produces",NA,0,"178","2026-05-18 20:50:22","VVI212",840,"f","5/19/26"
"4223","fit","cdi_words","2A","produces",NA,0,"178","2026-05-18 20:50:22","VVI212",840,"f","5/19/26"
"4224","hug","cdi_words","2A","produces",1,1,"178","2026-05-18 20:50:22","VVI212",840,"f","5/19/26"
"4225","listen","cdi_words","2A","produces",NA,0,"178","2026-05-18 20:50:22","VVI212",840,"f","5/19/26"
"4226","like","cdi_words","2A","produces",1,1,"178","2026-05-18 20:50:22","VVI212",840,"f","5/19/26"
"4227","pretend","cdi_words","2A","produces",NA,0,"178","2026-05-18 20:50:22","VVI212",840,"f","5/19/26"
"4228","rip","cdi_words","2A","produces",NA,0,"178","2026-05-18 20:50:22","VVI212",840,"f","5/19/26"
"4229","shake","cdi_words","2A","produces",NA,0,"178","2026-05-18 20:50:22","VVI212",840,"f","5/19/26"
"4230","taste","cdi_words","2A","produces",NA,0,"178","2026-05-18 20:50:22","VVI212",840,"f","5/19/26"
"4231","gentle","cdi_words","2A","produces",NA,0,"178","2026-05-18 20:50:22","VVI212",840,"f","5/19/26"
"4232","think","cdi_words","2A","produces",NA,0,"178","2026-05-18 20:50:22","VVI212",840,"f","5/19/26"
"4233","wish","cdi_words","2A","produces",NA,0,"178","2026-05-18 20:50:22","VVI212",840,"f","5/19/26"
"4234","all gone","cdi_words","2A","produces",1,1,"178","2026-05-18 20:50:22","VVI212",840,"f","5/19/26"
"4235","cold","cdi_words","2A","produces",1,1,"178","2026-05-18 20:50:22","VVI212",840,"f","5/19/26"
"4236","fast","cdi_words","2A","produces",1,1,"178","2026-05-18 20:50:22","VVI212",840,"f","5/19/26"
"4237","happy","cdi_words","2A","produces",1,1,"178","2026-05-18 20:50:22","VVI212",840,"f","5/19/26"
"4238","hot","cdi_words","2A","produces",1,1,"178","2026-05-18 20:50:22","VVI212",840,"f","5/19/26"
"4239","last","cdi_words","2A","produces",NA,0,"178","2026-05-18 20:50:22","VVI212",840,"f","5/19/26"
"4240","tiny","cdi_words","2A","produces",NA,0,"178","2026-05-18 20:50:22","VVI212",840,"f","5/19/26"
"4241","wet","cdi_words","2A","produces",1,1,"178","2026-05-18 20:50:22","VVI212",840,"f","5/19/26"
"4242","after","cdi_words","2A","produces",NA,0,"178","2026-05-18 20:50:22","VVI212",840,"f","5/19/26"
"4243","day","cdi_words","2A","produces",NA,0,"178","2026-05-18 20:50:22","VVI212",840,"f","5/19/26"
"4244","tonight","cdi_words","2A","produces",NA,0,"178","2026-05-18 20:50:22","VVI212",840,"f","5/19/26"
"4245","our","cdi_words","2A","produces",NA,0,"178","2026-05-18 20:50:22","VVI212",840,"f","5/19/26"
"4246","them","cdi_words","2A","produces",NA,0,"178","2026-05-18 20:50:22","VVI212",840,"f","5/19/26"
"4247","this","cdi_words","2A","produces",1,1,"178","2026-05-18 20:50:22","VVI212",840,"f","5/19/26"
"4248","us","cdi_words","2A","produces",NA,0,"178","2026-05-18 20:50:22","VVI212",840,"f","5/19/26"
"4249","where","cdi_words","2A","produces",1,1,"178","2026-05-18 20:50:22","VVI212",840,"f","5/19/26"
"4250","beside","cdi_words","2A","produces",NA,0,"178","2026-05-18 20:50:22","VVI212",840,"f","5/19/26"
"4251","down","cdi_words","2A","produces",1,1,"178","2026-05-18 20:50:22","VVI212",840,"f","5/19/26"
"4252","under","cdi_words","2A","produces",1,1,"178","2026-05-18 20:50:22","VVI212",840,"f","5/19/26"
"4253","all","cdi_words","2A","produces",1,1,"178","2026-05-18 20:50:22","VVI212",840,"f","5/19/26"
"4254","much","cdi_words","2A","produces",1,1,"178","2026-05-18 20:50:22","VVI212",840,"f","5/19/26"
"4255","could","cdi_words","2A","produces",NA,0,"178","2026-05-18 20:50:22","VVI212",840,"f","5/19/26"
"4256","need","cdi_words","2A","produces",NA,0,"178","2026-05-18 20:50:22","VVI212",840,"f","5/19/26"
"4257","would","cdi_words","2A","produces",NA,0,"178","2026-05-18 20:50:22","VVI212",840,"f","5/19/26"
"4258","if","cdi_words","2A","produces",NA,0,"178","2026-05-18 20:50:22","VVI212",840,"f","5/19/26"
"4259","sock","extra_words","2A","produces",1,1,"97","2026-03-08 18:23:32","VVI165",720,"m","2/26/26"
"4260","bathtub","extra_words","2A","produces",NA,0,"97","2026-03-08 18:23:32","VVI165",720,"m","2/26/26"
"4261","shower","extra_words","2A","produces",NA,0,"97","2026-03-08 18:23:32","VVI165",720,"m","2/26/26"
"4262","balloon","extra_words","2A","produces",1,1,"97","2026-03-08 18:23:32","VVI165",720,"m","2/26/26"
"4263","dresser","extra_words","2A","produces",NA,0,"97","2026-03-08 18:23:32","VVI165",720,"m","2/26/26"
"4264","kite","extra_words","2A","produces",NA,0,"97","2026-03-08 18:23:32","VVI165",720,"m","2/26/26"
"4265","camel","extra_words","2A","produces",NA,0,"97","2026-03-08 18:23:32","VVI165",720,"m","2/26/26"
"4266","elephant","extra_words","2A","produces",NA,0,"97","2026-03-08 18:23:32","VVI165",720,"m","2/26/26"
"4267","ladybug","extra_words","2A","produces",NA,0,"97","2026-03-08 18:23:32","VVI165",720,"m","2/26/26"
"4268","cloud","extra_words","2A","produces",NA,0,"97","2026-03-08 18:23:32","VVI165",720,"m","2/26/26"
"4269","tree","extra_words","2A","produces",1,1,"97","2026-03-08 18:23:32","VVI165",720,"m","2/26/26"
"4270","zipper","extra_words","2A","produces",NA,0,"97","2026-03-08 18:23:32","VVI165",720,"m","2/26/26"
"4271","crow","extra_words","2A","produces",NA,0,"97","2026-03-08 18:23:32","VVI165",720,"m","2/26/26"
"4272","penguin","extra_words","2A","produces",NA,0,"97","2026-03-08 18:23:32","VVI165",720,"m","2/26/26"
"4273","seahorse","extra_words","2A","produces",NA,0,"97","2026-03-08 18:23:32","VVI165",720,"m","2/26/26"
"4274","duck","extra_words","2A","produces",NA,0,"97","2026-03-08 18:23:32","VVI165",720,"m","2/26/26"
"4275","chicken","extra_words","2A","produces",NA,0,"97","2026-03-08 18:23:32","VVI165",720,"m","2/26/26"
"4276","butterfly","extra_words","2A","produces",NA,0,"97","2026-03-08 18:23:32","VVI165",720,"m","2/26/26"
"4277","lizard","extra_words","2A","produces",NA,0,"97","2026-03-08 18:23:32","VVI165",720,"m","2/26/26"
"4278","walrus","extra_words","2A","produces",NA,0,"97","2026-03-08 18:23:32","VVI165",720,"m","2/26/26"
"4279","snake","extra_words","2A","produces",NA,0,"97","2026-03-08 18:23:32","VVI165",720,"m","2/26/26"
"4280","truck","extra_words","2A","produces",1,1,"97","2026-03-08 18:23:32","VVI165",720,"m","2/26/26"
"4281","car","extra_words","2A","produces",1,1,"97","2026-03-08 18:23:32","VVI165",720,"m","2/26/26"
"4282","airplane","extra_words","2A","produces",NA,0,"97","2026-03-08 18:23:32","VVI165",720,"m","2/26/26"
"4283","baa baa","cdi_words","2A","produces",NA,0,"97","2026-03-08 18:23:32","VVI165",720,"m","2/26/26"
"4284","meow","cdi_words","2A","produces",NA,0,"97","2026-03-08 18:23:32","VVI165",720,"m","2/26/26"
"4285","ouch","cdi_words","2A","produces",1,1,"97","2026-03-08 18:23:32","VVI165",720,"m","2/26/26"
"4286","uh oh","cdi_words","2A","produces",1,1,"97","2026-03-08 18:23:32","VVI165",720,"m","2/26/26"
"4287","woof woof","cdi_words","2A","produces",1,1,"97","2026-03-08 18:23:32","VVI165",720,"m","2/26/26"
"4288","bear","cdi_words","2A","produces",NA,0,"97","2026-03-08 18:23:32","VVI165",720,"m","2/26/26"
"4289","bird","cdi_words","2A","produces",NA,0,"97","2026-03-08 18:23:32","VVI165",720,"m","2/26/26"
"4290","cat","cdi_words","2A","produces",NA,0,"97","2026-03-08 18:23:32","VVI165",720,"m","2/26/26"
"4291","dog","cdi_words","2A","produces",1,1,"97","2026-03-08 18:23:32","VVI165",720,"m","2/26/26"
"4292","duck","cdi_words","2A","produces",NA,0,"97","2026-03-08 18:23:32","VVI165",720,"m","2/26/26"
"4293","horse","cdi_words","2A","produces",NA,0,"97","2026-03-08 18:23:32","VVI165",720,"m","2/26/26"
"4294","airplane","cdi_words","2A","produces",NA,0,"97","2026-03-08 18:23:32","VVI165",720,"m","2/26/26"
"4295","boat","cdi_words","2A","produces",NA,0,"97","2026-03-08 18:23:32","VVI165",720,"m","2/26/26"
"4296","car","cdi_words","2A","produces",1,1,"97","2026-03-08 18:23:32","VVI165",720,"m","2/26/26"
"4297","ball","cdi_words","2A","produces",NA,0,"97","2026-03-08 18:23:32","VVI165",720,"m","2/26/26"
"4298","book","cdi_words","2A","produces",1,1,"97","2026-03-08 18:23:32","VVI165",720,"m","2/26/26"
"4299","game","cdi_words","2A","produces",NA,0,"97","2026-03-08 18:23:32","VVI165",720,"m","2/26/26"
"4300","applesauce","cdi_words","2A","produces",NA,0,"97","2026-03-08 18:23:32","VVI165",720,"m","2/26/26"
"4301","candy","cdi_words","2A","produces",NA,0,"97","2026-03-08 18:23:32","VVI165",720,"m","2/26/26"
"4302","coke","cdi_words","2A","produces",1,1,"97","2026-03-08 18:23:32","VVI165",720,"m","2/26/26"
"4303","cracker","cdi_words","2A","produces",1,1,"97","2026-03-08 18:23:32","VVI165",720,"m","2/26/26"
"4304","juice","cdi_words","2A","produces",NA,0,"97","2026-03-08 18:23:32","VVI165",720,"m","2/26/26"
"4305","meat","cdi_words","2A","produces",NA,0,"97","2026-03-08 18:23:32","VVI165",720,"m","2/26/26"
"4306","milk","cdi_words","2A","produces",NA,0,"97","2026-03-08 18:23:32","VVI165",720,"m","2/26/26"
"4307","peas","cdi_words","2A","produces",NA,0,"97","2026-03-08 18:23:32","VVI165",720,"m","2/26/26"
"4308","hat","cdi_words","2A","produces",1,1,"97","2026-03-08 18:23:32","VVI165",720,"m","2/26/26"
"4309","necklace","cdi_words","2A","produces",NA,0,"97","2026-03-08 18:23:32","VVI165",720,"m","2/26/26"
"4310","shoe","cdi_words","2A","produces",1,1,"97","2026-03-08 18:23:32","VVI165",720,"m","2/26/26"
"4311","sock","cdi_words","2A","produces",NA,0,"97","2026-03-08 18:23:32","VVI165",720,"m","2/26/26"
"4312","chin","cdi_words","2A","produces",NA,0,"97","2026-03-08 18:23:32","VVI165",720,"m","2/26/26"
"4313","ear","cdi_words","2A","produces",NA,0,"97","2026-03-08 18:23:32","VVI165",720,"m","2/26/26"
"4314","hand","cdi_words","2A","produces",1,1,"97","2026-03-08 18:23:32","VVI165",720,"m","2/26/26"
"4315","leg","cdi_words","2A","produces",NA,0,"97","2026-03-08 18:23:32","VVI165",720,"m","2/26/26"
"4316","broom","cdi_words","2A","produces",NA,0,"97","2026-03-08 18:23:32","VVI165",720,"m","2/26/26"
"4317","comb","cdi_words","2A","produces",NA,0,"97","2026-03-08 18:23:32","VVI165",720,"m","2/26/26"
"4318","mop","cdi_words","2A","produces",NA,0,"97","2026-03-08 18:23:32","VVI165",720,"m","2/26/26"
"4319","plate","cdi_words","2A","produces",NA,0,"97","2026-03-08 18:23:32","VVI165",720,"m","2/26/26"
"4320","trash","cdi_words","2A","produces",NA,0,"97","2026-03-08 18:23:32","VVI165",720,"m","2/26/26"
"4321","tray","cdi_words","2A","produces",NA,0,"97","2026-03-08 18:23:32","VVI165",720,"m","2/26/26"
"4322","towel","cdi_words","2A","produces",NA,0,"97","2026-03-08 18:23:32","VVI165",720,"m","2/26/26"
"4323","bed","cdi_words","2A","produces",NA,0,"97","2026-03-08 18:23:32","VVI165",720,"m","2/26/26"
"4324","bedroom","cdi_words","2A","produces",NA,0,"97","2026-03-08 18:23:32","VVI165",720,"m","2/26/26"
"4325","bench","cdi_words","2A","produces",NA,0,"97","2026-03-08 18:23:32","VVI165",720,"m","2/26/26"
"4326","oven","cdi_words","2A","produces",NA,0,"97","2026-03-08 18:23:32","VVI165",720,"m","2/26/26"
"4327","stairs","cdi_words","2A","produces",NA,0,"97","2026-03-08 18:23:32","VVI165",720,"m","2/26/26"
"4328","flag","cdi_words","2A","produces",NA,0,"97","2026-03-08 18:23:32","VVI165",720,"m","2/26/26"
"4329","rain","cdi_words","2A","produces",NA,0,"97","2026-03-08 18:23:32","VVI165",720,"m","2/26/26"
"4330","star","cdi_words","2A","produces",NA,0,"97","2026-03-08 18:23:32","VVI165",720,"m","2/26/26"
"4331","swing","cdi_words","2A","produces",NA,0,"97","2026-03-08 18:23:32","VVI165",720,"m","2/26/26"
"4332","school","cdi_words","2A","produces",NA,0,"97","2026-03-08 18:23:32","VVI165",720,"m","2/26/26"
"4333","sky","cdi_words","2A","produces",NA,0,"97","2026-03-08 18:23:32","VVI165",720,"m","2/26/26"
"4334","party","cdi_words","2A","produces",NA,0,"97","2026-03-08 18:23:32","VVI165",720,"m","2/26/26"
"4335","friend","cdi_words","2A","produces",NA,0,"97","2026-03-08 18:23:32","VVI165",720,"m","2/26/26"
"4336","mommy","cdi_words","2A","produces",1,1,"97","2026-03-08 18:23:32","VVI165",720,"m","2/26/26"
"4337","person","cdi_words","2A","produces",NA,0,"97","2026-03-08 18:23:32","VVI165",720,"m","2/26/26"
"4338","bye","cdi_words","2A","produces",NA,0,"97","2026-03-08 18:23:32","VVI165",720,"m","2/26/26"
"4339","hi","cdi_words","2A","produces",NA,0,"97","2026-03-08 18:23:32","VVI165",720,"m","2/26/26"
"4340","no","cdi_words","2A","produces",NA,0,"97","2026-03-08 18:23:32","VVI165",720,"m","2/26/26"
"4341","shopping","cdi_words","2A","produces",NA,0,"97","2026-03-08 18:23:32","VVI165",720,"m","2/26/26"
"4342","thank you","cdi_words","2A","produces",NA,0,"97","2026-03-08 18:23:32","VVI165",720,"m","2/26/26"
"4343","carry","cdi_words","2A","produces",NA,0,"97","2026-03-08 18:23:32","VVI165",720,"m","2/26/26"
"4344","chase","cdi_words","2A","produces",NA,0,"97","2026-03-08 18:23:32","VVI165",720,"m","2/26/26"
"4345","dump","cdi_words","2A","produces",NA,0,"97","2026-03-08 18:23:32","VVI165",720,"m","2/26/26"
"4346","finish","cdi_words","2A","produces",NA,0,"97","2026-03-08 18:23:32","VVI165",720,"m","2/26/26"
"4347","fit","cdi_words","2A","produces",NA,0,"97","2026-03-08 18:23:32","VVI165",720,"m","2/26/26"
"4348","hug","cdi_words","2A","produces",NA,0,"97","2026-03-08 18:23:32","VVI165",720,"m","2/26/26"
"4349","listen","cdi_words","2A","produces",NA,0,"97","2026-03-08 18:23:32","VVI165",720,"m","2/26/26"
"4350","like","cdi_words","2A","produces",NA,0,"97","2026-03-08 18:23:32","VVI165",720,"m","2/26/26"
"4351","pretend","cdi_words","2A","produces",NA,0,"97","2026-03-08 18:23:32","VVI165",720,"m","2/26/26"
"4352","rip","cdi_words","2A","produces",NA,0,"97","2026-03-08 18:23:32","VVI165",720,"m","2/26/26"
"4353","shake","cdi_words","2A","produces",NA,0,"97","2026-03-08 18:23:32","VVI165",720,"m","2/26/26"
"4354","taste","cdi_words","2A","produces",NA,0,"97","2026-03-08 18:23:32","VVI165",720,"m","2/26/26"
"4355","gentle","cdi_words","2A","produces",NA,0,"97","2026-03-08 18:23:32","VVI165",720,"m","2/26/26"
"4356","think","cdi_words","2A","produces",NA,0,"97","2026-03-08 18:23:32","VVI165",720,"m","2/26/26"
"4357","wish","cdi_words","2A","produces",NA,0,"97","2026-03-08 18:23:32","VVI165",720,"m","2/26/26"
"4358","all gone","cdi_words","2A","produces",NA,0,"97","2026-03-08 18:23:32","VVI165",720,"m","2/26/26"
"4359","cold","cdi_words","2A","produces",NA,0,"97","2026-03-08 18:23:32","VVI165",720,"m","2/26/26"
"4360","fast","cdi_words","2A","produces",1,1,"97","2026-03-08 18:23:32","VVI165",720,"m","2/26/26"
"4361","happy","cdi_words","2A","produces",NA,0,"97","2026-03-08 18:23:32","VVI165",720,"m","2/26/26"
"4362","hot","cdi_words","2A","produces",NA,0,"97","2026-03-08 18:23:32","VVI165",720,"m","2/26/26"
"4363","last","cdi_words","2A","produces",NA,0,"97","2026-03-08 18:23:32","VVI165",720,"m","2/26/26"
"4364","tiny","cdi_words","2A","produces",NA,0,"97","2026-03-08 18:23:32","VVI165",720,"m","2/26/26"
"4365","wet","cdi_words","2A","produces",NA,0,"97","2026-03-08 18:23:32","VVI165",720,"m","2/26/26"
"4366","after","cdi_words","2A","produces",NA,0,"97","2026-03-08 18:23:32","VVI165",720,"m","2/26/26"
"4367","day","cdi_words","2A","produces",NA,0,"97","2026-03-08 18:23:32","VVI165",720,"m","2/26/26"
"4368","tonight","cdi_words","2A","produces",NA,0,"97","2026-03-08 18:23:32","VVI165",720,"m","2/26/26"
"4369","our","cdi_words","2A","produces",NA,0,"97","2026-03-08 18:23:32","VVI165",720,"m","2/26/26"
"4370","them","cdi_words","2A","produces",NA,0,"97","2026-03-08 18:23:32","VVI165",720,"m","2/26/26"
"4371","this","cdi_words","2A","produces",NA,0,"97","2026-03-08 18:23:32","VVI165",720,"m","2/26/26"
"4372","us","cdi_words","2A","produces",NA,0,"97","2026-03-08 18:23:32","VVI165",720,"m","2/26/26"
"4373","where","cdi_words","2A","produces",NA,0,"97","2026-03-08 18:23:32","VVI165",720,"m","2/26/26"
"4374","beside","cdi_words","2A","produces",NA,0,"97","2026-03-08 18:23:32","VVI165",720,"m","2/26/26"
"4375","down","cdi_words","2A","produces",NA,0,"97","2026-03-08 18:23:32","VVI165",720,"m","2/26/26"
"4376","under","cdi_words","2A","produces",NA,0,"97","2026-03-08 18:23:32","VVI165",720,"m","2/26/26"
"4377","all","cdi_words","2A","produces",NA,0,"97","2026-03-08 18:23:32","VVI165",720,"m","2/26/26"
"4378","much","cdi_words","2A","produces",NA,0,"97","2026-03-08 18:23:32","VVI165",720,"m","2/26/26"
"4379","could","cdi_words","2A","produces",NA,0,"97","2026-03-08 18:23:32","VVI165",720,"m","2/26/26"
"4380","need","cdi_words","2A","produces",NA,0,"97","2026-03-08 18:23:32","VVI165",720,"m","2/26/26"
"4381","would","cdi_words","2A","produces",NA,0,"97","2026-03-08 18:23:32","VVI165",720,"m","2/26/26"
"4382","if","cdi_words","2A","produces",NA,0,"97","2026-03-08 18:23:32","VVI165",720,"m","2/26/26"
"4383","sock","extra_words","2A","produces",1,1,"123","2026-03-09 13:10:25","VVI143",690,"f","2/16/26"
"4384","bathtub","extra_words","2A","produces",1,1,"123","2026-03-09 13:10:25","VVI143",690,"f","2/16/26"
"4385","shower","extra_words","2A","produces",1,1,"123","2026-03-09 13:10:25","VVI143",690,"f","2/16/26"
"4386","balloon","extra_words","2A","produces",1,1,"123","2026-03-09 13:10:25","VVI143",690,"f","2/16/26"
"4387","dresser","extra_words","2A","produces",NA,0,"123","2026-03-09 13:10:25","VVI143",690,"f","2/16/26"
"4388","kite","extra_words","2A","produces",NA,0,"123","2026-03-09 13:10:25","VVI143",690,"f","2/16/26"
"4389","camel","extra_words","2A","produces",NA,0,"123","2026-03-09 13:10:25","VVI143",690,"f","2/16/26"
"4390","elephant","extra_words","2A","produces",1,1,"123","2026-03-09 13:10:25","VVI143",690,"f","2/16/26"
"4391","ladybug","extra_words","2A","produces",NA,0,"123","2026-03-09 13:10:25","VVI143",690,"f","2/16/26"
"4392","cloud","extra_words","2A","produces",1,1,"123","2026-03-09 13:10:25","VVI143",690,"f","2/16/26"
"4393","tree","extra_words","2A","produces",1,1,"123","2026-03-09 13:10:25","VVI143",690,"f","2/16/26"
"4394","zipper","extra_words","2A","produces",1,1,"123","2026-03-09 13:10:25","VVI143",690,"f","2/16/26"
"4395","crow","extra_words","2A","produces",NA,0,"123","2026-03-09 13:10:25","VVI143",690,"f","2/16/26"
"4396","penguin","extra_words","2A","produces",1,1,"123","2026-03-09 13:10:25","VVI143",690,"f","2/16/26"
"4397","seahorse","extra_words","2A","produces",NA,0,"123","2026-03-09 13:10:25","VVI143",690,"f","2/16/26"
"4398","duck","extra_words","2A","produces",1,1,"123","2026-03-09 13:10:25","VVI143",690,"f","2/16/26"
"4399","chicken","extra_words","2A","produces",1,1,"123","2026-03-09 13:10:25","VVI143",690,"f","2/16/26"
"4400","butterfly","extra_words","2A","produces",1,1,"123","2026-03-09 13:10:25","VVI143",690,"f","2/16/26"
"4401","lizard","extra_words","2A","produces",NA,0,"123","2026-03-09 13:10:25","VVI143",690,"f","2/16/26"
"4402","walrus","extra_words","2A","produces",NA,0,"123","2026-03-09 13:10:25","VVI143",690,"f","2/16/26"
"4403","snake","extra_words","2A","produces",1,1,"123","2026-03-09 13:10:25","VVI143",690,"f","2/16/26"
"4404","truck","extra_words","2A","produces",1,1,"123","2026-03-09 13:10:25","VVI143",690,"f","2/16/26"
"4405","car","extra_words","2A","produces",1,1,"123","2026-03-09 13:10:25","VVI143",690,"f","2/16/26"
"4406","airplane","extra_words","2A","produces",1,1,"123","2026-03-09 13:10:25","VVI143",690,"f","2/16/26"
"4407","baa baa","cdi_words","2A","produces",NA,0,"123","2026-03-09 13:10:25","VVI143",690,"f","2/16/26"
"4408","meow","cdi_words","2A","produces",1,1,"123","2026-03-09 13:10:25","VVI143",690,"f","2/16/26"
"4409","ouch","cdi_words","2A","produces",1,1,"123","2026-03-09 13:10:25","VVI143",690,"f","2/16/26"
"4410","uh oh","cdi_words","2A","produces",1,1,"123","2026-03-09 13:10:25","VVI143",690,"f","2/16/26"
"4411","woof woof","cdi_words","2A","produces",1,1,"123","2026-03-09 13:10:25","VVI143",690,"f","2/16/26"
"4412","bear","cdi_words","2A","produces",1,1,"123","2026-03-09 13:10:25","VVI143",690,"f","2/16/26"
"4413","bird","cdi_words","2A","produces",1,1,"123","2026-03-09 13:10:25","VVI143",690,"f","2/16/26"
"4414","cat","cdi_words","2A","produces",1,1,"123","2026-03-09 13:10:25","VVI143",690,"f","2/16/26"
"4415","dog","cdi_words","2A","produces",1,1,"123","2026-03-09 13:10:25","VVI143",690,"f","2/16/26"
"4416","duck","cdi_words","2A","produces",1,1,"123","2026-03-09 13:10:25","VVI143",690,"f","2/16/26"
"4417","horse","cdi_words","2A","produces",NA,0,"123","2026-03-09 13:10:25","VVI143",690,"f","2/16/26"
"4418","airplane","cdi_words","2A","produces",1,1,"123","2026-03-09 13:10:25","VVI143",690,"f","2/16/26"
"4419","boat","cdi_words","2A","produces",1,1,"123","2026-03-09 13:10:25","VVI143",690,"f","2/16/26"
"4420","car","cdi_words","2A","produces",1,1,"123","2026-03-09 13:10:25","VVI143",690,"f","2/16/26"
"4421","ball","cdi_words","2A","produces",1,1,"123","2026-03-09 13:10:25","VVI143",690,"f","2/16/26"
"4422","book","cdi_words","2A","produces",1,1,"123","2026-03-09 13:10:25","VVI143",690,"f","2/16/26"
"4423","game","cdi_words","2A","produces",1,1,"123","2026-03-09 13:10:25","VVI143",690,"f","2/16/26"
"4424","applesauce","cdi_words","2A","produces",1,1,"123","2026-03-09 13:10:25","VVI143",690,"f","2/16/26"
"4425","candy","cdi_words","2A","produces",1,1,"123","2026-03-09 13:10:25","VVI143",690,"f","2/16/26"
"4426","coke","cdi_words","2A","produces",NA,0,"123","2026-03-09 13:10:25","VVI143",690,"f","2/16/26"
"4427","cracker","cdi_words","2A","produces",1,1,"123","2026-03-09 13:10:25","VVI143",690,"f","2/16/26"
"4428","juice","cdi_words","2A","produces",1,1,"123","2026-03-09 13:10:25","VVI143",690,"f","2/16/26"
"4429","meat","cdi_words","2A","produces",NA,0,"123","2026-03-09 13:10:25","VVI143",690,"f","2/16/26"
"4430","milk","cdi_words","2A","produces",1,1,"123","2026-03-09 13:10:25","VVI143",690,"f","2/16/26"
"4431","peas","cdi_words","2A","produces",NA,0,"123","2026-03-09 13:10:25","VVI143",690,"f","2/16/26"
"4432","hat","cdi_words","2A","produces",1,1,"123","2026-03-09 13:10:25","VVI143",690,"f","2/16/26"
"4433","necklace","cdi_words","2A","produces",1,1,"123","2026-03-09 13:10:25","VVI143",690,"f","2/16/26"
"4434","shoe","cdi_words","2A","produces",1,1,"123","2026-03-09 13:10:25","VVI143",690,"f","2/16/26"
"4435","sock","cdi_words","2A","produces",1,1,"123","2026-03-09 13:10:25","VVI143",690,"f","2/16/26"
"4436","chin","cdi_words","2A","produces",1,1,"123","2026-03-09 13:10:25","VVI143",690,"f","2/16/26"
"4437","ear","cdi_words","2A","produces",1,1,"123","2026-03-09 13:10:25","VVI143",690,"f","2/16/26"
"4438","hand","cdi_words","2A","produces",1,1,"123","2026-03-09 13:10:25","VVI143",690,"f","2/16/26"
"4439","leg","cdi_words","2A","produces",1,1,"123","2026-03-09 13:10:25","VVI143",690,"f","2/16/26"
"4440","broom","cdi_words","2A","produces",NA,0,"123","2026-03-09 13:10:25","VVI143",690,"f","2/16/26"
"4441","comb","cdi_words","2A","produces",NA,0,"123","2026-03-09 13:10:25","VVI143",690,"f","2/16/26"
"4442","mop","cdi_words","2A","produces",NA,0,"123","2026-03-09 13:10:25","VVI143",690,"f","2/16/26"
"4443","plate","cdi_words","2A","produces",NA,0,"123","2026-03-09 13:10:25","VVI143",690,"f","2/16/26"
"4444","trash","cdi_words","2A","produces",1,1,"123","2026-03-09 13:10:25","VVI143",690,"f","2/16/26"
"4445","tray","cdi_words","2A","produces",NA,0,"123","2026-03-09 13:10:25","VVI143",690,"f","2/16/26"
"4446","towel","cdi_words","2A","produces",1,1,"123","2026-03-09 13:10:25","VVI143",690,"f","2/16/26"
"4447","bed","cdi_words","2A","produces",1,1,"123","2026-03-09 13:10:25","VVI143",690,"f","2/16/26"
"4448","bedroom","cdi_words","2A","produces",NA,0,"123","2026-03-09 13:10:25","VVI143",690,"f","2/16/26"
"4449","bench","cdi_words","2A","produces",NA,0,"123","2026-03-09 13:10:25","VVI143",690,"f","2/16/26"
"4450","oven","cdi_words","2A","produces",1,1,"123","2026-03-09 13:10:25","VVI143",690,"f","2/16/26"
"4451","stairs","cdi_words","2A","produces",NA,0,"123","2026-03-09 13:10:25","VVI143",690,"f","2/16/26"
"4452","flag","cdi_words","2A","produces",1,1,"123","2026-03-09 13:10:25","VVI143",690,"f","2/16/26"
"4453","rain","cdi_words","2A","produces",1,1,"123","2026-03-09 13:10:25","VVI143",690,"f","2/16/26"
"4454","star","cdi_words","2A","produces",1,1,"123","2026-03-09 13:10:25","VVI143",690,"f","2/16/26"
"4455","swing","cdi_words","2A","produces",1,1,"123","2026-03-09 13:10:25","VVI143",690,"f","2/16/26"
"4456","school","cdi_words","2A","produces",NA,0,"123","2026-03-09 13:10:25","VVI143",690,"f","2/16/26"
"4457","sky","cdi_words","2A","produces",1,1,"123","2026-03-09 13:10:25","VVI143",690,"f","2/16/26"
"4458","party","cdi_words","2A","produces",1,1,"123","2026-03-09 13:10:25","VVI143",690,"f","2/16/26"
"4459","friend","cdi_words","2A","produces",1,1,"123","2026-03-09 13:10:25","VVI143",690,"f","2/16/26"
"4460","mommy","cdi_words","2A","produces",1,1,"123","2026-03-09 13:10:25","VVI143",690,"f","2/16/26"
"4461","person","cdi_words","2A","produces",NA,0,"123","2026-03-09 13:10:25","VVI143",690,"f","2/16/26"
"4462","bye","cdi_words","2A","produces",1,1,"123","2026-03-09 13:10:25","VVI143",690,"f","2/16/26"
"4463","hi","cdi_words","2A","produces",1,1,"123","2026-03-09 13:10:25","VVI143",690,"f","2/16/26"
"4464","no","cdi_words","2A","produces",1,1,"123","2026-03-09 13:10:25","VVI143",690,"f","2/16/26"
"4465","shopping","cdi_words","2A","produces",NA,0,"123","2026-03-09 13:10:25","VVI143",690,"f","2/16/26"
"4466","thank you","cdi_words","2A","produces",1,1,"123","2026-03-09 13:10:25","VVI143",690,"f","2/16/26"
"4467","carry","cdi_words","2A","produces",1,1,"123","2026-03-09 13:10:25","VVI143",690,"f","2/16/26"
"4468","chase","cdi_words","2A","produces",NA,0,"123","2026-03-09 13:10:25","VVI143",690,"f","2/16/26"
"4469","dump","cdi_words","2A","produces",NA,0,"123","2026-03-09 13:10:25","VVI143",690,"f","2/16/26"
"4470","finish","cdi_words","2A","produces",1,1,"123","2026-03-09 13:10:25","VVI143",690,"f","2/16/26"
"4471","fit","cdi_words","2A","produces",NA,0,"123","2026-03-09 13:10:25","VVI143",690,"f","2/16/26"
"4472","hug","cdi_words","2A","produces",1,1,"123","2026-03-09 13:10:25","VVI143",690,"f","2/16/26"
"4473","listen","cdi_words","2A","produces",1,1,"123","2026-03-09 13:10:25","VVI143",690,"f","2/16/26"
"4474","like","cdi_words","2A","produces",NA,0,"123","2026-03-09 13:10:25","VVI143",690,"f","2/16/26"
"4475","pretend","cdi_words","2A","produces",NA,0,"123","2026-03-09 13:10:25","VVI143",690,"f","2/16/26"
"4476","rip","cdi_words","2A","produces",1,1,"123","2026-03-09 13:10:25","VVI143",690,"f","2/16/26"
"4477","shake","cdi_words","2A","produces",NA,0,"123","2026-03-09 13:10:25","VVI143",690,"f","2/16/26"
"4478","taste","cdi_words","2A","produces",1,1,"123","2026-03-09 13:10:25","VVI143",690,"f","2/16/26"
"4479","gentle","cdi_words","2A","produces",NA,0,"123","2026-03-09 13:10:25","VVI143",690,"f","2/16/26"
"4480","think","cdi_words","2A","produces",NA,0,"123","2026-03-09 13:10:25","VVI143",690,"f","2/16/26"
"4481","wish","cdi_words","2A","produces",NA,0,"123","2026-03-09 13:10:25","VVI143",690,"f","2/16/26"
"4482","all gone","cdi_words","2A","produces",1,1,"123","2026-03-09 13:10:25","VVI143",690,"f","2/16/26"
"4483","cold","cdi_words","2A","produces",1,1,"123","2026-03-09 13:10:25","VVI143",690,"f","2/16/26"
"4484","fast","cdi_words","2A","produces",1,1,"123","2026-03-09 13:10:25","VVI143",690,"f","2/16/26"
"4485","happy","cdi_words","2A","produces",1,1,"123","2026-03-09 13:10:25","VVI143",690,"f","2/16/26"
"4486","hot","cdi_words","2A","produces",1,1,"123","2026-03-09 13:10:25","VVI143",690,"f","2/16/26"
"4487","last","cdi_words","2A","produces",NA,0,"123","2026-03-09 13:10:25","VVI143",690,"f","2/16/26"
"4488","tiny","cdi_words","2A","produces",NA,0,"123","2026-03-09 13:10:25","VVI143",690,"f","2/16/26"
"4489","wet","cdi_words","2A","produces",1,1,"123","2026-03-09 13:10:25","VVI143",690,"f","2/16/26"
"4490","after","cdi_words","2A","produces",NA,0,"123","2026-03-09 13:10:25","VVI143",690,"f","2/16/26"
"4491","day","cdi_words","2A","produces",1,1,"123","2026-03-09 13:10:25","VVI143",690,"f","2/16/26"
"4492","tonight","cdi_words","2A","produces",NA,0,"123","2026-03-09 13:10:25","VVI143",690,"f","2/16/26"
"4493","our","cdi_words","2A","produces",NA,0,"123","2026-03-09 13:10:25","VVI143",690,"f","2/16/26"
"4494","them","cdi_words","2A","produces",NA,0,"123","2026-03-09 13:10:25","VVI143",690,"f","2/16/26"
"4495","this","cdi_words","2A","produces",NA,0,"123","2026-03-09 13:10:25","VVI143",690,"f","2/16/26"
"4496","us","cdi_words","2A","produces",NA,0,"123","2026-03-09 13:10:25","VVI143",690,"f","2/16/26"
"4497","where","cdi_words","2A","produces",NA,0,"123","2026-03-09 13:10:25","VVI143",690,"f","2/16/26"
"4498","beside","cdi_words","2A","produces",NA,0,"123","2026-03-09 13:10:25","VVI143",690,"f","2/16/26"
"4499","down","cdi_words","2A","produces",NA,0,"123","2026-03-09 13:10:25","VVI143",690,"f","2/16/26"
"4500","under","cdi_words","2A","produces",NA,0,"123","2026-03-09 13:10:25","VVI143",690,"f","2/16/26"
"4501","all","cdi_words","2A","produces",NA,0,"123","2026-03-09 13:10:25","VVI143",690,"f","2/16/26"
"4502","much","cdi_words","2A","produces",NA,0,"123","2026-03-09 13:10:25","VVI143",690,"f","2/16/26"
"4503","could","cdi_words","2A","produces",NA,0,"123","2026-03-09 13:10:25","VVI143",690,"f","2/16/26"
"4504","need","cdi_words","2A","produces",1,1,"123","2026-03-09 13:10:25","VVI143",690,"f","2/16/26"
"4505","would","cdi_words","2A","produces",NA,0,"123","2026-03-09 13:10:25","VVI143",690,"f","2/16/26"
"4506","if","cdi_words","2A","produces",NA,0,"123","2026-03-09 13:10:25","VVI143",690,"f","2/16/26"
"4507","sock","extra_words","2A","produces",1,1,"159","2026-03-09 16:05:40","VVI161",630,"m","2/23/26"
"4508","bathtub","extra_words","2A","produces",1,1,"159","2026-03-09 16:05:40","VVI161",630,"m","2/23/26"
"4509","shower","extra_words","2A","produces",NA,0,"159","2026-03-09 16:05:40","VVI161",630,"m","2/23/26"
"4510","balloon","extra_words","2A","produces",1,1,"159","2026-03-09 16:05:40","VVI161",630,"m","2/23/26"
"4511","dresser","extra_words","2A","produces",NA,0,"159","2026-03-09 16:05:40","VVI161",630,"m","2/23/26"
"4512","kite","extra_words","2A","produces",NA,0,"159","2026-03-09 16:05:40","VVI161",630,"m","2/23/26"
"4513","camel","extra_words","2A","produces",NA,0,"159","2026-03-09 16:05:40","VVI161",630,"m","2/23/26"
"4514","elephant","extra_words","2A","produces",1,1,"159","2026-03-09 16:05:40","VVI161",630,"m","2/23/26"
"4515","ladybug","extra_words","2A","produces",1,1,"159","2026-03-09 16:05:40","VVI161",630,"m","2/23/26"
"4516","cloud","extra_words","2A","produces",1,1,"159","2026-03-09 16:05:40","VVI161",630,"m","2/23/26"
"4517","tree","extra_words","2A","produces",1,1,"159","2026-03-09 16:05:40","VVI161",630,"m","2/23/26"
"4518","zipper","extra_words","2A","produces",1,1,"159","2026-03-09 16:05:40","VVI161",630,"m","2/23/26"
"4519","crow","extra_words","2A","produces",NA,0,"159","2026-03-09 16:05:40","VVI161",630,"m","2/23/26"
"4520","penguin","extra_words","2A","produces",NA,0,"159","2026-03-09 16:05:40","VVI161",630,"m","2/23/26"
"4521","seahorse","extra_words","2A","produces",NA,0,"159","2026-03-09 16:05:40","VVI161",630,"m","2/23/26"
"4522","duck","extra_words","2A","produces",1,1,"159","2026-03-09 16:05:40","VVI161",630,"m","2/23/26"
"4523","chicken","extra_words","2A","produces",NA,0,"159","2026-03-09 16:05:40","VVI161",630,"m","2/23/26"
"4524","butterfly","extra_words","2A","produces",1,1,"159","2026-03-09 16:05:40","VVI161",630,"m","2/23/26"
"4525","lizard","extra_words","2A","produces",NA,0,"159","2026-03-09 16:05:40","VVI161",630,"m","2/23/26"
"4526","walrus","extra_words","2A","produces",NA,0,"159","2026-03-09 16:05:40","VVI161",630,"m","2/23/26"
"4527","snake","extra_words","2A","produces",NA,0,"159","2026-03-09 16:05:40","VVI161",630,"m","2/23/26"
"4528","truck","extra_words","2A","produces",1,1,"159","2026-03-09 16:05:40","VVI161",630,"m","2/23/26"
"4529","car","extra_words","2A","produces",1,1,"159","2026-03-09 16:05:40","VVI161",630,"m","2/23/26"
"4530","airplane","extra_words","2A","produces",1,1,"159","2026-03-09 16:05:40","VVI161",630,"m","2/23/26"
"4531","baa baa","cdi_words","2A","produces",NA,0,"159","2026-03-09 16:05:40","VVI161",630,"m","2/23/26"
"4532","meow","cdi_words","2A","produces",NA,0,"159","2026-03-09 16:05:40","VVI161",630,"m","2/23/26"
"4533","ouch","cdi_words","2A","produces",NA,0,"159","2026-03-09 16:05:40","VVI161",630,"m","2/23/26"
"4534","uh oh","cdi_words","2A","produces",1,1,"159","2026-03-09 16:05:40","VVI161",630,"m","2/23/26"
"4535","woof woof","cdi_words","2A","produces",1,1,"159","2026-03-09 16:05:40","VVI161",630,"m","2/23/26"
"4536","bear","cdi_words","2A","produces",1,1,"159","2026-03-09 16:05:40","VVI161",630,"m","2/23/26"
"4537","bird","cdi_words","2A","produces",1,1,"159","2026-03-09 16:05:40","VVI161",630,"m","2/23/26"
"4538","cat","cdi_words","2A","produces",1,1,"159","2026-03-09 16:05:40","VVI161",630,"m","2/23/26"
"4539","dog","cdi_words","2A","produces",1,1,"159","2026-03-09 16:05:40","VVI161",630,"m","2/23/26"
"4540","duck","cdi_words","2A","produces",1,1,"159","2026-03-09 16:05:40","VVI161",630,"m","2/23/26"
"4541","horse","cdi_words","2A","produces",1,1,"159","2026-03-09 16:05:40","VVI161",630,"m","2/23/26"
"4542","airplane","cdi_words","2A","produces",1,1,"159","2026-03-09 16:05:40","VVI161",630,"m","2/23/26"
"4543","boat","cdi_words","2A","produces",1,1,"159","2026-03-09 16:05:40","VVI161",630,"m","2/23/26"
"4544","car","cdi_words","2A","produces",1,1,"159","2026-03-09 16:05:40","VVI161",630,"m","2/23/26"
"4545","ball","cdi_words","2A","produces",1,1,"159","2026-03-09 16:05:40","VVI161",630,"m","2/23/26"
"4546","book","cdi_words","2A","produces",1,1,"159","2026-03-09 16:05:40","VVI161",630,"m","2/23/26"
"4547","game","cdi_words","2A","produces",NA,0,"159","2026-03-09 16:05:40","VVI161",630,"m","2/23/26"
"4548","applesauce","cdi_words","2A","produces",NA,0,"159","2026-03-09 16:05:40","VVI161",630,"m","2/23/26"
"4549","candy","cdi_words","2A","produces",1,1,"159","2026-03-09 16:05:40","VVI161",630,"m","2/23/26"
"4550","coke","cdi_words","2A","produces",NA,0,"159","2026-03-09 16:05:40","VVI161",630,"m","2/23/26"
"4551","cracker","cdi_words","2A","produces",NA,0,"159","2026-03-09 16:05:40","VVI161",630,"m","2/23/26"
"4552","juice","cdi_words","2A","produces",NA,0,"159","2026-03-09 16:05:40","VVI161",630,"m","2/23/26"
"4553","meat","cdi_words","2A","produces",NA,0,"159","2026-03-09 16:05:40","VVI161",630,"m","2/23/26"
"4554","milk","cdi_words","2A","produces",1,1,"159","2026-03-09 16:05:40","VVI161",630,"m","2/23/26"
"4555","peas","cdi_words","2A","produces",NA,0,"159","2026-03-09 16:05:40","VVI161",630,"m","2/23/26"
"4556","hat","cdi_words","2A","produces",1,1,"159","2026-03-09 16:05:40","VVI161",630,"m","2/23/26"
"4557","necklace","cdi_words","2A","produces",NA,0,"159","2026-03-09 16:05:40","VVI161",630,"m","2/23/26"
"4558","shoe","cdi_words","2A","produces",1,1,"159","2026-03-09 16:05:40","VVI161",630,"m","2/23/26"
"4559","sock","cdi_words","2A","produces",1,1,"159","2026-03-09 16:05:40","VVI161",630,"m","2/23/26"
"4560","chin","cdi_words","2A","produces",1,1,"159","2026-03-09 16:05:40","VVI161",630,"m","2/23/26"
"4561","ear","cdi_words","2A","produces",1,1,"159","2026-03-09 16:05:40","VVI161",630,"m","2/23/26"
"4562","hand","cdi_words","2A","produces",1,1,"159","2026-03-09 16:05:40","VVI161",630,"m","2/23/26"
"4563","leg","cdi_words","2A","produces",1,1,"159","2026-03-09 16:05:40","VVI161",630,"m","2/23/26"
"4564","broom","cdi_words","2A","produces",1,1,"159","2026-03-09 16:05:40","VVI161",630,"m","2/23/26"
"4565","comb","cdi_words","2A","produces",NA,0,"159","2026-03-09 16:05:40","VVI161",630,"m","2/23/26"
"4566","mop","cdi_words","2A","produces",NA,0,"159","2026-03-09 16:05:40","VVI161",630,"m","2/23/26"
"4567","plate","cdi_words","2A","produces",1,1,"159","2026-03-09 16:05:40","VVI161",630,"m","2/23/26"
"4568","trash","cdi_words","2A","produces",NA,0,"159","2026-03-09 16:05:40","VVI161",630,"m","2/23/26"
"4569","tray","cdi_words","2A","produces",NA,0,"159","2026-03-09 16:05:40","VVI161",630,"m","2/23/26"
"4570","towel","cdi_words","2A","produces",NA,0,"159","2026-03-09 16:05:40","VVI161",630,"m","2/23/26"
"4571","bed","cdi_words","2A","produces",1,1,"159","2026-03-09 16:05:40","VVI161",630,"m","2/23/26"
"4572","bedroom","cdi_words","2A","produces",1,1,"159","2026-03-09 16:05:40","VVI161",630,"m","2/23/26"
"4573","bench","cdi_words","2A","produces",NA,0,"159","2026-03-09 16:05:40","VVI161",630,"m","2/23/26"
"4574","oven","cdi_words","2A","produces",NA,0,"159","2026-03-09 16:05:40","VVI161",630,"m","2/23/26"
"4575","stairs","cdi_words","2A","produces",1,1,"159","2026-03-09 16:05:40","VVI161",630,"m","2/23/26"
"4576","flag","cdi_words","2A","produces",NA,0,"159","2026-03-09 16:05:40","VVI161",630,"m","2/23/26"
"4577","rain","cdi_words","2A","produces",NA,0,"159","2026-03-09 16:05:40","VVI161",630,"m","2/23/26"
"4578","star","cdi_words","2A","produces",1,1,"159","2026-03-09 16:05:40","VVI161",630,"m","2/23/26"
"4579","swing","cdi_words","2A","produces",NA,0,"159","2026-03-09 16:05:40","VVI161",630,"m","2/23/26"
"4580","school","cdi_words","2A","produces",NA,0,"159","2026-03-09 16:05:40","VVI161",630,"m","2/23/26"
"4581","sky","cdi_words","2A","produces",NA,0,"159","2026-03-09 16:05:40","VVI161",630,"m","2/23/26"
"4582","party","cdi_words","2A","produces",NA,0,"159","2026-03-09 16:05:40","VVI161",630,"m","2/23/26"
"4583","friend","cdi_words","2A","produces",NA,0,"159","2026-03-09 16:05:40","VVI161",630,"m","2/23/26"
"4584","mommy","cdi_words","2A","produces",1,1,"159","2026-03-09 16:05:40","VVI161",630,"m","2/23/26"
"4585","person","cdi_words","2A","produces",NA,0,"159","2026-03-09 16:05:40","VVI161",630,"m","2/23/26"
"4586","bye","cdi_words","2A","produces",1,1,"159","2026-03-09 16:05:40","VVI161",630,"m","2/23/26"
"4587","hi","cdi_words","2A","produces",1,1,"159","2026-03-09 16:05:40","VVI161",630,"m","2/23/26"
"4588","no","cdi_words","2A","produces",1,1,"159","2026-03-09 16:05:40","VVI161",630,"m","2/23/26"
"4589","shopping","cdi_words","2A","produces",NA,0,"159","2026-03-09 16:05:40","VVI161",630,"m","2/23/26"
"4590","thank you","cdi_words","2A","produces",NA,0,"159","2026-03-09 16:05:40","VVI161",630,"m","2/23/26"
"4591","carry","cdi_words","2A","produces",NA,0,"159","2026-03-09 16:05:40","VVI161",630,"m","2/23/26"
"4592","chase","cdi_words","2A","produces",NA,0,"159","2026-03-09 16:05:40","VVI161",630,"m","2/23/26"
"4593","dump","cdi_words","2A","produces",NA,0,"159","2026-03-09 16:05:40","VVI161",630,"m","2/23/26"
"4594","finish","cdi_words","2A","produces",NA,0,"159","2026-03-09 16:05:40","VVI161",630,"m","2/23/26"
"4595","fit","cdi_words","2A","produces",1,1,"159","2026-03-09 16:05:40","VVI161",630,"m","2/23/26"
"4596","hug","cdi_words","2A","produces",1,1,"159","2026-03-09 16:05:40","VVI161",630,"m","2/23/26"
"4597","listen","cdi_words","2A","produces",NA,0,"159","2026-03-09 16:05:40","VVI161",630,"m","2/23/26"
"4598","like","cdi_words","2A","produces",NA,0,"159","2026-03-09 16:05:40","VVI161",630,"m","2/23/26"
"4599","pretend","cdi_words","2A","produces",NA,0,"159","2026-03-09 16:05:40","VVI161",630,"m","2/23/26"
"4600","rip","cdi_words","2A","produces",NA,0,"159","2026-03-09 16:05:40","VVI161",630,"m","2/23/26"
"4601","shake","cdi_words","2A","produces",NA,0,"159","2026-03-09 16:05:40","VVI161",630,"m","2/23/26"
"4602","taste","cdi_words","2A","produces",NA,0,"159","2026-03-09 16:05:40","VVI161",630,"m","2/23/26"
"4603","gentle","cdi_words","2A","produces",NA,0,"159","2026-03-09 16:05:40","VVI161",630,"m","2/23/26"
"4604","think","cdi_words","2A","produces",NA,0,"159","2026-03-09 16:05:40","VVI161",630,"m","2/23/26"
"4605","wish","cdi_words","2A","produces",NA,0,"159","2026-03-09 16:05:40","VVI161",630,"m","2/23/26"
"4606","all gone","cdi_words","2A","produces",1,1,"159","2026-03-09 16:05:40","VVI161",630,"m","2/23/26"
"4607","cold","cdi_words","2A","produces",NA,0,"159","2026-03-09 16:05:40","VVI161",630,"m","2/23/26"
"4608","fast","cdi_words","2A","produces",NA,0,"159","2026-03-09 16:05:40","VVI161",630,"m","2/23/26"
"4609","happy","cdi_words","2A","produces",NA,0,"159","2026-03-09 16:05:40","VVI161",630,"m","2/23/26"
"4610","hot","cdi_words","2A","produces",1,1,"159","2026-03-09 16:05:40","VVI161",630,"m","2/23/26"
"4611","last","cdi_words","2A","produces",NA,0,"159","2026-03-09 16:05:40","VVI161",630,"m","2/23/26"
"4612","tiny","cdi_words","2A","produces",NA,0,"159","2026-03-09 16:05:40","VVI161",630,"m","2/23/26"
"4613","wet","cdi_words","2A","produces",NA,0,"159","2026-03-09 16:05:40","VVI161",630,"m","2/23/26"
"4614","after","cdi_words","2A","produces",NA,0,"159","2026-03-09 16:05:40","VVI161",630,"m","2/23/26"
"4615","day","cdi_words","2A","produces",NA,0,"159","2026-03-09 16:05:40","VVI161",630,"m","2/23/26"
"4616","tonight","cdi_words","2A","produces",NA,0,"159","2026-03-09 16:05:40","VVI161",630,"m","2/23/26"
"4617","our","cdi_words","2A","produces",NA,0,"159","2026-03-09 16:05:40","VVI161",630,"m","2/23/26"
"4618","them","cdi_words","2A","produces",NA,0,"159","2026-03-09 16:05:40","VVI161",630,"m","2/23/26"
"4619","this","cdi_words","2A","produces",1,1,"159","2026-03-09 16:05:40","VVI161",630,"m","2/23/26"
"4620","us","cdi_words","2A","produces",NA,0,"159","2026-03-09 16:05:40","VVI161",630,"m","2/23/26"
"4621","where","cdi_words","2A","produces",1,1,"159","2026-03-09 16:05:40","VVI161",630,"m","2/23/26"
"4622","beside","cdi_words","2A","produces",NA,0,"159","2026-03-09 16:05:40","VVI161",630,"m","2/23/26"
"4623","down","cdi_words","2A","produces",1,1,"159","2026-03-09 16:05:40","VVI161",630,"m","2/23/26"
"4624","under","cdi_words","2A","produces",1,1,"159","2026-03-09 16:05:40","VVI161",630,"m","2/23/26"
"4625","all","cdi_words","2A","produces",NA,0,"159","2026-03-09 16:05:40","VVI161",630,"m","2/23/26"
"4626","much","cdi_words","2A","produces",NA,0,"159","2026-03-09 16:05:40","VVI161",630,"m","2/23/26"
"4627","could","cdi_words","2A","produces",NA,0,"159","2026-03-09 16:05:40","VVI161",630,"m","2/23/26"
"4628","need","cdi_words","2A","produces",NA,0,"159","2026-03-09 16:05:40","VVI161",630,"m","2/23/26"
"4629","would","cdi_words","2A","produces",NA,0,"159","2026-03-09 16:05:40","VVI161",630,"m","2/23/26"
"4630","if","cdi_words","2A","produces",NA,0,"159","2026-03-09 16:05:40","VVI161",630,"m","2/23/26"
"4631","sock","extra_words","2A","produces",1,1,"248","2026-06-30 13:37:06","VVI216",690,"f","5/24/26"
"4632","bathtub","extra_words","2A","produces",1,1,"248","2026-06-30 13:37:06","VVI216",690,"f","5/24/26"
"4633","shower","extra_words","2A","produces",1,1,"248","2026-06-30 13:37:06","VVI216",690,"f","5/24/26"
"4634","balloon","extra_words","2A","produces",1,1,"248","2026-06-30 13:37:06","VVI216",690,"f","5/24/26"
"4635","dresser","extra_words","2A","produces",NA,0,"248","2026-06-30 13:37:06","VVI216",690,"f","5/24/26"
"4636","kite","extra_words","2A","produces",1,1,"248","2026-06-30 13:37:06","VVI216",690,"f","5/24/26"
"4637","camel","extra_words","2A","produces",1,1,"248","2026-06-30 13:37:06","VVI216",690,"f","5/24/26"
"4638","elephant","extra_words","2A","produces",1,1,"248","2026-06-30 13:37:06","VVI216",690,"f","5/24/26"
"4639","ladybug","extra_words","2A","produces",1,1,"248","2026-06-30 13:37:06","VVI216",690,"f","5/24/26"
"4640","cloud","extra_words","2A","produces",1,1,"248","2026-06-30 13:37:06","VVI216",690,"f","5/24/26"
"4641","tree","extra_words","2A","produces",1,1,"248","2026-06-30 13:37:06","VVI216",690,"f","5/24/26"
"4642","zipper","extra_words","2A","produces",1,1,"248","2026-06-30 13:37:06","VVI216",690,"f","5/24/26"
"4643","crow","extra_words","2A","produces",NA,0,"248","2026-06-30 13:37:06","VVI216",690,"f","5/24/26"
"4644","penguin","extra_words","2A","produces",1,1,"248","2026-06-30 13:37:06","VVI216",690,"f","5/24/26"
"4645","seahorse","extra_words","2A","produces",NA,0,"248","2026-06-30 13:37:06","VVI216",690,"f","5/24/26"
"4646","duck","extra_words","2A","produces",1,1,"248","2026-06-30 13:37:06","VVI216",690,"f","5/24/26"
"4647","chicken","extra_words","2A","produces",1,1,"248","2026-06-30 13:37:06","VVI216",690,"f","5/24/26"
"4648","butterfly","extra_words","2A","produces",1,1,"248","2026-06-30 13:37:06","VVI216",690,"f","5/24/26"
"4649","lizard","extra_words","2A","produces",NA,0,"248","2026-06-30 13:37:06","VVI216",690,"f","5/24/26"
"4650","walrus","extra_words","2A","produces",1,1,"248","2026-06-30 13:37:06","VVI216",690,"f","5/24/26"
"4651","snake","extra_words","2A","produces",1,1,"248","2026-06-30 13:37:06","VVI216",690,"f","5/24/26"
"4652","truck","extra_words","2A","produces",1,1,"248","2026-06-30 13:37:06","VVI216",690,"f","5/24/26"
"4653","car","extra_words","2A","produces",1,1,"248","2026-06-30 13:37:06","VVI216",690,"f","5/24/26"
"4654","airplane","extra_words","2A","produces",1,1,"248","2026-06-30 13:37:06","VVI216",690,"f","5/24/26"
"4655","baa baa","cdi_words","2A","produces",1,1,"248","2026-06-30 13:37:06","VVI216",690,"f","5/24/26"
"4656","meow","cdi_words","2A","produces",1,1,"248","2026-06-30 13:37:06","VVI216",690,"f","5/24/26"
"4657","ouch","cdi_words","2A","produces",1,1,"248","2026-06-30 13:37:06","VVI216",690,"f","5/24/26"
"4658","uh oh","cdi_words","2A","produces",1,1,"248","2026-06-30 13:37:06","VVI216",690,"f","5/24/26"
"4659","woof woof","cdi_words","2A","produces",1,1,"248","2026-06-30 13:37:06","VVI216",690,"f","5/24/26"
"4660","bear","cdi_words","2A","produces",1,1,"248","2026-06-30 13:37:06","VVI216",690,"f","5/24/26"
"4661","bird","cdi_words","2A","produces",1,1,"248","2026-06-30 13:37:06","VVI216",690,"f","5/24/26"
"4662","cat","cdi_words","2A","produces",1,1,"248","2026-06-30 13:37:06","VVI216",690,"f","5/24/26"
"4663","dog","cdi_words","2A","produces",1,1,"248","2026-06-30 13:37:06","VVI216",690,"f","5/24/26"
"4664","duck","cdi_words","2A","produces",1,1,"248","2026-06-30 13:37:06","VVI216",690,"f","5/24/26"
"4665","horse","cdi_words","2A","produces",1,1,"248","2026-06-30 13:37:06","VVI216",690,"f","5/24/26"
"4666","airplane","cdi_words","2A","produces",1,1,"248","2026-06-30 13:37:06","VVI216",690,"f","5/24/26"
"4667","boat","cdi_words","2A","produces",1,1,"248","2026-06-30 13:37:06","VVI216",690,"f","5/24/26"
"4668","car","cdi_words","2A","produces",1,1,"248","2026-06-30 13:37:06","VVI216",690,"f","5/24/26"
"4669","ball","cdi_words","2A","produces",1,1,"248","2026-06-30 13:37:06","VVI216",690,"f","5/24/26"
"4670","book","cdi_words","2A","produces",1,1,"248","2026-06-30 13:37:06","VVI216",690,"f","5/24/26"
"4671","game","cdi_words","2A","produces",1,1,"248","2026-06-30 13:37:06","VVI216",690,"f","5/24/26"
"4672","applesauce","cdi_words","2A","produces",1,1,"248","2026-06-30 13:37:06","VVI216",690,"f","5/24/26"
"4673","candy","cdi_words","2A","produces",1,1,"248","2026-06-30 13:37:06","VVI216",690,"f","5/24/26"
"4674","coke","cdi_words","2A","produces",1,1,"248","2026-06-30 13:37:06","VVI216",690,"f","5/24/26"
"4675","cracker","cdi_words","2A","produces",1,1,"248","2026-06-30 13:37:06","VVI216",690,"f","5/24/26"
"4676","juice","cdi_words","2A","produces",1,1,"248","2026-06-30 13:37:06","VVI216",690,"f","5/24/26"
"4677","meat","cdi_words","2A","produces",1,1,"248","2026-06-30 13:37:06","VVI216",690,"f","5/24/26"
"4678","milk","cdi_words","2A","produces",1,1,"248","2026-06-30 13:37:06","VVI216",690,"f","5/24/26"
"4679","peas","cdi_words","2A","produces",1,1,"248","2026-06-30 13:37:06","VVI216",690,"f","5/24/26"
"4680","hat","cdi_words","2A","produces",1,1,"248","2026-06-30 13:37:06","VVI216",690,"f","5/24/26"
"4681","necklace","cdi_words","2A","produces",NA,0,"248","2026-06-30 13:37:06","VVI216",690,"f","5/24/26"
"4682","shoe","cdi_words","2A","produces",1,1,"248","2026-06-30 13:37:06","VVI216",690,"f","5/24/26"
"4683","sock","cdi_words","2A","produces",1,1,"248","2026-06-30 13:37:06","VVI216",690,"f","5/24/26"
"4684","chin","cdi_words","2A","produces",NA,0,"248","2026-06-30 13:37:06","VVI216",690,"f","5/24/26"
"4685","ear","cdi_words","2A","produces",1,1,"248","2026-06-30 13:37:06","VVI216",690,"f","5/24/26"
"4686","hand","cdi_words","2A","produces",1,1,"248","2026-06-30 13:37:06","VVI216",690,"f","5/24/26"
"4687","leg","cdi_words","2A","produces",1,1,"248","2026-06-30 13:37:06","VVI216",690,"f","5/24/26"
"4688","broom","cdi_words","2A","produces",NA,0,"248","2026-06-30 13:37:06","VVI216",690,"f","5/24/26"
"4689","comb","cdi_words","2A","produces",NA,0,"248","2026-06-30 13:37:06","VVI216",690,"f","5/24/26"
"4690","mop","cdi_words","2A","produces",1,1,"248","2026-06-30 13:37:06","VVI216",690,"f","5/24/26"
"4691","plate","cdi_words","2A","produces",NA,0,"248","2026-06-30 13:37:06","VVI216",690,"f","5/24/26"
"4692","trash","cdi_words","2A","produces",1,1,"248","2026-06-30 13:37:06","VVI216",690,"f","5/24/26"
"4693","tray","cdi_words","2A","produces",NA,0,"248","2026-06-30 13:37:06","VVI216",690,"f","5/24/26"
"4694","towel","cdi_words","2A","produces",1,1,"248","2026-06-30 13:37:06","VVI216",690,"f","5/24/26"
"4695","bed","cdi_words","2A","produces",1,1,"248","2026-06-30 13:37:06","VVI216",690,"f","5/24/26"
"4696","bedroom","cdi_words","2A","produces",1,1,"248","2026-06-30 13:37:06","VVI216",690,"f","5/24/26"
"4697","bench","cdi_words","2A","produces",NA,0,"248","2026-06-30 13:37:06","VVI216",690,"f","5/24/26"
"4698","oven","cdi_words","2A","produces",NA,0,"248","2026-06-30 13:37:06","VVI216",690,"f","5/24/26"
"4699","stairs","cdi_words","2A","produces",1,1,"248","2026-06-30 13:37:06","VVI216",690,"f","5/24/26"
"4700","flag","cdi_words","2A","produces",NA,0,"248","2026-06-30 13:37:06","VVI216",690,"f","5/24/26"
"4701","rain","cdi_words","2A","produces",1,1,"248","2026-06-30 13:37:06","VVI216",690,"f","5/24/26"
"4702","star","cdi_words","2A","produces",1,1,"248","2026-06-30 13:37:06","VVI216",690,"f","5/24/26"
"4703","swing","cdi_words","2A","produces",NA,0,"248","2026-06-30 13:37:06","VVI216",690,"f","5/24/26"
"4704","school","cdi_words","2A","produces",1,1,"248","2026-06-30 13:37:06","VVI216",690,"f","5/24/26"
"4705","sky","cdi_words","2A","produces",1,1,"248","2026-06-30 13:37:06","VVI216",690,"f","5/24/26"
"4706","party","cdi_words","2A","produces",NA,0,"248","2026-06-30 13:37:06","VVI216",690,"f","5/24/26"
"4707","friend","cdi_words","2A","produces",1,1,"248","2026-06-30 13:37:06","VVI216",690,"f","5/24/26"
"4708","mommy","cdi_words","2A","produces",1,1,"248","2026-06-30 13:37:06","VVI216",690,"f","5/24/26"
"4709","person","cdi_words","2A","produces",1,1,"248","2026-06-30 13:37:06","VVI216",690,"f","5/24/26"
"4710","bye","cdi_words","2A","produces",1,1,"248","2026-06-30 13:37:06","VVI216",690,"f","5/24/26"
"4711","hi","cdi_words","2A","produces",1,1,"248","2026-06-30 13:37:06","VVI216",690,"f","5/24/26"
"4712","no","cdi_words","2A","produces",1,1,"248","2026-06-30 13:37:06","VVI216",690,"f","5/24/26"
"4713","shopping","cdi_words","2A","produces",1,1,"248","2026-06-30 13:37:06","VVI216",690,"f","5/24/26"
"4714","thank you","cdi_words","2A","produces",1,1,"248","2026-06-30 13:37:06","VVI216",690,"f","5/24/26"
"4715","carry","cdi_words","2A","produces",1,1,"248","2026-06-30 13:37:06","VVI216",690,"f","5/24/26"
"4716","chase","cdi_words","2A","produces",1,1,"248","2026-06-30 13:37:06","VVI216",690,"f","5/24/26"
"4717","dump","cdi_words","2A","produces",1,1,"248","2026-06-30 13:37:06","VVI216",690,"f","5/24/26"
"4718","finish","cdi_words","2A","produces",1,1,"248","2026-06-30 13:37:06","VVI216",690,"f","5/24/26"
"4719","fit","cdi_words","2A","produces",1,1,"248","2026-06-30 13:37:06","VVI216",690,"f","5/24/26"
"4720","hug","cdi_words","2A","produces",1,1,"248","2026-06-30 13:37:06","VVI216",690,"f","5/24/26"
"4721","listen","cdi_words","2A","produces",1,1,"248","2026-06-30 13:37:06","VVI216",690,"f","5/24/26"
"4722","like","cdi_words","2A","produces",1,1,"248","2026-06-30 13:37:06","VVI216",690,"f","5/24/26"
"4723","pretend","cdi_words","2A","produces",1,1,"248","2026-06-30 13:37:06","VVI216",690,"f","5/24/26"
"4724","rip","cdi_words","2A","produces",1,1,"248","2026-06-30 13:37:06","VVI216",690,"f","5/24/26"
"4725","shake","cdi_words","2A","produces",1,1,"248","2026-06-30 13:37:06","VVI216",690,"f","5/24/26"
"4726","taste","cdi_words","2A","produces",1,1,"248","2026-06-30 13:37:06","VVI216",690,"f","5/24/26"
"4727","gentle","cdi_words","2A","produces",1,1,"248","2026-06-30 13:37:06","VVI216",690,"f","5/24/26"
"4728","think","cdi_words","2A","produces",NA,0,"248","2026-06-30 13:37:06","VVI216",690,"f","5/24/26"
"4729","wish","cdi_words","2A","produces",1,1,"248","2026-06-30 13:37:06","VVI216",690,"f","5/24/26"
"4730","all gone","cdi_words","2A","produces",1,1,"248","2026-06-30 13:37:06","VVI216",690,"f","5/24/26"
"4731","cold","cdi_words","2A","produces",1,1,"248","2026-06-30 13:37:06","VVI216",690,"f","5/24/26"
"4732","fast","cdi_words","2A","produces",1,1,"248","2026-06-30 13:37:06","VVI216",690,"f","5/24/26"
"4733","happy","cdi_words","2A","produces",1,1,"248","2026-06-30 13:37:06","VVI216",690,"f","5/24/26"
"4734","hot","cdi_words","2A","produces",1,1,"248","2026-06-30 13:37:06","VVI216",690,"f","5/24/26"
"4735","last","cdi_words","2A","produces",1,1,"248","2026-06-30 13:37:06","VVI216",690,"f","5/24/26"
"4736","tiny","cdi_words","2A","produces",1,1,"248","2026-06-30 13:37:06","VVI216",690,"f","5/24/26"
"4737","wet","cdi_words","2A","produces",1,1,"248","2026-06-30 13:37:06","VVI216",690,"f","5/24/26"
"4738","after","cdi_words","2A","produces",NA,0,"248","2026-06-30 13:37:06","VVI216",690,"f","5/24/26"
"4739","day","cdi_words","2A","produces",1,1,"248","2026-06-30 13:37:06","VVI216",690,"f","5/24/26"
"4740","tonight","cdi_words","2A","produces",NA,0,"248","2026-06-30 13:37:06","VVI216",690,"f","5/24/26"
"4741","our","cdi_words","2A","produces",NA,0,"248","2026-06-30 13:37:06","VVI216",690,"f","5/24/26"
"4742","them","cdi_words","2A","produces",NA,0,"248","2026-06-30 13:37:06","VVI216",690,"f","5/24/26"
"4743","this","cdi_words","2A","produces",NA,0,"248","2026-06-30 13:37:06","VVI216",690,"f","5/24/26"
"4744","us","cdi_words","2A","produces",NA,0,"248","2026-06-30 13:37:06","VVI216",690,"f","5/24/26"
"4745","where","cdi_words","2A","produces",NA,0,"248","2026-06-30 13:37:06","VVI216",690,"f","5/24/26"
"4746","beside","cdi_words","2A","produces",NA,0,"248","2026-06-30 13:37:06","VVI216",690,"f","5/24/26"
"4747","down","cdi_words","2A","produces",1,1,"248","2026-06-30 13:37:06","VVI216",690,"f","5/24/26"
"4748","under","cdi_words","2A","produces",NA,0,"248","2026-06-30 13:37:06","VVI216",690,"f","5/24/26"
"4749","all","cdi_words","2A","produces",1,1,"248","2026-06-30 13:37:06","VVI216",690,"f","5/24/26"
"4750","much","cdi_words","2A","produces",NA,0,"248","2026-06-30 13:37:06","VVI216",690,"f","5/24/26"
"4751","could","cdi_words","2A","produces",NA,0,"248","2026-06-30 13:37:06","VVI216",690,"f","5/24/26"
"4752","need","cdi_words","2A","produces",NA,0,"248","2026-06-30 13:37:06","VVI216",690,"f","5/24/26"
"4753","would","cdi_words","2A","produces",NA,0,"248","2026-06-30 13:37:06","VVI216",690,"f","5/24/26"
"4754","if","cdi_words","2A","produces",NA,0,"248","2026-06-30 13:37:06","VVI216",690,"f","5/24/26"
"4755","sock","extra_words","2A","produces",1,1,"357","2026-04-28 18:46:17","VVI199",570,"f","4/22/26"
"4756","bathtub","extra_words","2A","produces",1,1,"357","2026-04-28 18:46:17","VVI199",570,"f","4/22/26"
"4757","shower","extra_words","2A","produces",1,1,"357","2026-04-28 18:46:17","VVI199",570,"f","4/22/26"
"4758","balloon","extra_words","2A","produces",NA,0,"357","2026-04-28 18:46:17","VVI199",570,"f","4/22/26"
"4759","dresser","extra_words","2A","produces",NA,0,"357","2026-04-28 18:46:17","VVI199",570,"f","4/22/26"
"4760","kite","extra_words","2A","produces",NA,0,"357","2026-04-28 18:46:17","VVI199",570,"f","4/22/26"
"4761","camel","extra_words","2A","produces",NA,0,"357","2026-04-28 18:46:17","VVI199",570,"f","4/22/26"
"4762","elephant","extra_words","2A","produces",NA,0,"357","2026-04-28 18:46:17","VVI199",570,"f","4/22/26"
"4763","ladybug","extra_words","2A","produces",NA,0,"357","2026-04-28 18:46:17","VVI199",570,"f","4/22/26"
"4764","cloud","extra_words","2A","produces",NA,0,"357","2026-04-28 18:46:17","VVI199",570,"f","4/22/26"
"4765","tree","extra_words","2A","produces",1,1,"357","2026-04-28 18:46:17","VVI199",570,"f","4/22/26"
"4766","zipper","extra_words","2A","produces",NA,0,"357","2026-04-28 18:46:17","VVI199",570,"f","4/22/26"
"4767","crow","extra_words","2A","produces",NA,0,"357","2026-04-28 18:46:17","VVI199",570,"f","4/22/26"
"4768","penguin","extra_words","2A","produces",1,1,"357","2026-04-28 18:46:17","VVI199",570,"f","4/22/26"
"4769","seahorse","extra_words","2A","produces",NA,0,"357","2026-04-28 18:46:17","VVI199",570,"f","4/22/26"
"4770","duck","extra_words","2A","produces",1,1,"357","2026-04-28 18:46:17","VVI199",570,"f","4/22/26"
"4771","chicken","extra_words","2A","produces",1,1,"357","2026-04-28 18:46:17","VVI199",570,"f","4/22/26"
"4772","butterfly","extra_words","2A","produces",1,1,"357","2026-04-28 18:46:17","VVI199",570,"f","4/22/26"
"4773","lizard","extra_words","2A","produces",NA,0,"357","2026-04-28 18:46:17","VVI199",570,"f","4/22/26"
"4774","walrus","extra_words","2A","produces",1,1,"357","2026-04-28 18:46:17","VVI199",570,"f","4/22/26"
"4775","snake","extra_words","2A","produces",NA,0,"357","2026-04-28 18:46:17","VVI199",570,"f","4/22/26"
"4776","truck","extra_words","2A","produces",1,1,"357","2026-04-28 18:46:17","VVI199",570,"f","4/22/26"
"4777","car","extra_words","2A","produces",1,1,"357","2026-04-28 18:46:17","VVI199",570,"f","4/22/26"
"4778","airplane","extra_words","2A","produces",1,1,"357","2026-04-28 18:46:17","VVI199",570,"f","4/22/26"
"4779","baa baa","cdi_words","2A","produces",1,1,"357","2026-04-28 18:46:17","VVI199",570,"f","4/22/26"
"4780","meow","cdi_words","2A","produces",1,1,"357","2026-04-28 18:46:17","VVI199",570,"f","4/22/26"
"4781","ouch","cdi_words","2A","produces",1,1,"357","2026-04-28 18:46:17","VVI199",570,"f","4/22/26"
"4782","uh oh","cdi_words","2A","produces",1,1,"357","2026-04-28 18:46:17","VVI199",570,"f","4/22/26"
"4783","woof woof","cdi_words","2A","produces",1,1,"357","2026-04-28 18:46:17","VVI199",570,"f","4/22/26"
"4784","bear","cdi_words","2A","produces",1,1,"357","2026-04-28 18:46:17","VVI199",570,"f","4/22/26"
"4785","bird","cdi_words","2A","produces",1,1,"357","2026-04-28 18:46:17","VVI199",570,"f","4/22/26"
"4786","cat","cdi_words","2A","produces",1,1,"357","2026-04-28 18:46:17","VVI199",570,"f","4/22/26"
"4787","dog","cdi_words","2A","produces",1,1,"357","2026-04-28 18:46:17","VVI199",570,"f","4/22/26"
"4788","duck","cdi_words","2A","produces",1,1,"357","2026-04-28 18:46:17","VVI199",570,"f","4/22/26"
"4789","horse","cdi_words","2A","produces",NA,0,"357","2026-04-28 18:46:17","VVI199",570,"f","4/22/26"
"4790","airplane","cdi_words","2A","produces",1,1,"357","2026-04-28 18:46:17","VVI199",570,"f","4/22/26"
"4791","boat","cdi_words","2A","produces",NA,0,"357","2026-04-28 18:46:17","VVI199",570,"f","4/22/26"
"4792","car","cdi_words","2A","produces",1,1,"357","2026-04-28 18:46:17","VVI199",570,"f","4/22/26"
"4793","ball","cdi_words","2A","produces",1,1,"357","2026-04-28 18:46:17","VVI199",570,"f","4/22/26"
"4794","book","cdi_words","2A","produces",1,1,"357","2026-04-28 18:46:17","VVI199",570,"f","4/22/26"
"4795","game","cdi_words","2A","produces",NA,0,"357","2026-04-28 18:46:17","VVI199",570,"f","4/22/26"
"4796","applesauce","cdi_words","2A","produces",NA,0,"357","2026-04-28 18:46:17","VVI199",570,"f","4/22/26"
"4797","candy","cdi_words","2A","produces",NA,0,"357","2026-04-28 18:46:17","VVI199",570,"f","4/22/26"
"4798","coke","cdi_words","2A","produces",NA,0,"357","2026-04-28 18:46:17","VVI199",570,"f","4/22/26"
"4799","cracker","cdi_words","2A","produces",1,1,"357","2026-04-28 18:46:17","VVI199",570,"f","4/22/26"
"4800","juice","cdi_words","2A","produces",1,1,"357","2026-04-28 18:46:17","VVI199",570,"f","4/22/26"
"4801","meat","cdi_words","2A","produces",NA,0,"357","2026-04-28 18:46:17","VVI199",570,"f","4/22/26"
"4802","milk","cdi_words","2A","produces",1,1,"357","2026-04-28 18:46:17","VVI199",570,"f","4/22/26"
"4803","peas","cdi_words","2A","produces",NA,0,"357","2026-04-28 18:46:17","VVI199",570,"f","4/22/26"
"4804","hat","cdi_words","2A","produces",1,1,"357","2026-04-28 18:46:17","VVI199",570,"f","4/22/26"
"4805","necklace","cdi_words","2A","produces",NA,0,"357","2026-04-28 18:46:17","VVI199",570,"f","4/22/26"
"4806","shoe","cdi_words","2A","produces",1,1,"357","2026-04-28 18:46:17","VVI199",570,"f","4/22/26"
"4807","sock","cdi_words","2A","produces",1,1,"357","2026-04-28 18:46:17","VVI199",570,"f","4/22/26"
"4808","chin","cdi_words","2A","produces",NA,0,"357","2026-04-28 18:46:17","VVI199",570,"f","4/22/26"
"4809","ear","cdi_words","2A","produces",1,1,"357","2026-04-28 18:46:17","VVI199",570,"f","4/22/26"
"4810","hand","cdi_words","2A","produces",1,1,"357","2026-04-28 18:46:17","VVI199",570,"f","4/22/26"
"4811","leg","cdi_words","2A","produces",1,1,"357","2026-04-28 18:46:17","VVI199",570,"f","4/22/26"
"4812","broom","cdi_words","2A","produces",NA,0,"357","2026-04-28 18:46:17","VVI199",570,"f","4/22/26"
"4813","comb","cdi_words","2A","produces",NA,0,"357","2026-04-28 18:46:17","VVI199",570,"f","4/22/26"
"4814","mop","cdi_words","2A","produces",NA,0,"357","2026-04-28 18:46:17","VVI199",570,"f","4/22/26"
"4815","plate","cdi_words","2A","produces",1,1,"357","2026-04-28 18:46:17","VVI199",570,"f","4/22/26"
"4816","trash","cdi_words","2A","produces",1,1,"357","2026-04-28 18:46:17","VVI199",570,"f","4/22/26"
"4817","tray","cdi_words","2A","produces",NA,0,"357","2026-04-28 18:46:17","VVI199",570,"f","4/22/26"
"4818","towel","cdi_words","2A","produces",1,1,"357","2026-04-28 18:46:17","VVI199",570,"f","4/22/26"
"4819","bed","cdi_words","2A","produces",1,1,"357","2026-04-28 18:46:17","VVI199",570,"f","4/22/26"
"4820","bedroom","cdi_words","2A","produces",NA,0,"357","2026-04-28 18:46:17","VVI199",570,"f","4/22/26"
"4821","bench","cdi_words","2A","produces",NA,0,"357","2026-04-28 18:46:17","VVI199",570,"f","4/22/26"
"4822","oven","cdi_words","2A","produces",NA,0,"357","2026-04-28 18:46:17","VVI199",570,"f","4/22/26"
"4823","stairs","cdi_words","2A","produces",NA,0,"357","2026-04-28 18:46:17","VVI199",570,"f","4/22/26"
"4824","flag","cdi_words","2A","produces",NA,0,"357","2026-04-28 18:46:17","VVI199",570,"f","4/22/26"
"4825","rain","cdi_words","2A","produces",1,1,"357","2026-04-28 18:46:17","VVI199",570,"f","4/22/26"
"4826","star","cdi_words","2A","produces",NA,0,"357","2026-04-28 18:46:17","VVI199",570,"f","4/22/26"
"4827","swing","cdi_words","2A","produces",1,1,"357","2026-04-28 18:46:17","VVI199",570,"f","4/22/26"
"4828","school","cdi_words","2A","produces",NA,0,"357","2026-04-28 18:46:17","VVI199",570,"f","4/22/26"
"4829","sky","cdi_words","2A","produces",NA,0,"357","2026-04-28 18:46:17","VVI199",570,"f","4/22/26"
"4830","party","cdi_words","2A","produces",NA,0,"357","2026-04-28 18:46:17","VVI199",570,"f","4/22/26"
"4831","friend","cdi_words","2A","produces",NA,0,"357","2026-04-28 18:46:17","VVI199",570,"f","4/22/26"
"4832","mommy","cdi_words","2A","produces",1,1,"357","2026-04-28 18:46:17","VVI199",570,"f","4/22/26"
"4833","person","cdi_words","2A","produces",NA,0,"357","2026-04-28 18:46:17","VVI199",570,"f","4/22/26"
"4834","bye","cdi_words","2A","produces",1,1,"357","2026-04-28 18:46:17","VVI199",570,"f","4/22/26"
"4835","hi","cdi_words","2A","produces",1,1,"357","2026-04-28 18:46:17","VVI199",570,"f","4/22/26"
"4836","no","cdi_words","2A","produces",1,1,"357","2026-04-28 18:46:17","VVI199",570,"f","4/22/26"
"4837","shopping","cdi_words","2A","produces",NA,0,"357","2026-04-28 18:46:17","VVI199",570,"f","4/22/26"
"4838","thank you","cdi_words","2A","produces",1,1,"357","2026-04-28 18:46:17","VVI199",570,"f","4/22/26"
"4839","carry","cdi_words","2A","produces",NA,0,"357","2026-04-28 18:46:17","VVI199",570,"f","4/22/26"
"4840","chase","cdi_words","2A","produces",NA,0,"357","2026-04-28 18:46:17","VVI199",570,"f","4/22/26"
"4841","dump","cdi_words","2A","produces",NA,0,"357","2026-04-28 18:46:17","VVI199",570,"f","4/22/26"
"4842","finish","cdi_words","2A","produces",NA,0,"357","2026-04-28 18:46:17","VVI199",570,"f","4/22/26"
"4843","fit","cdi_words","2A","produces",NA,0,"357","2026-04-28 18:46:17","VVI199",570,"f","4/22/26"
"4844","hug","cdi_words","2A","produces",1,1,"357","2026-04-28 18:46:17","VVI199",570,"f","4/22/26"
"4845","listen","cdi_words","2A","produces",NA,0,"357","2026-04-28 18:46:17","VVI199",570,"f","4/22/26"
"4846","like","cdi_words","2A","produces",NA,0,"357","2026-04-28 18:46:17","VVI199",570,"f","4/22/26"
"4847","pretend","cdi_words","2A","produces",NA,0,"357","2026-04-28 18:46:17","VVI199",570,"f","4/22/26"
"4848","rip","cdi_words","2A","produces",NA,0,"357","2026-04-28 18:46:17","VVI199",570,"f","4/22/26"
"4849","shake","cdi_words","2A","produces",1,1,"357","2026-04-28 18:46:17","VVI199",570,"f","4/22/26"
"4850","taste","cdi_words","2A","produces",NA,0,"357","2026-04-28 18:46:17","VVI199",570,"f","4/22/26"
"4851","gentle","cdi_words","2A","produces",1,1,"357","2026-04-28 18:46:17","VVI199",570,"f","4/22/26"
"4852","think","cdi_words","2A","produces",NA,0,"357","2026-04-28 18:46:17","VVI199",570,"f","4/22/26"
"4853","wish","cdi_words","2A","produces",NA,0,"357","2026-04-28 18:46:17","VVI199",570,"f","4/22/26"
"4854","all gone","cdi_words","2A","produces",1,1,"357","2026-04-28 18:46:17","VVI199",570,"f","4/22/26"
"4855","cold","cdi_words","2A","produces",1,1,"357","2026-04-28 18:46:17","VVI199",570,"f","4/22/26"
"4856","fast","cdi_words","2A","produces",1,1,"357","2026-04-28 18:46:17","VVI199",570,"f","4/22/26"
"4857","happy","cdi_words","2A","produces",NA,0,"357","2026-04-28 18:46:17","VVI199",570,"f","4/22/26"
"4858","hot","cdi_words","2A","produces",1,1,"357","2026-04-28 18:46:17","VVI199",570,"f","4/22/26"
"4859","last","cdi_words","2A","produces",NA,0,"357","2026-04-28 18:46:17","VVI199",570,"f","4/22/26"
"4860","tiny","cdi_words","2A","produces",NA,0,"357","2026-04-28 18:46:17","VVI199",570,"f","4/22/26"
"4861","wet","cdi_words","2A","produces",1,1,"357","2026-04-28 18:46:17","VVI199",570,"f","4/22/26"
"4862","after","cdi_words","2A","produces",NA,0,"357","2026-04-28 18:46:17","VVI199",570,"f","4/22/26"
"4863","day","cdi_words","2A","produces",NA,0,"357","2026-04-28 18:46:17","VVI199",570,"f","4/22/26"
"4864","tonight","cdi_words","2A","produces",NA,0,"357","2026-04-28 18:46:17","VVI199",570,"f","4/22/26"
"4865","our","cdi_words","2A","produces",NA,0,"357","2026-04-28 18:46:17","VVI199",570,"f","4/22/26"
"4866","them","cdi_words","2A","produces",NA,0,"357","2026-04-28 18:46:17","VVI199",570,"f","4/22/26"
"4867","this","cdi_words","2A","produces",1,1,"357","2026-04-28 18:46:17","VVI199",570,"f","4/22/26"
"4868","us","cdi_words","2A","produces",NA,0,"357","2026-04-28 18:46:17","VVI199",570,"f","4/22/26"
"4869","where","cdi_words","2A","produces",NA,0,"357","2026-04-28 18:46:17","VVI199",570,"f","4/22/26"
"4870","beside","cdi_words","2A","produces",NA,0,"357","2026-04-28 18:46:17","VVI199",570,"f","4/22/26"
"4871","down","cdi_words","2A","produces",1,1,"357","2026-04-28 18:46:17","VVI199",570,"f","4/22/26"
"4872","under","cdi_words","2A","produces",NA,0,"357","2026-04-28 18:46:17","VVI199",570,"f","4/22/26"
"4873","all","cdi_words","2A","produces",NA,0,"357","2026-04-28 18:46:17","VVI199",570,"f","4/22/26"
"4874","much","cdi_words","2A","produces",NA,0,"357","2026-04-28 18:46:17","VVI199",570,"f","4/22/26"
"4875","could","cdi_words","2A","produces",NA,0,"357","2026-04-28 18:46:17","VVI199",570,"f","4/22/26"
"4876","need","cdi_words","2A","produces",NA,0,"357","2026-04-28 18:46:17","VVI199",570,"f","4/22/26"
"4877","would","cdi_words","2A","produces",NA,0,"357","2026-04-28 18:46:17","VVI199",570,"f","4/22/26"
"4878","if","cdi_words","2A","produces",NA,0,"357","2026-04-28 18:46:17","VVI199",570,"f","4/22/26"
"4879","sock","extra_words","2A","produces",1,1,"178","2026-02-19 14:13:41","VVI152",600,"f","2/19/26"
"4880","bathtub","extra_words","2A","produces",1,1,"178","2026-02-19 14:13:41","VVI152",600,"f","2/19/26"
"4881","shower","extra_words","2A","produces",NA,0,"178","2026-02-19 14:13:41","VVI152",600,"f","2/19/26"
"4882","balloon","extra_words","2A","produces",1,1,"178","2026-02-19 14:13:41","VVI152",600,"f","2/19/26"
"4883","dresser","extra_words","2A","produces",NA,0,"178","2026-02-19 14:13:41","VVI152",600,"f","2/19/26"
"4884","kite","extra_words","2A","produces",NA,0,"178","2026-02-19 14:13:41","VVI152",600,"f","2/19/26"
"4885","camel","extra_words","2A","produces",NA,0,"178","2026-02-19 14:13:41","VVI152",600,"f","2/19/26"
"4886","elephant","extra_words","2A","produces",1,1,"178","2026-02-19 14:13:41","VVI152",600,"f","2/19/26"
"4887","ladybug","extra_words","2A","produces",1,1,"178","2026-02-19 14:13:41","VVI152",600,"f","2/19/26"
"4888","cloud","extra_words","2A","produces",NA,0,"178","2026-02-19 14:13:41","VVI152",600,"f","2/19/26"
"4889","tree","extra_words","2A","produces",NA,0,"178","2026-02-19 14:13:41","VVI152",600,"f","2/19/26"
"4890","zipper","extra_words","2A","produces",NA,0,"178","2026-02-19 14:13:41","VVI152",600,"f","2/19/26"
"4891","crow","extra_words","2A","produces",1,1,"178","2026-02-19 14:13:41","VVI152",600,"f","2/19/26"
"4892","penguin","extra_words","2A","produces",NA,0,"178","2026-02-19 14:13:41","VVI152",600,"f","2/19/26"
"4893","seahorse","extra_words","2A","produces",NA,0,"178","2026-02-19 14:13:41","VVI152",600,"f","2/19/26"
"4894","duck","extra_words","2A","produces",1,1,"178","2026-02-19 14:13:41","VVI152",600,"f","2/19/26"
"4895","chicken","extra_words","2A","produces",1,1,"178","2026-02-19 14:13:41","VVI152",600,"f","2/19/26"
"4896","butterfly","extra_words","2A","produces",1,1,"178","2026-02-19 14:13:41","VVI152",600,"f","2/19/26"
"4897","lizard","extra_words","2A","produces",1,1,"178","2026-02-19 14:13:41","VVI152",600,"f","2/19/26"
"4898","walrus","extra_words","2A","produces",NA,0,"178","2026-02-19 14:13:41","VVI152",600,"f","2/19/26"
"4899","snake","extra_words","2A","produces",1,1,"178","2026-02-19 14:13:41","VVI152",600,"f","2/19/26"
"4900","truck","extra_words","2A","produces",1,1,"178","2026-02-19 14:13:41","VVI152",600,"f","2/19/26"
"4901","car","extra_words","2A","produces",1,1,"178","2026-02-19 14:13:41","VVI152",600,"f","2/19/26"
"4902","airplane","extra_words","2A","produces",1,1,"178","2026-02-19 14:13:41","VVI152",600,"f","2/19/26"
"4903","baa baa","cdi_words","2A","produces",1,1,"178","2026-02-19 14:13:41","VVI152",600,"f","2/19/26"
"4904","meow","cdi_words","2A","produces",1,1,"178","2026-02-19 14:13:41","VVI152",600,"f","2/19/26"
"4905","ouch","cdi_words","2A","produces",1,1,"178","2026-02-19 14:13:41","VVI152",600,"f","2/19/26"
"4906","uh oh","cdi_words","2A","produces",1,1,"178","2026-02-19 14:13:41","VVI152",600,"f","2/19/26"
"4907","woof woof","cdi_words","2A","produces",1,1,"178","2026-02-19 14:13:41","VVI152",600,"f","2/19/26"
"4908","bear","cdi_words","2A","produces",1,1,"178","2026-02-19 14:13:41","VVI152",600,"f","2/19/26"
"4909","bird","cdi_words","2A","produces",1,1,"178","2026-02-19 14:13:41","VVI152",600,"f","2/19/26"
"4910","cat","cdi_words","2A","produces",1,1,"178","2026-02-19 14:13:41","VVI152",600,"f","2/19/26"
"4911","dog","cdi_words","2A","produces",1,1,"178","2026-02-19 14:13:41","VVI152",600,"f","2/19/26"
"4912","duck","cdi_words","2A","produces",1,1,"178","2026-02-19 14:13:41","VVI152",600,"f","2/19/26"
"4913","horse","cdi_words","2A","produces",1,1,"178","2026-02-19 14:13:41","VVI152",600,"f","2/19/26"
"4914","airplane","cdi_words","2A","produces",1,1,"178","2026-02-19 14:13:41","VVI152",600,"f","2/19/26"
"4915","boat","cdi_words","2A","produces",NA,0,"178","2026-02-19 14:13:41","VVI152",600,"f","2/19/26"
"4916","car","cdi_words","2A","produces",1,1,"178","2026-02-19 14:13:41","VVI152",600,"f","2/19/26"
"4917","ball","cdi_words","2A","produces",1,1,"178","2026-02-19 14:13:41","VVI152",600,"f","2/19/26"
"4918","book","cdi_words","2A","produces",1,1,"178","2026-02-19 14:13:41","VVI152",600,"f","2/19/26"
"4919","game","cdi_words","2A","produces",NA,0,"178","2026-02-19 14:13:41","VVI152",600,"f","2/19/26"
"4920","applesauce","cdi_words","2A","produces",NA,0,"178","2026-02-19 14:13:41","VVI152",600,"f","2/19/26"
"4921","candy","cdi_words","2A","produces",NA,0,"178","2026-02-19 14:13:41","VVI152",600,"f","2/19/26"
"4922","coke","cdi_words","2A","produces",NA,0,"178","2026-02-19 14:13:41","VVI152",600,"f","2/19/26"
"4923","cracker","cdi_words","2A","produces",1,1,"178","2026-02-19 14:13:41","VVI152",600,"f","2/19/26"
"4924","juice","cdi_words","2A","produces",NA,0,"178","2026-02-19 14:13:41","VVI152",600,"f","2/19/26"
"4925","meat","cdi_words","2A","produces",NA,0,"178","2026-02-19 14:13:41","VVI152",600,"f","2/19/26"
"4926","milk","cdi_words","2A","produces",1,1,"178","2026-02-19 14:13:41","VVI152",600,"f","2/19/26"
"4927","peas","cdi_words","2A","produces",NA,0,"178","2026-02-19 14:13:41","VVI152",600,"f","2/19/26"
"4928","hat","cdi_words","2A","produces",1,1,"178","2026-02-19 14:13:41","VVI152",600,"f","2/19/26"
"4929","necklace","cdi_words","2A","produces",NA,0,"178","2026-02-19 14:13:41","VVI152",600,"f","2/19/26"
"4930","shoe","cdi_words","2A","produces",1,1,"178","2026-02-19 14:13:41","VVI152",600,"f","2/19/26"
"4931","sock","cdi_words","2A","produces",1,1,"178","2026-02-19 14:13:41","VVI152",600,"f","2/19/26"
"4932","chin","cdi_words","2A","produces",NA,0,"178","2026-02-19 14:13:41","VVI152",600,"f","2/19/26"
"4933","ear","cdi_words","2A","produces",NA,0,"178","2026-02-19 14:13:41","VVI152",600,"f","2/19/26"
"4934","hand","cdi_words","2A","produces",NA,0,"178","2026-02-19 14:13:41","VVI152",600,"f","2/19/26"
"4935","leg","cdi_words","2A","produces",NA,0,"178","2026-02-19 14:13:41","VVI152",600,"f","2/19/26"
"4936","broom","cdi_words","2A","produces",NA,0,"178","2026-02-19 14:13:41","VVI152",600,"f","2/19/26"
"4937","comb","cdi_words","2A","produces",NA,0,"178","2026-02-19 14:13:41","VVI152",600,"f","2/19/26"
"4938","mop","cdi_words","2A","produces",NA,0,"178","2026-02-19 14:13:41","VVI152",600,"f","2/19/26"
"4939","plate","cdi_words","2A","produces",1,1,"178","2026-02-19 14:13:41","VVI152",600,"f","2/19/26"
"4940","trash","cdi_words","2A","produces",NA,0,"178","2026-02-19 14:13:41","VVI152",600,"f","2/19/26"
"4941","tray","cdi_words","2A","produces",NA,0,"178","2026-02-19 14:13:41","VVI152",600,"f","2/19/26"
"4942","towel","cdi_words","2A","produces",NA,0,"178","2026-02-19 14:13:41","VVI152",600,"f","2/19/26"
"4943","bed","cdi_words","2A","produces",NA,0,"178","2026-02-19 14:13:41","VVI152",600,"f","2/19/26"
"4944","bedroom","cdi_words","2A","produces",NA,0,"178","2026-02-19 14:13:41","VVI152",600,"f","2/19/26"
"4945","bench","cdi_words","2A","produces",NA,0,"178","2026-02-19 14:13:41","VVI152",600,"f","2/19/26"
"4946","oven","cdi_words","2A","produces",NA,0,"178","2026-02-19 14:13:41","VVI152",600,"f","2/19/26"
"4947","stairs","cdi_words","2A","produces",NA,0,"178","2026-02-19 14:13:41","VVI152",600,"f","2/19/26"
"4948","flag","cdi_words","2A","produces",1,1,"178","2026-02-19 14:13:41","VVI152",600,"f","2/19/26"
"4949","rain","cdi_words","2A","produces",1,1,"178","2026-02-19 14:13:41","VVI152",600,"f","2/19/26"
"4950","star","cdi_words","2A","produces",1,1,"178","2026-02-19 14:13:41","VVI152",600,"f","2/19/26"
"4951","swing","cdi_words","2A","produces",NA,0,"178","2026-02-19 14:13:41","VVI152",600,"f","2/19/26"
"4952","school","cdi_words","2A","produces",NA,0,"178","2026-02-19 14:13:41","VVI152",600,"f","2/19/26"
"4953","sky","cdi_words","2A","produces",NA,0,"178","2026-02-19 14:13:41","VVI152",600,"f","2/19/26"
"4954","party","cdi_words","2A","produces",NA,0,"178","2026-02-19 14:13:41","VVI152",600,"f","2/19/26"
"4955","friend","cdi_words","2A","produces",NA,0,"178","2026-02-19 14:13:41","VVI152",600,"f","2/19/26"
"4956","mommy","cdi_words","2A","produces",1,1,"178","2026-02-19 14:13:41","VVI152",600,"f","2/19/26"
"4957","person","cdi_words","2A","produces",NA,0,"178","2026-02-19 14:13:41","VVI152",600,"f","2/19/26"
"4958","bye","cdi_words","2A","produces",1,1,"178","2026-02-19 14:13:41","VVI152",600,"f","2/19/26"
"4959","hi","cdi_words","2A","produces",1,1,"178","2026-02-19 14:13:41","VVI152",600,"f","2/19/26"
"4960","no","cdi_words","2A","produces",1,1,"178","2026-02-19 14:13:41","VVI152",600,"f","2/19/26"
"4961","shopping","cdi_words","2A","produces",NA,0,"178","2026-02-19 14:13:41","VVI152",600,"f","2/19/26"
"4962","thank you","cdi_words","2A","produces",1,1,"178","2026-02-19 14:13:41","VVI152",600,"f","2/19/26"
"4963","carry","cdi_words","2A","produces",NA,0,"178","2026-02-19 14:13:41","VVI152",600,"f","2/19/26"
"4964","chase","cdi_words","2A","produces",NA,0,"178","2026-02-19 14:13:41","VVI152",600,"f","2/19/26"
"4965","dump","cdi_words","2A","produces",NA,0,"178","2026-02-19 14:13:41","VVI152",600,"f","2/19/26"
"4966","finish","cdi_words","2A","produces",1,1,"178","2026-02-19 14:13:41","VVI152",600,"f","2/19/26"
"4967","fit","cdi_words","2A","produces",NA,0,"178","2026-02-19 14:13:41","VVI152",600,"f","2/19/26"
"4968","hug","cdi_words","2A","produces",NA,0,"178","2026-02-19 14:13:41","VVI152",600,"f","2/19/26"
"4969","listen","cdi_words","2A","produces",NA,0,"178","2026-02-19 14:13:41","VVI152",600,"f","2/19/26"
"4970","like","cdi_words","2A","produces",NA,0,"178","2026-02-19 14:13:41","VVI152",600,"f","2/19/26"
"4971","pretend","cdi_words","2A","produces",NA,0,"178","2026-02-19 14:13:41","VVI152",600,"f","2/19/26"
"4972","rip","cdi_words","2A","produces",NA,0,"178","2026-02-19 14:13:41","VVI152",600,"f","2/19/26"
"4973","shake","cdi_words","2A","produces",1,1,"178","2026-02-19 14:13:41","VVI152",600,"f","2/19/26"
"4974","taste","cdi_words","2A","produces",NA,0,"178","2026-02-19 14:13:41","VVI152",600,"f","2/19/26"
"4975","gentle","cdi_words","2A","produces",1,1,"178","2026-02-19 14:13:41","VVI152",600,"f","2/19/26"
"4976","think","cdi_words","2A","produces",NA,0,"178","2026-02-19 14:13:41","VVI152",600,"f","2/19/26"
"4977","wish","cdi_words","2A","produces",NA,0,"178","2026-02-19 14:13:41","VVI152",600,"f","2/19/26"
"4978","all gone","cdi_words","2A","produces",1,1,"178","2026-02-19 14:13:41","VVI152",600,"f","2/19/26"
"4979","cold","cdi_words","2A","produces",1,1,"178","2026-02-19 14:13:41","VVI152",600,"f","2/19/26"
"4980","fast","cdi_words","2A","produces",1,1,"178","2026-02-19 14:13:41","VVI152",600,"f","2/19/26"
"4981","happy","cdi_words","2A","produces",1,1,"178","2026-02-19 14:13:41","VVI152",600,"f","2/19/26"
"4982","hot","cdi_words","2A","produces",1,1,"178","2026-02-19 14:13:41","VVI152",600,"f","2/19/26"
"4983","last","cdi_words","2A","produces",NA,0,"178","2026-02-19 14:13:41","VVI152",600,"f","2/19/26"
"4984","tiny","cdi_words","2A","produces",1,1,"178","2026-02-19 14:13:41","VVI152",600,"f","2/19/26"
"4985","wet","cdi_words","2A","produces",NA,0,"178","2026-02-19 14:13:41","VVI152",600,"f","2/19/26"
"4986","after","cdi_words","2A","produces",NA,0,"178","2026-02-19 14:13:41","VVI152",600,"f","2/19/26"
"4987","day","cdi_words","2A","produces",NA,0,"178","2026-02-19 14:13:41","VVI152",600,"f","2/19/26"
"4988","tonight","cdi_words","2A","produces",NA,0,"178","2026-02-19 14:13:41","VVI152",600,"f","2/19/26"
"4989","our","cdi_words","2A","produces",NA,0,"178","2026-02-19 14:13:41","VVI152",600,"f","2/19/26"
"4990","them","cdi_words","2A","produces",NA,0,"178","2026-02-19 14:13:41","VVI152",600,"f","2/19/26"
"4991","this","cdi_words","2A","produces",1,1,"178","2026-02-19 14:13:41","VVI152",600,"f","2/19/26"
"4992","us","cdi_words","2A","produces",NA,0,"178","2026-02-19 14:13:41","VVI152",600,"f","2/19/26"
"4993","where","cdi_words","2A","produces",1,1,"178","2026-02-19 14:13:41","VVI152",600,"f","2/19/26"
"4994","beside","cdi_words","2A","produces",NA,0,"178","2026-02-19 14:13:41","VVI152",600,"f","2/19/26"
"4995","down","cdi_words","2A","produces",1,1,"178","2026-02-19 14:13:41","VVI152",600,"f","2/19/26"
"4996","under","cdi_words","2A","produces",NA,0,"178","2026-02-19 14:13:41","VVI152",600,"f","2/19/26"
"4997","all","cdi_words","2A","produces",1,1,"178","2026-02-19 14:13:41","VVI152",600,"f","2/19/26"
"4998","much","cdi_words","2A","produces",NA,0,"178","2026-02-19 14:13:41","VVI152",600,"f","2/19/26"
"4999","could","cdi_words","2A","produces",NA,0,"178","2026-02-19 14:13:41","VVI152",600,"f","2/19/26"
"5000","need","cdi_words","2A","produces",NA,0,"178","2026-02-19 14:13:41","VVI152",600,"f","2/19/26"
"5001","would","cdi_words","2A","produces",NA,0,"178","2026-02-19 14:13:41","VVI152",600,"f","2/19/26"
"5002","if","cdi_words","2A","produces",NA,0,"178","2026-02-19 14:13:41","VVI152",600,"f","2/19/26"
"5003","sock","extra_words","2A","produces",NA,0,"265","2026-07-11 12:40:04","VVI229",750,"na","7/11/26"
"5004","bathtub","extra_words","2A","produces",NA,0,"265","2026-07-11 12:40:04","VVI229",750,"na","7/11/26"
"5005","shower","extra_words","2A","produces",NA,0,"265","2026-07-11 12:40:04","VVI229",750,"na","7/11/26"
"5006","balloon","extra_words","2A","produces",1,1,"265","2026-07-11 12:40:04","VVI229",750,"na","7/11/26"
"5007","dresser","extra_words","2A","produces",NA,0,"265","2026-07-11 12:40:04","VVI229",750,"na","7/11/26"
"5008","kite","extra_words","2A","produces",NA,0,"265","2026-07-11 12:40:04","VVI229",750,"na","7/11/26"
"5009","camel","extra_words","2A","produces",NA,0,"265","2026-07-11 12:40:04","VVI229",750,"na","7/11/26"
"5010","elephant","extra_words","2A","produces",NA,0,"265","2026-07-11 12:40:04","VVI229",750,"na","7/11/26"
"5011","ladybug","extra_words","2A","produces",NA,0,"265","2026-07-11 12:40:04","VVI229",750,"na","7/11/26"
"5012","cloud","extra_words","2A","produces",NA,0,"265","2026-07-11 12:40:04","VVI229",750,"na","7/11/26"
"5013","tree","extra_words","2A","produces",NA,0,"265","2026-07-11 12:40:04","VVI229",750,"na","7/11/26"
"5014","zipper","extra_words","2A","produces",NA,0,"265","2026-07-11 12:40:04","VVI229",750,"na","7/11/26"
"5015","crow","extra_words","2A","produces",NA,0,"265","2026-07-11 12:40:04","VVI229",750,"na","7/11/26"
"5016","penguin","extra_words","2A","produces",NA,0,"265","2026-07-11 12:40:04","VVI229",750,"na","7/11/26"
"5017","seahorse","extra_words","2A","produces",NA,0,"265","2026-07-11 12:40:04","VVI229",750,"na","7/11/26"
"5018","duck","extra_words","2A","produces",1,1,"265","2026-07-11 12:40:04","VVI229",750,"na","7/11/26"
"5019","chicken","extra_words","2A","produces",NA,0,"265","2026-07-11 12:40:04","VVI229",750,"na","7/11/26"
"5020","butterfly","extra_words","2A","produces",NA,0,"265","2026-07-11 12:40:04","VVI229",750,"na","7/11/26"
"5021","lizard","extra_words","2A","produces",NA,0,"265","2026-07-11 12:40:04","VVI229",750,"na","7/11/26"
"5022","walrus","extra_words","2A","produces",NA,0,"265","2026-07-11 12:40:04","VVI229",750,"na","7/11/26"
"5023","snake","extra_words","2A","produces",1,1,"265","2026-07-11 12:40:04","VVI229",750,"na","7/11/26"
"5024","truck","extra_words","2A","produces",1,1,"265","2026-07-11 12:40:04","VVI229",750,"na","7/11/26"
"5025","car","extra_words","2A","produces",1,1,"265","2026-07-11 12:40:04","VVI229",750,"na","7/11/26"
"5026","airplane","extra_words","2A","produces",NA,0,"265","2026-07-11 12:40:04","VVI229",750,"na","7/11/26"
"5027","baa baa","cdi_words","2A","produces",1,1,"265","2026-07-11 12:40:04","VVI229",750,"na","7/11/26"
"5028","meow","cdi_words","2A","produces",1,1,"265","2026-07-11 12:40:04","VVI229",750,"na","7/11/26"
"5029","ouch","cdi_words","2A","produces",1,1,"265","2026-07-11 12:40:04","VVI229",750,"na","7/11/26"
"5030","uh oh","cdi_words","2A","produces",1,1,"265","2026-07-11 12:40:04","VVI229",750,"na","7/11/26"
"5031","woof woof","cdi_words","2A","produces",1,1,"265","2026-07-11 12:40:04","VVI229",750,"na","7/11/26"
"5032","bear","cdi_words","2A","produces",NA,0,"265","2026-07-11 12:40:04","VVI229",750,"na","7/11/26"
"5033","bird","cdi_words","2A","produces",NA,0,"265","2026-07-11 12:40:04","VVI229",750,"na","7/11/26"
"5034","cat","cdi_words","2A","produces",1,1,"265","2026-07-11 12:40:04","VVI229",750,"na","7/11/26"
"5035","dog","cdi_words","2A","produces",1,1,"265","2026-07-11 12:40:04","VVI229",750,"na","7/11/26"
"5036","duck","cdi_words","2A","produces",1,1,"265","2026-07-11 12:40:04","VVI229",750,"na","7/11/26"
"5037","horse","cdi_words","2A","produces",NA,0,"265","2026-07-11 12:40:04","VVI229",750,"na","7/11/26"
"5038","airplane","cdi_words","2A","produces",NA,0,"265","2026-07-11 12:40:04","VVI229",750,"na","7/11/26"
"5039","boat","cdi_words","2A","produces",NA,0,"265","2026-07-11 12:40:04","VVI229",750,"na","7/11/26"
"5040","car","cdi_words","2A","produces",1,1,"265","2026-07-11 12:40:04","VVI229",750,"na","7/11/26"
"5041","ball","cdi_words","2A","produces",NA,0,"265","2026-07-11 12:40:04","VVI229",750,"na","7/11/26"
"5042","book","cdi_words","2A","produces",NA,0,"265","2026-07-11 12:40:04","VVI229",750,"na","7/11/26"
"5043","game","cdi_words","2A","produces",NA,0,"265","2026-07-11 12:40:04","VVI229",750,"na","7/11/26"
"5044","applesauce","cdi_words","2A","produces",1,1,"265","2026-07-11 12:40:04","VVI229",750,"na","7/11/26"
"5045","candy","cdi_words","2A","produces",NA,0,"265","2026-07-11 12:40:04","VVI229",750,"na","7/11/26"
"5046","coke","cdi_words","2A","produces",NA,0,"265","2026-07-11 12:40:04","VVI229",750,"na","7/11/26"
"5047","cracker","cdi_words","2A","produces",NA,0,"265","2026-07-11 12:40:04","VVI229",750,"na","7/11/26"
"5048","juice","cdi_words","2A","produces",NA,0,"265","2026-07-11 12:40:04","VVI229",750,"na","7/11/26"
"5049","meat","cdi_words","2A","produces",NA,0,"265","2026-07-11 12:40:04","VVI229",750,"na","7/11/26"
"5050","milk","cdi_words","2A","produces",1,1,"265","2026-07-11 12:40:04","VVI229",750,"na","7/11/26"
"5051","peas","cdi_words","2A","produces",NA,0,"265","2026-07-11 12:40:04","VVI229",750,"na","7/11/26"
"5052","hat","cdi_words","2A","produces",NA,0,"265","2026-07-11 12:40:04","VVI229",750,"na","7/11/26"
"5053","necklace","cdi_words","2A","produces",NA,0,"265","2026-07-11 12:40:04","VVI229",750,"na","7/11/26"
"5054","shoe","cdi_words","2A","produces",1,1,"265","2026-07-11 12:40:04","VVI229",750,"na","7/11/26"
"5055","sock","cdi_words","2A","produces",NA,0,"265","2026-07-11 12:40:04","VVI229",750,"na","7/11/26"
"5056","chin","cdi_words","2A","produces",NA,0,"265","2026-07-11 12:40:04","VVI229",750,"na","7/11/26"
"5057","ear","cdi_words","2A","produces",1,1,"265","2026-07-11 12:40:04","VVI229",750,"na","7/11/26"
"5058","hand","cdi_words","2A","produces",1,1,"265","2026-07-11 12:40:04","VVI229",750,"na","7/11/26"
"5059","leg","cdi_words","2A","produces",NA,0,"265","2026-07-11 12:40:04","VVI229",750,"na","7/11/26"
"5060","broom","cdi_words","2A","produces",NA,0,"265","2026-07-11 12:40:04","VVI229",750,"na","7/11/26"
"5061","comb","cdi_words","2A","produces",NA,0,"265","2026-07-11 12:40:04","VVI229",750,"na","7/11/26"
"5062","mop","cdi_words","2A","produces",NA,0,"265","2026-07-11 12:40:04","VVI229",750,"na","7/11/26"
"5063","plate","cdi_words","2A","produces",NA,0,"265","2026-07-11 12:40:04","VVI229",750,"na","7/11/26"
"5064","trash","cdi_words","2A","produces",NA,0,"265","2026-07-11 12:40:04","VVI229",750,"na","7/11/26"
"5065","tray","cdi_words","2A","produces",NA,0,"265","2026-07-11 12:40:04","VVI229",750,"na","7/11/26"
"5066","towel","cdi_words","2A","produces",NA,0,"265","2026-07-11 12:40:04","VVI229",750,"na","7/11/26"
"5067","bed","cdi_words","2A","produces",1,1,"265","2026-07-11 12:40:04","VVI229",750,"na","7/11/26"
"5068","bedroom","cdi_words","2A","produces",NA,0,"265","2026-07-11 12:40:04","VVI229",750,"na","7/11/26"
"5069","bench","cdi_words","2A","produces",NA,0,"265","2026-07-11 12:40:04","VVI229",750,"na","7/11/26"
"5070","oven","cdi_words","2A","produces",NA,0,"265","2026-07-11 12:40:04","VVI229",750,"na","7/11/26"
"5071","stairs","cdi_words","2A","produces",NA,0,"265","2026-07-11 12:40:04","VVI229",750,"na","7/11/26"
"5072","flag","cdi_words","2A","produces",NA,0,"265","2026-07-11 12:40:04","VVI229",750,"na","7/11/26"
"5073","rain","cdi_words","2A","produces",NA,0,"265","2026-07-11 12:40:04","VVI229",750,"na","7/11/26"
"5074","star","cdi_words","2A","produces",1,1,"265","2026-07-11 12:40:04","VVI229",750,"na","7/11/26"
"5075","swing","cdi_words","2A","produces",NA,0,"265","2026-07-11 12:40:04","VVI229",750,"na","7/11/26"
"5076","school","cdi_words","2A","produces",NA,0,"265","2026-07-11 12:40:04","VVI229",750,"na","7/11/26"
"5077","sky","cdi_words","2A","produces",NA,0,"265","2026-07-11 12:40:04","VVI229",750,"na","7/11/26"
"5078","party","cdi_words","2A","produces",NA,0,"265","2026-07-11 12:40:04","VVI229",750,"na","7/11/26"
"5079","friend","cdi_words","2A","produces",NA,0,"265","2026-07-11 12:40:04","VVI229",750,"na","7/11/26"
"5080","mommy","cdi_words","2A","produces",1,1,"265","2026-07-11 12:40:04","VVI229",750,"na","7/11/26"
"5081","person","cdi_words","2A","produces",NA,0,"265","2026-07-11 12:40:04","VVI229",750,"na","7/11/26"
"5082","bye","cdi_words","2A","produces",1,1,"265","2026-07-11 12:40:04","VVI229",750,"na","7/11/26"
"5083","hi","cdi_words","2A","produces",1,1,"265","2026-07-11 12:40:04","VVI229",750,"na","7/11/26"
"5084","no","cdi_words","2A","produces",1,1,"265","2026-07-11 12:40:04","VVI229",750,"na","7/11/26"
"5085","shopping","cdi_words","2A","produces",NA,0,"265","2026-07-11 12:40:04","VVI229",750,"na","7/11/26"
"5086","thank you","cdi_words","2A","produces",1,1,"265","2026-07-11 12:40:04","VVI229",750,"na","7/11/26"
"5087","carry","cdi_words","2A","produces",NA,0,"265","2026-07-11 12:40:04","VVI229",750,"na","7/11/26"
"5088","chase","cdi_words","2A","produces",NA,0,"265","2026-07-11 12:40:04","VVI229",750,"na","7/11/26"
"5089","dump","cdi_words","2A","produces",NA,0,"265","2026-07-11 12:40:04","VVI229",750,"na","7/11/26"
"5090","finish","cdi_words","2A","produces",NA,0,"265","2026-07-11 12:40:04","VVI229",750,"na","7/11/26"
"5091","fit","cdi_words","2A","produces",NA,0,"265","2026-07-11 12:40:04","VVI229",750,"na","7/11/26"
"5092","hug","cdi_words","2A","produces",1,1,"265","2026-07-11 12:40:04","VVI229",750,"na","7/11/26"
"5093","listen","cdi_words","2A","produces",NA,0,"265","2026-07-11 12:40:04","VVI229",750,"na","7/11/26"
"5094","like","cdi_words","2A","produces",NA,0,"265","2026-07-11 12:40:04","VVI229",750,"na","7/11/26"
"5095","pretend","cdi_words","2A","produces",NA,0,"265","2026-07-11 12:40:04","VVI229",750,"na","7/11/26"
"5096","rip","cdi_words","2A","produces",NA,0,"265","2026-07-11 12:40:04","VVI229",750,"na","7/11/26"
"5097","shake","cdi_words","2A","produces",NA,0,"265","2026-07-11 12:40:04","VVI229",750,"na","7/11/26"
"5098","taste","cdi_words","2A","produces",NA,0,"265","2026-07-11 12:40:04","VVI229",750,"na","7/11/26"
"5099","gentle","cdi_words","2A","produces",NA,0,"265","2026-07-11 12:40:04","VVI229",750,"na","7/11/26"
"5100","think","cdi_words","2A","produces",NA,0,"265","2026-07-11 12:40:04","VVI229",750,"na","7/11/26"
"5101","wish","cdi_words","2A","produces",NA,0,"265","2026-07-11 12:40:04","VVI229",750,"na","7/11/26"
"5102","all gone","cdi_words","2A","produces",NA,0,"265","2026-07-11 12:40:04","VVI229",750,"na","7/11/26"
"5103","cold","cdi_words","2A","produces",1,1,"265","2026-07-11 12:40:04","VVI229",750,"na","7/11/26"
"5104","fast","cdi_words","2A","produces",NA,0,"265","2026-07-11 12:40:04","VVI229",750,"na","7/11/26"
"5105","happy","cdi_words","2A","produces",NA,0,"265","2026-07-11 12:40:04","VVI229",750,"na","7/11/26"
"5106","hot","cdi_words","2A","produces",NA,0,"265","2026-07-11 12:40:04","VVI229",750,"na","7/11/26"
"5107","last","cdi_words","2A","produces",NA,0,"265","2026-07-11 12:40:04","VVI229",750,"na","7/11/26"
"5108","tiny","cdi_words","2A","produces",NA,0,"265","2026-07-11 12:40:04","VVI229",750,"na","7/11/26"
"5109","wet","cdi_words","2A","produces",1,1,"265","2026-07-11 12:40:04","VVI229",750,"na","7/11/26"
"5110","after","cdi_words","2A","produces",NA,0,"265","2026-07-11 12:40:04","VVI229",750,"na","7/11/26"
"5111","day","cdi_words","2A","produces",NA,0,"265","2026-07-11 12:40:04","VVI229",750,"na","7/11/26"
"5112","tonight","cdi_words","2A","produces",NA,0,"265","2026-07-11 12:40:04","VVI229",750,"na","7/11/26"
"5113","our","cdi_words","2A","produces",NA,0,"265","2026-07-11 12:40:04","VVI229",750,"na","7/11/26"
"5114","them","cdi_words","2A","produces",NA,0,"265","2026-07-11 12:40:04","VVI229",750,"na","7/11/26"
"5115","this","cdi_words","2A","produces",NA,0,"265","2026-07-11 12:40:04","VVI229",750,"na","7/11/26"
"5116","us","cdi_words","2A","produces",NA,0,"265","2026-07-11 12:40:04","VVI229",750,"na","7/11/26"
"5117","where","cdi_words","2A","produces",NA,0,"265","2026-07-11 12:40:04","VVI229",750,"na","7/11/26"
"5118","beside","cdi_words","2A","produces",NA,0,"265","2026-07-11 12:40:04","VVI229",750,"na","7/11/26"
"5119","down","cdi_words","2A","produces",NA,0,"265","2026-07-11 12:40:04","VVI229",750,"na","7/11/26"
"5120","under","cdi_words","2A","produces",NA,0,"265","2026-07-11 12:40:04","VVI229",750,"na","7/11/26"
"5121","all","cdi_words","2A","produces",NA,0,"265","2026-07-11 12:40:04","VVI229",750,"na","7/11/26"
"5122","much","cdi_words","2A","produces",NA,0,"265","2026-07-11 12:40:04","VVI229",750,"na","7/11/26"
"5123","could","cdi_words","2A","produces",NA,0,"265","2026-07-11 12:40:04","VVI229",750,"na","7/11/26"
"5124","need","cdi_words","2A","produces",NA,0,"265","2026-07-11 12:40:04","VVI229",750,"na","7/11/26"
"5125","would","cdi_words","2A","produces",NA,0,"265","2026-07-11 12:40:04","VVI229",750,"na","7/11/26"
"5126","if","cdi_words","2A","produces",NA,0,"265","2026-07-11 12:40:04","VVI229",750,"na","7/11/26"
"5127","sock","extra_words","2A","produces",1,1,"165","2026-03-13 08:25:10","VVI176",750,"f","3/13/26"
"5128","bathtub","extra_words","2A","produces",1,1,"165","2026-03-13 08:25:10","VVI176",750,"f","3/13/26"
"5129","shower","extra_words","2A","produces",NA,0,"165","2026-03-13 08:25:10","VVI176",750,"f","3/13/26"
"5130","balloon","extra_words","2A","produces",1,1,"165","2026-03-13 08:25:10","VVI176",750,"f","3/13/26"
"5131","dresser","extra_words","2A","produces",NA,0,"165","2026-03-13 08:25:10","VVI176",750,"f","3/13/26"
"5132","kite","extra_words","2A","produces",NA,0,"165","2026-03-13 08:25:10","VVI176",750,"f","3/13/26"
"5133","camel","extra_words","2A","produces",NA,0,"165","2026-03-13 08:25:10","VVI176",750,"f","3/13/26"
"5134","elephant","extra_words","2A","produces",1,1,"165","2026-03-13 08:25:10","VVI176",750,"f","3/13/26"
"5135","ladybug","extra_words","2A","produces",1,1,"165","2026-03-13 08:25:10","VVI176",750,"f","3/13/26"
"5136","cloud","extra_words","2A","produces",1,1,"165","2026-03-13 08:25:10","VVI176",750,"f","3/13/26"
"5137","tree","extra_words","2A","produces",1,1,"165","2026-03-13 08:25:10","VVI176",750,"f","3/13/26"
"5138","zipper","extra_words","2A","produces",1,1,"165","2026-03-13 08:25:10","VVI176",750,"f","3/13/26"
"5139","crow","extra_words","2A","produces",NA,0,"165","2026-03-13 08:25:10","VVI176",750,"f","3/13/26"
"5140","penguin","extra_words","2A","produces",1,1,"165","2026-03-13 08:25:10","VVI176",750,"f","3/13/26"
"5141","seahorse","extra_words","2A","produces",NA,0,"165","2026-03-13 08:25:10","VVI176",750,"f","3/13/26"
"5142","duck","extra_words","2A","produces",1,1,"165","2026-03-13 08:25:10","VVI176",750,"f","3/13/26"
"5143","chicken","extra_words","2A","produces",1,1,"165","2026-03-13 08:25:10","VVI176",750,"f","3/13/26"
"5144","butterfly","extra_words","2A","produces",1,1,"165","2026-03-13 08:25:10","VVI176",750,"f","3/13/26"
"5145","lizard","extra_words","2A","produces",NA,0,"165","2026-03-13 08:25:10","VVI176",750,"f","3/13/26"
"5146","walrus","extra_words","2A","produces",NA,0,"165","2026-03-13 08:25:10","VVI176",750,"f","3/13/26"
"5147","snake","extra_words","2A","produces",1,1,"165","2026-03-13 08:25:10","VVI176",750,"f","3/13/26"
"5148","truck","extra_words","2A","produces",1,1,"165","2026-03-13 08:25:10","VVI176",750,"f","3/13/26"
"5149","car","extra_words","2A","produces",1,1,"165","2026-03-13 08:25:10","VVI176",750,"f","3/13/26"
"5150","airplane","extra_words","2A","produces",1,1,"165","2026-03-13 08:25:10","VVI176",750,"f","3/13/26"
"5151","baa baa","cdi_words","2A","produces",1,1,"165","2026-03-13 08:25:10","VVI176",750,"f","3/13/26"
"5152","meow","cdi_words","2A","produces",1,1,"165","2026-03-13 08:25:10","VVI176",750,"f","3/13/26"
"5153","ouch","cdi_words","2A","produces",1,1,"165","2026-03-13 08:25:10","VVI176",750,"f","3/13/26"
"5154","uh oh","cdi_words","2A","produces",1,1,"165","2026-03-13 08:25:10","VVI176",750,"f","3/13/26"
"5155","woof woof","cdi_words","2A","produces",1,1,"165","2026-03-13 08:25:10","VVI176",750,"f","3/13/26"
"5156","bear","cdi_words","2A","produces",1,1,"165","2026-03-13 08:25:10","VVI176",750,"f","3/13/26"
"5157","bird","cdi_words","2A","produces",1,1,"165","2026-03-13 08:25:10","VVI176",750,"f","3/13/26"
"5158","cat","cdi_words","2A","produces",1,1,"165","2026-03-13 08:25:10","VVI176",750,"f","3/13/26"
"5159","dog","cdi_words","2A","produces",1,1,"165","2026-03-13 08:25:10","VVI176",750,"f","3/13/26"
"5160","duck","cdi_words","2A","produces",NA,0,"165","2026-03-13 08:25:10","VVI176",750,"f","3/13/26"
"5161","horse","cdi_words","2A","produces",1,1,"165","2026-03-13 08:25:10","VVI176",750,"f","3/13/26"
"5162","airplane","cdi_words","2A","produces",1,1,"165","2026-03-13 08:25:10","VVI176",750,"f","3/13/26"
"5163","boat","cdi_words","2A","produces",1,1,"165","2026-03-13 08:25:10","VVI176",750,"f","3/13/26"
"5164","car","cdi_words","2A","produces",1,1,"165","2026-03-13 08:25:10","VVI176",750,"f","3/13/26"
"5165","ball","cdi_words","2A","produces",1,1,"165","2026-03-13 08:25:10","VVI176",750,"f","3/13/26"
"5166","book","cdi_words","2A","produces",1,1,"165","2026-03-13 08:25:10","VVI176",750,"f","3/13/26"
"5167","game","cdi_words","2A","produces",NA,0,"165","2026-03-13 08:25:10","VVI176",750,"f","3/13/26"
"5168","applesauce","cdi_words","2A","produces",1,1,"165","2026-03-13 08:25:10","VVI176",750,"f","3/13/26"
"5169","candy","cdi_words","2A","produces",1,1,"165","2026-03-13 08:25:10","VVI176",750,"f","3/13/26"
"5170","coke","cdi_words","2A","produces",NA,0,"165","2026-03-13 08:25:10","VVI176",750,"f","3/13/26"
"5171","cracker","cdi_words","2A","produces",NA,0,"165","2026-03-13 08:25:10","VVI176",750,"f","3/13/26"
"5172","juice","cdi_words","2A","produces",NA,0,"165","2026-03-13 08:25:10","VVI176",750,"f","3/13/26"
"5173","meat","cdi_words","2A","produces",NA,0,"165","2026-03-13 08:25:10","VVI176",750,"f","3/13/26"
"5174","milk","cdi_words","2A","produces",1,1,"165","2026-03-13 08:25:10","VVI176",750,"f","3/13/26"
"5175","peas","cdi_words","2A","produces",NA,0,"165","2026-03-13 08:25:10","VVI176",750,"f","3/13/26"
"5176","hat","cdi_words","2A","produces",1,1,"165","2026-03-13 08:25:10","VVI176",750,"f","3/13/26"
"5177","necklace","cdi_words","2A","produces",NA,0,"165","2026-03-13 08:25:10","VVI176",750,"f","3/13/26"
"5178","shoe","cdi_words","2A","produces",1,1,"165","2026-03-13 08:25:10","VVI176",750,"f","3/13/26"
"5179","sock","cdi_words","2A","produces",1,1,"165","2026-03-13 08:25:10","VVI176",750,"f","3/13/26"
"5180","chin","cdi_words","2A","produces",1,1,"165","2026-03-13 08:25:10","VVI176",750,"f","3/13/26"
"5181","ear","cdi_words","2A","produces",1,1,"165","2026-03-13 08:25:10","VVI176",750,"f","3/13/26"
"5182","hand","cdi_words","2A","produces",NA,0,"165","2026-03-13 08:25:10","VVI176",750,"f","3/13/26"
"5183","leg","cdi_words","2A","produces",1,1,"165","2026-03-13 08:25:10","VVI176",750,"f","3/13/26"
"5184","broom","cdi_words","2A","produces",1,1,"165","2026-03-13 08:25:10","VVI176",750,"f","3/13/26"
"5185","comb","cdi_words","2A","produces",NA,0,"165","2026-03-13 08:25:10","VVI176",750,"f","3/13/26"
"5186","mop","cdi_words","2A","produces",1,1,"165","2026-03-13 08:25:10","VVI176",750,"f","3/13/26"
"5187","plate","cdi_words","2A","produces",1,1,"165","2026-03-13 08:25:10","VVI176",750,"f","3/13/26"
"5188","trash","cdi_words","2A","produces",1,1,"165","2026-03-13 08:25:10","VVI176",750,"f","3/13/26"
"5189","tray","cdi_words","2A","produces",NA,0,"165","2026-03-13 08:25:10","VVI176",750,"f","3/13/26"
"5190","towel","cdi_words","2A","produces",1,1,"165","2026-03-13 08:25:10","VVI176",750,"f","3/13/26"
"5191","bed","cdi_words","2A","produces",1,1,"165","2026-03-13 08:25:10","VVI176",750,"f","3/13/26"
"5192","bedroom","cdi_words","2A","produces",1,1,"165","2026-03-13 08:25:10","VVI176",750,"f","3/13/26"
"5193","bench","cdi_words","2A","produces",1,1,"165","2026-03-13 08:25:10","VVI176",750,"f","3/13/26"
"5194","oven","cdi_words","2A","produces",1,1,"165","2026-03-13 08:25:10","VVI176",750,"f","3/13/26"
"5195","stairs","cdi_words","2A","produces",1,1,"165","2026-03-13 08:25:10","VVI176",750,"f","3/13/26"
"5196","flag","cdi_words","2A","produces",NA,0,"165","2026-03-13 08:25:10","VVI176",750,"f","3/13/26"
"5197","rain","cdi_words","2A","produces",1,1,"165","2026-03-13 08:25:10","VVI176",750,"f","3/13/26"
"5198","star","cdi_words","2A","produces",1,1,"165","2026-03-13 08:25:10","VVI176",750,"f","3/13/26"
"5199","swing","cdi_words","2A","produces",1,1,"165","2026-03-13 08:25:10","VVI176",750,"f","3/13/26"
"5200","school","cdi_words","2A","produces",1,1,"165","2026-03-13 08:25:10","VVI176",750,"f","3/13/26"
"5201","sky","cdi_words","2A","produces",1,1,"165","2026-03-13 08:25:10","VVI176",750,"f","3/13/26"
"5202","party","cdi_words","2A","produces",NA,0,"165","2026-03-13 08:25:10","VVI176",750,"f","3/13/26"
"5203","friend","cdi_words","2A","produces",NA,0,"165","2026-03-13 08:25:10","VVI176",750,"f","3/13/26"
"5204","mommy","cdi_words","2A","produces",1,1,"165","2026-03-13 08:25:10","VVI176",750,"f","3/13/26"
"5205","person","cdi_words","2A","produces",NA,0,"165","2026-03-13 08:25:10","VVI176",750,"f","3/13/26"
"5206","bye","cdi_words","2A","produces",1,1,"165","2026-03-13 08:25:10","VVI176",750,"f","3/13/26"
"5207","hi","cdi_words","2A","produces",1,1,"165","2026-03-13 08:25:10","VVI176",750,"f","3/13/26"
"5208","no","cdi_words","2A","produces",1,1,"165","2026-03-13 08:25:10","VVI176",750,"f","3/13/26"
"5209","shopping","cdi_words","2A","produces",NA,0,"165","2026-03-13 08:25:10","VVI176",750,"f","3/13/26"
"5210","thank you","cdi_words","2A","produces",1,1,"165","2026-03-13 08:25:10","VVI176",750,"f","3/13/26"
"5211","carry","cdi_words","2A","produces",NA,0,"165","2026-03-13 08:25:10","VVI176",750,"f","3/13/26"
"5212","chase","cdi_words","2A","produces",NA,0,"165","2026-03-13 08:25:10","VVI176",750,"f","3/13/26"
"5213","dump","cdi_words","2A","produces",NA,0,"165","2026-03-13 08:25:10","VVI176",750,"f","3/13/26"
"5214","finish","cdi_words","2A","produces",NA,0,"165","2026-03-13 08:25:10","VVI176",750,"f","3/13/26"
"5215","fit","cdi_words","2A","produces",NA,0,"165","2026-03-13 08:25:10","VVI176",750,"f","3/13/26"
"5216","hug","cdi_words","2A","produces",1,1,"165","2026-03-13 08:25:10","VVI176",750,"f","3/13/26"
"5217","listen","cdi_words","2A","produces",NA,0,"165","2026-03-13 08:25:10","VVI176",750,"f","3/13/26"
"5218","like","cdi_words","2A","produces",NA,0,"165","2026-03-13 08:25:10","VVI176",750,"f","3/13/26"
"5219","pretend","cdi_words","2A","produces",NA,0,"165","2026-03-13 08:25:10","VVI176",750,"f","3/13/26"
"5220","rip","cdi_words","2A","produces",NA,0,"165","2026-03-13 08:25:10","VVI176",750,"f","3/13/26"
"5221","shake","cdi_words","2A","produces",NA,0,"165","2026-03-13 08:25:10","VVI176",750,"f","3/13/26"
"5222","taste","cdi_words","2A","produces",NA,0,"165","2026-03-13 08:25:10","VVI176",750,"f","3/13/26"
"5223","gentle","cdi_words","2A","produces",NA,0,"165","2026-03-13 08:25:10","VVI176",750,"f","3/13/26"
"5224","think","cdi_words","2A","produces",NA,0,"165","2026-03-13 08:25:10","VVI176",750,"f","3/13/26"
"5225","wish","cdi_words","2A","produces",NA,0,"165","2026-03-13 08:25:10","VVI176",750,"f","3/13/26"
"5226","all gone","cdi_words","2A","produces",1,1,"165","2026-03-13 08:25:10","VVI176",750,"f","3/13/26"
"5227","cold","cdi_words","2A","produces",NA,0,"165","2026-03-13 08:25:10","VVI176",750,"f","3/13/26"
"5228","fast","cdi_words","2A","produces",NA,0,"165","2026-03-13 08:25:10","VVI176",750,"f","3/13/26"
"5229","happy","cdi_words","2A","produces",1,1,"165","2026-03-13 08:25:10","VVI176",750,"f","3/13/26"
"5230","hot","cdi_words","2A","produces",NA,0,"165","2026-03-13 08:25:10","VVI176",750,"f","3/13/26"
"5231","last","cdi_words","2A","produces",NA,0,"165","2026-03-13 08:25:10","VVI176",750,"f","3/13/26"
"5232","tiny","cdi_words","2A","produces",NA,0,"165","2026-03-13 08:25:10","VVI176",750,"f","3/13/26"
"5233","wet","cdi_words","2A","produces",1,1,"165","2026-03-13 08:25:10","VVI176",750,"f","3/13/26"
"5234","after","cdi_words","2A","produces",NA,0,"165","2026-03-13 08:25:10","VVI176",750,"f","3/13/26"
"5235","day","cdi_words","2A","produces",NA,0,"165","2026-03-13 08:25:10","VVI176",750,"f","3/13/26"
"5236","tonight","cdi_words","2A","produces",NA,0,"165","2026-03-13 08:25:10","VVI176",750,"f","3/13/26"
"5237","our","cdi_words","2A","produces",NA,0,"165","2026-03-13 08:25:10","VVI176",750,"f","3/13/26"
"5238","them","cdi_words","2A","produces",NA,0,"165","2026-03-13 08:25:10","VVI176",750,"f","3/13/26"
"5239","this","cdi_words","2A","produces",1,1,"165","2026-03-13 08:25:10","VVI176",750,"f","3/13/26"
"5240","us","cdi_words","2A","produces",NA,0,"165","2026-03-13 08:25:10","VVI176",750,"f","3/13/26"
"5241","where","cdi_words","2A","produces",NA,0,"165","2026-03-13 08:25:10","VVI176",750,"f","3/13/26"
"5242","beside","cdi_words","2A","produces",NA,0,"165","2026-03-13 08:25:10","VVI176",750,"f","3/13/26"
"5243","down","cdi_words","2A","produces",NA,0,"165","2026-03-13 08:25:10","VVI176",750,"f","3/13/26"
"5244","under","cdi_words","2A","produces",1,1,"165","2026-03-13 08:25:10","VVI176",750,"f","3/13/26"
"5245","all","cdi_words","2A","produces",NA,0,"165","2026-03-13 08:25:10","VVI176",750,"f","3/13/26"
"5246","much","cdi_words","2A","produces",NA,0,"165","2026-03-13 08:25:10","VVI176",750,"f","3/13/26"
"5247","could","cdi_words","2A","produces",NA,0,"165","2026-03-13 08:25:10","VVI176",750,"f","3/13/26"
"5248","need","cdi_words","2A","produces",NA,0,"165","2026-03-13 08:25:10","VVI176",750,"f","3/13/26"
"5249","would","cdi_words","2A","produces",NA,0,"165","2026-03-13 08:25:10","VVI176",750,"f","3/13/26"
"5250","if","cdi_words","2A","produces",NA,0,"165","2026-03-13 08:25:10","VVI176",750,"f","3/13/26"
"5251","sock","extra_words","2A","produces",1,1,"113","2026-07-08 10:01:30","VVI224",630,"m","6/13/26"
"5252","bathtub","extra_words","2A","produces",1,1,"113","2026-07-08 10:01:30","VVI224",630,"m","6/13/26"
"5253","shower","extra_words","2A","produces",1,1,"113","2026-07-08 10:01:30","VVI224",630,"m","6/13/26"
"5254","balloon","extra_words","2A","produces",1,1,"113","2026-07-08 10:01:30","VVI224",630,"m","6/13/26"
"5255","dresser","extra_words","2A","produces",NA,0,"113","2026-07-08 10:01:30","VVI224",630,"m","6/13/26"
"5256","kite","extra_words","2A","produces",NA,0,"113","2026-07-08 10:01:30","VVI224",630,"m","6/13/26"
"5257","camel","extra_words","2A","produces",NA,0,"113","2026-07-08 10:01:30","VVI224",630,"m","6/13/26"
"5258","elephant","extra_words","2A","produces",1,1,"113","2026-07-08 10:01:30","VVI224",630,"m","6/13/26"
"5259","ladybug","extra_words","2A","produces",NA,0,"113","2026-07-08 10:01:30","VVI224",630,"m","6/13/26"
"5260","cloud","extra_words","2A","produces",NA,0,"113","2026-07-08 10:01:30","VVI224",630,"m","6/13/26"
"5261","tree","extra_words","2A","produces",1,1,"113","2026-07-08 10:01:30","VVI224",630,"m","6/13/26"
"5262","zipper","extra_words","2A","produces",NA,0,"113","2026-07-08 10:01:30","VVI224",630,"m","6/13/26"
"5263","crow","extra_words","2A","produces",NA,0,"113","2026-07-08 10:01:30","VVI224",630,"m","6/13/26"
"5264","penguin","extra_words","2A","produces",NA,0,"113","2026-07-08 10:01:30","VVI224",630,"m","6/13/26"
"5265","seahorse","extra_words","2A","produces",NA,0,"113","2026-07-08 10:01:30","VVI224",630,"m","6/13/26"
"5266","duck","extra_words","2A","produces",1,1,"113","2026-07-08 10:01:30","VVI224",630,"m","6/13/26"
"5267","chicken","extra_words","2A","produces",1,1,"113","2026-07-08 10:01:30","VVI224",630,"m","6/13/26"
"5268","butterfly","extra_words","2A","produces",1,1,"113","2026-07-08 10:01:30","VVI224",630,"m","6/13/26"
"5269","lizard","extra_words","2A","produces",NA,0,"113","2026-07-08 10:01:30","VVI224",630,"m","6/13/26"
"5270","walrus","extra_words","2A","produces",NA,0,"113","2026-07-08 10:01:30","VVI224",630,"m","6/13/26"
"5271","snake","extra_words","2A","produces",1,1,"113","2026-07-08 10:01:30","VVI224",630,"m","6/13/26"
"5272","truck","extra_words","2A","produces",1,1,"113","2026-07-08 10:01:30","VVI224",630,"m","6/13/26"
"5273","car","extra_words","2A","produces",1,1,"113","2026-07-08 10:01:30","VVI224",630,"m","6/13/26"
"5274","airplane","extra_words","2A","produces",NA,0,"113","2026-07-08 10:01:30","VVI224",630,"m","6/13/26"
"5275","baa baa","cdi_words","2A","produces",NA,0,"113","2026-07-08 10:01:30","VVI224",630,"m","6/13/26"
"5276","meow","cdi_words","2A","produces",1,1,"113","2026-07-08 10:01:30","VVI224",630,"m","6/13/26"
"5277","ouch","cdi_words","2A","produces",1,1,"113","2026-07-08 10:01:30","VVI224",630,"m","6/13/26"
"5278","uh oh","cdi_words","2A","produces",1,1,"113","2026-07-08 10:01:30","VVI224",630,"m","6/13/26"
"5279","woof woof","cdi_words","2A","produces",NA,0,"113","2026-07-08 10:01:30","VVI224",630,"m","6/13/26"
"5280","bear","cdi_words","2A","produces",1,1,"113","2026-07-08 10:01:30","VVI224",630,"m","6/13/26"
"5281","bird","cdi_words","2A","produces",1,1,"113","2026-07-08 10:01:30","VVI224",630,"m","6/13/26"
"5282","cat","cdi_words","2A","produces",1,1,"113","2026-07-08 10:01:30","VVI224",630,"m","6/13/26"
"5283","dog","cdi_words","2A","produces",1,1,"113","2026-07-08 10:01:30","VVI224",630,"m","6/13/26"
"5284","duck","cdi_words","2A","produces",1,1,"113","2026-07-08 10:01:30","VVI224",630,"m","6/13/26"
"5285","horse","cdi_words","2A","produces",NA,0,"113","2026-07-08 10:01:30","VVI224",630,"m","6/13/26"
"5286","airplane","cdi_words","2A","produces",NA,0,"113","2026-07-08 10:01:30","VVI224",630,"m","6/13/26"
"5287","boat","cdi_words","2A","produces",NA,0,"113","2026-07-08 10:01:30","VVI224",630,"m","6/13/26"
"5288","car","cdi_words","2A","produces",1,1,"113","2026-07-08 10:01:30","VVI224",630,"m","6/13/26"
"5289","ball","cdi_words","2A","produces",1,1,"113","2026-07-08 10:01:30","VVI224",630,"m","6/13/26"
"5290","book","cdi_words","2A","produces",1,1,"113","2026-07-08 10:01:30","VVI224",630,"m","6/13/26"
"5291","game","cdi_words","2A","produces",NA,0,"113","2026-07-08 10:01:30","VVI224",630,"m","6/13/26"
"5292","applesauce","cdi_words","2A","produces",1,1,"113","2026-07-08 10:01:30","VVI224",630,"m","6/13/26"
"5293","candy","cdi_words","2A","produces",NA,0,"113","2026-07-08 10:01:30","VVI224",630,"m","6/13/26"
"5294","coke","cdi_words","2A","produces",NA,0,"113","2026-07-08 10:01:30","VVI224",630,"m","6/13/26"
"5295","cracker","cdi_words","2A","produces",1,1,"113","2026-07-08 10:01:30","VVI224",630,"m","6/13/26"
"5296","juice","cdi_words","2A","produces",NA,0,"113","2026-07-08 10:01:30","VVI224",630,"m","6/13/26"
"5297","meat","cdi_words","2A","produces",NA,0,"113","2026-07-08 10:01:30","VVI224",630,"m","6/13/26"
"5298","milk","cdi_words","2A","produces",1,1,"113","2026-07-08 10:01:30","VVI224",630,"m","6/13/26"
"5299","peas","cdi_words","2A","produces",NA,0,"113","2026-07-08 10:01:30","VVI224",630,"m","6/13/26"
"5300","hat","cdi_words","2A","produces",1,1,"113","2026-07-08 10:01:30","VVI224",630,"m","6/13/26"
"5301","necklace","cdi_words","2A","produces",NA,0,"113","2026-07-08 10:01:30","VVI224",630,"m","6/13/26"
"5302","shoe","cdi_words","2A","produces",1,1,"113","2026-07-08 10:01:30","VVI224",630,"m","6/13/26"
"5303","sock","cdi_words","2A","produces",1,1,"113","2026-07-08 10:01:30","VVI224",630,"m","6/13/26"
"5304","chin","cdi_words","2A","produces",NA,0,"113","2026-07-08 10:01:30","VVI224",630,"m","6/13/26"
"5305","ear","cdi_words","2A","produces",1,1,"113","2026-07-08 10:01:30","VVI224",630,"m","6/13/26"
"5306","hand","cdi_words","2A","produces",NA,0,"113","2026-07-08 10:01:30","VVI224",630,"m","6/13/26"
"5307","leg","cdi_words","2A","produces",NA,0,"113","2026-07-08 10:01:30","VVI224",630,"m","6/13/26"
"5308","broom","cdi_words","2A","produces",NA,0,"113","2026-07-08 10:01:30","VVI224",630,"m","6/13/26"
"5309","comb","cdi_words","2A","produces",NA,0,"113","2026-07-08 10:01:30","VVI224",630,"m","6/13/26"
"5310","mop","cdi_words","2A","produces",NA,0,"113","2026-07-08 10:01:30","VVI224",630,"m","6/13/26"
"5311","plate","cdi_words","2A","produces",NA,0,"113","2026-07-08 10:01:30","VVI224",630,"m","6/13/26"
"5312","trash","cdi_words","2A","produces",NA,0,"113","2026-07-08 10:01:30","VVI224",630,"m","6/13/26"
"5313","tray","cdi_words","2A","produces",NA,0,"113","2026-07-08 10:01:30","VVI224",630,"m","6/13/26"
"5314","towel","cdi_words","2A","produces",NA,0,"113","2026-07-08 10:01:30","VVI224",630,"m","6/13/26"
"5315","bed","cdi_words","2A","produces",1,1,"113","2026-07-08 10:01:30","VVI224",630,"m","6/13/26"
"5316","bedroom","cdi_words","2A","produces",NA,0,"113","2026-07-08 10:01:30","VVI224",630,"m","6/13/26"
"5317","bench","cdi_words","2A","produces",NA,0,"113","2026-07-08 10:01:30","VVI224",630,"m","6/13/26"
"5318","oven","cdi_words","2A","produces",NA,0,"113","2026-07-08 10:01:30","VVI224",630,"m","6/13/26"
"5319","stairs","cdi_words","2A","produces",1,1,"113","2026-07-08 10:01:30","VVI224",630,"m","6/13/26"
"5320","flag","cdi_words","2A","produces",NA,0,"113","2026-07-08 10:01:30","VVI224",630,"m","6/13/26"
"5321","rain","cdi_words","2A","produces",1,1,"113","2026-07-08 10:01:30","VVI224",630,"m","6/13/26"
"5322","star","cdi_words","2A","produces",1,1,"113","2026-07-08 10:01:30","VVI224",630,"m","6/13/26"
"5323","swing","cdi_words","2A","produces",NA,0,"113","2026-07-08 10:01:30","VVI224",630,"m","6/13/26"
"5324","school","cdi_words","2A","produces",NA,0,"113","2026-07-08 10:01:30","VVI224",630,"m","6/13/26"
"5325","sky","cdi_words","2A","produces",NA,0,"113","2026-07-08 10:01:30","VVI224",630,"m","6/13/26"
"5326","party","cdi_words","2A","produces",NA,0,"113","2026-07-08 10:01:30","VVI224",630,"m","6/13/26"
"5327","friend","cdi_words","2A","produces",NA,0,"113","2026-07-08 10:01:30","VVI224",630,"m","6/13/26"
"5328","mommy","cdi_words","2A","produces",1,1,"113","2026-07-08 10:01:30","VVI224",630,"m","6/13/26"
"5329","person","cdi_words","2A","produces",NA,0,"113","2026-07-08 10:01:30","VVI224",630,"m","6/13/26"
"5330","bye","cdi_words","2A","produces",1,1,"113","2026-07-08 10:01:30","VVI224",630,"m","6/13/26"
"5331","hi","cdi_words","2A","produces",1,1,"113","2026-07-08 10:01:30","VVI224",630,"m","6/13/26"
"5332","no","cdi_words","2A","produces",1,1,"113","2026-07-08 10:01:30","VVI224",630,"m","6/13/26"
"5333","shopping","cdi_words","2A","produces",NA,0,"113","2026-07-08 10:01:30","VVI224",630,"m","6/13/26"
"5334","thank you","cdi_words","2A","produces",NA,0,"113","2026-07-08 10:01:30","VVI224",630,"m","6/13/26"
"5335","carry","cdi_words","2A","produces",NA,0,"113","2026-07-08 10:01:30","VVI224",630,"m","6/13/26"
"5336","chase","cdi_words","2A","produces",NA,0,"113","2026-07-08 10:01:30","VVI224",630,"m","6/13/26"
"5337","dump","cdi_words","2A","produces",NA,0,"113","2026-07-08 10:01:30","VVI224",630,"m","6/13/26"
"5338","finish","cdi_words","2A","produces",NA,0,"113","2026-07-08 10:01:30","VVI224",630,"m","6/13/26"
"5339","fit","cdi_words","2A","produces",NA,0,"113","2026-07-08 10:01:30","VVI224",630,"m","6/13/26"
"5340","hug","cdi_words","2A","produces",NA,0,"113","2026-07-08 10:01:30","VVI224",630,"m","6/13/26"
"5341","listen","cdi_words","2A","produces",NA,0,"113","2026-07-08 10:01:30","VVI224",630,"m","6/13/26"
"5342","like","cdi_words","2A","produces",NA,0,"113","2026-07-08 10:01:30","VVI224",630,"m","6/13/26"
"5343","pretend","cdi_words","2A","produces",NA,0,"113","2026-07-08 10:01:30","VVI224",630,"m","6/13/26"
"5344","rip","cdi_words","2A","produces",NA,0,"113","2026-07-08 10:01:30","VVI224",630,"m","6/13/26"
"5345","shake","cdi_words","2A","produces",NA,0,"113","2026-07-08 10:01:30","VVI224",630,"m","6/13/26"
"5346","taste","cdi_words","2A","produces",NA,0,"113","2026-07-08 10:01:30","VVI224",630,"m","6/13/26"
"5347","gentle","cdi_words","2A","produces",NA,0,"113","2026-07-08 10:01:30","VVI224",630,"m","6/13/26"
"5348","think","cdi_words","2A","produces",NA,0,"113","2026-07-08 10:01:30","VVI224",630,"m","6/13/26"
"5349","wish","cdi_words","2A","produces",NA,0,"113","2026-07-08 10:01:30","VVI224",630,"m","6/13/26"
"5350","all gone","cdi_words","2A","produces",1,1,"113","2026-07-08 10:01:30","VVI224",630,"m","6/13/26"
"5351","cold","cdi_words","2A","produces",1,1,"113","2026-07-08 10:01:30","VVI224",630,"m","6/13/26"
"5352","fast","cdi_words","2A","produces",NA,0,"113","2026-07-08 10:01:30","VVI224",630,"m","6/13/26"
"5353","happy","cdi_words","2A","produces",NA,0,"113","2026-07-08 10:01:30","VVI224",630,"m","6/13/26"
"5354","hot","cdi_words","2A","produces",1,1,"113","2026-07-08 10:01:30","VVI224",630,"m","6/13/26"
"5355","last","cdi_words","2A","produces",NA,0,"113","2026-07-08 10:01:30","VVI224",630,"m","6/13/26"
"5356","tiny","cdi_words","2A","produces",NA,0,"113","2026-07-08 10:01:30","VVI224",630,"m","6/13/26"
"5357","wet","cdi_words","2A","produces",NA,0,"113","2026-07-08 10:01:30","VVI224",630,"m","6/13/26"
"5358","after","cdi_words","2A","produces",NA,0,"113","2026-07-08 10:01:30","VVI224",630,"m","6/13/26"
"5359","day","cdi_words","2A","produces",NA,0,"113","2026-07-08 10:01:30","VVI224",630,"m","6/13/26"
"5360","tonight","cdi_words","2A","produces",NA,0,"113","2026-07-08 10:01:30","VVI224",630,"m","6/13/26"
"5361","our","cdi_words","2A","produces",NA,0,"113","2026-07-08 10:01:30","VVI224",630,"m","6/13/26"
"5362","them","cdi_words","2A","produces",NA,0,"113","2026-07-08 10:01:30","VVI224",630,"m","6/13/26"
"5363","this","cdi_words","2A","produces",NA,0,"113","2026-07-08 10:01:30","VVI224",630,"m","6/13/26"
"5364","us","cdi_words","2A","produces",NA,0,"113","2026-07-08 10:01:30","VVI224",630,"m","6/13/26"
"5365","where","cdi_words","2A","produces",NA,0,"113","2026-07-08 10:01:30","VVI224",630,"m","6/13/26"
"5366","beside","cdi_words","2A","produces",NA,0,"113","2026-07-08 10:01:30","VVI224",630,"m","6/13/26"
"5367","down","cdi_words","2A","produces",1,1,"113","2026-07-08 10:01:30","VVI224",630,"m","6/13/26"
"5368","under","cdi_words","2A","produces",NA,0,"113","2026-07-08 10:01:30","VVI224",630,"m","6/13/26"
"5369","all","cdi_words","2A","produces",NA,0,"113","2026-07-08 10:01:30","VVI224",630,"m","6/13/26"
"5370","much","cdi_words","2A","produces",NA,0,"113","2026-07-08 10:01:30","VVI224",630,"m","6/13/26"
"5371","could","cdi_words","2A","produces",NA,0,"113","2026-07-08 10:01:30","VVI224",630,"m","6/13/26"
"5372","need","cdi_words","2A","produces",1,1,"113","2026-07-08 10:01:30","VVI224",630,"m","6/13/26"
"5373","would","cdi_words","2A","produces",NA,0,"113","2026-07-08 10:01:30","VVI224",630,"m","6/13/26"
"5374","if","cdi_words","2A","produces",NA,0,"113","2026-07-08 10:01:30","VVI224",630,"m","6/13/26"
"5375","sock","extra_words","2A","produces",NA,0,"98","2026-03-08 17:02:49","VVI153",600,"f","2/19/26"
"5376","bathtub","extra_words","2A","produces",1,1,"98","2026-03-08 17:02:49","VVI153",600,"f","2/19/26"
"5377","shower","extra_words","2A","produces",NA,0,"98","2026-03-08 17:02:49","VVI153",600,"f","2/19/26"
"5378","balloon","extra_words","2A","produces",1,1,"98","2026-03-08 17:02:49","VVI153",600,"f","2/19/26"
"5379","dresser","extra_words","2A","produces",NA,0,"98","2026-03-08 17:02:49","VVI153",600,"f","2/19/26"
"5380","kite","extra_words","2A","produces",NA,0,"98","2026-03-08 17:02:49","VVI153",600,"f","2/19/26"
"5381","camel","extra_words","2A","produces",NA,0,"98","2026-03-08 17:02:49","VVI153",600,"f","2/19/26"
"5382","elephant","extra_words","2A","produces",NA,0,"98","2026-03-08 17:02:49","VVI153",600,"f","2/19/26"
"5383","ladybug","extra_words","2A","produces",NA,0,"98","2026-03-08 17:02:49","VVI153",600,"f","2/19/26"
"5384","cloud","extra_words","2A","produces",NA,0,"98","2026-03-08 17:02:49","VVI153",600,"f","2/19/26"
"5385","tree","extra_words","2A","produces",NA,0,"98","2026-03-08 17:02:49","VVI153",600,"f","2/19/26"
"5386","zipper","extra_words","2A","produces",NA,0,"98","2026-03-08 17:02:49","VVI153",600,"f","2/19/26"
"5387","crow","extra_words","2A","produces",NA,0,"98","2026-03-08 17:02:49","VVI153",600,"f","2/19/26"
"5388","penguin","extra_words","2A","produces",NA,0,"98","2026-03-08 17:02:49","VVI153",600,"f","2/19/26"
"5389","seahorse","extra_words","2A","produces",NA,0,"98","2026-03-08 17:02:49","VVI153",600,"f","2/19/26"
"5390","duck","extra_words","2A","produces",NA,0,"98","2026-03-08 17:02:49","VVI153",600,"f","2/19/26"
"5391","chicken","extra_words","2A","produces",NA,0,"98","2026-03-08 17:02:49","VVI153",600,"f","2/19/26"
"5392","butterfly","extra_words","2A","produces",NA,0,"98","2026-03-08 17:02:49","VVI153",600,"f","2/19/26"
"5393","lizard","extra_words","2A","produces",NA,0,"98","2026-03-08 17:02:49","VVI153",600,"f","2/19/26"
"5394","walrus","extra_words","2A","produces",NA,0,"98","2026-03-08 17:02:49","VVI153",600,"f","2/19/26"
"5395","snake","extra_words","2A","produces",1,1,"98","2026-03-08 17:02:49","VVI153",600,"f","2/19/26"
"5396","truck","extra_words","2A","produces",1,1,"98","2026-03-08 17:02:49","VVI153",600,"f","2/19/26"
"5397","car","extra_words","2A","produces",1,1,"98","2026-03-08 17:02:49","VVI153",600,"f","2/19/26"
"5398","airplane","extra_words","2A","produces",NA,0,"98","2026-03-08 17:02:49","VVI153",600,"f","2/19/26"
"5399","baa baa","cdi_words","2A","produces",1,1,"98","2026-03-08 17:02:49","VVI153",600,"f","2/19/26"
"5400","meow","cdi_words","2A","produces",1,1,"98","2026-03-08 17:02:49","VVI153",600,"f","2/19/26"
"5401","ouch","cdi_words","2A","produces",1,1,"98","2026-03-08 17:02:49","VVI153",600,"f","2/19/26"
"5402","uh oh","cdi_words","2A","produces",1,1,"98","2026-03-08 17:02:49","VVI153",600,"f","2/19/26"
"5403","woof woof","cdi_words","2A","produces",1,1,"98","2026-03-08 17:02:49","VVI153",600,"f","2/19/26"
"5404","bear","cdi_words","2A","produces",NA,0,"98","2026-03-08 17:02:49","VVI153",600,"f","2/19/26"
"5405","bird","cdi_words","2A","produces",NA,0,"98","2026-03-08 17:02:49","VVI153",600,"f","2/19/26"
"5406","cat","cdi_words","2A","produces",NA,0,"98","2026-03-08 17:02:49","VVI153",600,"f","2/19/26"
"5407","dog","cdi_words","2A","produces",NA,0,"98","2026-03-08 17:02:49","VVI153",600,"f","2/19/26"
"5408","duck","cdi_words","2A","produces",1,1,"98","2026-03-08 17:02:49","VVI153",600,"f","2/19/26"
"5409","horse","cdi_words","2A","produces",NA,0,"98","2026-03-08 17:02:49","VVI153",600,"f","2/19/26"
"5410","airplane","cdi_words","2A","produces",NA,0,"98","2026-03-08 17:02:49","VVI153",600,"f","2/19/26"
"5411","boat","cdi_words","2A","produces",NA,0,"98","2026-03-08 17:02:49","VVI153",600,"f","2/19/26"
"5412","car","cdi_words","2A","produces",1,1,"98","2026-03-08 17:02:49","VVI153",600,"f","2/19/26"
"5413","ball","cdi_words","2A","produces",NA,0,"98","2026-03-08 17:02:49","VVI153",600,"f","2/19/26"
"5414","book","cdi_words","2A","produces",NA,0,"98","2026-03-08 17:02:49","VVI153",600,"f","2/19/26"
"5415","game","cdi_words","2A","produces",NA,0,"98","2026-03-08 17:02:49","VVI153",600,"f","2/19/26"
"5416","applesauce","cdi_words","2A","produces",NA,0,"98","2026-03-08 17:02:49","VVI153",600,"f","2/19/26"
"5417","candy","cdi_words","2A","produces",1,1,"98","2026-03-08 17:02:49","VVI153",600,"f","2/19/26"
"5418","coke","cdi_words","2A","produces",NA,0,"98","2026-03-08 17:02:49","VVI153",600,"f","2/19/26"
"5419","cracker","cdi_words","2A","produces",NA,0,"98","2026-03-08 17:02:49","VVI153",600,"f","2/19/26"
"5420","juice","cdi_words","2A","produces",NA,0,"98","2026-03-08 17:02:49","VVI153",600,"f","2/19/26"
"5421","meat","cdi_words","2A","produces",NA,0,"98","2026-03-08 17:02:49","VVI153",600,"f","2/19/26"
"5422","milk","cdi_words","2A","produces",1,1,"98","2026-03-08 17:02:49","VVI153",600,"f","2/19/26"
"5423","peas","cdi_words","2A","produces",NA,0,"98","2026-03-08 17:02:49","VVI153",600,"f","2/19/26"
"5424","hat","cdi_words","2A","produces",NA,0,"98","2026-03-08 17:02:49","VVI153",600,"f","2/19/26"
"5425","necklace","cdi_words","2A","produces",NA,0,"98","2026-03-08 17:02:49","VVI153",600,"f","2/19/26"
"5426","shoe","cdi_words","2A","produces",NA,0,"98","2026-03-08 17:02:49","VVI153",600,"f","2/19/26"
"5427","sock","cdi_words","2A","produces",NA,0,"98","2026-03-08 17:02:49","VVI153",600,"f","2/19/26"
"5428","chin","cdi_words","2A","produces",NA,0,"98","2026-03-08 17:02:49","VVI153",600,"f","2/19/26"
"5429","ear","cdi_words","2A","produces",NA,0,"98","2026-03-08 17:02:49","VVI153",600,"f","2/19/26"
"5430","hand","cdi_words","2A","produces",NA,0,"98","2026-03-08 17:02:49","VVI153",600,"f","2/19/26"
"5431","leg","cdi_words","2A","produces",NA,0,"98","2026-03-08 17:02:49","VVI153",600,"f","2/19/26"
"5432","broom","cdi_words","2A","produces",NA,0,"98","2026-03-08 17:02:49","VVI153",600,"f","2/19/26"
"5433","comb","cdi_words","2A","produces",NA,0,"98","2026-03-08 17:02:49","VVI153",600,"f","2/19/26"
"5434","mop","cdi_words","2A","produces",NA,0,"98","2026-03-08 17:02:49","VVI153",600,"f","2/19/26"
"5435","plate","cdi_words","2A","produces",NA,0,"98","2026-03-08 17:02:49","VVI153",600,"f","2/19/26"
"5436","trash","cdi_words","2A","produces",NA,0,"98","2026-03-08 17:02:49","VVI153",600,"f","2/19/26"
"5437","tray","cdi_words","2A","produces",NA,0,"98","2026-03-08 17:02:49","VVI153",600,"f","2/19/26"
"5438","towel","cdi_words","2A","produces",NA,0,"98","2026-03-08 17:02:49","VVI153",600,"f","2/19/26"
"5439","bed","cdi_words","2A","produces",NA,0,"98","2026-03-08 17:02:49","VVI153",600,"f","2/19/26"
"5440","bedroom","cdi_words","2A","produces",NA,0,"98","2026-03-08 17:02:49","VVI153",600,"f","2/19/26"
"5441","bench","cdi_words","2A","produces",NA,0,"98","2026-03-08 17:02:49","VVI153",600,"f","2/19/26"
"5442","oven","cdi_words","2A","produces",NA,0,"98","2026-03-08 17:02:49","VVI153",600,"f","2/19/26"
"5443","stairs","cdi_words","2A","produces",NA,0,"98","2026-03-08 17:02:49","VVI153",600,"f","2/19/26"
"5444","flag","cdi_words","2A","produces",NA,0,"98","2026-03-08 17:02:49","VVI153",600,"f","2/19/26"
"5445","rain","cdi_words","2A","produces",NA,0,"98","2026-03-08 17:02:49","VVI153",600,"f","2/19/26"
"5446","star","cdi_words","2A","produces",NA,0,"98","2026-03-08 17:02:49","VVI153",600,"f","2/19/26"
"5447","swing","cdi_words","2A","produces",NA,0,"98","2026-03-08 17:02:49","VVI153",600,"f","2/19/26"
"5448","school","cdi_words","2A","produces",NA,0,"98","2026-03-08 17:02:49","VVI153",600,"f","2/19/26"
"5449","sky","cdi_words","2A","produces",NA,0,"98","2026-03-08 17:02:49","VVI153",600,"f","2/19/26"
"5450","party","cdi_words","2A","produces",NA,0,"98","2026-03-08 17:02:49","VVI153",600,"f","2/19/26"
"5451","friend","cdi_words","2A","produces",NA,0,"98","2026-03-08 17:02:49","VVI153",600,"f","2/19/26"
"5452","mommy","cdi_words","2A","produces",NA,0,"98","2026-03-08 17:02:49","VVI153",600,"f","2/19/26"
"5453","person","cdi_words","2A","produces",NA,0,"98","2026-03-08 17:02:49","VVI153",600,"f","2/19/26"
"5454","bye","cdi_words","2A","produces",1,1,"98","2026-03-08 17:02:49","VVI153",600,"f","2/19/26"
"5455","hi","cdi_words","2A","produces",1,1,"98","2026-03-08 17:02:49","VVI153",600,"f","2/19/26"
"5456","no","cdi_words","2A","produces",1,1,"98","2026-03-08 17:02:49","VVI153",600,"f","2/19/26"
"5457","shopping","cdi_words","2A","produces",NA,0,"98","2026-03-08 17:02:49","VVI153",600,"f","2/19/26"
"5458","thank you","cdi_words","2A","produces",1,1,"98","2026-03-08 17:02:49","VVI153",600,"f","2/19/26"
"5459","carry","cdi_words","2A","produces",NA,0,"98","2026-03-08 17:02:49","VVI153",600,"f","2/19/26"
"5460","chase","cdi_words","2A","produces",NA,0,"98","2026-03-08 17:02:49","VVI153",600,"f","2/19/26"
"5461","dump","cdi_words","2A","produces",NA,0,"98","2026-03-08 17:02:49","VVI153",600,"f","2/19/26"
"5462","finish","cdi_words","2A","produces",NA,0,"98","2026-03-08 17:02:49","VVI153",600,"f","2/19/26"
"5463","fit","cdi_words","2A","produces",NA,0,"98","2026-03-08 17:02:49","VVI153",600,"f","2/19/26"
"5464","hug","cdi_words","2A","produces",NA,0,"98","2026-03-08 17:02:49","VVI153",600,"f","2/19/26"
"5465","listen","cdi_words","2A","produces",NA,0,"98","2026-03-08 17:02:49","VVI153",600,"f","2/19/26"
"5466","like","cdi_words","2A","produces",NA,0,"98","2026-03-08 17:02:49","VVI153",600,"f","2/19/26"
"5467","pretend","cdi_words","2A","produces",NA,0,"98","2026-03-08 17:02:49","VVI153",600,"f","2/19/26"
"5468","rip","cdi_words","2A","produces",NA,0,"98","2026-03-08 17:02:49","VVI153",600,"f","2/19/26"
"5469","shake","cdi_words","2A","produces",NA,0,"98","2026-03-08 17:02:49","VVI153",600,"f","2/19/26"
"5470","taste","cdi_words","2A","produces",NA,0,"98","2026-03-08 17:02:49","VVI153",600,"f","2/19/26"
"5471","gentle","cdi_words","2A","produces",NA,0,"98","2026-03-08 17:02:49","VVI153",600,"f","2/19/26"
"5472","think","cdi_words","2A","produces",NA,0,"98","2026-03-08 17:02:49","VVI153",600,"f","2/19/26"
"5473","wish","cdi_words","2A","produces",NA,0,"98","2026-03-08 17:02:49","VVI153",600,"f","2/19/26"
"5474","all gone","cdi_words","2A","produces",NA,0,"98","2026-03-08 17:02:49","VVI153",600,"f","2/19/26"
"5475","cold","cdi_words","2A","produces",NA,0,"98","2026-03-08 17:02:49","VVI153",600,"f","2/19/26"
"5476","fast","cdi_words","2A","produces",NA,0,"98","2026-03-08 17:02:49","VVI153",600,"f","2/19/26"
"5477","happy","cdi_words","2A","produces",NA,0,"98","2026-03-08 17:02:49","VVI153",600,"f","2/19/26"
"5478","hot","cdi_words","2A","produces",1,1,"98","2026-03-08 17:02:49","VVI153",600,"f","2/19/26"
"5479","last","cdi_words","2A","produces",NA,0,"98","2026-03-08 17:02:49","VVI153",600,"f","2/19/26"
"5480","tiny","cdi_words","2A","produces",NA,0,"98","2026-03-08 17:02:49","VVI153",600,"f","2/19/26"
"5481","wet","cdi_words","2A","produces",NA,0,"98","2026-03-08 17:02:49","VVI153",600,"f","2/19/26"
"5482","after","cdi_words","2A","produces",NA,0,"98","2026-03-08 17:02:49","VVI153",600,"f","2/19/26"
"5483","day","cdi_words","2A","produces",1,1,"98","2026-03-08 17:02:49","VVI153",600,"f","2/19/26"
"5484","tonight","cdi_words","2A","produces",NA,0,"98","2026-03-08 17:02:49","VVI153",600,"f","2/19/26"
"5485","our","cdi_words","2A","produces",NA,0,"98","2026-03-08 17:02:49","VVI153",600,"f","2/19/26"
"5486","them","cdi_words","2A","produces",NA,0,"98","2026-03-08 17:02:49","VVI153",600,"f","2/19/26"
"5487","this","cdi_words","2A","produces",NA,0,"98","2026-03-08 17:02:49","VVI153",600,"f","2/19/26"
"5488","us","cdi_words","2A","produces",NA,0,"98","2026-03-08 17:02:49","VVI153",600,"f","2/19/26"
"5489","where","cdi_words","2A","produces",NA,0,"98","2026-03-08 17:02:49","VVI153",600,"f","2/19/26"
"5490","beside","cdi_words","2A","produces",NA,0,"98","2026-03-08 17:02:49","VVI153",600,"f","2/19/26"
"5491","down","cdi_words","2A","produces",NA,0,"98","2026-03-08 17:02:49","VVI153",600,"f","2/19/26"
"5492","under","cdi_words","2A","produces",NA,0,"98","2026-03-08 17:02:49","VVI153",600,"f","2/19/26"
"5493","all","cdi_words","2A","produces",NA,0,"98","2026-03-08 17:02:49","VVI153",600,"f","2/19/26"
"5494","much","cdi_words","2A","produces",NA,0,"98","2026-03-08 17:02:49","VVI153",600,"f","2/19/26"
"5495","could","cdi_words","2A","produces",NA,0,"98","2026-03-08 17:02:49","VVI153",600,"f","2/19/26"
"5496","need","cdi_words","2A","produces",NA,0,"98","2026-03-08 17:02:49","VVI153",600,"f","2/19/26"
"5497","would","cdi_words","2A","produces",NA,0,"98","2026-03-08 17:02:49","VVI153",600,"f","2/19/26"
"5498","if","cdi_words","2A","produces",NA,0,"98","2026-03-08 17:02:49","VVI153",600,"f","2/19/26"
"5499","sock","extra_words","2A","produces",1,1,"209","2026-04-17 16:06:34","VVI180",720,"m","3/25/26"
"5500","bathtub","extra_words","2A","produces",1,1,"209","2026-04-17 16:06:34","VVI180",720,"m","3/25/26"
"5501","shower","extra_words","2A","produces",1,1,"209","2026-04-17 16:06:34","VVI180",720,"m","3/25/26"
"5502","balloon","extra_words","2A","produces",1,1,"209","2026-04-17 16:06:34","VVI180",720,"m","3/25/26"
"5503","dresser","extra_words","2A","produces",NA,0,"209","2026-04-17 16:06:34","VVI180",720,"m","3/25/26"
"5504","kite","extra_words","2A","produces",1,1,"209","2026-04-17 16:06:34","VVI180",720,"m","3/25/26"
"5505","camel","extra_words","2A","produces",NA,0,"209","2026-04-17 16:06:34","VVI180",720,"m","3/25/26"
"5506","elephant","extra_words","2A","produces",1,1,"209","2026-04-17 16:06:34","VVI180",720,"m","3/25/26"
"5507","ladybug","extra_words","2A","produces",1,1,"209","2026-04-17 16:06:34","VVI180",720,"m","3/25/26"
"5508","cloud","extra_words","2A","produces",1,1,"209","2026-04-17 16:06:34","VVI180",720,"m","3/25/26"
"5509","tree","extra_words","2A","produces",1,1,"209","2026-04-17 16:06:34","VVI180",720,"m","3/25/26"
"5510","zipper","extra_words","2A","produces",1,1,"209","2026-04-17 16:06:34","VVI180",720,"m","3/25/26"
"5511","crow","extra_words","2A","produces",1,1,"209","2026-04-17 16:06:34","VVI180",720,"m","3/25/26"
"5512","penguin","extra_words","2A","produces",1,1,"209","2026-04-17 16:06:34","VVI180",720,"m","3/25/26"
"5513","seahorse","extra_words","2A","produces",1,1,"209","2026-04-17 16:06:34","VVI180",720,"m","3/25/26"
"5514","duck","extra_words","2A","produces",1,1,"209","2026-04-17 16:06:34","VVI180",720,"m","3/25/26"
"5515","chicken","extra_words","2A","produces",1,1,"209","2026-04-17 16:06:34","VVI180",720,"m","3/25/26"
"5516","butterfly","extra_words","2A","produces",1,1,"209","2026-04-17 16:06:34","VVI180",720,"m","3/25/26"
"5517","lizard","extra_words","2A","produces",NA,0,"209","2026-04-17 16:06:34","VVI180",720,"m","3/25/26"
"5518","walrus","extra_words","2A","produces",NA,0,"209","2026-04-17 16:06:34","VVI180",720,"m","3/25/26"
"5519","snake","extra_words","2A","produces",1,1,"209","2026-04-17 16:06:34","VVI180",720,"m","3/25/26"
"5520","truck","extra_words","2A","produces",1,1,"209","2026-04-17 16:06:34","VVI180",720,"m","3/25/26"
"5521","car","extra_words","2A","produces",1,1,"209","2026-04-17 16:06:34","VVI180",720,"m","3/25/26"
"5522","airplane","extra_words","2A","produces",1,1,"209","2026-04-17 16:06:34","VVI180",720,"m","3/25/26"
"5523","baa baa","cdi_words","2A","produces",1,1,"209","2026-04-17 16:06:34","VVI180",720,"m","3/25/26"
"5524","meow","cdi_words","2A","produces",1,1,"209","2026-04-17 16:06:34","VVI180",720,"m","3/25/26"
"5525","ouch","cdi_words","2A","produces",1,1,"209","2026-04-17 16:06:34","VVI180",720,"m","3/25/26"
"5526","uh oh","cdi_words","2A","produces",1,1,"209","2026-04-17 16:06:34","VVI180",720,"m","3/25/26"
"5527","woof woof","cdi_words","2A","produces",1,1,"209","2026-04-17 16:06:34","VVI180",720,"m","3/25/26"
"5528","bear","cdi_words","2A","produces",1,1,"209","2026-04-17 16:06:34","VVI180",720,"m","3/25/26"
"5529","bird","cdi_words","2A","produces",1,1,"209","2026-04-17 16:06:34","VVI180",720,"m","3/25/26"
"5530","cat","cdi_words","2A","produces",1,1,"209","2026-04-17 16:06:34","VVI180",720,"m","3/25/26"
"5531","dog","cdi_words","2A","produces",1,1,"209","2026-04-17 16:06:34","VVI180",720,"m","3/25/26"
"5532","duck","cdi_words","2A","produces",1,1,"209","2026-04-17 16:06:34","VVI180",720,"m","3/25/26"
"5533","horse","cdi_words","2A","produces",1,1,"209","2026-04-17 16:06:34","VVI180",720,"m","3/25/26"
"5534","airplane","cdi_words","2A","produces",1,1,"209","2026-04-17 16:06:34","VVI180",720,"m","3/25/26"
"5535","boat","cdi_words","2A","produces",1,1,"209","2026-04-17 16:06:34","VVI180",720,"m","3/25/26"
"5536","car","cdi_words","2A","produces",1,1,"209","2026-04-17 16:06:34","VVI180",720,"m","3/25/26"
"5537","ball","cdi_words","2A","produces",1,1,"209","2026-04-17 16:06:34","VVI180",720,"m","3/25/26"
"5538","book","cdi_words","2A","produces",1,1,"209","2026-04-17 16:06:34","VVI180",720,"m","3/25/26"
"5539","game","cdi_words","2A","produces",1,1,"209","2026-04-17 16:06:34","VVI180",720,"m","3/25/26"
"5540","applesauce","cdi_words","2A","produces",1,1,"209","2026-04-17 16:06:34","VVI180",720,"m","3/25/26"
"5541","candy","cdi_words","2A","produces",1,1,"209","2026-04-17 16:06:34","VVI180",720,"m","3/25/26"
"5542","coke","cdi_words","2A","produces",NA,0,"209","2026-04-17 16:06:34","VVI180",720,"m","3/25/26"
"5543","cracker","cdi_words","2A","produces",1,1,"209","2026-04-17 16:06:34","VVI180",720,"m","3/25/26"
"5544","juice","cdi_words","2A","produces",1,1,"209","2026-04-17 16:06:34","VVI180",720,"m","3/25/26"
"5545","meat","cdi_words","2A","produces",1,1,"209","2026-04-17 16:06:34","VVI180",720,"m","3/25/26"
"5546","milk","cdi_words","2A","produces",1,1,"209","2026-04-17 16:06:34","VVI180",720,"m","3/25/26"
"5547","peas","cdi_words","2A","produces",1,1,"209","2026-04-17 16:06:34","VVI180",720,"m","3/25/26"
"5548","hat","cdi_words","2A","produces",1,1,"209","2026-04-17 16:06:34","VVI180",720,"m","3/25/26"
"5549","necklace","cdi_words","2A","produces",1,1,"209","2026-04-17 16:06:34","VVI180",720,"m","3/25/26"
"5550","shoe","cdi_words","2A","produces",1,1,"209","2026-04-17 16:06:34","VVI180",720,"m","3/25/26"
"5551","sock","cdi_words","2A","produces",1,1,"209","2026-04-17 16:06:34","VVI180",720,"m","3/25/26"
"5552","chin","cdi_words","2A","produces",1,1,"209","2026-04-17 16:06:34","VVI180",720,"m","3/25/26"
"5553","ear","cdi_words","2A","produces",1,1,"209","2026-04-17 16:06:34","VVI180",720,"m","3/25/26"
"5554","hand","cdi_words","2A","produces",1,1,"209","2026-04-17 16:06:34","VVI180",720,"m","3/25/26"
"5555","leg","cdi_words","2A","produces",1,1,"209","2026-04-17 16:06:34","VVI180",720,"m","3/25/26"
"5556","broom","cdi_words","2A","produces",1,1,"209","2026-04-17 16:06:34","VVI180",720,"m","3/25/26"
"5557","comb","cdi_words","2A","produces",1,1,"209","2026-04-17 16:06:34","VVI180",720,"m","3/25/26"
"5558","mop","cdi_words","2A","produces",NA,0,"209","2026-04-17 16:06:34","VVI180",720,"m","3/25/26"
"5559","plate","cdi_words","2A","produces",1,1,"209","2026-04-17 16:06:34","VVI180",720,"m","3/25/26"
"5560","trash","cdi_words","2A","produces",1,1,"209","2026-04-17 16:06:34","VVI180",720,"m","3/25/26"
"5561","tray","cdi_words","2A","produces",NA,0,"209","2026-04-17 16:06:34","VVI180",720,"m","3/25/26"
"5562","towel","cdi_words","2A","produces",1,1,"209","2026-04-17 16:06:34","VVI180",720,"m","3/25/26"
"5563","bed","cdi_words","2A","produces",1,1,"209","2026-04-17 16:06:34","VVI180",720,"m","3/25/26"
"5564","bedroom","cdi_words","2A","produces",1,1,"209","2026-04-17 16:06:34","VVI180",720,"m","3/25/26"
"5565","bench","cdi_words","2A","produces",1,1,"209","2026-04-17 16:06:34","VVI180",720,"m","3/25/26"
"5566","oven","cdi_words","2A","produces",1,1,"209","2026-04-17 16:06:34","VVI180",720,"m","3/25/26"
"5567","stairs","cdi_words","2A","produces",1,1,"209","2026-04-17 16:06:34","VVI180",720,"m","3/25/26"
"5568","flag","cdi_words","2A","produces",1,1,"209","2026-04-17 16:06:34","VVI180",720,"m","3/25/26"
"5569","rain","cdi_words","2A","produces",1,1,"209","2026-04-17 16:06:34","VVI180",720,"m","3/25/26"
"5570","star","cdi_words","2A","produces",1,1,"209","2026-04-17 16:06:34","VVI180",720,"m","3/25/26"
"5571","swing","cdi_words","2A","produces",1,1,"209","2026-04-17 16:06:34","VVI180",720,"m","3/25/26"
"5572","school","cdi_words","2A","produces",1,1,"209","2026-04-17 16:06:34","VVI180",720,"m","3/25/26"
"5573","sky","cdi_words","2A","produces",1,1,"209","2026-04-17 16:06:34","VVI180",720,"m","3/25/26"
"5574","party","cdi_words","2A","produces",1,1,"209","2026-04-17 16:06:34","VVI180",720,"m","3/25/26"
"5575","friend","cdi_words","2A","produces",1,1,"209","2026-04-17 16:06:34","VVI180",720,"m","3/25/26"
"5576","mommy","cdi_words","2A","produces",1,1,"209","2026-04-17 16:06:34","VVI180",720,"m","3/25/26"
"5577","person","cdi_words","2A","produces",1,1,"209","2026-04-17 16:06:34","VVI180",720,"m","3/25/26"
"5578","bye","cdi_words","2A","produces",1,1,"209","2026-04-17 16:06:34","VVI180",720,"m","3/25/26"
"5579","hi","cdi_words","2A","produces",1,1,"209","2026-04-17 16:06:34","VVI180",720,"m","3/25/26"
"5580","no","cdi_words","2A","produces",1,1,"209","2026-04-17 16:06:34","VVI180",720,"m","3/25/26"
"5581","shopping","cdi_words","2A","produces",1,1,"209","2026-04-17 16:06:34","VVI180",720,"m","3/25/26"
"5582","thank you","cdi_words","2A","produces",1,1,"209","2026-04-17 16:06:34","VVI180",720,"m","3/25/26"
"5583","carry","cdi_words","2A","produces",1,1,"209","2026-04-17 16:06:34","VVI180",720,"m","3/25/26"
"5584","chase","cdi_words","2A","produces",1,1,"209","2026-04-17 16:06:34","VVI180",720,"m","3/25/26"
"5585","dump","cdi_words","2A","produces",NA,0,"209","2026-04-17 16:06:34","VVI180",720,"m","3/25/26"
"5586","finish","cdi_words","2A","produces",1,1,"209","2026-04-17 16:06:34","VVI180",720,"m","3/25/26"
"5587","fit","cdi_words","2A","produces",1,1,"209","2026-04-17 16:06:34","VVI180",720,"m","3/25/26"
"5588","hug","cdi_words","2A","produces",1,1,"209","2026-04-17 16:06:34","VVI180",720,"m","3/25/26"
"5589","listen","cdi_words","2A","produces",1,1,"209","2026-04-17 16:06:34","VVI180",720,"m","3/25/26"
"5590","like","cdi_words","2A","produces",1,1,"209","2026-04-17 16:06:34","VVI180",720,"m","3/25/26"
"5591","pretend","cdi_words","2A","produces",NA,0,"209","2026-04-17 16:06:34","VVI180",720,"m","3/25/26"
"5592","rip","cdi_words","2A","produces",1,1,"209","2026-04-17 16:06:34","VVI180",720,"m","3/25/26"
"5593","shake","cdi_words","2A","produces",1,1,"209","2026-04-17 16:06:34","VVI180",720,"m","3/25/26"
"5594","taste","cdi_words","2A","produces",1,1,"209","2026-04-17 16:06:34","VVI180",720,"m","3/25/26"
"5595","gentle","cdi_words","2A","produces",1,1,"209","2026-04-17 16:06:34","VVI180",720,"m","3/25/26"
"5596","think","cdi_words","2A","produces",1,1,"209","2026-04-17 16:06:34","VVI180",720,"m","3/25/26"
"5597","wish","cdi_words","2A","produces",NA,0,"209","2026-04-17 16:06:34","VVI180",720,"m","3/25/26"
"5598","all gone","cdi_words","2A","produces",1,1,"209","2026-04-17 16:06:34","VVI180",720,"m","3/25/26"
"5599","cold","cdi_words","2A","produces",1,1,"209","2026-04-17 16:06:34","VVI180",720,"m","3/25/26"
"5600","fast","cdi_words","2A","produces",1,1,"209","2026-04-17 16:06:34","VVI180",720,"m","3/25/26"
"5601","happy","cdi_words","2A","produces",1,1,"209","2026-04-17 16:06:34","VVI180",720,"m","3/25/26"
"5602","hot","cdi_words","2A","produces",1,1,"209","2026-04-17 16:06:34","VVI180",720,"m","3/25/26"
"5603","last","cdi_words","2A","produces",NA,0,"209","2026-04-17 16:06:34","VVI180",720,"m","3/25/26"
"5604","tiny","cdi_words","2A","produces",NA,0,"209","2026-04-17 16:06:34","VVI180",720,"m","3/25/26"
"5605","wet","cdi_words","2A","produces",1,1,"209","2026-04-17 16:06:34","VVI180",720,"m","3/25/26"
"5606","after","cdi_words","2A","produces",1,1,"209","2026-04-17 16:06:34","VVI180",720,"m","3/25/26"
"5607","day","cdi_words","2A","produces",1,1,"209","2026-04-17 16:06:34","VVI180",720,"m","3/25/26"
"5608","tonight","cdi_words","2A","produces",1,1,"209","2026-04-17 16:06:34","VVI180",720,"m","3/25/26"
"5609","our","cdi_words","2A","produces",1,1,"209","2026-04-17 16:06:34","VVI180",720,"m","3/25/26"
"5610","them","cdi_words","2A","produces",1,1,"209","2026-04-17 16:06:34","VVI180",720,"m","3/25/26"
"5611","this","cdi_words","2A","produces",1,1,"209","2026-04-17 16:06:34","VVI180",720,"m","3/25/26"
"5612","us","cdi_words","2A","produces",NA,0,"209","2026-04-17 16:06:34","VVI180",720,"m","3/25/26"
"5613","where","cdi_words","2A","produces",1,1,"209","2026-04-17 16:06:34","VVI180",720,"m","3/25/26"
"5614","beside","cdi_words","2A","produces",NA,0,"209","2026-04-17 16:06:34","VVI180",720,"m","3/25/26"
"5615","down","cdi_words","2A","produces",1,1,"209","2026-04-17 16:06:34","VVI180",720,"m","3/25/26"
"5616","under","cdi_words","2A","produces",1,1,"209","2026-04-17 16:06:34","VVI180",720,"m","3/25/26"
"5617","all","cdi_words","2A","produces",1,1,"209","2026-04-17 16:06:34","VVI180",720,"m","3/25/26"
"5618","much","cdi_words","2A","produces",1,1,"209","2026-04-17 16:06:34","VVI180",720,"m","3/25/26"
"5619","could","cdi_words","2A","produces",NA,0,"209","2026-04-17 16:06:34","VVI180",720,"m","3/25/26"
"5620","need","cdi_words","2A","produces",1,1,"209","2026-04-17 16:06:34","VVI180",720,"m","3/25/26"
"5621","would","cdi_words","2A","produces",1,1,"209","2026-04-17 16:06:34","VVI180",720,"m","3/25/26"
"5622","if","cdi_words","2A","produces",NA,0,"209","2026-04-17 16:06:34","VVI180",720,"m","3/25/26"
"5623","sock","extra_words","2A","produces",1,1,"460","2026-05-29 08:56:27","VVI218",690,"f","5/29/26"
"5624","bathtub","extra_words","2A","produces",NA,0,"460","2026-05-29 08:56:27","VVI218",690,"f","5/29/26"
"5625","shower","extra_words","2A","produces",1,1,"460","2026-05-29 08:56:27","VVI218",690,"f","5/29/26"
"5626","balloon","extra_words","2A","produces",1,1,"460","2026-05-29 08:56:27","VVI218",690,"f","5/29/26"
"5627","dresser","extra_words","2A","produces",NA,0,"460","2026-05-29 08:56:27","VVI218",690,"f","5/29/26"
"5628","kite","extra_words","2A","produces",1,1,"460","2026-05-29 08:56:27","VVI218",690,"f","5/29/26"
"5629","camel","extra_words","2A","produces",1,1,"460","2026-05-29 08:56:27","VVI218",690,"f","5/29/26"
"5630","elephant","extra_words","2A","produces",1,1,"460","2026-05-29 08:56:27","VVI218",690,"f","5/29/26"
"5631","ladybug","extra_words","2A","produces",1,1,"460","2026-05-29 08:56:27","VVI218",690,"f","5/29/26"
"5632","cloud","extra_words","2A","produces",1,1,"460","2026-05-29 08:56:27","VVI218",690,"f","5/29/26"
"5633","tree","extra_words","2A","produces",1,1,"460","2026-05-29 08:56:27","VVI218",690,"f","5/29/26"
"5634","zipper","extra_words","2A","produces",NA,0,"460","2026-05-29 08:56:27","VVI218",690,"f","5/29/26"
"5635","crow","extra_words","2A","produces",NA,0,"460","2026-05-29 08:56:27","VVI218",690,"f","5/29/26"
"5636","penguin","extra_words","2A","produces",1,1,"460","2026-05-29 08:56:27","VVI218",690,"f","5/29/26"
"5637","seahorse","extra_words","2A","produces",NA,0,"460","2026-05-29 08:56:27","VVI218",690,"f","5/29/26"
"5638","duck","extra_words","2A","produces",1,1,"460","2026-05-29 08:56:27","VVI218",690,"f","5/29/26"
"5639","chicken","extra_words","2A","produces",1,1,"460","2026-05-29 08:56:27","VVI218",690,"f","5/29/26"
"5640","butterfly","extra_words","2A","produces",1,1,"460","2026-05-29 08:56:27","VVI218",690,"f","5/29/26"
"5641","lizard","extra_words","2A","produces",1,1,"460","2026-05-29 08:56:27","VVI218",690,"f","5/29/26"
"5642","walrus","extra_words","2A","produces",NA,0,"460","2026-05-29 08:56:27","VVI218",690,"f","5/29/26"
"5643","snake","extra_words","2A","produces",NA,0,"460","2026-05-29 08:56:27","VVI218",690,"f","5/29/26"
"5644","truck","extra_words","2A","produces",1,1,"460","2026-05-29 08:56:27","VVI218",690,"f","5/29/26"
"5645","car","extra_words","2A","produces",1,1,"460","2026-05-29 08:56:27","VVI218",690,"f","5/29/26"
"5646","airplane","extra_words","2A","produces",1,1,"460","2026-05-29 08:56:27","VVI218",690,"f","5/29/26"
"5647","baa baa","cdi_words","2A","produces",1,1,"460","2026-05-29 08:56:27","VVI218",690,"f","5/29/26"
"5648","meow","cdi_words","2A","produces",1,1,"460","2026-05-29 08:56:27","VVI218",690,"f","5/29/26"
"5649","ouch","cdi_words","2A","produces",1,1,"460","2026-05-29 08:56:27","VVI218",690,"f","5/29/26"
"5650","uh oh","cdi_words","2A","produces",1,1,"460","2026-05-29 08:56:27","VVI218",690,"f","5/29/26"
"5651","woof woof","cdi_words","2A","produces",1,1,"460","2026-05-29 08:56:27","VVI218",690,"f","5/29/26"
"5652","bear","cdi_words","2A","produces",1,1,"460","2026-05-29 08:56:27","VVI218",690,"f","5/29/26"
"5653","bird","cdi_words","2A","produces",1,1,"460","2026-05-29 08:56:27","VVI218",690,"f","5/29/26"
"5654","cat","cdi_words","2A","produces",1,1,"460","2026-05-29 08:56:27","VVI218",690,"f","5/29/26"
"5655","dog","cdi_words","2A","produces",1,1,"460","2026-05-29 08:56:27","VVI218",690,"f","5/29/26"
"5656","duck","cdi_words","2A","produces",1,1,"460","2026-05-29 08:56:27","VVI218",690,"f","5/29/26"
"5657","horse","cdi_words","2A","produces",1,1,"460","2026-05-29 08:56:27","VVI218",690,"f","5/29/26"
"5658","airplane","cdi_words","2A","produces",1,1,"460","2026-05-29 08:56:27","VVI218",690,"f","5/29/26"
"5659","boat","cdi_words","2A","produces",NA,0,"460","2026-05-29 08:56:27","VVI218",690,"f","5/29/26"
"5660","car","cdi_words","2A","produces",1,1,"460","2026-05-29 08:56:27","VVI218",690,"f","5/29/26"
"5661","ball","cdi_words","2A","produces",1,1,"460","2026-05-29 08:56:27","VVI218",690,"f","5/29/26"
"5662","book","cdi_words","2A","produces",1,1,"460","2026-05-29 08:56:27","VVI218",690,"f","5/29/26"
"5663","game","cdi_words","2A","produces",1,1,"460","2026-05-29 08:56:27","VVI218",690,"f","5/29/26"
"5664","applesauce","cdi_words","2A","produces",NA,0,"460","2026-05-29 08:56:27","VVI218",690,"f","5/29/26"
"5665","candy","cdi_words","2A","produces",1,1,"460","2026-05-29 08:56:27","VVI218",690,"f","5/29/26"
"5666","coke","cdi_words","2A","produces",1,1,"460","2026-05-29 08:56:27","VVI218",690,"f","5/29/26"
"5667","cracker","cdi_words","2A","produces",NA,0,"460","2026-05-29 08:56:27","VVI218",690,"f","5/29/26"
"5668","juice","cdi_words","2A","produces",1,1,"460","2026-05-29 08:56:27","VVI218",690,"f","5/29/26"
"5669","meat","cdi_words","2A","produces",1,1,"460","2026-05-29 08:56:27","VVI218",690,"f","5/29/26"
"5670","milk","cdi_words","2A","produces",1,1,"460","2026-05-29 08:56:27","VVI218",690,"f","5/29/26"
"5671","peas","cdi_words","2A","produces",1,1,"460","2026-05-29 08:56:27","VVI218",690,"f","5/29/26"
"5672","hat","cdi_words","2A","produces",1,1,"460","2026-05-29 08:56:27","VVI218",690,"f","5/29/26"
"5673","necklace","cdi_words","2A","produces",NA,0,"460","2026-05-29 08:56:27","VVI218",690,"f","5/29/26"
"5674","shoe","cdi_words","2A","produces",1,1,"460","2026-05-29 08:56:27","VVI218",690,"f","5/29/26"
"5675","sock","cdi_words","2A","produces",1,1,"460","2026-05-29 08:56:27","VVI218",690,"f","5/29/26"
"5676","chin","cdi_words","2A","produces",NA,0,"460","2026-05-29 08:56:27","VVI218",690,"f","5/29/26"
"5677","ear","cdi_words","2A","produces",1,1,"460","2026-05-29 08:56:27","VVI218",690,"f","5/29/26"
"5678","hand","cdi_words","2A","produces",1,1,"460","2026-05-29 08:56:27","VVI218",690,"f","5/29/26"
"5679","leg","cdi_words","2A","produces",1,1,"460","2026-05-29 08:56:27","VVI218",690,"f","5/29/26"
"5680","broom","cdi_words","2A","produces",1,1,"460","2026-05-29 08:56:27","VVI218",690,"f","5/29/26"
"5681","comb","cdi_words","2A","produces",1,1,"460","2026-05-29 08:56:27","VVI218",690,"f","5/29/26"
"5682","mop","cdi_words","2A","produces",1,1,"460","2026-05-29 08:56:27","VVI218",690,"f","5/29/26"
"5683","plate","cdi_words","2A","produces",1,1,"460","2026-05-29 08:56:27","VVI218",690,"f","5/29/26"
"5684","trash","cdi_words","2A","produces",NA,0,"460","2026-05-29 08:56:27","VVI218",690,"f","5/29/26"
"5685","tray","cdi_words","2A","produces",NA,0,"460","2026-05-29 08:56:27","VVI218",690,"f","5/29/26"
"5686","towel","cdi_words","2A","produces",1,1,"460","2026-05-29 08:56:27","VVI218",690,"f","5/29/26"
"5687","bed","cdi_words","2A","produces",1,1,"460","2026-05-29 08:56:27","VVI218",690,"f","5/29/26"
"5688","bedroom","cdi_words","2A","produces",1,1,"460","2026-05-29 08:56:27","VVI218",690,"f","5/29/26"
"5689","bench","cdi_words","2A","produces",1,1,"460","2026-05-29 08:56:27","VVI218",690,"f","5/29/26"
"5690","oven","cdi_words","2A","produces",NA,0,"460","2026-05-29 08:56:27","VVI218",690,"f","5/29/26"
"5691","stairs","cdi_words","2A","produces",NA,0,"460","2026-05-29 08:56:27","VVI218",690,"f","5/29/26"
"5692","flag","cdi_words","2A","produces",NA,0,"460","2026-05-29 08:56:27","VVI218",690,"f","5/29/26"
"5693","rain","cdi_words","2A","produces",1,1,"460","2026-05-29 08:56:27","VVI218",690,"f","5/29/26"
"5694","star","cdi_words","2A","produces",1,1,"460","2026-05-29 08:56:27","VVI218",690,"f","5/29/26"
"5695","swing","cdi_words","2A","produces",NA,0,"460","2026-05-29 08:56:27","VVI218",690,"f","5/29/26"
"5696","school","cdi_words","2A","produces",NA,0,"460","2026-05-29 08:56:27","VVI218",690,"f","5/29/26"
"5697","sky","cdi_words","2A","produces",1,1,"460","2026-05-29 08:56:27","VVI218",690,"f","5/29/26"
"5698","party","cdi_words","2A","produces",NA,0,"460","2026-05-29 08:56:27","VVI218",690,"f","5/29/26"
"5699","friend","cdi_words","2A","produces",1,1,"460","2026-05-29 08:56:27","VVI218",690,"f","5/29/26"
"5700","mommy","cdi_words","2A","produces",1,1,"460","2026-05-29 08:56:27","VVI218",690,"f","5/29/26"
"5701","person","cdi_words","2A","produces",NA,0,"460","2026-05-29 08:56:27","VVI218",690,"f","5/29/26"
"5702","bye","cdi_words","2A","produces",1,1,"460","2026-05-29 08:56:27","VVI218",690,"f","5/29/26"
"5703","hi","cdi_words","2A","produces",1,1,"460","2026-05-29 08:56:27","VVI218",690,"f","5/29/26"
"5704","no","cdi_words","2A","produces",NA,0,"460","2026-05-29 08:56:27","VVI218",690,"f","5/29/26"
"5705","shopping","cdi_words","2A","produces",NA,0,"460","2026-05-29 08:56:27","VVI218",690,"f","5/29/26"
"5706","thank you","cdi_words","2A","produces",1,1,"460","2026-05-29 08:56:27","VVI218",690,"f","5/29/26"
"5707","carry","cdi_words","2A","produces",1,1,"460","2026-05-29 08:56:27","VVI218",690,"f","5/29/26"
"5708","chase","cdi_words","2A","produces",NA,0,"460","2026-05-29 08:56:27","VVI218",690,"f","5/29/26"
"5709","dump","cdi_words","2A","produces",NA,0,"460","2026-05-29 08:56:27","VVI218",690,"f","5/29/26"
"5710","finish","cdi_words","2A","produces",NA,0,"460","2026-05-29 08:56:27","VVI218",690,"f","5/29/26"
"5711","fit","cdi_words","2A","produces",NA,0,"460","2026-05-29 08:56:27","VVI218",690,"f","5/29/26"
"5712","hug","cdi_words","2A","produces",1,1,"460","2026-05-29 08:56:27","VVI218",690,"f","5/29/26"
"5713","listen","cdi_words","2A","produces",1,1,"460","2026-05-29 08:56:27","VVI218",690,"f","5/29/26"
"5714","like","cdi_words","2A","produces",NA,0,"460","2026-05-29 08:56:27","VVI218",690,"f","5/29/26"
"5715","pretend","cdi_words","2A","produces",NA,0,"460","2026-05-29 08:56:27","VVI218",690,"f","5/29/26"
"5716","rip","cdi_words","2A","produces",NA,0,"460","2026-05-29 08:56:27","VVI218",690,"f","5/29/26"
"5717","shake","cdi_words","2A","produces",NA,0,"460","2026-05-29 08:56:27","VVI218",690,"f","5/29/26"
"5718","taste","cdi_words","2A","produces",1,1,"460","2026-05-29 08:56:27","VVI218",690,"f","5/29/26"
"5719","gentle","cdi_words","2A","produces",NA,0,"460","2026-05-29 08:56:27","VVI218",690,"f","5/29/26"
"5720","think","cdi_words","2A","produces",NA,0,"460","2026-05-29 08:56:27","VVI218",690,"f","5/29/26"
"5721","wish","cdi_words","2A","produces",NA,0,"460","2026-05-29 08:56:27","VVI218",690,"f","5/29/26"
"5722","all gone","cdi_words","2A","produces",NA,0,"460","2026-05-29 08:56:27","VVI218",690,"f","5/29/26"
"5723","cold","cdi_words","2A","produces",1,1,"460","2026-05-29 08:56:27","VVI218",690,"f","5/29/26"
"5724","fast","cdi_words","2A","produces",NA,0,"460","2026-05-29 08:56:27","VVI218",690,"f","5/29/26"
"5725","happy","cdi_words","2A","produces",1,1,"460","2026-05-29 08:56:27","VVI218",690,"f","5/29/26"
"5726","hot","cdi_words","2A","produces",1,1,"460","2026-05-29 08:56:27","VVI218",690,"f","5/29/26"
"5727","last","cdi_words","2A","produces",NA,0,"460","2026-05-29 08:56:27","VVI218",690,"f","5/29/26"
"5728","tiny","cdi_words","2A","produces",NA,0,"460","2026-05-29 08:56:27","VVI218",690,"f","5/29/26"
"5729","wet","cdi_words","2A","produces",NA,0,"460","2026-05-29 08:56:27","VVI218",690,"f","5/29/26"
"5730","after","cdi_words","2A","produces",NA,0,"460","2026-05-29 08:56:27","VVI218",690,"f","5/29/26"
"5731","day","cdi_words","2A","produces",NA,0,"460","2026-05-29 08:56:27","VVI218",690,"f","5/29/26"
"5732","tonight","cdi_words","2A","produces",NA,0,"460","2026-05-29 08:56:27","VVI218",690,"f","5/29/26"
"5733","our","cdi_words","2A","produces",NA,0,"460","2026-05-29 08:56:27","VVI218",690,"f","5/29/26"
"5734","them","cdi_words","2A","produces",NA,0,"460","2026-05-29 08:56:27","VVI218",690,"f","5/29/26"
"5735","this","cdi_words","2A","produces",1,1,"460","2026-05-29 08:56:27","VVI218",690,"f","5/29/26"
"5736","us","cdi_words","2A","produces",1,1,"460","2026-05-29 08:56:27","VVI218",690,"f","5/29/26"
"5737","where","cdi_words","2A","produces",NA,0,"460","2026-05-29 08:56:27","VVI218",690,"f","5/29/26"
"5738","beside","cdi_words","2A","produces",NA,0,"460","2026-05-29 08:56:27","VVI218",690,"f","5/29/26"
"5739","down","cdi_words","2A","produces",1,1,"460","2026-05-29 08:56:27","VVI218",690,"f","5/29/26"
"5740","under","cdi_words","2A","produces",1,1,"460","2026-05-29 08:56:27","VVI218",690,"f","5/29/26"
"5741","all","cdi_words","2A","produces",NA,0,"460","2026-05-29 08:56:27","VVI218",690,"f","5/29/26"
"5742","much","cdi_words","2A","produces",NA,0,"460","2026-05-29 08:56:27","VVI218",690,"f","5/29/26"
"5743","could","cdi_words","2A","produces",NA,0,"460","2026-05-29 08:56:27","VVI218",690,"f","5/29/26"
"5744","need","cdi_words","2A","produces",1,1,"460","2026-05-29 08:56:27","VVI218",690,"f","5/29/26"
"5745","would","cdi_words","2A","produces",NA,0,"460","2026-05-29 08:56:27","VVI218",690,"f","5/29/26"
"5746","if","cdi_words","2A","produces",NA,0,"460","2026-05-29 08:56:27","VVI218",690,"f","5/29/26"
"5747","sock","extra_words","2A","produces",NA,0,"129","2026-03-08 21:48:11","VVI159",630,"m","2/22/26"
"5748","bathtub","extra_words","2A","produces",1,1,"129","2026-03-08 21:48:11","VVI159",630,"m","2/22/26"
"5749","shower","extra_words","2A","produces",NA,0,"129","2026-03-08 21:48:11","VVI159",630,"m","2/22/26"
"5750","balloon","extra_words","2A","produces",1,1,"129","2026-03-08 21:48:11","VVI159",630,"m","2/22/26"
"5751","dresser","extra_words","2A","produces",NA,0,"129","2026-03-08 21:48:11","VVI159",630,"m","2/22/26"
"5752","kite","extra_words","2A","produces",NA,0,"129","2026-03-08 21:48:11","VVI159",630,"m","2/22/26"
"5753","camel","extra_words","2A","produces",NA,0,"129","2026-03-08 21:48:11","VVI159",630,"m","2/22/26"
"5754","elephant","extra_words","2A","produces",NA,0,"129","2026-03-08 21:48:11","VVI159",630,"m","2/22/26"
"5755","ladybug","extra_words","2A","produces",NA,0,"129","2026-03-08 21:48:11","VVI159",630,"m","2/22/26"
"5756","cloud","extra_words","2A","produces",NA,0,"129","2026-03-08 21:48:11","VVI159",630,"m","2/22/26"
"5757","tree","extra_words","2A","produces",1,1,"129","2026-03-08 21:48:11","VVI159",630,"m","2/22/26"
"5758","zipper","extra_words","2A","produces",NA,0,"129","2026-03-08 21:48:11","VVI159",630,"m","2/22/26"
"5759","crow","extra_words","2A","produces",NA,0,"129","2026-03-08 21:48:11","VVI159",630,"m","2/22/26"
"5760","penguin","extra_words","2A","produces",NA,0,"129","2026-03-08 21:48:11","VVI159",630,"m","2/22/26"
"5761","seahorse","extra_words","2A","produces",NA,0,"129","2026-03-08 21:48:11","VVI159",630,"m","2/22/26"
"5762","duck","extra_words","2A","produces",1,1,"129","2026-03-08 21:48:11","VVI159",630,"m","2/22/26"
"5763","chicken","extra_words","2A","produces",NA,0,"129","2026-03-08 21:48:11","VVI159",630,"m","2/22/26"
"5764","butterfly","extra_words","2A","produces",1,1,"129","2026-03-08 21:48:11","VVI159",630,"m","2/22/26"
"5765","lizard","extra_words","2A","produces",NA,0,"129","2026-03-08 21:48:11","VVI159",630,"m","2/22/26"
"5766","walrus","extra_words","2A","produces",NA,0,"129","2026-03-08 21:48:11","VVI159",630,"m","2/22/26"
"5767","snake","extra_words","2A","produces",NA,0,"129","2026-03-08 21:48:11","VVI159",630,"m","2/22/26"
"5768","truck","extra_words","2A","produces",1,1,"129","2026-03-08 21:48:11","VVI159",630,"m","2/22/26"
"5769","car","extra_words","2A","produces",1,1,"129","2026-03-08 21:48:11","VVI159",630,"m","2/22/26"
"5770","airplane","extra_words","2A","produces",1,1,"129","2026-03-08 21:48:11","VVI159",630,"m","2/22/26"
"5771","baa baa","cdi_words","2A","produces",1,1,"129","2026-03-08 21:48:11","VVI159",630,"m","2/22/26"
"5772","meow","cdi_words","2A","produces",1,1,"129","2026-03-08 21:48:11","VVI159",630,"m","2/22/26"
"5773","ouch","cdi_words","2A","produces",NA,0,"129","2026-03-08 21:48:11","VVI159",630,"m","2/22/26"
"5774","uh oh","cdi_words","2A","produces",1,1,"129","2026-03-08 21:48:11","VVI159",630,"m","2/22/26"
"5775","woof woof","cdi_words","2A","produces",1,1,"129","2026-03-08 21:48:11","VVI159",630,"m","2/22/26"
"5776","bear","cdi_words","2A","produces",1,1,"129","2026-03-08 21:48:11","VVI159",630,"m","2/22/26"
"5777","bird","cdi_words","2A","produces",1,1,"129","2026-03-08 21:48:11","VVI159",630,"m","2/22/26"
"5778","cat","cdi_words","2A","produces",1,1,"129","2026-03-08 21:48:11","VVI159",630,"m","2/22/26"
"5779","dog","cdi_words","2A","produces",1,1,"129","2026-03-08 21:48:11","VVI159",630,"m","2/22/26"
"5780","duck","cdi_words","2A","produces",1,1,"129","2026-03-08 21:48:11","VVI159",630,"m","2/22/26"
"5781","horse","cdi_words","2A","produces",NA,0,"129","2026-03-08 21:48:11","VVI159",630,"m","2/22/26"
"5782","airplane","cdi_words","2A","produces",1,1,"129","2026-03-08 21:48:11","VVI159",630,"m","2/22/26"
"5783","boat","cdi_words","2A","produces",NA,0,"129","2026-03-08 21:48:11","VVI159",630,"m","2/22/26"
"5784","car","cdi_words","2A","produces",1,1,"129","2026-03-08 21:48:11","VVI159",630,"m","2/22/26"
"5785","ball","cdi_words","2A","produces",1,1,"129","2026-03-08 21:48:11","VVI159",630,"m","2/22/26"
"5786","book","cdi_words","2A","produces",1,1,"129","2026-03-08 21:48:11","VVI159",630,"m","2/22/26"
"5787","game","cdi_words","2A","produces",NA,0,"129","2026-03-08 21:48:11","VVI159",630,"m","2/22/26"
"5788","applesauce","cdi_words","2A","produces",NA,0,"129","2026-03-08 21:48:11","VVI159",630,"m","2/22/26"
"5789","candy","cdi_words","2A","produces",NA,0,"129","2026-03-08 21:48:11","VVI159",630,"m","2/22/26"
"5790","coke","cdi_words","2A","produces",NA,0,"129","2026-03-08 21:48:11","VVI159",630,"m","2/22/26"
"5791","cracker","cdi_words","2A","produces",NA,0,"129","2026-03-08 21:48:11","VVI159",630,"m","2/22/26"
"5792","juice","cdi_words","2A","produces",NA,0,"129","2026-03-08 21:48:11","VVI159",630,"m","2/22/26"
"5793","meat","cdi_words","2A","produces",NA,0,"129","2026-03-08 21:48:11","VVI159",630,"m","2/22/26"
"5794","milk","cdi_words","2A","produces",1,1,"129","2026-03-08 21:48:11","VVI159",630,"m","2/22/26"
"5795","peas","cdi_words","2A","produces",NA,0,"129","2026-03-08 21:48:11","VVI159",630,"m","2/22/26"
"5796","hat","cdi_words","2A","produces",NA,0,"129","2026-03-08 21:48:11","VVI159",630,"m","2/22/26"
"5797","necklace","cdi_words","2A","produces",NA,0,"129","2026-03-08 21:48:11","VVI159",630,"m","2/22/26"
"5798","shoe","cdi_words","2A","produces",1,1,"129","2026-03-08 21:48:11","VVI159",630,"m","2/22/26"
"5799","sock","cdi_words","2A","produces",1,1,"129","2026-03-08 21:48:11","VVI159",630,"m","2/22/26"
"5800","chin","cdi_words","2A","produces",NA,0,"129","2026-03-08 21:48:11","VVI159",630,"m","2/22/26"
"5801","ear","cdi_words","2A","produces",1,1,"129","2026-03-08 21:48:11","VVI159",630,"m","2/22/26"
"5802","hand","cdi_words","2A","produces",NA,0,"129","2026-03-08 21:48:11","VVI159",630,"m","2/22/26"
"5803","leg","cdi_words","2A","produces",NA,0,"129","2026-03-08 21:48:11","VVI159",630,"m","2/22/26"
"5804","broom","cdi_words","2A","produces",NA,0,"129","2026-03-08 21:48:11","VVI159",630,"m","2/22/26"
"5805","comb","cdi_words","2A","produces",NA,0,"129","2026-03-08 21:48:11","VVI159",630,"m","2/22/26"
"5806","mop","cdi_words","2A","produces",NA,0,"129","2026-03-08 21:48:11","VVI159",630,"m","2/22/26"
"5807","plate","cdi_words","2A","produces",NA,0,"129","2026-03-08 21:48:11","VVI159",630,"m","2/22/26"
"5808","trash","cdi_words","2A","produces",1,1,"129","2026-03-08 21:48:11","VVI159",630,"m","2/22/26"
"5809","tray","cdi_words","2A","produces",NA,0,"129","2026-03-08 21:48:11","VVI159",630,"m","2/22/26"
"5810","towel","cdi_words","2A","produces",NA,0,"129","2026-03-08 21:48:11","VVI159",630,"m","2/22/26"
"5811","bed","cdi_words","2A","produces",NA,0,"129","2026-03-08 21:48:11","VVI159",630,"m","2/22/26"
"5812","bedroom","cdi_words","2A","produces",NA,0,"129","2026-03-08 21:48:11","VVI159",630,"m","2/22/26"
"5813","bench","cdi_words","2A","produces",NA,0,"129","2026-03-08 21:48:11","VVI159",630,"m","2/22/26"
"5814","oven","cdi_words","2A","produces",NA,0,"129","2026-03-08 21:48:11","VVI159",630,"m","2/22/26"
"5815","stairs","cdi_words","2A","produces",NA,0,"129","2026-03-08 21:48:11","VVI159",630,"m","2/22/26"
"5816","flag","cdi_words","2A","produces",NA,0,"129","2026-03-08 21:48:11","VVI159",630,"m","2/22/26"
"5817","rain","cdi_words","2A","produces",NA,0,"129","2026-03-08 21:48:11","VVI159",630,"m","2/22/26"
"5818","star","cdi_words","2A","produces",1,1,"129","2026-03-08 21:48:11","VVI159",630,"m","2/22/26"
"5819","swing","cdi_words","2A","produces",1,1,"129","2026-03-08 21:48:11","VVI159",630,"m","2/22/26"
"5820","school","cdi_words","2A","produces",NA,0,"129","2026-03-08 21:48:11","VVI159",630,"m","2/22/26"
"5821","sky","cdi_words","2A","produces",NA,0,"129","2026-03-08 21:48:11","VVI159",630,"m","2/22/26"
"5822","party","cdi_words","2A","produces",NA,0,"129","2026-03-08 21:48:11","VVI159",630,"m","2/22/26"
"5823","friend","cdi_words","2A","produces",NA,0,"129","2026-03-08 21:48:11","VVI159",630,"m","2/22/26"
"5824","mommy","cdi_words","2A","produces",1,1,"129","2026-03-08 21:48:11","VVI159",630,"m","2/22/26"
"5825","person","cdi_words","2A","produces",NA,0,"129","2026-03-08 21:48:11","VVI159",630,"m","2/22/26"
"5826","bye","cdi_words","2A","produces",1,1,"129","2026-03-08 21:48:11","VVI159",630,"m","2/22/26"
"5827","hi","cdi_words","2A","produces",1,1,"129","2026-03-08 21:48:11","VVI159",630,"m","2/22/26"
"5828","no","cdi_words","2A","produces",1,1,"129","2026-03-08 21:48:11","VVI159",630,"m","2/22/26"
"5829","shopping","cdi_words","2A","produces",NA,0,"129","2026-03-08 21:48:11","VVI159",630,"m","2/22/26"
"5830","thank you","cdi_words","2A","produces",1,1,"129","2026-03-08 21:48:11","VVI159",630,"m","2/22/26"
"5831","carry","cdi_words","2A","produces",NA,0,"129","2026-03-08 21:48:11","VVI159",630,"m","2/22/26"
"5832","chase","cdi_words","2A","produces",NA,0,"129","2026-03-08 21:48:11","VVI159",630,"m","2/22/26"
"5833","dump","cdi_words","2A","produces",NA,0,"129","2026-03-08 21:48:11","VVI159",630,"m","2/22/26"
"5834","finish","cdi_words","2A","produces",NA,0,"129","2026-03-08 21:48:11","VVI159",630,"m","2/22/26"
"5835","fit","cdi_words","2A","produces",NA,0,"129","2026-03-08 21:48:11","VVI159",630,"m","2/22/26"
"5836","hug","cdi_words","2A","produces",NA,0,"129","2026-03-08 21:48:11","VVI159",630,"m","2/22/26"
"5837","listen","cdi_words","2A","produces",NA,0,"129","2026-03-08 21:48:11","VVI159",630,"m","2/22/26"
"5838","like","cdi_words","2A","produces",NA,0,"129","2026-03-08 21:48:11","VVI159",630,"m","2/22/26"
"5839","pretend","cdi_words","2A","produces",NA,0,"129","2026-03-08 21:48:11","VVI159",630,"m","2/22/26"
"5840","rip","cdi_words","2A","produces",NA,0,"129","2026-03-08 21:48:11","VVI159",630,"m","2/22/26"
"5841","shake","cdi_words","2A","produces",NA,0,"129","2026-03-08 21:48:11","VVI159",630,"m","2/22/26"
"5842","taste","cdi_words","2A","produces",NA,0,"129","2026-03-08 21:48:11","VVI159",630,"m","2/22/26"
"5843","gentle","cdi_words","2A","produces",NA,0,"129","2026-03-08 21:48:11","VVI159",630,"m","2/22/26"
"5844","think","cdi_words","2A","produces",NA,0,"129","2026-03-08 21:48:11","VVI159",630,"m","2/22/26"
"5845","wish","cdi_words","2A","produces",NA,0,"129","2026-03-08 21:48:11","VVI159",630,"m","2/22/26"
"5846","all gone","cdi_words","2A","produces",NA,0,"129","2026-03-08 21:48:11","VVI159",630,"m","2/22/26"
"5847","cold","cdi_words","2A","produces",1,1,"129","2026-03-08 21:48:11","VVI159",630,"m","2/22/26"
"5848","fast","cdi_words","2A","produces",NA,0,"129","2026-03-08 21:48:11","VVI159",630,"m","2/22/26"
"5849","happy","cdi_words","2A","produces",NA,0,"129","2026-03-08 21:48:11","VVI159",630,"m","2/22/26"
"5850","hot","cdi_words","2A","produces",1,1,"129","2026-03-08 21:48:11","VVI159",630,"m","2/22/26"
"5851","last","cdi_words","2A","produces",NA,0,"129","2026-03-08 21:48:11","VVI159",630,"m","2/22/26"
"5852","tiny","cdi_words","2A","produces",NA,0,"129","2026-03-08 21:48:11","VVI159",630,"m","2/22/26"
"5853","wet","cdi_words","2A","produces",NA,0,"129","2026-03-08 21:48:11","VVI159",630,"m","2/22/26"
"5854","after","cdi_words","2A","produces",NA,0,"129","2026-03-08 21:48:11","VVI159",630,"m","2/22/26"
"5855","day","cdi_words","2A","produces",NA,0,"129","2026-03-08 21:48:11","VVI159",630,"m","2/22/26"
"5856","tonight","cdi_words","2A","produces",NA,0,"129","2026-03-08 21:48:11","VVI159",630,"m","2/22/26"
"5857","our","cdi_words","2A","produces",NA,0,"129","2026-03-08 21:48:11","VVI159",630,"m","2/22/26"
"5858","them","cdi_words","2A","produces",NA,0,"129","2026-03-08 21:48:11","VVI159",630,"m","2/22/26"
"5859","this","cdi_words","2A","produces",NA,0,"129","2026-03-08 21:48:11","VVI159",630,"m","2/22/26"
"5860","us","cdi_words","2A","produces",NA,0,"129","2026-03-08 21:48:11","VVI159",630,"m","2/22/26"
"5861","where","cdi_words","2A","produces",NA,0,"129","2026-03-08 21:48:11","VVI159",630,"m","2/22/26"
"5862","beside","cdi_words","2A","produces",NA,0,"129","2026-03-08 21:48:11","VVI159",630,"m","2/22/26"
"5863","down","cdi_words","2A","produces",NA,0,"129","2026-03-08 21:48:11","VVI159",630,"m","2/22/26"
"5864","under","cdi_words","2A","produces",NA,0,"129","2026-03-08 21:48:11","VVI159",630,"m","2/22/26"
"5865","all","cdi_words","2A","produces",NA,0,"129","2026-03-08 21:48:11","VVI159",630,"m","2/22/26"
"5866","much","cdi_words","2A","produces",NA,0,"129","2026-03-08 21:48:11","VVI159",630,"m","2/22/26"
"5867","could","cdi_words","2A","produces",NA,0,"129","2026-03-08 21:48:11","VVI159",630,"m","2/22/26"
"5868","need","cdi_words","2A","produces",NA,0,"129","2026-03-08 21:48:11","VVI159",630,"m","2/22/26"
"5869","would","cdi_words","2A","produces",NA,0,"129","2026-03-08 21:48:11","VVI159",630,"m","2/22/26"
"5870","if","cdi_words","2A","produces",NA,0,"129","2026-03-08 21:48:11","VVI159",630,"m","2/22/26"
"5871","sock","extra_words","2A","produces",1,1,"128","2026-03-08 17:19:57","VVI140",630,"m","2/13/26"
"5872","bathtub","extra_words","2A","produces",NA,0,"128","2026-03-08 17:19:57","VVI140",630,"m","2/13/26"
"5873","shower","extra_words","2A","produces",NA,0,"128","2026-03-08 17:19:57","VVI140",630,"m","2/13/26"
"5874","balloon","extra_words","2A","produces",1,1,"128","2026-03-08 17:19:57","VVI140",630,"m","2/13/26"
"5875","dresser","extra_words","2A","produces",NA,0,"128","2026-03-08 17:19:57","VVI140",630,"m","2/13/26"
"5876","kite","extra_words","2A","produces",NA,0,"128","2026-03-08 17:19:57","VVI140",630,"m","2/13/26"
"5877","camel","extra_words","2A","produces",NA,0,"128","2026-03-08 17:19:57","VVI140",630,"m","2/13/26"
"5878","elephant","extra_words","2A","produces",1,1,"128","2026-03-08 17:19:57","VVI140",630,"m","2/13/26"
"5879","ladybug","extra_words","2A","produces",NA,0,"128","2026-03-08 17:19:57","VVI140",630,"m","2/13/26"
"5880","cloud","extra_words","2A","produces",NA,0,"128","2026-03-08 17:19:57","VVI140",630,"m","2/13/26"
"5881","tree","extra_words","2A","produces",1,1,"128","2026-03-08 17:19:57","VVI140",630,"m","2/13/26"
"5882","zipper","extra_words","2A","produces",NA,0,"128","2026-03-08 17:19:57","VVI140",630,"m","2/13/26"
"5883","crow","extra_words","2A","produces",NA,0,"128","2026-03-08 17:19:57","VVI140",630,"m","2/13/26"
"5884","penguin","extra_words","2A","produces",NA,0,"128","2026-03-08 17:19:57","VVI140",630,"m","2/13/26"
"5885","seahorse","extra_words","2A","produces",NA,0,"128","2026-03-08 17:19:57","VVI140",630,"m","2/13/26"
"5886","duck","extra_words","2A","produces",1,1,"128","2026-03-08 17:19:57","VVI140",630,"m","2/13/26"
"5887","chicken","extra_words","2A","produces",NA,0,"128","2026-03-08 17:19:57","VVI140",630,"m","2/13/26"
"5888","butterfly","extra_words","2A","produces",NA,0,"128","2026-03-08 17:19:57","VVI140",630,"m","2/13/26"
"5889","lizard","extra_words","2A","produces",NA,0,"128","2026-03-08 17:19:57","VVI140",630,"m","2/13/26"
"5890","walrus","extra_words","2A","produces",NA,0,"128","2026-03-08 17:19:57","VVI140",630,"m","2/13/26"
"5891","snake","extra_words","2A","produces",NA,0,"128","2026-03-08 17:19:57","VVI140",630,"m","2/13/26"
"5892","truck","extra_words","2A","produces",NA,0,"128","2026-03-08 17:19:57","VVI140",630,"m","2/13/26"
"5893","car","extra_words","2A","produces",1,1,"128","2026-03-08 17:19:57","VVI140",630,"m","2/13/26"
"5894","airplane","extra_words","2A","produces",NA,0,"128","2026-03-08 17:19:57","VVI140",630,"m","2/13/26"
"5895","baa baa","cdi_words","2A","produces",NA,0,"128","2026-03-08 17:19:57","VVI140",630,"m","2/13/26"
"5896","meow","cdi_words","2A","produces",NA,0,"128","2026-03-08 17:19:57","VVI140",630,"m","2/13/26"
"5897","ouch","cdi_words","2A","produces",NA,0,"128","2026-03-08 17:19:57","VVI140",630,"m","2/13/26"
"5898","uh oh","cdi_words","2A","produces",1,1,"128","2026-03-08 17:19:57","VVI140",630,"m","2/13/26"
"5899","woof woof","cdi_words","2A","produces",NA,0,"128","2026-03-08 17:19:57","VVI140",630,"m","2/13/26"
"5900","bear","cdi_words","2A","produces",NA,0,"128","2026-03-08 17:19:57","VVI140",630,"m","2/13/26"
"5901","bird","cdi_words","2A","produces",1,1,"128","2026-03-08 17:19:57","VVI140",630,"m","2/13/26"
"5902","cat","cdi_words","2A","produces",1,1,"128","2026-03-08 17:19:57","VVI140",630,"m","2/13/26"
"5903","dog","cdi_words","2A","produces",1,1,"128","2026-03-08 17:19:57","VVI140",630,"m","2/13/26"
"5904","duck","cdi_words","2A","produces",1,1,"128","2026-03-08 17:19:57","VVI140",630,"m","2/13/26"
"5905","horse","cdi_words","2A","produces",NA,0,"128","2026-03-08 17:19:57","VVI140",630,"m","2/13/26"
"5906","airplane","cdi_words","2A","produces",NA,0,"128","2026-03-08 17:19:57","VVI140",630,"m","2/13/26"
"5907","boat","cdi_words","2A","produces",NA,0,"128","2026-03-08 17:19:57","VVI140",630,"m","2/13/26"
"5908","car","cdi_words","2A","produces",1,1,"128","2026-03-08 17:19:57","VVI140",630,"m","2/13/26"
"5909","ball","cdi_words","2A","produces",1,1,"128","2026-03-08 17:19:57","VVI140",630,"m","2/13/26"
"5910","book","cdi_words","2A","produces",1,1,"128","2026-03-08 17:19:57","VVI140",630,"m","2/13/26"
"5911","game","cdi_words","2A","produces",NA,0,"128","2026-03-08 17:19:57","VVI140",630,"m","2/13/26"
"5912","applesauce","cdi_words","2A","produces",NA,0,"128","2026-03-08 17:19:57","VVI140",630,"m","2/13/26"
"5913","candy","cdi_words","2A","produces",NA,0,"128","2026-03-08 17:19:57","VVI140",630,"m","2/13/26"
"5914","coke","cdi_words","2A","produces",NA,0,"128","2026-03-08 17:19:57","VVI140",630,"m","2/13/26"
"5915","cracker","cdi_words","2A","produces",NA,0,"128","2026-03-08 17:19:57","VVI140",630,"m","2/13/26"
"5916","juice","cdi_words","2A","produces",NA,0,"128","2026-03-08 17:19:57","VVI140",630,"m","2/13/26"
"5917","meat","cdi_words","2A","produces",NA,0,"128","2026-03-08 17:19:57","VVI140",630,"m","2/13/26"
"5918","milk","cdi_words","2A","produces",1,1,"128","2026-03-08 17:19:57","VVI140",630,"m","2/13/26"
"5919","peas","cdi_words","2A","produces",NA,0,"128","2026-03-08 17:19:57","VVI140",630,"m","2/13/26"
"5920","hat","cdi_words","2A","produces",1,1,"128","2026-03-08 17:19:57","VVI140",630,"m","2/13/26"
"5921","necklace","cdi_words","2A","produces",NA,0,"128","2026-03-08 17:19:57","VVI140",630,"m","2/13/26"
"5922","shoe","cdi_words","2A","produces",1,1,"128","2026-03-08 17:19:57","VVI140",630,"m","2/13/26"
"5923","sock","cdi_words","2A","produces",1,1,"128","2026-03-08 17:19:57","VVI140",630,"m","2/13/26"
"5924","chin","cdi_words","2A","produces",NA,0,"128","2026-03-08 17:19:57","VVI140",630,"m","2/13/26"
"5925","ear","cdi_words","2A","produces",NA,0,"128","2026-03-08 17:19:57","VVI140",630,"m","2/13/26"
"5926","hand","cdi_words","2A","produces",1,1,"128","2026-03-08 17:19:57","VVI140",630,"m","2/13/26"
"5927","leg","cdi_words","2A","produces",NA,0,"128","2026-03-08 17:19:57","VVI140",630,"m","2/13/26"
"5928","broom","cdi_words","2A","produces",NA,0,"128","2026-03-08 17:19:57","VVI140",630,"m","2/13/26"
"5929","comb","cdi_words","2A","produces",NA,0,"128","2026-03-08 17:19:57","VVI140",630,"m","2/13/26"
"5930","mop","cdi_words","2A","produces",NA,0,"128","2026-03-08 17:19:57","VVI140",630,"m","2/13/26"
"5931","plate","cdi_words","2A","produces",NA,0,"128","2026-03-08 17:19:57","VVI140",630,"m","2/13/26"
"5932","trash","cdi_words","2A","produces",NA,0,"128","2026-03-08 17:19:57","VVI140",630,"m","2/13/26"
"5933","tray","cdi_words","2A","produces",NA,0,"128","2026-03-08 17:19:57","VVI140",630,"m","2/13/26"
"5934","towel","cdi_words","2A","produces",1,1,"128","2026-03-08 17:19:57","VVI140",630,"m","2/13/26"
"5935","bed","cdi_words","2A","produces",1,1,"128","2026-03-08 17:19:57","VVI140",630,"m","2/13/26"
"5936","bedroom","cdi_words","2A","produces",NA,0,"128","2026-03-08 17:19:57","VVI140",630,"m","2/13/26"
"5937","bench","cdi_words","2A","produces",NA,0,"128","2026-03-08 17:19:57","VVI140",630,"m","2/13/26"
"5938","oven","cdi_words","2A","produces",NA,0,"128","2026-03-08 17:19:57","VVI140",630,"m","2/13/26"
"5939","stairs","cdi_words","2A","produces",NA,0,"128","2026-03-08 17:19:57","VVI140",630,"m","2/13/26"
"5940","flag","cdi_words","2A","produces",NA,0,"128","2026-03-08 17:19:57","VVI140",630,"m","2/13/26"
"5941","rain","cdi_words","2A","produces",NA,0,"128","2026-03-08 17:19:57","VVI140",630,"m","2/13/26"
"5942","star","cdi_words","2A","produces",NA,0,"128","2026-03-08 17:19:57","VVI140",630,"m","2/13/26"
"5943","swing","cdi_words","2A","produces",NA,0,"128","2026-03-08 17:19:57","VVI140",630,"m","2/13/26"
"5944","school","cdi_words","2A","produces",1,1,"128","2026-03-08 17:19:57","VVI140",630,"m","2/13/26"
"5945","sky","cdi_words","2A","produces",NA,0,"128","2026-03-08 17:19:57","VVI140",630,"m","2/13/26"
"5946","party","cdi_words","2A","produces",NA,0,"128","2026-03-08 17:19:57","VVI140",630,"m","2/13/26"
"5947","friend","cdi_words","2A","produces",NA,0,"128","2026-03-08 17:19:57","VVI140",630,"m","2/13/26"
"5948","mommy","cdi_words","2A","produces",1,1,"128","2026-03-08 17:19:57","VVI140",630,"m","2/13/26"
"5949","person","cdi_words","2A","produces",NA,0,"128","2026-03-08 17:19:57","VVI140",630,"m","2/13/26"
"5950","bye","cdi_words","2A","produces",1,1,"128","2026-03-08 17:19:57","VVI140",630,"m","2/13/26"
"5951","hi","cdi_words","2A","produces",NA,0,"128","2026-03-08 17:19:57","VVI140",630,"m","2/13/26"
"5952","no","cdi_words","2A","produces",NA,0,"128","2026-03-08 17:19:57","VVI140",630,"m","2/13/26"
"5953","shopping","cdi_words","2A","produces",NA,0,"128","2026-03-08 17:19:57","VVI140",630,"m","2/13/26"
"5954","thank you","cdi_words","2A","produces",NA,0,"128","2026-03-08 17:19:57","VVI140",630,"m","2/13/26"
"5955","carry","cdi_words","2A","produces",NA,0,"128","2026-03-08 17:19:57","VVI140",630,"m","2/13/26"
"5956","chase","cdi_words","2A","produces",NA,0,"128","2026-03-08 17:19:57","VVI140",630,"m","2/13/26"
"5957","dump","cdi_words","2A","produces",NA,0,"128","2026-03-08 17:19:57","VVI140",630,"m","2/13/26"
"5958","finish","cdi_words","2A","produces",NA,0,"128","2026-03-08 17:19:57","VVI140",630,"m","2/13/26"
"5959","fit","cdi_words","2A","produces",NA,0,"128","2026-03-08 17:19:57","VVI140",630,"m","2/13/26"
"5960","hug","cdi_words","2A","produces",NA,0,"128","2026-03-08 17:19:57","VVI140",630,"m","2/13/26"
"5961","listen","cdi_words","2A","produces",NA,0,"128","2026-03-08 17:19:57","VVI140",630,"m","2/13/26"
"5962","like","cdi_words","2A","produces",NA,0,"128","2026-03-08 17:19:57","VVI140",630,"m","2/13/26"
"5963","pretend","cdi_words","2A","produces",NA,0,"128","2026-03-08 17:19:57","VVI140",630,"m","2/13/26"
"5964","rip","cdi_words","2A","produces",NA,0,"128","2026-03-08 17:19:57","VVI140",630,"m","2/13/26"
"5965","shake","cdi_words","2A","produces",NA,0,"128","2026-03-08 17:19:57","VVI140",630,"m","2/13/26"
"5966","taste","cdi_words","2A","produces",NA,0,"128","2026-03-08 17:19:57","VVI140",630,"m","2/13/26"
"5967","gentle","cdi_words","2A","produces",NA,0,"128","2026-03-08 17:19:57","VVI140",630,"m","2/13/26"
"5968","think","cdi_words","2A","produces",NA,0,"128","2026-03-08 17:19:57","VVI140",630,"m","2/13/26"
"5969","wish","cdi_words","2A","produces",NA,0,"128","2026-03-08 17:19:57","VVI140",630,"m","2/13/26"
"5970","all gone","cdi_words","2A","produces",NA,0,"128","2026-03-08 17:19:57","VVI140",630,"m","2/13/26"
"5971","cold","cdi_words","2A","produces",1,1,"128","2026-03-08 17:19:57","VVI140",630,"m","2/13/26"
"5972","fast","cdi_words","2A","produces",NA,0,"128","2026-03-08 17:19:57","VVI140",630,"m","2/13/26"
"5973","happy","cdi_words","2A","produces",NA,0,"128","2026-03-08 17:19:57","VVI140",630,"m","2/13/26"
"5974","hot","cdi_words","2A","produces",1,1,"128","2026-03-08 17:19:57","VVI140",630,"m","2/13/26"
"5975","last","cdi_words","2A","produces",NA,0,"128","2026-03-08 17:19:57","VVI140",630,"m","2/13/26"
"5976","tiny","cdi_words","2A","produces",NA,0,"128","2026-03-08 17:19:57","VVI140",630,"m","2/13/26"
"5977","wet","cdi_words","2A","produces",NA,0,"128","2026-03-08 17:19:57","VVI140",630,"m","2/13/26"
"5978","after","cdi_words","2A","produces",NA,0,"128","2026-03-08 17:19:57","VVI140",630,"m","2/13/26"
"5979","day","cdi_words","2A","produces",NA,0,"128","2026-03-08 17:19:57","VVI140",630,"m","2/13/26"
"5980","tonight","cdi_words","2A","produces",NA,0,"128","2026-03-08 17:19:57","VVI140",630,"m","2/13/26"
"5981","our","cdi_words","2A","produces",NA,0,"128","2026-03-08 17:19:57","VVI140",630,"m","2/13/26"
"5982","them","cdi_words","2A","produces",NA,0,"128","2026-03-08 17:19:57","VVI140",630,"m","2/13/26"
"5983","this","cdi_words","2A","produces",NA,0,"128","2026-03-08 17:19:57","VVI140",630,"m","2/13/26"
"5984","us","cdi_words","2A","produces",NA,0,"128","2026-03-08 17:19:57","VVI140",630,"m","2/13/26"
"5985","where","cdi_words","2A","produces",NA,0,"128","2026-03-08 17:19:57","VVI140",630,"m","2/13/26"
"5986","beside","cdi_words","2A","produces",NA,0,"128","2026-03-08 17:19:57","VVI140",630,"m","2/13/26"
"5987","down","cdi_words","2A","produces",1,1,"128","2026-03-08 17:19:57","VVI140",630,"m","2/13/26"
"5988","under","cdi_words","2A","produces",NA,0,"128","2026-03-08 17:19:57","VVI140",630,"m","2/13/26"
"5989","all","cdi_words","2A","produces",NA,0,"128","2026-03-08 17:19:57","VVI140",630,"m","2/13/26"
"5990","much","cdi_words","2A","produces",NA,0,"128","2026-03-08 17:19:57","VVI140",630,"m","2/13/26"
"5991","could","cdi_words","2A","produces",NA,0,"128","2026-03-08 17:19:57","VVI140",630,"m","2/13/26"
"5992","need","cdi_words","2A","produces",NA,0,"128","2026-03-08 17:19:57","VVI140",630,"m","2/13/26"
"5993","would","cdi_words","2A","produces",NA,0,"128","2026-03-08 17:19:57","VVI140",630,"m","2/13/26"
"5994","if","cdi_words","2A","produces",NA,0,"128","2026-03-08 17:19:57","VVI140",630,"m","2/13/26"
"5995","sock","extra_words","2A","produces",1,1,"768","2026-05-25 19:45:03","VVI217",600,"m","5/26/26"
"5996","bathtub","extra_words","2A","produces",1,1,"768","2026-05-25 19:45:03","VVI217",600,"m","5/26/26"
"5997","shower","extra_words","2A","produces",NA,0,"768","2026-05-25 19:45:03","VVI217",600,"m","5/26/26"
"5998","balloon","extra_words","2A","produces",1,1,"768","2026-05-25 19:45:03","VVI217",600,"m","5/26/26"
"5999","dresser","extra_words","2A","produces",NA,0,"768","2026-05-25 19:45:03","VVI217",600,"m","5/26/26"
"6000","kite","extra_words","2A","produces",NA,0,"768","2026-05-25 19:45:03","VVI217",600,"m","5/26/26"
"6001","camel","extra_words","2A","produces",NA,0,"768","2026-05-25 19:45:03","VVI217",600,"m","5/26/26"
"6002","elephant","extra_words","2A","produces",1,1,"768","2026-05-25 19:45:03","VVI217",600,"m","5/26/26"
"6003","ladybug","extra_words","2A","produces",1,1,"768","2026-05-25 19:45:03","VVI217",600,"m","5/26/26"
"6004","cloud","extra_words","2A","produces",NA,0,"768","2026-05-25 19:45:03","VVI217",600,"m","5/26/26"
"6005","tree","extra_words","2A","produces",1,1,"768","2026-05-25 19:45:03","VVI217",600,"m","5/26/26"
"6006","zipper","extra_words","2A","produces",1,1,"768","2026-05-25 19:45:03","VVI217",600,"m","5/26/26"
"6007","crow","extra_words","2A","produces",1,1,"768","2026-05-25 19:45:03","VVI217",600,"m","5/26/26"
"6008","penguin","extra_words","2A","produces",NA,0,"768","2026-05-25 19:45:03","VVI217",600,"m","5/26/26"
"6009","seahorse","extra_words","2A","produces",1,1,"768","2026-05-25 19:45:03","VVI217",600,"m","5/26/26"
"6010","duck","extra_words","2A","produces",NA,0,"768","2026-05-25 19:45:03","VVI217",600,"m","5/26/26"
"6011","chicken","extra_words","2A","produces",1,1,"768","2026-05-25 19:45:03","VVI217",600,"m","5/26/26"
"6012","butterfly","extra_words","2A","produces",NA,0,"768","2026-05-25 19:45:03","VVI217",600,"m","5/26/26"
"6013","lizard","extra_words","2A","produces",NA,0,"768","2026-05-25 19:45:03","VVI217",600,"m","5/26/26"
"6014","walrus","extra_words","2A","produces",1,1,"768","2026-05-25 19:45:03","VVI217",600,"m","5/26/26"
"6015","snake","extra_words","2A","produces",1,1,"768","2026-05-25 19:45:03","VVI217",600,"m","5/26/26"
"6016","truck","extra_words","2A","produces",1,1,"768","2026-05-25 19:45:03","VVI217",600,"m","5/26/26"
"6017","car","extra_words","2A","produces",1,1,"768","2026-05-25 19:45:03","VVI217",600,"m","5/26/26"
"6018","airplane","extra_words","2A","produces",1,1,"768","2026-05-25 19:45:03","VVI217",600,"m","5/26/26"
"6019","baa baa","cdi_words","2A","produces",1,1,"768","2026-05-25 19:45:03","VVI217",600,"m","5/26/26"
"6020","meow","cdi_words","2A","produces",1,1,"768","2026-05-25 19:45:03","VVI217",600,"m","5/26/26"
"6021","ouch","cdi_words","2A","produces",1,1,"768","2026-05-25 19:45:03","VVI217",600,"m","5/26/26"
"6022","uh oh","cdi_words","2A","produces",1,1,"768","2026-05-25 19:45:03","VVI217",600,"m","5/26/26"
"6023","woof woof","cdi_words","2A","produces",1,1,"768","2026-05-25 19:45:03","VVI217",600,"m","5/26/26"
"6024","bear","cdi_words","2A","produces",NA,0,"768","2026-05-25 19:45:03","VVI217",600,"m","5/26/26"
"6025","bird","cdi_words","2A","produces",1,1,"768","2026-05-25 19:45:03","VVI217",600,"m","5/26/26"
"6026","cat","cdi_words","2A","produces",1,1,"768","2026-05-25 19:45:03","VVI217",600,"m","5/26/26"
"6027","dog","cdi_words","2A","produces",1,1,"768","2026-05-25 19:45:03","VVI217",600,"m","5/26/26"
"6028","duck","cdi_words","2A","produces",NA,0,"768","2026-05-25 19:45:03","VVI217",600,"m","5/26/26"
"6029","horse","cdi_words","2A","produces",1,1,"768","2026-05-25 19:45:03","VVI217",600,"m","5/26/26"
"6030","airplane","cdi_words","2A","produces",1,1,"768","2026-05-25 19:45:03","VVI217",600,"m","5/26/26"
"6031","boat","cdi_words","2A","produces",1,1,"768","2026-05-25 19:45:03","VVI217",600,"m","5/26/26"
"6032","car","cdi_words","2A","produces",1,1,"768","2026-05-25 19:45:03","VVI217",600,"m","5/26/26"
"6033","ball","cdi_words","2A","produces",1,1,"768","2026-05-25 19:45:03","VVI217",600,"m","5/26/26"
"6034","book","cdi_words","2A","produces",1,1,"768","2026-05-25 19:45:03","VVI217",600,"m","5/26/26"
"6035","game","cdi_words","2A","produces",NA,0,"768","2026-05-25 19:45:03","VVI217",600,"m","5/26/26"
"6036","applesauce","cdi_words","2A","produces",NA,0,"768","2026-05-25 19:45:03","VVI217",600,"m","5/26/26"
"6037","candy","cdi_words","2A","produces",NA,0,"768","2026-05-25 19:45:03","VVI217",600,"m","5/26/26"
"6038","coke","cdi_words","2A","produces",NA,0,"768","2026-05-25 19:45:03","VVI217",600,"m","5/26/26"
"6039","cracker","cdi_words","2A","produces",NA,0,"768","2026-05-25 19:45:03","VVI217",600,"m","5/26/26"
"6040","juice","cdi_words","2A","produces",NA,0,"768","2026-05-25 19:45:03","VVI217",600,"m","5/26/26"
"6041","meat","cdi_words","2A","produces",NA,0,"768","2026-05-25 19:45:03","VVI217",600,"m","5/26/26"
"6042","milk","cdi_words","2A","produces",NA,0,"768","2026-05-25 19:45:03","VVI217",600,"m","5/26/26"
"6043","peas","cdi_words","2A","produces",NA,0,"768","2026-05-25 19:45:03","VVI217",600,"m","5/26/26"
"6044","hat","cdi_words","2A","produces",1,1,"768","2026-05-25 19:45:03","VVI217",600,"m","5/26/26"
"6045","necklace","cdi_words","2A","produces",NA,0,"768","2026-05-25 19:45:03","VVI217",600,"m","5/26/26"
"6046","shoe","cdi_words","2A","produces",1,1,"768","2026-05-25 19:45:03","VVI217",600,"m","5/26/26"
"6047","sock","cdi_words","2A","produces",1,1,"768","2026-05-25 19:45:03","VVI217",600,"m","5/26/26"
"6048","chin","cdi_words","2A","produces",NA,0,"768","2026-05-25 19:45:03","VVI217",600,"m","5/26/26"
"6049","ear","cdi_words","2A","produces",1,1,"768","2026-05-25 19:45:03","VVI217",600,"m","5/26/26"
"6050","hand","cdi_words","2A","produces",NA,0,"768","2026-05-25 19:45:03","VVI217",600,"m","5/26/26"
"6051","leg","cdi_words","2A","produces",1,1,"768","2026-05-25 19:45:03","VVI217",600,"m","5/26/26"
"6052","broom","cdi_words","2A","produces",1,1,"768","2026-05-25 19:45:03","VVI217",600,"m","5/26/26"
"6053","comb","cdi_words","2A","produces",1,1,"768","2026-05-25 19:45:03","VVI217",600,"m","5/26/26"
"6054","mop","cdi_words","2A","produces",1,1,"768","2026-05-25 19:45:03","VVI217",600,"m","5/26/26"
"6055","plate","cdi_words","2A","produces",NA,0,"768","2026-05-25 19:45:03","VVI217",600,"m","5/26/26"
"6056","trash","cdi_words","2A","produces",1,1,"768","2026-05-25 19:45:03","VVI217",600,"m","5/26/26"
"6057","tray","cdi_words","2A","produces",NA,0,"768","2026-05-25 19:45:03","VVI217",600,"m","5/26/26"
"6058","towel","cdi_words","2A","produces",NA,0,"768","2026-05-25 19:45:03","VVI217",600,"m","5/26/26"
"6059","bed","cdi_words","2A","produces",1,1,"768","2026-05-25 19:45:03","VVI217",600,"m","5/26/26"
"6060","bedroom","cdi_words","2A","produces",NA,0,"768","2026-05-25 19:45:03","VVI217",600,"m","5/26/26"
"6061","bench","cdi_words","2A","produces",NA,0,"768","2026-05-25 19:45:03","VVI217",600,"m","5/26/26"
"6062","oven","cdi_words","2A","produces",NA,0,"768","2026-05-25 19:45:03","VVI217",600,"m","5/26/26"
"6063","stairs","cdi_words","2A","produces",NA,0,"768","2026-05-25 19:45:03","VVI217",600,"m","5/26/26"
"6064","flag","cdi_words","2A","produces",NA,0,"768","2026-05-25 19:45:03","VVI217",600,"m","5/26/26"
"6065","rain","cdi_words","2A","produces",NA,0,"768","2026-05-25 19:45:03","VVI217",600,"m","5/26/26"
"6066","star","cdi_words","2A","produces",1,1,"768","2026-05-25 19:45:03","VVI217",600,"m","5/26/26"
"6067","swing","cdi_words","2A","produces",NA,0,"768","2026-05-25 19:45:03","VVI217",600,"m","5/26/26"
"6068","school","cdi_words","2A","produces",NA,0,"768","2026-05-25 19:45:03","VVI217",600,"m","5/26/26"
"6069","sky","cdi_words","2A","produces",NA,0,"768","2026-05-25 19:45:03","VVI217",600,"m","5/26/26"
"6070","party","cdi_words","2A","produces",NA,0,"768","2026-05-25 19:45:03","VVI217",600,"m","5/26/26"
"6071","friend","cdi_words","2A","produces",NA,0,"768","2026-05-25 19:45:03","VVI217",600,"m","5/26/26"
"6072","mommy","cdi_words","2A","produces",1,1,"768","2026-05-25 19:45:03","VVI217",600,"m","5/26/26"
"6073","person","cdi_words","2A","produces",NA,0,"768","2026-05-25 19:45:03","VVI217",600,"m","5/26/26"
"6074","bye","cdi_words","2A","produces",1,1,"768","2026-05-25 19:45:03","VVI217",600,"m","5/26/26"
"6075","hi","cdi_words","2A","produces",1,1,"768","2026-05-25 19:45:03","VVI217",600,"m","5/26/26"
"6076","no","cdi_words","2A","produces",1,1,"768","2026-05-25 19:45:03","VVI217",600,"m","5/26/26"
"6077","shopping","cdi_words","2A","produces",NA,0,"768","2026-05-25 19:45:03","VVI217",600,"m","5/26/26"
"6078","thank you","cdi_words","2A","produces",NA,0,"768","2026-05-25 19:45:03","VVI217",600,"m","5/26/26"
"6079","carry","cdi_words","2A","produces",NA,0,"768","2026-05-25 19:45:03","VVI217",600,"m","5/26/26"
"6080","chase","cdi_words","2A","produces",NA,0,"768","2026-05-25 19:45:03","VVI217",600,"m","5/26/26"
"6081","dump","cdi_words","2A","produces",NA,0,"768","2026-05-25 19:45:03","VVI217",600,"m","5/26/26"
"6082","finish","cdi_words","2A","produces",NA,0,"768","2026-05-25 19:45:03","VVI217",600,"m","5/26/26"
"6083","fit","cdi_words","2A","produces",NA,0,"768","2026-05-25 19:45:03","VVI217",600,"m","5/26/26"
"6084","hug","cdi_words","2A","produces",NA,0,"768","2026-05-25 19:45:03","VVI217",600,"m","5/26/26"
"6085","listen","cdi_words","2A","produces",NA,0,"768","2026-05-25 19:45:03","VVI217",600,"m","5/26/26"
"6086","like","cdi_words","2A","produces",NA,0,"768","2026-05-25 19:45:03","VVI217",600,"m","5/26/26"
"6087","pretend","cdi_words","2A","produces",NA,0,"768","2026-05-25 19:45:03","VVI217",600,"m","5/26/26"
"6088","rip","cdi_words","2A","produces",NA,0,"768","2026-05-25 19:45:03","VVI217",600,"m","5/26/26"
"6089","shake","cdi_words","2A","produces",NA,0,"768","2026-05-25 19:45:03","VVI217",600,"m","5/26/26"
"6090","taste","cdi_words","2A","produces",NA,0,"768","2026-05-25 19:45:03","VVI217",600,"m","5/26/26"
"6091","gentle","cdi_words","2A","produces",NA,0,"768","2026-05-25 19:45:03","VVI217",600,"m","5/26/26"
"6092","think","cdi_words","2A","produces",NA,0,"768","2026-05-25 19:45:03","VVI217",600,"m","5/26/26"
"6093","wish","cdi_words","2A","produces",NA,0,"768","2026-05-25 19:45:03","VVI217",600,"m","5/26/26"
"6094","all gone","cdi_words","2A","produces",NA,0,"768","2026-05-25 19:45:03","VVI217",600,"m","5/26/26"
"6095","cold","cdi_words","2A","produces",NA,0,"768","2026-05-25 19:45:03","VVI217",600,"m","5/26/26"
"6096","fast","cdi_words","2A","produces",1,1,"768","2026-05-25 19:45:03","VVI217",600,"m","5/26/26"
"6097","happy","cdi_words","2A","produces",NA,0,"768","2026-05-25 19:45:03","VVI217",600,"m","5/26/26"
"6098","hot","cdi_words","2A","produces",NA,0,"768","2026-05-25 19:45:03","VVI217",600,"m","5/26/26"
"6099","last","cdi_words","2A","produces",NA,0,"768","2026-05-25 19:45:03","VVI217",600,"m","5/26/26"
"6100","tiny","cdi_words","2A","produces",NA,0,"768","2026-05-25 19:45:03","VVI217",600,"m","5/26/26"
"6101","wet","cdi_words","2A","produces",NA,0,"768","2026-05-25 19:45:03","VVI217",600,"m","5/26/26"
"6102","after","cdi_words","2A","produces",NA,0,"768","2026-05-25 19:45:03","VVI217",600,"m","5/26/26"
"6103","day","cdi_words","2A","produces",NA,0,"768","2026-05-25 19:45:03","VVI217",600,"m","5/26/26"
"6104","tonight","cdi_words","2A","produces",NA,0,"768","2026-05-25 19:45:03","VVI217",600,"m","5/26/26"
"6105","our","cdi_words","2A","produces",NA,0,"768","2026-05-25 19:45:03","VVI217",600,"m","5/26/26"
"6106","them","cdi_words","2A","produces",NA,0,"768","2026-05-25 19:45:03","VVI217",600,"m","5/26/26"
"6107","this","cdi_words","2A","produces",NA,0,"768","2026-05-25 19:45:03","VVI217",600,"m","5/26/26"
"6108","us","cdi_words","2A","produces",NA,0,"768","2026-05-25 19:45:03","VVI217",600,"m","5/26/26"
"6109","where","cdi_words","2A","produces",NA,0,"768","2026-05-25 19:45:03","VVI217",600,"m","5/26/26"
"6110","beside","cdi_words","2A","produces",NA,0,"768","2026-05-25 19:45:03","VVI217",600,"m","5/26/26"
"6111","down","cdi_words","2A","produces",1,1,"768","2026-05-25 19:45:03","VVI217",600,"m","5/26/26"
"6112","under","cdi_words","2A","produces",NA,0,"768","2026-05-25 19:45:03","VVI217",600,"m","5/26/26"
"6113","all","cdi_words","2A","produces",NA,0,"768","2026-05-25 19:45:03","VVI217",600,"m","5/26/26"
"6114","much","cdi_words","2A","produces",NA,0,"768","2026-05-25 19:45:03","VVI217",600,"m","5/26/26"
"6115","could","cdi_words","2A","produces",NA,0,"768","2026-05-25 19:45:03","VVI217",600,"m","5/26/26"
"6116","need","cdi_words","2A","produces",NA,0,"768","2026-05-25 19:45:03","VVI217",600,"m","5/26/26"
"6117","would","cdi_words","2A","produces",NA,0,"768","2026-05-25 19:45:03","VVI217",600,"m","5/26/26"
"6118","if","cdi_words","2A","produces",NA,0,"768","2026-05-25 19:45:03","VVI217",600,"m","5/26/26"
"6119","sock","extra_words","2A","produces",1,1,"137","2026-03-14 07:58:28","VVI177",570,"m","3/14/26"
"6120","bathtub","extra_words","2A","produces",NA,0,"137","2026-03-14 07:58:28","VVI177",570,"m","3/14/26"
"6121","shower","extra_words","2A","produces",NA,0,"137","2026-03-14 07:58:28","VVI177",570,"m","3/14/26"
"6122","balloon","extra_words","2A","produces",1,1,"137","2026-03-14 07:58:28","VVI177",570,"m","3/14/26"
"6123","dresser","extra_words","2A","produces",NA,0,"137","2026-03-14 07:58:28","VVI177",570,"m","3/14/26"
"6124","kite","extra_words","2A","produces",NA,0,"137","2026-03-14 07:58:28","VVI177",570,"m","3/14/26"
"6125","camel","extra_words","2A","produces",NA,0,"137","2026-03-14 07:58:28","VVI177",570,"m","3/14/26"
"6126","elephant","extra_words","2A","produces",NA,0,"137","2026-03-14 07:58:28","VVI177",570,"m","3/14/26"
"6127","ladybug","extra_words","2A","produces",NA,0,"137","2026-03-14 07:58:28","VVI177",570,"m","3/14/26"
"6128","cloud","extra_words","2A","produces",NA,0,"137","2026-03-14 07:58:28","VVI177",570,"m","3/14/26"
"6129","tree","extra_words","2A","produces",1,1,"137","2026-03-14 07:58:28","VVI177",570,"m","3/14/26"
"6130","zipper","extra_words","2A","produces",NA,0,"137","2026-03-14 07:58:28","VVI177",570,"m","3/14/26"
"6131","crow","extra_words","2A","produces",NA,0,"137","2026-03-14 07:58:28","VVI177",570,"m","3/14/26"
"6132","penguin","extra_words","2A","produces",NA,0,"137","2026-03-14 07:58:28","VVI177",570,"m","3/14/26"
"6133","seahorse","extra_words","2A","produces",NA,0,"137","2026-03-14 07:58:28","VVI177",570,"m","3/14/26"
"6134","duck","extra_words","2A","produces",1,1,"137","2026-03-14 07:58:28","VVI177",570,"m","3/14/26"
"6135","chicken","extra_words","2A","produces",NA,0,"137","2026-03-14 07:58:28","VVI177",570,"m","3/14/26"
"6136","butterfly","extra_words","2A","produces",NA,0,"137","2026-03-14 07:58:28","VVI177",570,"m","3/14/26"
"6137","lizard","extra_words","2A","produces",NA,0,"137","2026-03-14 07:58:28","VVI177",570,"m","3/14/26"
"6138","walrus","extra_words","2A","produces",NA,0,"137","2026-03-14 07:58:28","VVI177",570,"m","3/14/26"
"6139","snake","extra_words","2A","produces",NA,0,"137","2026-03-14 07:58:28","VVI177",570,"m","3/14/26"
"6140","truck","extra_words","2A","produces",NA,0,"137","2026-03-14 07:58:28","VVI177",570,"m","3/14/26"
"6141","car","extra_words","2A","produces",NA,0,"137","2026-03-14 07:58:28","VVI177",570,"m","3/14/26"
"6142","airplane","extra_words","2A","produces",NA,0,"137","2026-03-14 07:58:28","VVI177",570,"m","3/14/26"
"6143","baa baa","cdi_words","2A","produces",NA,0,"137","2026-03-14 07:58:28","VVI177",570,"m","3/14/26"
"6144","meow","cdi_words","2A","produces",NA,0,"137","2026-03-14 07:58:28","VVI177",570,"m","3/14/26"
"6145","ouch","cdi_words","2A","produces",NA,0,"137","2026-03-14 07:58:28","VVI177",570,"m","3/14/26"
"6146","uh oh","cdi_words","2A","produces",1,1,"137","2026-03-14 07:58:28","VVI177",570,"m","3/14/26"
"6147","woof woof","cdi_words","2A","produces",1,1,"137","2026-03-14 07:58:28","VVI177",570,"m","3/14/26"
"6148","bear","cdi_words","2A","produces",1,1,"137","2026-03-14 07:58:28","VVI177",570,"m","3/14/26"
"6149","bird","cdi_words","2A","produces",NA,0,"137","2026-03-14 07:58:28","VVI177",570,"m","3/14/26"
"6150","cat","cdi_words","2A","produces",1,1,"137","2026-03-14 07:58:28","VVI177",570,"m","3/14/26"
"6151","dog","cdi_words","2A","produces",NA,0,"137","2026-03-14 07:58:28","VVI177",570,"m","3/14/26"
"6152","duck","cdi_words","2A","produces",1,1,"137","2026-03-14 07:58:28","VVI177",570,"m","3/14/26"
"6153","horse","cdi_words","2A","produces",NA,0,"137","2026-03-14 07:58:28","VVI177",570,"m","3/14/26"
"6154","airplane","cdi_words","2A","produces",NA,0,"137","2026-03-14 07:58:28","VVI177",570,"m","3/14/26"
"6155","boat","cdi_words","2A","produces",NA,0,"137","2026-03-14 07:58:28","VVI177",570,"m","3/14/26"
"6156","car","cdi_words","2A","produces",NA,0,"137","2026-03-14 07:58:28","VVI177",570,"m","3/14/26"
"6157","ball","cdi_words","2A","produces",1,1,"137","2026-03-14 07:58:28","VVI177",570,"m","3/14/26"
"6158","book","cdi_words","2A","produces",1,1,"137","2026-03-14 07:58:28","VVI177",570,"m","3/14/26"
"6159","game","cdi_words","2A","produces",NA,0,"137","2026-03-14 07:58:28","VVI177",570,"m","3/14/26"
"6160","applesauce","cdi_words","2A","produces",NA,0,"137","2026-03-14 07:58:28","VVI177",570,"m","3/14/26"
"6161","candy","cdi_words","2A","produces",NA,0,"137","2026-03-14 07:58:28","VVI177",570,"m","3/14/26"
"6162","coke","cdi_words","2A","produces",NA,0,"137","2026-03-14 07:58:28","VVI177",570,"m","3/14/26"
"6163","cracker","cdi_words","2A","produces",NA,0,"137","2026-03-14 07:58:28","VVI177",570,"m","3/14/26"
"6164","juice","cdi_words","2A","produces",NA,0,"137","2026-03-14 07:58:28","VVI177",570,"m","3/14/26"
"6165","meat","cdi_words","2A","produces",NA,0,"137","2026-03-14 07:58:28","VVI177",570,"m","3/14/26"
"6166","milk","cdi_words","2A","produces",1,1,"137","2026-03-14 07:58:28","VVI177",570,"m","3/14/26"
"6167","peas","cdi_words","2A","produces",NA,0,"137","2026-03-14 07:58:28","VVI177",570,"m","3/14/26"
"6168","hat","cdi_words","2A","produces",1,1,"137","2026-03-14 07:58:28","VVI177",570,"m","3/14/26"
"6169","necklace","cdi_words","2A","produces",NA,0,"137","2026-03-14 07:58:28","VVI177",570,"m","3/14/26"
"6170","shoe","cdi_words","2A","produces",1,1,"137","2026-03-14 07:58:28","VVI177",570,"m","3/14/26"
"6171","sock","cdi_words","2A","produces",NA,0,"137","2026-03-14 07:58:28","VVI177",570,"m","3/14/26"
"6172","chin","cdi_words","2A","produces",NA,0,"137","2026-03-14 07:58:28","VVI177",570,"m","3/14/26"
"6173","ear","cdi_words","2A","produces",NA,0,"137","2026-03-14 07:58:28","VVI177",570,"m","3/14/26"
"6174","hand","cdi_words","2A","produces",NA,0,"137","2026-03-14 07:58:28","VVI177",570,"m","3/14/26"
"6175","leg","cdi_words","2A","produces",NA,0,"137","2026-03-14 07:58:28","VVI177",570,"m","3/14/26"
"6176","broom","cdi_words","2A","produces",NA,0,"137","2026-03-14 07:58:28","VVI177",570,"m","3/14/26"
"6177","comb","cdi_words","2A","produces",NA,0,"137","2026-03-14 07:58:28","VVI177",570,"m","3/14/26"
"6178","mop","cdi_words","2A","produces",NA,0,"137","2026-03-14 07:58:28","VVI177",570,"m","3/14/26"
"6179","plate","cdi_words","2A","produces",NA,0,"137","2026-03-14 07:58:28","VVI177",570,"m","3/14/26"
"6180","trash","cdi_words","2A","produces",NA,0,"137","2026-03-14 07:58:28","VVI177",570,"m","3/14/26"
"6181","tray","cdi_words","2A","produces",NA,0,"137","2026-03-14 07:58:28","VVI177",570,"m","3/14/26"
"6182","towel","cdi_words","2A","produces",NA,0,"137","2026-03-14 07:58:28","VVI177",570,"m","3/14/26"
"6183","bed","cdi_words","2A","produces",NA,0,"137","2026-03-14 07:58:28","VVI177",570,"m","3/14/26"
"6184","bedroom","cdi_words","2A","produces",NA,0,"137","2026-03-14 07:58:28","VVI177",570,"m","3/14/26"
"6185","bench","cdi_words","2A","produces",NA,0,"137","2026-03-14 07:58:28","VVI177",570,"m","3/14/26"
"6186","oven","cdi_words","2A","produces",NA,0,"137","2026-03-14 07:58:28","VVI177",570,"m","3/14/26"
"6187","stairs","cdi_words","2A","produces",NA,0,"137","2026-03-14 07:58:28","VVI177",570,"m","3/14/26"
"6188","flag","cdi_words","2A","produces",NA,0,"137","2026-03-14 07:58:28","VVI177",570,"m","3/14/26"
"6189","rain","cdi_words","2A","produces",NA,0,"137","2026-03-14 07:58:28","VVI177",570,"m","3/14/26"
"6190","star","cdi_words","2A","produces",NA,0,"137","2026-03-14 07:58:28","VVI177",570,"m","3/14/26"
"6191","swing","cdi_words","2A","produces",NA,0,"137","2026-03-14 07:58:28","VVI177",570,"m","3/14/26"
"6192","school","cdi_words","2A","produces",NA,0,"137","2026-03-14 07:58:28","VVI177",570,"m","3/14/26"
"6193","sky","cdi_words","2A","produces",NA,0,"137","2026-03-14 07:58:28","VVI177",570,"m","3/14/26"
"6194","party","cdi_words","2A","produces",NA,0,"137","2026-03-14 07:58:28","VVI177",570,"m","3/14/26"
"6195","friend","cdi_words","2A","produces",NA,0,"137","2026-03-14 07:58:28","VVI177",570,"m","3/14/26"
"6196","mommy","cdi_words","2A","produces",NA,0,"137","2026-03-14 07:58:28","VVI177",570,"m","3/14/26"
"6197","person","cdi_words","2A","produces",NA,0,"137","2026-03-14 07:58:28","VVI177",570,"m","3/14/26"
"6198","bye","cdi_words","2A","produces",NA,0,"137","2026-03-14 07:58:28","VVI177",570,"m","3/14/26"
"6199","hi","cdi_words","2A","produces",1,1,"137","2026-03-14 07:58:28","VVI177",570,"m","3/14/26"
"6200","no","cdi_words","2A","produces",NA,0,"137","2026-03-14 07:58:28","VVI177",570,"m","3/14/26"
"6201","shopping","cdi_words","2A","produces",NA,0,"137","2026-03-14 07:58:28","VVI177",570,"m","3/14/26"
"6202","thank you","cdi_words","2A","produces",NA,0,"137","2026-03-14 07:58:28","VVI177",570,"m","3/14/26"
"6203","carry","cdi_words","2A","produces",NA,0,"137","2026-03-14 07:58:28","VVI177",570,"m","3/14/26"
"6204","chase","cdi_words","2A","produces",NA,0,"137","2026-03-14 07:58:28","VVI177",570,"m","3/14/26"
"6205","dump","cdi_words","2A","produces",NA,0,"137","2026-03-14 07:58:28","VVI177",570,"m","3/14/26"
"6206","finish","cdi_words","2A","produces",NA,0,"137","2026-03-14 07:58:28","VVI177",570,"m","3/14/26"
"6207","fit","cdi_words","2A","produces",NA,0,"137","2026-03-14 07:58:28","VVI177",570,"m","3/14/26"
"6208","hug","cdi_words","2A","produces",1,1,"137","2026-03-14 07:58:28","VVI177",570,"m","3/14/26"
"6209","listen","cdi_words","2A","produces",NA,0,"137","2026-03-14 07:58:28","VVI177",570,"m","3/14/26"
"6210","like","cdi_words","2A","produces",NA,0,"137","2026-03-14 07:58:28","VVI177",570,"m","3/14/26"
"6211","pretend","cdi_words","2A","produces",NA,0,"137","2026-03-14 07:58:28","VVI177",570,"m","3/14/26"
"6212","rip","cdi_words","2A","produces",NA,0,"137","2026-03-14 07:58:28","VVI177",570,"m","3/14/26"
"6213","shake","cdi_words","2A","produces",NA,0,"137","2026-03-14 07:58:28","VVI177",570,"m","3/14/26"
"6214","taste","cdi_words","2A","produces",NA,0,"137","2026-03-14 07:58:28","VVI177",570,"m","3/14/26"
"6215","gentle","cdi_words","2A","produces",NA,0,"137","2026-03-14 07:58:28","VVI177",570,"m","3/14/26"
"6216","think","cdi_words","2A","produces",NA,0,"137","2026-03-14 07:58:28","VVI177",570,"m","3/14/26"
"6217","wish","cdi_words","2A","produces",NA,0,"137","2026-03-14 07:58:28","VVI177",570,"m","3/14/26"
"6218","all gone","cdi_words","2A","produces",NA,0,"137","2026-03-14 07:58:28","VVI177",570,"m","3/14/26"
"6219","cold","cdi_words","2A","produces",NA,0,"137","2026-03-14 07:58:28","VVI177",570,"m","3/14/26"
"6220","fast","cdi_words","2A","produces",NA,0,"137","2026-03-14 07:58:28","VVI177",570,"m","3/14/26"
"6221","happy","cdi_words","2A","produces",NA,0,"137","2026-03-14 07:58:28","VVI177",570,"m","3/14/26"
"6222","hot","cdi_words","2A","produces",1,1,"137","2026-03-14 07:58:28","VVI177",570,"m","3/14/26"
"6223","last","cdi_words","2A","produces",NA,0,"137","2026-03-14 07:58:28","VVI177",570,"m","3/14/26"
"6224","tiny","cdi_words","2A","produces",NA,0,"137","2026-03-14 07:58:28","VVI177",570,"m","3/14/26"
"6225","wet","cdi_words","2A","produces",NA,0,"137","2026-03-14 07:58:28","VVI177",570,"m","3/14/26"
"6226","after","cdi_words","2A","produces",NA,0,"137","2026-03-14 07:58:28","VVI177",570,"m","3/14/26"
"6227","day","cdi_words","2A","produces",NA,0,"137","2026-03-14 07:58:28","VVI177",570,"m","3/14/26"
"6228","tonight","cdi_words","2A","produces",NA,0,"137","2026-03-14 07:58:28","VVI177",570,"m","3/14/26"
"6229","our","cdi_words","2A","produces",NA,0,"137","2026-03-14 07:58:28","VVI177",570,"m","3/14/26"
"6230","them","cdi_words","2A","produces",NA,0,"137","2026-03-14 07:58:28","VVI177",570,"m","3/14/26"
"6231","this","cdi_words","2A","produces",NA,0,"137","2026-03-14 07:58:28","VVI177",570,"m","3/14/26"
"6232","us","cdi_words","2A","produces",NA,0,"137","2026-03-14 07:58:28","VVI177",570,"m","3/14/26"
"6233","where","cdi_words","2A","produces",NA,0,"137","2026-03-14 07:58:28","VVI177",570,"m","3/14/26"
"6234","beside","cdi_words","2A","produces",NA,0,"137","2026-03-14 07:58:28","VVI177",570,"m","3/14/26"
"6235","down","cdi_words","2A","produces",NA,0,"137","2026-03-14 07:58:28","VVI177",570,"m","3/14/26"
"6236","under","cdi_words","2A","produces",NA,0,"137","2026-03-14 07:58:28","VVI177",570,"m","3/14/26"
"6237","all","cdi_words","2A","produces",NA,0,"137","2026-03-14 07:58:28","VVI177",570,"m","3/14/26"
"6238","much","cdi_words","2A","produces",NA,0,"137","2026-03-14 07:58:28","VVI177",570,"m","3/14/26"
"6239","could","cdi_words","2A","produces",NA,0,"137","2026-03-14 07:58:28","VVI177",570,"m","3/14/26"
"6240","need","cdi_words","2A","produces",NA,0,"137","2026-03-14 07:58:28","VVI177",570,"m","3/14/26"
"6241","would","cdi_words","2A","produces",NA,0,"137","2026-03-14 07:58:28","VVI177",570,"m","3/14/26"
"6242","if","cdi_words","2A","produces",NA,0,"137","2026-03-14 07:58:28","VVI177",570,"m","3/14/26"
"6243","sock","extra_words","2A","produces",1,1,"1071","2026-06-25 16:09:15","VVI227",750,"m","6/25/26"
"6244","bathtub","extra_words","2A","produces",NA,0,"1071","2026-06-25 16:09:15","VVI227",750,"m","6/25/26"
"6245","shower","extra_words","2A","produces",NA,0,"1071","2026-06-25 16:09:15","VVI227",750,"m","6/25/26"
"6246","balloon","extra_words","2A","produces",1,1,"1071","2026-06-25 16:09:15","VVI227",750,"m","6/25/26"
"6247","dresser","extra_words","2A","produces",NA,0,"1071","2026-06-25 16:09:15","VVI227",750,"m","6/25/26"
"6248","kite","extra_words","2A","produces",1,1,"1071","2026-06-25 16:09:15","VVI227",750,"m","6/25/26"
"6249","camel","extra_words","2A","produces",1,1,"1071","2026-06-25 16:09:15","VVI227",750,"m","6/25/26"
"6250","elephant","extra_words","2A","produces",1,1,"1071","2026-06-25 16:09:15","VVI227",750,"m","6/25/26"
"6251","ladybug","extra_words","2A","produces",NA,0,"1071","2026-06-25 16:09:15","VVI227",750,"m","6/25/26"
"6252","cloud","extra_words","2A","produces",1,1,"1071","2026-06-25 16:09:15","VVI227",750,"m","6/25/26"
"6253","tree","extra_words","2A","produces",1,1,"1071","2026-06-25 16:09:15","VVI227",750,"m","6/25/26"
"6254","zipper","extra_words","2A","produces",NA,0,"1071","2026-06-25 16:09:15","VVI227",750,"m","6/25/26"
"6255","crow","extra_words","2A","produces",1,1,"1071","2026-06-25 16:09:15","VVI227",750,"m","6/25/26"
"6256","penguin","extra_words","2A","produces",1,1,"1071","2026-06-25 16:09:15","VVI227",750,"m","6/25/26"
"6257","seahorse","extra_words","2A","produces",1,1,"1071","2026-06-25 16:09:15","VVI227",750,"m","6/25/26"
"6258","duck","extra_words","2A","produces",1,1,"1071","2026-06-25 16:09:15","VVI227",750,"m","6/25/26"
"6259","chicken","extra_words","2A","produces",1,1,"1071","2026-06-25 16:09:15","VVI227",750,"m","6/25/26"
"6260","butterfly","extra_words","2A","produces",1,1,"1071","2026-06-25 16:09:15","VVI227",750,"m","6/25/26"
"6261","lizard","extra_words","2A","produces",1,1,"1071","2026-06-25 16:09:15","VVI227",750,"m","6/25/26"
"6262","walrus","extra_words","2A","produces",NA,0,"1071","2026-06-25 16:09:15","VVI227",750,"m","6/25/26"
"6263","snake","extra_words","2A","produces",1,1,"1071","2026-06-25 16:09:15","VVI227",750,"m","6/25/26"
"6264","truck","extra_words","2A","produces",1,1,"1071","2026-06-25 16:09:15","VVI227",750,"m","6/25/26"
"6265","car","extra_words","2A","produces",1,1,"1071","2026-06-25 16:09:15","VVI227",750,"m","6/25/26"
"6266","airplane","extra_words","2A","produces",1,1,"1071","2026-06-25 16:09:15","VVI227",750,"m","6/25/26"
"6267","baa baa","cdi_words","2A","produces",1,1,"1071","2026-06-25 16:09:15","VVI227",750,"m","6/25/26"
"6268","meow","cdi_words","2A","produces",1,1,"1071","2026-06-25 16:09:15","VVI227",750,"m","6/25/26"
"6269","ouch","cdi_words","2A","produces",1,1,"1071","2026-06-25 16:09:15","VVI227",750,"m","6/25/26"
"6270","uh oh","cdi_words","2A","produces",1,1,"1071","2026-06-25 16:09:15","VVI227",750,"m","6/25/26"
"6271","woof woof","cdi_words","2A","produces",1,1,"1071","2026-06-25 16:09:15","VVI227",750,"m","6/25/26"
"6272","bear","cdi_words","2A","produces",NA,0,"1071","2026-06-25 16:09:15","VVI227",750,"m","6/25/26"
"6273","bird","cdi_words","2A","produces",1,1,"1071","2026-06-25 16:09:15","VVI227",750,"m","6/25/26"
"6274","cat","cdi_words","2A","produces",1,1,"1071","2026-06-25 16:09:15","VVI227",750,"m","6/25/26"
"6275","dog","cdi_words","2A","produces",1,1,"1071","2026-06-25 16:09:15","VVI227",750,"m","6/25/26"
"6276","duck","cdi_words","2A","produces",1,1,"1071","2026-06-25 16:09:15","VVI227",750,"m","6/25/26"
"6277","horse","cdi_words","2A","produces",1,1,"1071","2026-06-25 16:09:15","VVI227",750,"m","6/25/26"
"6278","airplane","cdi_words","2A","produces",1,1,"1071","2026-06-25 16:09:15","VVI227",750,"m","6/25/26"
"6279","boat","cdi_words","2A","produces",1,1,"1071","2026-06-25 16:09:15","VVI227",750,"m","6/25/26"
"6280","car","cdi_words","2A","produces",1,1,"1071","2026-06-25 16:09:15","VVI227",750,"m","6/25/26"
"6281","ball","cdi_words","2A","produces",1,1,"1071","2026-06-25 16:09:15","VVI227",750,"m","6/25/26"
"6282","book","cdi_words","2A","produces",1,1,"1071","2026-06-25 16:09:15","VVI227",750,"m","6/25/26"
"6283","game","cdi_words","2A","produces",1,1,"1071","2026-06-25 16:09:15","VVI227",750,"m","6/25/26"
"6284","applesauce","cdi_words","2A","produces",NA,0,"1071","2026-06-25 16:09:15","VVI227",750,"m","6/25/26"
"6285","candy","cdi_words","2A","produces",1,1,"1071","2026-06-25 16:09:15","VVI227",750,"m","6/25/26"
"6286","coke","cdi_words","2A","produces",NA,0,"1071","2026-06-25 16:09:15","VVI227",750,"m","6/25/26"
"6287","cracker","cdi_words","2A","produces",NA,0,"1071","2026-06-25 16:09:15","VVI227",750,"m","6/25/26"
"6288","juice","cdi_words","2A","produces",NA,0,"1071","2026-06-25 16:09:15","VVI227",750,"m","6/25/26"
"6289","meat","cdi_words","2A","produces",NA,0,"1071","2026-06-25 16:09:15","VVI227",750,"m","6/25/26"
"6290","milk","cdi_words","2A","produces",1,1,"1071","2026-06-25 16:09:15","VVI227",750,"m","6/25/26"
"6291","peas","cdi_words","2A","produces",1,1,"1071","2026-06-25 16:09:15","VVI227",750,"m","6/25/26"
"6292","hat","cdi_words","2A","produces",1,1,"1071","2026-06-25 16:09:15","VVI227",750,"m","6/25/26"
"6293","necklace","cdi_words","2A","produces",NA,0,"1071","2026-06-25 16:09:15","VVI227",750,"m","6/25/26"
"6294","shoe","cdi_words","2A","produces",1,1,"1071","2026-06-25 16:09:15","VVI227",750,"m","6/25/26"
"6295","sock","cdi_words","2A","produces",1,1,"1071","2026-06-25 16:09:15","VVI227",750,"m","6/25/26"
"6296","chin","cdi_words","2A","produces",1,1,"1071","2026-06-25 16:09:15","VVI227",750,"m","6/25/26"
"6297","ear","cdi_words","2A","produces",1,1,"1071","2026-06-25 16:09:15","VVI227",750,"m","6/25/26"
"6298","hand","cdi_words","2A","produces",1,1,"1071","2026-06-25 16:09:15","VVI227",750,"m","6/25/26"
"6299","leg","cdi_words","2A","produces",1,1,"1071","2026-06-25 16:09:15","VVI227",750,"m","6/25/26"
"6300","broom","cdi_words","2A","produces",NA,0,"1071","2026-06-25 16:09:15","VVI227",750,"m","6/25/26"
"6301","comb","cdi_words","2A","produces",NA,0,"1071","2026-06-25 16:09:15","VVI227",750,"m","6/25/26"
"6302","mop","cdi_words","2A","produces",NA,0,"1071","2026-06-25 16:09:15","VVI227",750,"m","6/25/26"
"6303","plate","cdi_words","2A","produces",1,1,"1071","2026-06-25 16:09:15","VVI227",750,"m","6/25/26"
"6304","trash","cdi_words","2A","produces",NA,0,"1071","2026-06-25 16:09:15","VVI227",750,"m","6/25/26"
"6305","tray","cdi_words","2A","produces",NA,0,"1071","2026-06-25 16:09:15","VVI227",750,"m","6/25/26"
"6306","towel","cdi_words","2A","produces",NA,0,"1071","2026-06-25 16:09:15","VVI227",750,"m","6/25/26"
"6307","bed","cdi_words","2A","produces",1,1,"1071","2026-06-25 16:09:15","VVI227",750,"m","6/25/26"
"6308","bedroom","cdi_words","2A","produces",NA,0,"1071","2026-06-25 16:09:15","VVI227",750,"m","6/25/26"
"6309","bench","cdi_words","2A","produces",NA,0,"1071","2026-06-25 16:09:15","VVI227",750,"m","6/25/26"
"6310","oven","cdi_words","2A","produces",NA,0,"1071","2026-06-25 16:09:15","VVI227",750,"m","6/25/26"
"6311","stairs","cdi_words","2A","produces",NA,0,"1071","2026-06-25 16:09:15","VVI227",750,"m","6/25/26"
"6312","flag","cdi_words","2A","produces",NA,0,"1071","2026-06-25 16:09:15","VVI227",750,"m","6/25/26"
"6313","rain","cdi_words","2A","produces",1,1,"1071","2026-06-25 16:09:15","VVI227",750,"m","6/25/26"
"6314","star","cdi_words","2A","produces",1,1,"1071","2026-06-25 16:09:15","VVI227",750,"m","6/25/26"
"6315","swing","cdi_words","2A","produces",NA,0,"1071","2026-06-25 16:09:15","VVI227",750,"m","6/25/26"
"6316","school","cdi_words","2A","produces",1,1,"1071","2026-06-25 16:09:15","VVI227",750,"m","6/25/26"
"6317","sky","cdi_words","2A","produces",1,1,"1071","2026-06-25 16:09:15","VVI227",750,"m","6/25/26"
"6318","party","cdi_words","2A","produces",NA,0,"1071","2026-06-25 16:09:15","VVI227",750,"m","6/25/26"
"6319","friend","cdi_words","2A","produces",NA,0,"1071","2026-06-25 16:09:15","VVI227",750,"m","6/25/26"
"6320","mommy","cdi_words","2A","produces",1,1,"1071","2026-06-25 16:09:15","VVI227",750,"m","6/25/26"
"6321","person","cdi_words","2A","produces",1,1,"1071","2026-06-25 16:09:15","VVI227",750,"m","6/25/26"
"6322","bye","cdi_words","2A","produces",1,1,"1071","2026-06-25 16:09:15","VVI227",750,"m","6/25/26"
"6323","hi","cdi_words","2A","produces",1,1,"1071","2026-06-25 16:09:15","VVI227",750,"m","6/25/26"
"6324","no","cdi_words","2A","produces",1,1,"1071","2026-06-25 16:09:15","VVI227",750,"m","6/25/26"
"6325","shopping","cdi_words","2A","produces",NA,0,"1071","2026-06-25 16:09:15","VVI227",750,"m","6/25/26"
"6326","thank you","cdi_words","2A","produces",1,1,"1071","2026-06-25 16:09:15","VVI227",750,"m","6/25/26"
"6327","carry","cdi_words","2A","produces",NA,0,"1071","2026-06-25 16:09:15","VVI227",750,"m","6/25/26"
"6328","chase","cdi_words","2A","produces",NA,0,"1071","2026-06-25 16:09:15","VVI227",750,"m","6/25/26"
"6329","dump","cdi_words","2A","produces",NA,0,"1071","2026-06-25 16:09:15","VVI227",750,"m","6/25/26"
"6330","finish","cdi_words","2A","produces",1,1,"1071","2026-06-25 16:09:15","VVI227",750,"m","6/25/26"
"6331","fit","cdi_words","2A","produces",NA,0,"1071","2026-06-25 16:09:15","VVI227",750,"m","6/25/26"
"6332","hug","cdi_words","2A","produces",1,1,"1071","2026-06-25 16:09:15","VVI227",750,"m","6/25/26"
"6333","listen","cdi_words","2A","produces",NA,0,"1071","2026-06-25 16:09:15","VVI227",750,"m","6/25/26"
"6334","like","cdi_words","2A","produces",NA,0,"1071","2026-06-25 16:09:15","VVI227",750,"m","6/25/26"
"6335","pretend","cdi_words","2A","produces",NA,0,"1071","2026-06-25 16:09:15","VVI227",750,"m","6/25/26"
"6336","rip","cdi_words","2A","produces",NA,0,"1071","2026-06-25 16:09:15","VVI227",750,"m","6/25/26"
"6337","shake","cdi_words","2A","produces",1,1,"1071","2026-06-25 16:09:15","VVI227",750,"m","6/25/26"
"6338","taste","cdi_words","2A","produces",NA,0,"1071","2026-06-25 16:09:15","VVI227",750,"m","6/25/26"
"6339","gentle","cdi_words","2A","produces",NA,0,"1071","2026-06-25 16:09:15","VVI227",750,"m","6/25/26"
"6340","think","cdi_words","2A","produces",NA,0,"1071","2026-06-25 16:09:15","VVI227",750,"m","6/25/26"
"6341","wish","cdi_words","2A","produces",NA,0,"1071","2026-06-25 16:09:15","VVI227",750,"m","6/25/26"
"6342","all gone","cdi_words","2A","produces",1,1,"1071","2026-06-25 16:09:15","VVI227",750,"m","6/25/26"
"6343","cold","cdi_words","2A","produces",1,1,"1071","2026-06-25 16:09:15","VVI227",750,"m","6/25/26"
"6344","fast","cdi_words","2A","produces",1,1,"1071","2026-06-25 16:09:15","VVI227",750,"m","6/25/26"
"6345","happy","cdi_words","2A","produces",1,1,"1071","2026-06-25 16:09:15","VVI227",750,"m","6/25/26"
"6346","hot","cdi_words","2A","produces",1,1,"1071","2026-06-25 16:09:15","VVI227",750,"m","6/25/26"
"6347","last","cdi_words","2A","produces",NA,0,"1071","2026-06-25 16:09:15","VVI227",750,"m","6/25/26"
"6348","tiny","cdi_words","2A","produces",NA,0,"1071","2026-06-25 16:09:15","VVI227",750,"m","6/25/26"
"6349","wet","cdi_words","2A","produces",1,1,"1071","2026-06-25 16:09:15","VVI227",750,"m","6/25/26"
"6350","after","cdi_words","2A","produces",NA,0,"1071","2026-06-25 16:09:15","VVI227",750,"m","6/25/26"
"6351","day","cdi_words","2A","produces",NA,0,"1071","2026-06-25 16:09:15","VVI227",750,"m","6/25/26"
"6352","tonight","cdi_words","2A","produces",NA,0,"1071","2026-06-25 16:09:15","VVI227",750,"m","6/25/26"
"6353","our","cdi_words","2A","produces",NA,0,"1071","2026-06-25 16:09:15","VVI227",750,"m","6/25/26"
"6354","them","cdi_words","2A","produces",NA,0,"1071","2026-06-25 16:09:15","VVI227",750,"m","6/25/26"
"6355","this","cdi_words","2A","produces",1,1,"1071","2026-06-25 16:09:15","VVI227",750,"m","6/25/26"
"6356","us","cdi_words","2A","produces",NA,0,"1071","2026-06-25 16:09:15","VVI227",750,"m","6/25/26"
"6357","where","cdi_words","2A","produces",1,1,"1071","2026-06-25 16:09:15","VVI227",750,"m","6/25/26"
"6358","beside","cdi_words","2A","produces",NA,0,"1071","2026-06-25 16:09:15","VVI227",750,"m","6/25/26"
"6359","down","cdi_words","2A","produces",1,1,"1071","2026-06-25 16:09:15","VVI227",750,"m","6/25/26"
"6360","under","cdi_words","2A","produces",NA,0,"1071","2026-06-25 16:09:15","VVI227",750,"m","6/25/26"
"6361","all","cdi_words","2A","produces",1,1,"1071","2026-06-25 16:09:15","VVI227",750,"m","6/25/26"
"6362","much","cdi_words","2A","produces",NA,0,"1071","2026-06-25 16:09:15","VVI227",750,"m","6/25/26"
"6363","could","cdi_words","2A","produces",NA,0,"1071","2026-06-25 16:09:15","VVI227",750,"m","6/25/26"
"6364","need","cdi_words","2A","produces",NA,0,"1071","2026-06-25 16:09:15","VVI227",750,"m","6/25/26"
"6365","would","cdi_words","2A","produces",NA,0,"1071","2026-06-25 16:09:15","VVI227",750,"m","6/25/26"
"6366","if","cdi_words","2A","produces",NA,0,"1071","2026-06-25 16:09:15","VVI227",750,"m","6/25/26"
"6367","sock","extra_words","2A","produces",1,1,"132","2026-03-09 13:00:56","VVI139",630,"m","2/13/26"
"6368","bathtub","extra_words","2A","produces",NA,0,"132","2026-03-09 13:00:56","VVI139",630,"m","2/13/26"
"6369","shower","extra_words","2A","produces",NA,0,"132","2026-03-09 13:00:56","VVI139",630,"m","2/13/26"
"6370","balloon","extra_words","2A","produces",1,1,"132","2026-03-09 13:00:56","VVI139",630,"m","2/13/26"
"6371","dresser","extra_words","2A","produces",NA,0,"132","2026-03-09 13:00:56","VVI139",630,"m","2/13/26"
"6372","kite","extra_words","2A","produces",NA,0,"132","2026-03-09 13:00:56","VVI139",630,"m","2/13/26"
"6373","camel","extra_words","2A","produces",NA,0,"132","2026-03-09 13:00:56","VVI139",630,"m","2/13/26"
"6374","elephant","extra_words","2A","produces",NA,0,"132","2026-03-09 13:00:56","VVI139",630,"m","2/13/26"
"6375","ladybug","extra_words","2A","produces",NA,0,"132","2026-03-09 13:00:56","VVI139",630,"m","2/13/26"
"6376","cloud","extra_words","2A","produces",NA,0,"132","2026-03-09 13:00:56","VVI139",630,"m","2/13/26"
"6377","tree","extra_words","2A","produces",1,1,"132","2026-03-09 13:00:56","VVI139",630,"m","2/13/26"
"6378","zipper","extra_words","2A","produces",NA,0,"132","2026-03-09 13:00:56","VVI139",630,"m","2/13/26"
"6379","crow","extra_words","2A","produces",NA,0,"132","2026-03-09 13:00:56","VVI139",630,"m","2/13/26"
"6380","penguin","extra_words","2A","produces",NA,0,"132","2026-03-09 13:00:56","VVI139",630,"m","2/13/26"
"6381","seahorse","extra_words","2A","produces",NA,0,"132","2026-03-09 13:00:56","VVI139",630,"m","2/13/26"
"6382","duck","extra_words","2A","produces",1,1,"132","2026-03-09 13:00:56","VVI139",630,"m","2/13/26"
"6383","chicken","extra_words","2A","produces",1,1,"132","2026-03-09 13:00:56","VVI139",630,"m","2/13/26"
"6384","butterfly","extra_words","2A","produces",1,1,"132","2026-03-09 13:00:56","VVI139",630,"m","2/13/26"
"6385","lizard","extra_words","2A","produces",NA,0,"132","2026-03-09 13:00:56","VVI139",630,"m","2/13/26"
"6386","walrus","extra_words","2A","produces",NA,0,"132","2026-03-09 13:00:56","VVI139",630,"m","2/13/26"
"6387","snake","extra_words","2A","produces",NA,0,"132","2026-03-09 13:00:56","VVI139",630,"m","2/13/26"
"6388","truck","extra_words","2A","produces",1,1,"132","2026-03-09 13:00:56","VVI139",630,"m","2/13/26"
"6389","car","extra_words","2A","produces",1,1,"132","2026-03-09 13:00:56","VVI139",630,"m","2/13/26"
"6390","airplane","extra_words","2A","produces",NA,0,"132","2026-03-09 13:00:56","VVI139",630,"m","2/13/26"
"6391","baa baa","cdi_words","2A","produces",1,1,"132","2026-03-09 13:00:56","VVI139",630,"m","2/13/26"
"6392","meow","cdi_words","2A","produces",1,1,"132","2026-03-09 13:00:56","VVI139",630,"m","2/13/26"
"6393","ouch","cdi_words","2A","produces",1,1,"132","2026-03-09 13:00:56","VVI139",630,"m","2/13/26"
"6394","uh oh","cdi_words","2A","produces",1,1,"132","2026-03-09 13:00:56","VVI139",630,"m","2/13/26"
"6395","woof woof","cdi_words","2A","produces",1,1,"132","2026-03-09 13:00:56","VVI139",630,"m","2/13/26"
"6396","bear","cdi_words","2A","produces",1,1,"132","2026-03-09 13:00:56","VVI139",630,"m","2/13/26"
"6397","bird","cdi_words","2A","produces",1,1,"132","2026-03-09 13:00:56","VVI139",630,"m","2/13/26"
"6398","cat","cdi_words","2A","produces",1,1,"132","2026-03-09 13:00:56","VVI139",630,"m","2/13/26"
"6399","dog","cdi_words","2A","produces",1,1,"132","2026-03-09 13:00:56","VVI139",630,"m","2/13/26"
"6400","duck","cdi_words","2A","produces",1,1,"132","2026-03-09 13:00:56","VVI139",630,"m","2/13/26"
"6401","horse","cdi_words","2A","produces",1,1,"132","2026-03-09 13:00:56","VVI139",630,"m","2/13/26"
"6402","airplane","cdi_words","2A","produces",NA,0,"132","2026-03-09 13:00:56","VVI139",630,"m","2/13/26"
"6403","boat","cdi_words","2A","produces",NA,0,"132","2026-03-09 13:00:56","VVI139",630,"m","2/13/26"
"6404","car","cdi_words","2A","produces",1,1,"132","2026-03-09 13:00:56","VVI139",630,"m","2/13/26"
"6405","ball","cdi_words","2A","produces",1,1,"132","2026-03-09 13:00:56","VVI139",630,"m","2/13/26"
"6406","book","cdi_words","2A","produces",1,1,"132","2026-03-09 13:00:56","VVI139",630,"m","2/13/26"
"6407","game","cdi_words","2A","produces",NA,0,"132","2026-03-09 13:00:56","VVI139",630,"m","2/13/26"
"6408","applesauce","cdi_words","2A","produces",NA,0,"132","2026-03-09 13:00:56","VVI139",630,"m","2/13/26"
"6409","candy","cdi_words","2A","produces",1,1,"132","2026-03-09 13:00:56","VVI139",630,"m","2/13/26"
"6410","coke","cdi_words","2A","produces",NA,0,"132","2026-03-09 13:00:56","VVI139",630,"m","2/13/26"
"6411","cracker","cdi_words","2A","produces",1,1,"132","2026-03-09 13:00:56","VVI139",630,"m","2/13/26"
"6412","juice","cdi_words","2A","produces",NA,0,"132","2026-03-09 13:00:56","VVI139",630,"m","2/13/26"
"6413","meat","cdi_words","2A","produces",NA,0,"132","2026-03-09 13:00:56","VVI139",630,"m","2/13/26"
"6414","milk","cdi_words","2A","produces",1,1,"132","2026-03-09 13:00:56","VVI139",630,"m","2/13/26"
"6415","peas","cdi_words","2A","produces",NA,0,"132","2026-03-09 13:00:56","VVI139",630,"m","2/13/26"
"6416","hat","cdi_words","2A","produces",1,1,"132","2026-03-09 13:00:56","VVI139",630,"m","2/13/26"
"6417","necklace","cdi_words","2A","produces",NA,0,"132","2026-03-09 13:00:56","VVI139",630,"m","2/13/26"
"6418","shoe","cdi_words","2A","produces",1,1,"132","2026-03-09 13:00:56","VVI139",630,"m","2/13/26"
"6419","sock","cdi_words","2A","produces",1,1,"132","2026-03-09 13:00:56","VVI139",630,"m","2/13/26"
"6420","chin","cdi_words","2A","produces",1,1,"132","2026-03-09 13:00:56","VVI139",630,"m","2/13/26"
"6421","ear","cdi_words","2A","produces",1,1,"132","2026-03-09 13:00:56","VVI139",630,"m","2/13/26"
"6422","hand","cdi_words","2A","produces",1,1,"132","2026-03-09 13:00:56","VVI139",630,"m","2/13/26"
"6423","leg","cdi_words","2A","produces",1,1,"132","2026-03-09 13:00:56","VVI139",630,"m","2/13/26"
"6424","broom","cdi_words","2A","produces",NA,0,"132","2026-03-09 13:00:56","VVI139",630,"m","2/13/26"
"6425","comb","cdi_words","2A","produces",NA,0,"132","2026-03-09 13:00:56","VVI139",630,"m","2/13/26"
"6426","mop","cdi_words","2A","produces",NA,0,"132","2026-03-09 13:00:56","VVI139",630,"m","2/13/26"
"6427","plate","cdi_words","2A","produces",NA,0,"132","2026-03-09 13:00:56","VVI139",630,"m","2/13/26"
"6428","trash","cdi_words","2A","produces",1,1,"132","2026-03-09 13:00:56","VVI139",630,"m","2/13/26"
"6429","tray","cdi_words","2A","produces",NA,0,"132","2026-03-09 13:00:56","VVI139",630,"m","2/13/26"
"6430","towel","cdi_words","2A","produces",1,1,"132","2026-03-09 13:00:56","VVI139",630,"m","2/13/26"
"6431","bed","cdi_words","2A","produces",1,1,"132","2026-03-09 13:00:56","VVI139",630,"m","2/13/26"
"6432","bedroom","cdi_words","2A","produces",NA,0,"132","2026-03-09 13:00:56","VVI139",630,"m","2/13/26"
"6433","bench","cdi_words","2A","produces",NA,0,"132","2026-03-09 13:00:56","VVI139",630,"m","2/13/26"
"6434","oven","cdi_words","2A","produces",NA,0,"132","2026-03-09 13:00:56","VVI139",630,"m","2/13/26"
"6435","stairs","cdi_words","2A","produces",NA,0,"132","2026-03-09 13:00:56","VVI139",630,"m","2/13/26"
"6436","flag","cdi_words","2A","produces",NA,0,"132","2026-03-09 13:00:56","VVI139",630,"m","2/13/26"
"6437","rain","cdi_words","2A","produces",NA,0,"132","2026-03-09 13:00:56","VVI139",630,"m","2/13/26"
"6438","star","cdi_words","2A","produces",NA,0,"132","2026-03-09 13:00:56","VVI139",630,"m","2/13/26"
"6439","swing","cdi_words","2A","produces",1,1,"132","2026-03-09 13:00:56","VVI139",630,"m","2/13/26"
"6440","school","cdi_words","2A","produces",NA,0,"132","2026-03-09 13:00:56","VVI139",630,"m","2/13/26"
"6441","sky","cdi_words","2A","produces",NA,0,"132","2026-03-09 13:00:56","VVI139",630,"m","2/13/26"
"6442","party","cdi_words","2A","produces",NA,0,"132","2026-03-09 13:00:56","VVI139",630,"m","2/13/26"
"6443","friend","cdi_words","2A","produces",NA,0,"132","2026-03-09 13:00:56","VVI139",630,"m","2/13/26"
"6444","mommy","cdi_words","2A","produces",1,1,"132","2026-03-09 13:00:56","VVI139",630,"m","2/13/26"
"6445","person","cdi_words","2A","produces",NA,0,"132","2026-03-09 13:00:56","VVI139",630,"m","2/13/26"
"6446","bye","cdi_words","2A","produces",1,1,"132","2026-03-09 13:00:56","VVI139",630,"m","2/13/26"
"6447","hi","cdi_words","2A","produces",1,1,"132","2026-03-09 13:00:56","VVI139",630,"m","2/13/26"
"6448","no","cdi_words","2A","produces",1,1,"132","2026-03-09 13:00:56","VVI139",630,"m","2/13/26"
"6449","shopping","cdi_words","2A","produces",NA,0,"132","2026-03-09 13:00:56","VVI139",630,"m","2/13/26"
"6450","thank you","cdi_words","2A","produces",1,1,"132","2026-03-09 13:00:56","VVI139",630,"m","2/13/26"
"6451","carry","cdi_words","2A","produces",NA,0,"132","2026-03-09 13:00:56","VVI139",630,"m","2/13/26"
"6452","chase","cdi_words","2A","produces",NA,0,"132","2026-03-09 13:00:56","VVI139",630,"m","2/13/26"
"6453","dump","cdi_words","2A","produces",NA,0,"132","2026-03-09 13:00:56","VVI139",630,"m","2/13/26"
"6454","finish","cdi_words","2A","produces",NA,0,"132","2026-03-09 13:00:56","VVI139",630,"m","2/13/26"
"6455","fit","cdi_words","2A","produces",NA,0,"132","2026-03-09 13:00:56","VVI139",630,"m","2/13/26"
"6456","hug","cdi_words","2A","produces",1,1,"132","2026-03-09 13:00:56","VVI139",630,"m","2/13/26"
"6457","listen","cdi_words","2A","produces",NA,0,"132","2026-03-09 13:00:56","VVI139",630,"m","2/13/26"
"6458","like","cdi_words","2A","produces",NA,0,"132","2026-03-09 13:00:56","VVI139",630,"m","2/13/26"
"6459","pretend","cdi_words","2A","produces",NA,0,"132","2026-03-09 13:00:56","VVI139",630,"m","2/13/26"
"6460","rip","cdi_words","2A","produces",NA,0,"132","2026-03-09 13:00:56","VVI139",630,"m","2/13/26"
"6461","shake","cdi_words","2A","produces",NA,0,"132","2026-03-09 13:00:56","VVI139",630,"m","2/13/26"
"6462","taste","cdi_words","2A","produces",NA,0,"132","2026-03-09 13:00:56","VVI139",630,"m","2/13/26"
"6463","gentle","cdi_words","2A","produces",NA,0,"132","2026-03-09 13:00:56","VVI139",630,"m","2/13/26"
"6464","think","cdi_words","2A","produces",NA,0,"132","2026-03-09 13:00:56","VVI139",630,"m","2/13/26"
"6465","wish","cdi_words","2A","produces",NA,0,"132","2026-03-09 13:00:56","VVI139",630,"m","2/13/26"
"6466","all gone","cdi_words","2A","produces",1,1,"132","2026-03-09 13:00:56","VVI139",630,"m","2/13/26"
"6467","cold","cdi_words","2A","produces",NA,0,"132","2026-03-09 13:00:56","VVI139",630,"m","2/13/26"
"6468","fast","cdi_words","2A","produces",NA,0,"132","2026-03-09 13:00:56","VVI139",630,"m","2/13/26"
"6469","happy","cdi_words","2A","produces",NA,0,"132","2026-03-09 13:00:56","VVI139",630,"m","2/13/26"
"6470","hot","cdi_words","2A","produces",1,1,"132","2026-03-09 13:00:56","VVI139",630,"m","2/13/26"
"6471","last","cdi_words","2A","produces",NA,0,"132","2026-03-09 13:00:56","VVI139",630,"m","2/13/26"
"6472","tiny","cdi_words","2A","produces",NA,0,"132","2026-03-09 13:00:56","VVI139",630,"m","2/13/26"
"6473","wet","cdi_words","2A","produces",1,1,"132","2026-03-09 13:00:56","VVI139",630,"m","2/13/26"
"6474","after","cdi_words","2A","produces",NA,0,"132","2026-03-09 13:00:56","VVI139",630,"m","2/13/26"
"6475","day","cdi_words","2A","produces",NA,0,"132","2026-03-09 13:00:56","VVI139",630,"m","2/13/26"
"6476","tonight","cdi_words","2A","produces",NA,0,"132","2026-03-09 13:00:56","VVI139",630,"m","2/13/26"
"6477","our","cdi_words","2A","produces",NA,0,"132","2026-03-09 13:00:56","VVI139",630,"m","2/13/26"
"6478","them","cdi_words","2A","produces",NA,0,"132","2026-03-09 13:00:56","VVI139",630,"m","2/13/26"
"6479","this","cdi_words","2A","produces",1,1,"132","2026-03-09 13:00:56","VVI139",630,"m","2/13/26"
"6480","us","cdi_words","2A","produces",NA,0,"132","2026-03-09 13:00:56","VVI139",630,"m","2/13/26"
"6481","where","cdi_words","2A","produces",NA,0,"132","2026-03-09 13:00:56","VVI139",630,"m","2/13/26"
"6482","beside","cdi_words","2A","produces",NA,0,"132","2026-03-09 13:00:56","VVI139",630,"m","2/13/26"
"6483","down","cdi_words","2A","produces",NA,0,"132","2026-03-09 13:00:56","VVI139",630,"m","2/13/26"
"6484","under","cdi_words","2A","produces",NA,0,"132","2026-03-09 13:00:56","VVI139",630,"m","2/13/26"
"6485","all","cdi_words","2A","produces",NA,0,"132","2026-03-09 13:00:56","VVI139",630,"m","2/13/26"
"6486","much","cdi_words","2A","produces",NA,0,"132","2026-03-09 13:00:56","VVI139",630,"m","2/13/26"
"6487","could","cdi_words","2A","produces",NA,0,"132","2026-03-09 13:00:56","VVI139",630,"m","2/13/26"
"6488","need","cdi_words","2A","produces",NA,0,"132","2026-03-09 13:00:56","VVI139",630,"m","2/13/26"
"6489","would","cdi_words","2A","produces",NA,0,"132","2026-03-09 13:00:56","VVI139",630,"m","2/13/26"
"6490","if","cdi_words","2A","produces",NA,0,"132","2026-03-09 13:00:56","VVI139",630,"m","2/13/26"
"6491","sock","extra_words","2A","produces",1,1,"161","2026-02-21 16:30:14","VVI157",660,"f","2/21/26"
"6492","bathtub","extra_words","2A","produces",1,1,"161","2026-02-21 16:30:14","VVI157",660,"f","2/21/26"
"6493","shower","extra_words","2A","produces",1,1,"161","2026-02-21 16:30:14","VVI157",660,"f","2/21/26"
"6494","balloon","extra_words","2A","produces",1,1,"161","2026-02-21 16:30:14","VVI157",660,"f","2/21/26"
"6495","dresser","extra_words","2A","produces",NA,0,"161","2026-02-21 16:30:14","VVI157",660,"f","2/21/26"
"6496","kite","extra_words","2A","produces",NA,0,"161","2026-02-21 16:30:14","VVI157",660,"f","2/21/26"
"6497","camel","extra_words","2A","produces",NA,0,"161","2026-02-21 16:30:14","VVI157",660,"f","2/21/26"
"6498","elephant","extra_words","2A","produces",1,1,"161","2026-02-21 16:30:14","VVI157",660,"f","2/21/26"
"6499","ladybug","extra_words","2A","produces",NA,0,"161","2026-02-21 16:30:14","VVI157",660,"f","2/21/26"
"6500","cloud","extra_words","2A","produces",NA,0,"161","2026-02-21 16:30:14","VVI157",660,"f","2/21/26"
"6501","tree","extra_words","2A","produces",1,1,"161","2026-02-21 16:30:14","VVI157",660,"f","2/21/26"
"6502","zipper","extra_words","2A","produces",NA,0,"161","2026-02-21 16:30:14","VVI157",660,"f","2/21/26"
"6503","crow","extra_words","2A","produces",NA,0,"161","2026-02-21 16:30:14","VVI157",660,"f","2/21/26"
"6504","penguin","extra_words","2A","produces",NA,0,"161","2026-02-21 16:30:14","VVI157",660,"f","2/21/26"
"6505","seahorse","extra_words","2A","produces",NA,0,"161","2026-02-21 16:30:14","VVI157",660,"f","2/21/26"
"6506","duck","extra_words","2A","produces",1,1,"161","2026-02-21 16:30:14","VVI157",660,"f","2/21/26"
"6507","chicken","extra_words","2A","produces",1,1,"161","2026-02-21 16:30:14","VVI157",660,"f","2/21/26"
"6508","butterfly","extra_words","2A","produces",1,1,"161","2026-02-21 16:30:14","VVI157",660,"f","2/21/26"
"6509","lizard","extra_words","2A","produces",1,1,"161","2026-02-21 16:30:14","VVI157",660,"f","2/21/26"
"6510","walrus","extra_words","2A","produces",NA,0,"161","2026-02-21 16:30:14","VVI157",660,"f","2/21/26"
"6511","snake","extra_words","2A","produces",1,1,"161","2026-02-21 16:30:14","VVI157",660,"f","2/21/26"
"6512","truck","extra_words","2A","produces",1,1,"161","2026-02-21 16:30:14","VVI157",660,"f","2/21/26"
"6513","car","extra_words","2A","produces",1,1,"161","2026-02-21 16:30:14","VVI157",660,"f","2/21/26"
"6514","airplane","extra_words","2A","produces",1,1,"161","2026-02-21 16:30:14","VVI157",660,"f","2/21/26"
"6515","baa baa","cdi_words","2A","produces",1,1,"161","2026-02-21 16:30:14","VVI157",660,"f","2/21/26"
"6516","meow","cdi_words","2A","produces",1,1,"161","2026-02-21 16:30:14","VVI157",660,"f","2/21/26"
"6517","ouch","cdi_words","2A","produces",1,1,"161","2026-02-21 16:30:14","VVI157",660,"f","2/21/26"
"6518","uh oh","cdi_words","2A","produces",1,1,"161","2026-02-21 16:30:14","VVI157",660,"f","2/21/26"
"6519","woof woof","cdi_words","2A","produces",1,1,"161","2026-02-21 16:30:14","VVI157",660,"f","2/21/26"
"6520","bear","cdi_words","2A","produces",1,1,"161","2026-02-21 16:30:14","VVI157",660,"f","2/21/26"
"6521","bird","cdi_words","2A","produces",1,1,"161","2026-02-21 16:30:14","VVI157",660,"f","2/21/26"
"6522","cat","cdi_words","2A","produces",1,1,"161","2026-02-21 16:30:14","VVI157",660,"f","2/21/26"
"6523","dog","cdi_words","2A","produces",1,1,"161","2026-02-21 16:30:14","VVI157",660,"f","2/21/26"
"6524","duck","cdi_words","2A","produces",1,1,"161","2026-02-21 16:30:14","VVI157",660,"f","2/21/26"
"6525","horse","cdi_words","2A","produces",1,1,"161","2026-02-21 16:30:14","VVI157",660,"f","2/21/26"
"6526","airplane","cdi_words","2A","produces",1,1,"161","2026-02-21 16:30:14","VVI157",660,"f","2/21/26"
"6527","boat","cdi_words","2A","produces",1,1,"161","2026-02-21 16:30:14","VVI157",660,"f","2/21/26"
"6528","car","cdi_words","2A","produces",1,1,"161","2026-02-21 16:30:14","VVI157",660,"f","2/21/26"
"6529","ball","cdi_words","2A","produces",1,1,"161","2026-02-21 16:30:14","VVI157",660,"f","2/21/26"
"6530","book","cdi_words","2A","produces",1,1,"161","2026-02-21 16:30:14","VVI157",660,"f","2/21/26"
"6531","game","cdi_words","2A","produces",NA,0,"161","2026-02-21 16:30:14","VVI157",660,"f","2/21/26"
"6532","applesauce","cdi_words","2A","produces",NA,0,"161","2026-02-21 16:30:14","VVI157",660,"f","2/21/26"
"6533","candy","cdi_words","2A","produces",1,1,"161","2026-02-21 16:30:14","VVI157",660,"f","2/21/26"
"6534","coke","cdi_words","2A","produces",NA,0,"161","2026-02-21 16:30:14","VVI157",660,"f","2/21/26"
"6535","cracker","cdi_words","2A","produces",NA,0,"161","2026-02-21 16:30:14","VVI157",660,"f","2/21/26"
"6536","juice","cdi_words","2A","produces",1,1,"161","2026-02-21 16:30:14","VVI157",660,"f","2/21/26"
"6537","meat","cdi_words","2A","produces",1,1,"161","2026-02-21 16:30:14","VVI157",660,"f","2/21/26"
"6538","milk","cdi_words","2A","produces",1,1,"161","2026-02-21 16:30:14","VVI157",660,"f","2/21/26"
"6539","peas","cdi_words","2A","produces",1,1,"161","2026-02-21 16:30:14","VVI157",660,"f","2/21/26"
"6540","hat","cdi_words","2A","produces",1,1,"161","2026-02-21 16:30:14","VVI157",660,"f","2/21/26"
"6541","necklace","cdi_words","2A","produces",NA,0,"161","2026-02-21 16:30:14","VVI157",660,"f","2/21/26"
"6542","shoe","cdi_words","2A","produces",1,1,"161","2026-02-21 16:30:14","VVI157",660,"f","2/21/26"
"6543","sock","cdi_words","2A","produces",1,1,"161","2026-02-21 16:30:14","VVI157",660,"f","2/21/26"
"6544","chin","cdi_words","2A","produces",NA,0,"161","2026-02-21 16:30:14","VVI157",660,"f","2/21/26"
"6545","ear","cdi_words","2A","produces",1,1,"161","2026-02-21 16:30:14","VVI157",660,"f","2/21/26"
"6546","hand","cdi_words","2A","produces",NA,0,"161","2026-02-21 16:30:14","VVI157",660,"f","2/21/26"
"6547","leg","cdi_words","2A","produces",NA,0,"161","2026-02-21 16:30:14","VVI157",660,"f","2/21/26"
"6548","broom","cdi_words","2A","produces",NA,0,"161","2026-02-21 16:30:14","VVI157",660,"f","2/21/26"
"6549","comb","cdi_words","2A","produces",NA,0,"161","2026-02-21 16:30:14","VVI157",660,"f","2/21/26"
"6550","mop","cdi_words","2A","produces",NA,0,"161","2026-02-21 16:30:14","VVI157",660,"f","2/21/26"
"6551","plate","cdi_words","2A","produces",1,1,"161","2026-02-21 16:30:14","VVI157",660,"f","2/21/26"
"6552","trash","cdi_words","2A","produces",1,1,"161","2026-02-21 16:30:14","VVI157",660,"f","2/21/26"
"6553","tray","cdi_words","2A","produces",NA,0,"161","2026-02-21 16:30:14","VVI157",660,"f","2/21/26"
"6554","towel","cdi_words","2A","produces",1,1,"161","2026-02-21 16:30:14","VVI157",660,"f","2/21/26"
"6555","bed","cdi_words","2A","produces",1,1,"161","2026-02-21 16:30:14","VVI157",660,"f","2/21/26"
"6556","bedroom","cdi_words","2A","produces",NA,0,"161","2026-02-21 16:30:14","VVI157",660,"f","2/21/26"
"6557","bench","cdi_words","2A","produces",NA,0,"161","2026-02-21 16:30:14","VVI157",660,"f","2/21/26"
"6558","oven","cdi_words","2A","produces",NA,0,"161","2026-02-21 16:30:14","VVI157",660,"f","2/21/26"
"6559","stairs","cdi_words","2A","produces",1,1,"161","2026-02-21 16:30:14","VVI157",660,"f","2/21/26"
"6560","flag","cdi_words","2A","produces",1,1,"161","2026-02-21 16:30:14","VVI157",660,"f","2/21/26"
"6561","rain","cdi_words","2A","produces",1,1,"161","2026-02-21 16:30:14","VVI157",660,"f","2/21/26"
"6562","star","cdi_words","2A","produces",1,1,"161","2026-02-21 16:30:14","VVI157",660,"f","2/21/26"
"6563","swing","cdi_words","2A","produces",1,1,"161","2026-02-21 16:30:14","VVI157",660,"f","2/21/26"
"6564","school","cdi_words","2A","produces",NA,0,"161","2026-02-21 16:30:14","VVI157",660,"f","2/21/26"
"6565","sky","cdi_words","2A","produces",NA,0,"161","2026-02-21 16:30:14","VVI157",660,"f","2/21/26"
"6566","party","cdi_words","2A","produces",1,1,"161","2026-02-21 16:30:14","VVI157",660,"f","2/21/26"
"6567","friend","cdi_words","2A","produces",NA,0,"161","2026-02-21 16:30:14","VVI157",660,"f","2/21/26"
"6568","mommy","cdi_words","2A","produces",1,1,"161","2026-02-21 16:30:14","VVI157",660,"f","2/21/26"
"6569","person","cdi_words","2A","produces",NA,0,"161","2026-02-21 16:30:14","VVI157",660,"f","2/21/26"
"6570","bye","cdi_words","2A","produces",1,1,"161","2026-02-21 16:30:14","VVI157",660,"f","2/21/26"
"6571","hi","cdi_words","2A","produces",1,1,"161","2026-02-21 16:30:14","VVI157",660,"f","2/21/26"
"6572","no","cdi_words","2A","produces",1,1,"161","2026-02-21 16:30:14","VVI157",660,"f","2/21/26"
"6573","shopping","cdi_words","2A","produces",NA,0,"161","2026-02-21 16:30:14","VVI157",660,"f","2/21/26"
"6574","thank you","cdi_words","2A","produces",1,1,"161","2026-02-21 16:30:14","VVI157",660,"f","2/21/26"
"6575","carry","cdi_words","2A","produces",NA,0,"161","2026-02-21 16:30:14","VVI157",660,"f","2/21/26"
"6576","chase","cdi_words","2A","produces",NA,0,"161","2026-02-21 16:30:14","VVI157",660,"f","2/21/26"
"6577","dump","cdi_words","2A","produces",1,1,"161","2026-02-21 16:30:14","VVI157",660,"f","2/21/26"
"6578","finish","cdi_words","2A","produces",NA,0,"161","2026-02-21 16:30:14","VVI157",660,"f","2/21/26"
"6579","fit","cdi_words","2A","produces",NA,0,"161","2026-02-21 16:30:14","VVI157",660,"f","2/21/26"
"6580","hug","cdi_words","2A","produces",1,1,"161","2026-02-21 16:30:14","VVI157",660,"f","2/21/26"
"6581","listen","cdi_words","2A","produces",NA,0,"161","2026-02-21 16:30:14","VVI157",660,"f","2/21/26"
"6582","like","cdi_words","2A","produces",NA,0,"161","2026-02-21 16:30:14","VVI157",660,"f","2/21/26"
"6583","pretend","cdi_words","2A","produces",NA,0,"161","2026-02-21 16:30:14","VVI157",660,"f","2/21/26"
"6584","rip","cdi_words","2A","produces",NA,0,"161","2026-02-21 16:30:14","VVI157",660,"f","2/21/26"
"6585","shake","cdi_words","2A","produces",1,1,"161","2026-02-21 16:30:14","VVI157",660,"f","2/21/26"
"6586","taste","cdi_words","2A","produces",NA,0,"161","2026-02-21 16:30:14","VVI157",660,"f","2/21/26"
"6587","gentle","cdi_words","2A","produces",NA,0,"161","2026-02-21 16:30:14","VVI157",660,"f","2/21/26"
"6588","think","cdi_words","2A","produces",NA,0,"161","2026-02-21 16:30:14","VVI157",660,"f","2/21/26"
"6589","wish","cdi_words","2A","produces",NA,0,"161","2026-02-21 16:30:14","VVI157",660,"f","2/21/26"
"6590","all gone","cdi_words","2A","produces",1,1,"161","2026-02-21 16:30:14","VVI157",660,"f","2/21/26"
"6591","cold","cdi_words","2A","produces",1,1,"161","2026-02-21 16:30:14","VVI157",660,"f","2/21/26"
"6592","fast","cdi_words","2A","produces",1,1,"161","2026-02-21 16:30:14","VVI157",660,"f","2/21/26"
"6593","happy","cdi_words","2A","produces",1,1,"161","2026-02-21 16:30:14","VVI157",660,"f","2/21/26"
"6594","hot","cdi_words","2A","produces",1,1,"161","2026-02-21 16:30:14","VVI157",660,"f","2/21/26"
"6595","last","cdi_words","2A","produces",NA,0,"161","2026-02-21 16:30:14","VVI157",660,"f","2/21/26"
"6596","tiny","cdi_words","2A","produces",1,1,"161","2026-02-21 16:30:14","VVI157",660,"f","2/21/26"
"6597","wet","cdi_words","2A","produces",1,1,"161","2026-02-21 16:30:14","VVI157",660,"f","2/21/26"
"6598","after","cdi_words","2A","produces",NA,0,"161","2026-02-21 16:30:14","VVI157",660,"f","2/21/26"
"6599","day","cdi_words","2A","produces",NA,0,"161","2026-02-21 16:30:14","VVI157",660,"f","2/21/26"
"6600","tonight","cdi_words","2A","produces",NA,0,"161","2026-02-21 16:30:14","VVI157",660,"f","2/21/26"
"6601","our","cdi_words","2A","produces",NA,0,"161","2026-02-21 16:30:14","VVI157",660,"f","2/21/26"
"6602","them","cdi_words","2A","produces",NA,0,"161","2026-02-21 16:30:14","VVI157",660,"f","2/21/26"
"6603","this","cdi_words","2A","produces",NA,0,"161","2026-02-21 16:30:14","VVI157",660,"f","2/21/26"
"6604","us","cdi_words","2A","produces",NA,0,"161","2026-02-21 16:30:14","VVI157",660,"f","2/21/26"
"6605","where","cdi_words","2A","produces",1,1,"161","2026-02-21 16:30:14","VVI157",660,"f","2/21/26"
"6606","beside","cdi_words","2A","produces",NA,0,"161","2026-02-21 16:30:14","VVI157",660,"f","2/21/26"
"6607","down","cdi_words","2A","produces",1,1,"161","2026-02-21 16:30:14","VVI157",660,"f","2/21/26"
"6608","under","cdi_words","2A","produces",NA,0,"161","2026-02-21 16:30:14","VVI157",660,"f","2/21/26"
"6609","all","cdi_words","2A","produces",NA,0,"161","2026-02-21 16:30:14","VVI157",660,"f","2/21/26"
"6610","much","cdi_words","2A","produces",NA,0,"161","2026-02-21 16:30:14","VVI157",660,"f","2/21/26"
"6611","could","cdi_words","2A","produces",NA,0,"161","2026-02-21 16:30:14","VVI157",660,"f","2/21/26"
"6612","need","cdi_words","2A","produces",NA,0,"161","2026-02-21 16:30:14","VVI157",660,"f","2/21/26"
"6613","would","cdi_words","2A","produces",NA,0,"161","2026-02-21 16:30:14","VVI157",660,"f","2/21/26"
"6614","if","cdi_words","2A","produces",NA,0,"161","2026-02-21 16:30:14","VVI157",660,"f","2/21/26"
"6615","sock","extra_words","2A","produces",NA,0,"123","2026-03-09 05:11:33","VVI154",630,"m","2/20/26"
"6616","bathtub","extra_words","2A","produces",NA,0,"123","2026-03-09 05:11:33","VVI154",630,"m","2/20/26"
"6617","shower","extra_words","2A","produces",NA,0,"123","2026-03-09 05:11:33","VVI154",630,"m","2/20/26"
"6618","balloon","extra_words","2A","produces",1,1,"123","2026-03-09 05:11:33","VVI154",630,"m","2/20/26"
"6619","dresser","extra_words","2A","produces",NA,0,"123","2026-03-09 05:11:33","VVI154",630,"m","2/20/26"
"6620","kite","extra_words","2A","produces",NA,0,"123","2026-03-09 05:11:33","VVI154",630,"m","2/20/26"
"6621","camel","extra_words","2A","produces",NA,0,"123","2026-03-09 05:11:33","VVI154",630,"m","2/20/26"
"6622","elephant","extra_words","2A","produces",1,1,"123","2026-03-09 05:11:33","VVI154",630,"m","2/20/26"
"6623","ladybug","extra_words","2A","produces",NA,0,"123","2026-03-09 05:11:33","VVI154",630,"m","2/20/26"
"6624","cloud","extra_words","2A","produces",NA,0,"123","2026-03-09 05:11:33","VVI154",630,"m","2/20/26"
"6625","tree","extra_words","2A","produces",NA,0,"123","2026-03-09 05:11:33","VVI154",630,"m","2/20/26"
"6626","zipper","extra_words","2A","produces",NA,0,"123","2026-03-09 05:11:33","VVI154",630,"m","2/20/26"
"6627","crow","extra_words","2A","produces",NA,0,"123","2026-03-09 05:11:33","VVI154",630,"m","2/20/26"
"6628","penguin","extra_words","2A","produces",NA,0,"123","2026-03-09 05:11:33","VVI154",630,"m","2/20/26"
"6629","seahorse","extra_words","2A","produces",NA,0,"123","2026-03-09 05:11:33","VVI154",630,"m","2/20/26"
"6630","duck","extra_words","2A","produces",NA,0,"123","2026-03-09 05:11:33","VVI154",630,"m","2/20/26"
"6631","chicken","extra_words","2A","produces",NA,0,"123","2026-03-09 05:11:33","VVI154",630,"m","2/20/26"
"6632","butterfly","extra_words","2A","produces",1,1,"123","2026-03-09 05:11:33","VVI154",630,"m","2/20/26"
"6633","lizard","extra_words","2A","produces",NA,0,"123","2026-03-09 05:11:33","VVI154",630,"m","2/20/26"
"6634","walrus","extra_words","2A","produces",NA,0,"123","2026-03-09 05:11:33","VVI154",630,"m","2/20/26"
"6635","snake","extra_words","2A","produces",NA,0,"123","2026-03-09 05:11:33","VVI154",630,"m","2/20/26"
"6636","truck","extra_words","2A","produces",NA,0,"123","2026-03-09 05:11:33","VVI154",630,"m","2/20/26"
"6637","car","extra_words","2A","produces",1,1,"123","2026-03-09 05:11:33","VVI154",630,"m","2/20/26"
"6638","airplane","extra_words","2A","produces",NA,0,"123","2026-03-09 05:11:33","VVI154",630,"m","2/20/26"
"6639","baa baa","cdi_words","2A","produces",1,1,"123","2026-03-09 05:11:33","VVI154",630,"m","2/20/26"
"6640","meow","cdi_words","2A","produces",1,1,"123","2026-03-09 05:11:33","VVI154",630,"m","2/20/26"
"6641","ouch","cdi_words","2A","produces",1,1,"123","2026-03-09 05:11:33","VVI154",630,"m","2/20/26"
"6642","uh oh","cdi_words","2A","produces",1,1,"123","2026-03-09 05:11:33","VVI154",630,"m","2/20/26"
"6643","woof woof","cdi_words","2A","produces",1,1,"123","2026-03-09 05:11:33","VVI154",630,"m","2/20/26"
"6644","bear","cdi_words","2A","produces",1,1,"123","2026-03-09 05:11:33","VVI154",630,"m","2/20/26"
"6645","bird","cdi_words","2A","produces",NA,0,"123","2026-03-09 05:11:33","VVI154",630,"m","2/20/26"
"6646","cat","cdi_words","2A","produces",1,1,"123","2026-03-09 05:11:33","VVI154",630,"m","2/20/26"
"6647","dog","cdi_words","2A","produces",1,1,"123","2026-03-09 05:11:33","VVI154",630,"m","2/20/26"
"6648","duck","cdi_words","2A","produces",1,1,"123","2026-03-09 05:11:33","VVI154",630,"m","2/20/26"
"6649","horse","cdi_words","2A","produces",1,1,"123","2026-03-09 05:11:33","VVI154",630,"m","2/20/26"
"6650","airplane","cdi_words","2A","produces",NA,0,"123","2026-03-09 05:11:33","VVI154",630,"m","2/20/26"
"6651","boat","cdi_words","2A","produces",NA,0,"123","2026-03-09 05:11:33","VVI154",630,"m","2/20/26"
"6652","car","cdi_words","2A","produces",1,1,"123","2026-03-09 05:11:33","VVI154",630,"m","2/20/26"
"6653","ball","cdi_words","2A","produces",1,1,"123","2026-03-09 05:11:33","VVI154",630,"m","2/20/26"
"6654","book","cdi_words","2A","produces",1,1,"123","2026-03-09 05:11:33","VVI154",630,"m","2/20/26"
"6655","game","cdi_words","2A","produces",NA,0,"123","2026-03-09 05:11:33","VVI154",630,"m","2/20/26"
"6656","applesauce","cdi_words","2A","produces",NA,0,"123","2026-03-09 05:11:33","VVI154",630,"m","2/20/26"
"6657","candy","cdi_words","2A","produces",NA,0,"123","2026-03-09 05:11:33","VVI154",630,"m","2/20/26"
"6658","coke","cdi_words","2A","produces",NA,0,"123","2026-03-09 05:11:33","VVI154",630,"m","2/20/26"
"6659","cracker","cdi_words","2A","produces",NA,0,"123","2026-03-09 05:11:33","VVI154",630,"m","2/20/26"
"6660","juice","cdi_words","2A","produces",NA,0,"123","2026-03-09 05:11:33","VVI154",630,"m","2/20/26"
"6661","meat","cdi_words","2A","produces",NA,0,"123","2026-03-09 05:11:33","VVI154",630,"m","2/20/26"
"6662","milk","cdi_words","2A","produces",1,1,"123","2026-03-09 05:11:33","VVI154",630,"m","2/20/26"
"6663","peas","cdi_words","2A","produces",1,1,"123","2026-03-09 05:11:33","VVI154",630,"m","2/20/26"
"6664","hat","cdi_words","2A","produces",NA,0,"123","2026-03-09 05:11:33","VVI154",630,"m","2/20/26"
"6665","necklace","cdi_words","2A","produces",NA,0,"123","2026-03-09 05:11:33","VVI154",630,"m","2/20/26"
"6666","shoe","cdi_words","2A","produces",1,1,"123","2026-03-09 05:11:33","VVI154",630,"m","2/20/26"
"6667","sock","cdi_words","2A","produces",NA,0,"123","2026-03-09 05:11:33","VVI154",630,"m","2/20/26"
"6668","chin","cdi_words","2A","produces",NA,0,"123","2026-03-09 05:11:33","VVI154",630,"m","2/20/26"
"6669","ear","cdi_words","2A","produces",1,1,"123","2026-03-09 05:11:33","VVI154",630,"m","2/20/26"
"6670","hand","cdi_words","2A","produces",1,1,"123","2026-03-09 05:11:33","VVI154",630,"m","2/20/26"
"6671","leg","cdi_words","2A","produces",1,1,"123","2026-03-09 05:11:33","VVI154",630,"m","2/20/26"
"6672","broom","cdi_words","2A","produces",NA,0,"123","2026-03-09 05:11:33","VVI154",630,"m","2/20/26"
"6673","comb","cdi_words","2A","produces",NA,0,"123","2026-03-09 05:11:33","VVI154",630,"m","2/20/26"
"6674","mop","cdi_words","2A","produces",NA,0,"123","2026-03-09 05:11:33","VVI154",630,"m","2/20/26"
"6675","plate","cdi_words","2A","produces",NA,0,"123","2026-03-09 05:11:33","VVI154",630,"m","2/20/26"
"6676","trash","cdi_words","2A","produces",NA,0,"123","2026-03-09 05:11:33","VVI154",630,"m","2/20/26"
"6677","tray","cdi_words","2A","produces",NA,0,"123","2026-03-09 05:11:33","VVI154",630,"m","2/20/26"
"6678","towel","cdi_words","2A","produces",NA,0,"123","2026-03-09 05:11:33","VVI154",630,"m","2/20/26"
"6679","bed","cdi_words","2A","produces",NA,0,"123","2026-03-09 05:11:33","VVI154",630,"m","2/20/26"
"6680","bedroom","cdi_words","2A","produces",NA,0,"123","2026-03-09 05:11:33","VVI154",630,"m","2/20/26"
"6681","bench","cdi_words","2A","produces",NA,0,"123","2026-03-09 05:11:33","VVI154",630,"m","2/20/26"
"6682","oven","cdi_words","2A","produces",NA,0,"123","2026-03-09 05:11:33","VVI154",630,"m","2/20/26"
"6683","stairs","cdi_words","2A","produces",NA,0,"123","2026-03-09 05:11:33","VVI154",630,"m","2/20/26"
"6684","flag","cdi_words","2A","produces",NA,0,"123","2026-03-09 05:11:33","VVI154",630,"m","2/20/26"
"6685","rain","cdi_words","2A","produces",NA,0,"123","2026-03-09 05:11:33","VVI154",630,"m","2/20/26"
"6686","star","cdi_words","2A","produces",NA,0,"123","2026-03-09 05:11:33","VVI154",630,"m","2/20/26"
"6687","swing","cdi_words","2A","produces",NA,0,"123","2026-03-09 05:11:33","VVI154",630,"m","2/20/26"
"6688","school","cdi_words","2A","produces",NA,0,"123","2026-03-09 05:11:33","VVI154",630,"m","2/20/26"
"6689","sky","cdi_words","2A","produces",NA,0,"123","2026-03-09 05:11:33","VVI154",630,"m","2/20/26"
"6690","party","cdi_words","2A","produces",NA,0,"123","2026-03-09 05:11:33","VVI154",630,"m","2/20/26"
"6691","friend","cdi_words","2A","produces",NA,0,"123","2026-03-09 05:11:33","VVI154",630,"m","2/20/26"
"6692","mommy","cdi_words","2A","produces",1,1,"123","2026-03-09 05:11:33","VVI154",630,"m","2/20/26"
"6693","person","cdi_words","2A","produces",NA,0,"123","2026-03-09 05:11:33","VVI154",630,"m","2/20/26"
"6694","bye","cdi_words","2A","produces",1,1,"123","2026-03-09 05:11:33","VVI154",630,"m","2/20/26"
"6695","hi","cdi_words","2A","produces",1,1,"123","2026-03-09 05:11:33","VVI154",630,"m","2/20/26"
"6696","no","cdi_words","2A","produces",1,1,"123","2026-03-09 05:11:33","VVI154",630,"m","2/20/26"
"6697","shopping","cdi_words","2A","produces",NA,0,"123","2026-03-09 05:11:33","VVI154",630,"m","2/20/26"
"6698","thank you","cdi_words","2A","produces",1,1,"123","2026-03-09 05:11:33","VVI154",630,"m","2/20/26"
"6699","carry","cdi_words","2A","produces",NA,0,"123","2026-03-09 05:11:33","VVI154",630,"m","2/20/26"
"6700","chase","cdi_words","2A","produces",NA,0,"123","2026-03-09 05:11:33","VVI154",630,"m","2/20/26"
"6701","dump","cdi_words","2A","produces",NA,0,"123","2026-03-09 05:11:33","VVI154",630,"m","2/20/26"
"6702","finish","cdi_words","2A","produces",NA,0,"123","2026-03-09 05:11:33","VVI154",630,"m","2/20/26"
"6703","fit","cdi_words","2A","produces",NA,0,"123","2026-03-09 05:11:33","VVI154",630,"m","2/20/26"
"6704","hug","cdi_words","2A","produces",1,1,"123","2026-03-09 05:11:33","VVI154",630,"m","2/20/26"
"6705","listen","cdi_words","2A","produces",NA,0,"123","2026-03-09 05:11:33","VVI154",630,"m","2/20/26"
"6706","like","cdi_words","2A","produces",NA,0,"123","2026-03-09 05:11:33","VVI154",630,"m","2/20/26"
"6707","pretend","cdi_words","2A","produces",NA,0,"123","2026-03-09 05:11:33","VVI154",630,"m","2/20/26"
"6708","rip","cdi_words","2A","produces",NA,0,"123","2026-03-09 05:11:33","VVI154",630,"m","2/20/26"
"6709","shake","cdi_words","2A","produces",NA,0,"123","2026-03-09 05:11:33","VVI154",630,"m","2/20/26"
"6710","taste","cdi_words","2A","produces",NA,0,"123","2026-03-09 05:11:33","VVI154",630,"m","2/20/26"
"6711","gentle","cdi_words","2A","produces",NA,0,"123","2026-03-09 05:11:33","VVI154",630,"m","2/20/26"
"6712","think","cdi_words","2A","produces",NA,0,"123","2026-03-09 05:11:33","VVI154",630,"m","2/20/26"
"6713","wish","cdi_words","2A","produces",NA,0,"123","2026-03-09 05:11:33","VVI154",630,"m","2/20/26"
"6714","all gone","cdi_words","2A","produces",1,1,"123","2026-03-09 05:11:33","VVI154",630,"m","2/20/26"
"6715","cold","cdi_words","2A","produces",NA,0,"123","2026-03-09 05:11:33","VVI154",630,"m","2/20/26"
"6716","fast","cdi_words","2A","produces",NA,0,"123","2026-03-09 05:11:33","VVI154",630,"m","2/20/26"
"6717","happy","cdi_words","2A","produces",NA,0,"123","2026-03-09 05:11:33","VVI154",630,"m","2/20/26"
"6718","hot","cdi_words","2A","produces",NA,0,"123","2026-03-09 05:11:33","VVI154",630,"m","2/20/26"
"6719","last","cdi_words","2A","produces",NA,0,"123","2026-03-09 05:11:33","VVI154",630,"m","2/20/26"
"6720","tiny","cdi_words","2A","produces",NA,0,"123","2026-03-09 05:11:33","VVI154",630,"m","2/20/26"
"6721","wet","cdi_words","2A","produces",NA,0,"123","2026-03-09 05:11:33","VVI154",630,"m","2/20/26"
"6722","after","cdi_words","2A","produces",NA,0,"123","2026-03-09 05:11:33","VVI154",630,"m","2/20/26"
"6723","day","cdi_words","2A","produces",NA,0,"123","2026-03-09 05:11:33","VVI154",630,"m","2/20/26"
"6724","tonight","cdi_words","2A","produces",NA,0,"123","2026-03-09 05:11:33","VVI154",630,"m","2/20/26"
"6725","our","cdi_words","2A","produces",NA,0,"123","2026-03-09 05:11:33","VVI154",630,"m","2/20/26"
"6726","them","cdi_words","2A","produces",NA,0,"123","2026-03-09 05:11:33","VVI154",630,"m","2/20/26"
"6727","this","cdi_words","2A","produces",NA,0,"123","2026-03-09 05:11:33","VVI154",630,"m","2/20/26"
"6728","us","cdi_words","2A","produces",NA,0,"123","2026-03-09 05:11:33","VVI154",630,"m","2/20/26"
"6729","where","cdi_words","2A","produces",NA,0,"123","2026-03-09 05:11:33","VVI154",630,"m","2/20/26"
"6730","beside","cdi_words","2A","produces",NA,0,"123","2026-03-09 05:11:33","VVI154",630,"m","2/20/26"
"6731","down","cdi_words","2A","produces",1,1,"123","2026-03-09 05:11:33","VVI154",630,"m","2/20/26"
"6732","under","cdi_words","2A","produces",NA,0,"123","2026-03-09 05:11:33","VVI154",630,"m","2/20/26"
"6733","all","cdi_words","2A","produces",NA,0,"123","2026-03-09 05:11:33","VVI154",630,"m","2/20/26"
"6734","much","cdi_words","2A","produces",NA,0,"123","2026-03-09 05:11:33","VVI154",630,"m","2/20/26"
"6735","could","cdi_words","2A","produces",NA,0,"123","2026-03-09 05:11:33","VVI154",630,"m","2/20/26"
"6736","need","cdi_words","2A","produces",NA,0,"123","2026-03-09 05:11:33","VVI154",630,"m","2/20/26"
"6737","would","cdi_words","2A","produces",NA,0,"123","2026-03-09 05:11:33","VVI154",630,"m","2/20/26"
"6738","if","cdi_words","2A","produces",NA,0,"123","2026-03-09 05:11:33","VVI154",630,"m","2/20/26"
"6739","sock","extra_words","2A","produces",1,1,"296","2026-04-28 17:33:28","VVI200",630,"f","4/23/26"
"6740","bathtub","extra_words","2A","produces",NA,0,"296","2026-04-28 17:33:28","VVI200",630,"f","4/23/26"
"6741","shower","extra_words","2A","produces",NA,0,"296","2026-04-28 17:33:28","VVI200",630,"f","4/23/26"
"6742","balloon","extra_words","2A","produces",1,1,"296","2026-04-28 17:33:28","VVI200",630,"f","4/23/26"
"6743","dresser","extra_words","2A","produces",NA,0,"296","2026-04-28 17:33:28","VVI200",630,"f","4/23/26"
"6744","kite","extra_words","2A","produces",NA,0,"296","2026-04-28 17:33:28","VVI200",630,"f","4/23/26"
"6745","camel","extra_words","2A","produces",NA,0,"296","2026-04-28 17:33:28","VVI200",630,"f","4/23/26"
"6746","elephant","extra_words","2A","produces",1,1,"296","2026-04-28 17:33:28","VVI200",630,"f","4/23/26"
"6747","ladybug","extra_words","2A","produces",NA,0,"296","2026-04-28 17:33:28","VVI200",630,"f","4/23/26"
"6748","cloud","extra_words","2A","produces",1,1,"296","2026-04-28 17:33:28","VVI200",630,"f","4/23/26"
"6749","tree","extra_words","2A","produces",1,1,"296","2026-04-28 17:33:28","VVI200",630,"f","4/23/26"
"6750","zipper","extra_words","2A","produces",1,1,"296","2026-04-28 17:33:28","VVI200",630,"f","4/23/26"
"6751","crow","extra_words","2A","produces",NA,0,"296","2026-04-28 17:33:28","VVI200",630,"f","4/23/26"
"6752","penguin","extra_words","2A","produces",1,1,"296","2026-04-28 17:33:28","VVI200",630,"f","4/23/26"
"6753","seahorse","extra_words","2A","produces",1,1,"296","2026-04-28 17:33:28","VVI200",630,"f","4/23/26"
"6754","duck","extra_words","2A","produces",1,1,"296","2026-04-28 17:33:28","VVI200",630,"f","4/23/26"
"6755","chicken","extra_words","2A","produces",1,1,"296","2026-04-28 17:33:28","VVI200",630,"f","4/23/26"
"6756","butterfly","extra_words","2A","produces",1,1,"296","2026-04-28 17:33:28","VVI200",630,"f","4/23/26"
"6757","lizard","extra_words","2A","produces",NA,0,"296","2026-04-28 17:33:28","VVI200",630,"f","4/23/26"
"6758","walrus","extra_words","2A","produces",1,1,"296","2026-04-28 17:33:28","VVI200",630,"f","4/23/26"
"6759","snake","extra_words","2A","produces",1,1,"296","2026-04-28 17:33:28","VVI200",630,"f","4/23/26"
"6760","truck","extra_words","2A","produces",1,1,"296","2026-04-28 17:33:28","VVI200",630,"f","4/23/26"
"6761","car","extra_words","2A","produces",1,1,"296","2026-04-28 17:33:28","VVI200",630,"f","4/23/26"
"6762","airplane","extra_words","2A","produces",1,1,"296","2026-04-28 17:33:28","VVI200",630,"f","4/23/26"
"6763","baa baa","cdi_words","2A","produces",1,1,"296","2026-04-28 17:33:28","VVI200",630,"f","4/23/26"
"6764","meow","cdi_words","2A","produces",1,1,"296","2026-04-28 17:33:28","VVI200",630,"f","4/23/26"
"6765","ouch","cdi_words","2A","produces",1,1,"296","2026-04-28 17:33:28","VVI200",630,"f","4/23/26"
"6766","uh oh","cdi_words","2A","produces",1,1,"296","2026-04-28 17:33:28","VVI200",630,"f","4/23/26"
"6767","woof woof","cdi_words","2A","produces",1,1,"296","2026-04-28 17:33:28","VVI200",630,"f","4/23/26"
"6768","bear","cdi_words","2A","produces",1,1,"296","2026-04-28 17:33:28","VVI200",630,"f","4/23/26"
"6769","bird","cdi_words","2A","produces",1,1,"296","2026-04-28 17:33:28","VVI200",630,"f","4/23/26"
"6770","cat","cdi_words","2A","produces",1,1,"296","2026-04-28 17:33:28","VVI200",630,"f","4/23/26"
"6771","dog","cdi_words","2A","produces",1,1,"296","2026-04-28 17:33:28","VVI200",630,"f","4/23/26"
"6772","duck","cdi_words","2A","produces",1,1,"296","2026-04-28 17:33:28","VVI200",630,"f","4/23/26"
"6773","horse","cdi_words","2A","produces",1,1,"296","2026-04-28 17:33:28","VVI200",630,"f","4/23/26"
"6774","airplane","cdi_words","2A","produces",1,1,"296","2026-04-28 17:33:28","VVI200",630,"f","4/23/26"
"6775","boat","cdi_words","2A","produces",1,1,"296","2026-04-28 17:33:28","VVI200",630,"f","4/23/26"
"6776","car","cdi_words","2A","produces",1,1,"296","2026-04-28 17:33:28","VVI200",630,"f","4/23/26"
"6777","ball","cdi_words","2A","produces",1,1,"296","2026-04-28 17:33:28","VVI200",630,"f","4/23/26"
"6778","book","cdi_words","2A","produces",1,1,"296","2026-04-28 17:33:28","VVI200",630,"f","4/23/26"
"6779","game","cdi_words","2A","produces",NA,0,"296","2026-04-28 17:33:28","VVI200",630,"f","4/23/26"
"6780","applesauce","cdi_words","2A","produces",1,1,"296","2026-04-28 17:33:28","VVI200",630,"f","4/23/26"
"6781","candy","cdi_words","2A","produces",NA,0,"296","2026-04-28 17:33:28","VVI200",630,"f","4/23/26"
"6782","coke","cdi_words","2A","produces",NA,0,"296","2026-04-28 17:33:28","VVI200",630,"f","4/23/26"
"6783","cracker","cdi_words","2A","produces",1,1,"296","2026-04-28 17:33:28","VVI200",630,"f","4/23/26"
"6784","juice","cdi_words","2A","produces",1,1,"296","2026-04-28 17:33:28","VVI200",630,"f","4/23/26"
"6785","meat","cdi_words","2A","produces",NA,0,"296","2026-04-28 17:33:28","VVI200",630,"f","4/23/26"
"6786","milk","cdi_words","2A","produces",1,1,"296","2026-04-28 17:33:28","VVI200",630,"f","4/23/26"
"6787","peas","cdi_words","2A","produces",NA,0,"296","2026-04-28 17:33:28","VVI200",630,"f","4/23/26"
"6788","hat","cdi_words","2A","produces",1,1,"296","2026-04-28 17:33:28","VVI200",630,"f","4/23/26"
"6789","necklace","cdi_words","2A","produces",NA,0,"296","2026-04-28 17:33:28","VVI200",630,"f","4/23/26"
"6790","shoe","cdi_words","2A","produces",1,1,"296","2026-04-28 17:33:28","VVI200",630,"f","4/23/26"
"6791","sock","cdi_words","2A","produces",1,1,"296","2026-04-28 17:33:28","VVI200",630,"f","4/23/26"
"6792","chin","cdi_words","2A","produces",1,1,"296","2026-04-28 17:33:28","VVI200",630,"f","4/23/26"
"6793","ear","cdi_words","2A","produces",1,1,"296","2026-04-28 17:33:28","VVI200",630,"f","4/23/26"
"6794","hand","cdi_words","2A","produces",1,1,"296","2026-04-28 17:33:28","VVI200",630,"f","4/23/26"
"6795","leg","cdi_words","2A","produces",1,1,"296","2026-04-28 17:33:28","VVI200",630,"f","4/23/26"
"6796","broom","cdi_words","2A","produces",NA,0,"296","2026-04-28 17:33:28","VVI200",630,"f","4/23/26"
"6797","comb","cdi_words","2A","produces",NA,0,"296","2026-04-28 17:33:28","VVI200",630,"f","4/23/26"
"6798","mop","cdi_words","2A","produces",NA,0,"296","2026-04-28 17:33:28","VVI200",630,"f","4/23/26"
"6799","plate","cdi_words","2A","produces",1,1,"296","2026-04-28 17:33:28","VVI200",630,"f","4/23/26"
"6800","trash","cdi_words","2A","produces",1,1,"296","2026-04-28 17:33:28","VVI200",630,"f","4/23/26"
"6801","tray","cdi_words","2A","produces",NA,0,"296","2026-04-28 17:33:28","VVI200",630,"f","4/23/26"
"6802","towel","cdi_words","2A","produces",1,1,"296","2026-04-28 17:33:28","VVI200",630,"f","4/23/26"
"6803","bed","cdi_words","2A","produces",1,1,"296","2026-04-28 17:33:28","VVI200",630,"f","4/23/26"
"6804","bedroom","cdi_words","2A","produces",NA,0,"296","2026-04-28 17:33:28","VVI200",630,"f","4/23/26"
"6805","bench","cdi_words","2A","produces",NA,0,"296","2026-04-28 17:33:28","VVI200",630,"f","4/23/26"
"6806","oven","cdi_words","2A","produces",NA,0,"296","2026-04-28 17:33:28","VVI200",630,"f","4/23/26"
"6807","stairs","cdi_words","2A","produces",1,1,"296","2026-04-28 17:33:28","VVI200",630,"f","4/23/26"
"6808","flag","cdi_words","2A","produces",NA,0,"296","2026-04-28 17:33:28","VVI200",630,"f","4/23/26"
"6809","rain","cdi_words","2A","produces",NA,0,"296","2026-04-28 17:33:28","VVI200",630,"f","4/23/26"
"6810","star","cdi_words","2A","produces",1,1,"296","2026-04-28 17:33:28","VVI200",630,"f","4/23/26"
"6811","swing","cdi_words","2A","produces",1,1,"296","2026-04-28 17:33:28","VVI200",630,"f","4/23/26"
"6812","school","cdi_words","2A","produces",1,1,"296","2026-04-28 17:33:28","VVI200",630,"f","4/23/26"
"6813","sky","cdi_words","2A","produces",1,1,"296","2026-04-28 17:33:28","VVI200",630,"f","4/23/26"
"6814","party","cdi_words","2A","produces",NA,0,"296","2026-04-28 17:33:28","VVI200",630,"f","4/23/26"
"6815","friend","cdi_words","2A","produces",NA,0,"296","2026-04-28 17:33:28","VVI200",630,"f","4/23/26"
"6816","mommy","cdi_words","2A","produces",1,1,"296","2026-04-28 17:33:28","VVI200",630,"f","4/23/26"
"6817","person","cdi_words","2A","produces",NA,0,"296","2026-04-28 17:33:28","VVI200",630,"f","4/23/26"
"6818","bye","cdi_words","2A","produces",1,1,"296","2026-04-28 17:33:28","VVI200",630,"f","4/23/26"
"6819","hi","cdi_words","2A","produces",1,1,"296","2026-04-28 17:33:28","VVI200",630,"f","4/23/26"
"6820","no","cdi_words","2A","produces",1,1,"296","2026-04-28 17:33:28","VVI200",630,"f","4/23/26"
"6821","shopping","cdi_words","2A","produces",NA,0,"296","2026-04-28 17:33:28","VVI200",630,"f","4/23/26"
"6822","thank you","cdi_words","2A","produces",1,1,"296","2026-04-28 17:33:28","VVI200",630,"f","4/23/26"
"6823","carry","cdi_words","2A","produces",1,1,"296","2026-04-28 17:33:28","VVI200",630,"f","4/23/26"
"6824","chase","cdi_words","2A","produces",NA,0,"296","2026-04-28 17:33:28","VVI200",630,"f","4/23/26"
"6825","dump","cdi_words","2A","produces",NA,0,"296","2026-04-28 17:33:28","VVI200",630,"f","4/23/26"
"6826","finish","cdi_words","2A","produces",NA,0,"296","2026-04-28 17:33:28","VVI200",630,"f","4/23/26"
"6827","fit","cdi_words","2A","produces",NA,0,"296","2026-04-28 17:33:28","VVI200",630,"f","4/23/26"
"6828","hug","cdi_words","2A","produces",1,1,"296","2026-04-28 17:33:28","VVI200",630,"f","4/23/26"
"6829","listen","cdi_words","2A","produces",1,1,"296","2026-04-28 17:33:28","VVI200",630,"f","4/23/26"
"6830","like","cdi_words","2A","produces",1,1,"296","2026-04-28 17:33:28","VVI200",630,"f","4/23/26"
"6831","pretend","cdi_words","2A","produces",NA,0,"296","2026-04-28 17:33:28","VVI200",630,"f","4/23/26"
"6832","rip","cdi_words","2A","produces",NA,0,"296","2026-04-28 17:33:28","VVI200",630,"f","4/23/26"
"6833","shake","cdi_words","2A","produces",1,1,"296","2026-04-28 17:33:28","VVI200",630,"f","4/23/26"
"6834","taste","cdi_words","2A","produces",NA,0,"296","2026-04-28 17:33:28","VVI200",630,"f","4/23/26"
"6835","gentle","cdi_words","2A","produces",1,1,"296","2026-04-28 17:33:28","VVI200",630,"f","4/23/26"
"6836","think","cdi_words","2A","produces",NA,0,"296","2026-04-28 17:33:28","VVI200",630,"f","4/23/26"
"6837","wish","cdi_words","2A","produces",NA,0,"296","2026-04-28 17:33:28","VVI200",630,"f","4/23/26"
"6838","all gone","cdi_words","2A","produces",1,1,"296","2026-04-28 17:33:28","VVI200",630,"f","4/23/26"
"6839","cold","cdi_words","2A","produces",1,1,"296","2026-04-28 17:33:28","VVI200",630,"f","4/23/26"
"6840","fast","cdi_words","2A","produces",1,1,"296","2026-04-28 17:33:28","VVI200",630,"f","4/23/26"
"6841","happy","cdi_words","2A","produces",1,1,"296","2026-04-28 17:33:28","VVI200",630,"f","4/23/26"
"6842","hot","cdi_words","2A","produces",1,1,"296","2026-04-28 17:33:28","VVI200",630,"f","4/23/26"
"6843","last","cdi_words","2A","produces",1,1,"296","2026-04-28 17:33:28","VVI200",630,"f","4/23/26"
"6844","tiny","cdi_words","2A","produces",NA,0,"296","2026-04-28 17:33:28","VVI200",630,"f","4/23/26"
"6845","wet","cdi_words","2A","produces",1,1,"296","2026-04-28 17:33:28","VVI200",630,"f","4/23/26"
"6846","after","cdi_words","2A","produces",NA,0,"296","2026-04-28 17:33:28","VVI200",630,"f","4/23/26"
"6847","day","cdi_words","2A","produces",NA,0,"296","2026-04-28 17:33:28","VVI200",630,"f","4/23/26"
"6848","tonight","cdi_words","2A","produces",NA,0,"296","2026-04-28 17:33:28","VVI200",630,"f","4/23/26"
"6849","our","cdi_words","2A","produces",NA,0,"296","2026-04-28 17:33:28","VVI200",630,"f","4/23/26"
"6850","them","cdi_words","2A","produces",NA,0,"296","2026-04-28 17:33:28","VVI200",630,"f","4/23/26"
"6851","this","cdi_words","2A","produces",NA,0,"296","2026-04-28 17:33:28","VVI200",630,"f","4/23/26"
"6852","us","cdi_words","2A","produces",NA,0,"296","2026-04-28 17:33:28","VVI200",630,"f","4/23/26"
"6853","where","cdi_words","2A","produces",1,1,"296","2026-04-28 17:33:28","VVI200",630,"f","4/23/26"
"6854","beside","cdi_words","2A","produces",NA,0,"296","2026-04-28 17:33:28","VVI200",630,"f","4/23/26"
"6855","down","cdi_words","2A","produces",1,1,"296","2026-04-28 17:33:28","VVI200",630,"f","4/23/26"
"6856","under","cdi_words","2A","produces",NA,0,"296","2026-04-28 17:33:28","VVI200",630,"f","4/23/26"
"6857","all","cdi_words","2A","produces",1,1,"296","2026-04-28 17:33:28","VVI200",630,"f","4/23/26"
"6858","much","cdi_words","2A","produces",NA,0,"296","2026-04-28 17:33:28","VVI200",630,"f","4/23/26"
"6859","could","cdi_words","2A","produces",NA,0,"296","2026-04-28 17:33:28","VVI200",630,"f","4/23/26"
"6860","need","cdi_words","2A","produces",NA,0,"296","2026-04-28 17:33:28","VVI200",630,"f","4/23/26"
"6861","would","cdi_words","2A","produces",NA,0,"296","2026-04-28 17:33:28","VVI200",630,"f","4/23/26"
"6862","if","cdi_words","2A","produces",NA,0,"296","2026-04-28 17:33:28","VVI200",630,"f","4/23/26"
"6863","sock","extra_words","2A","produces",NA,0,"99","2026-04-08 09:55:56","VVI170",720,"f","3/26/03"
"6864","bathtub","extra_words","2A","produces",NA,0,"99","2026-04-08 09:55:56","VVI170",720,"f","3/26/03"
"6865","shower","extra_words","2A","produces",NA,0,"99","2026-04-08 09:55:56","VVI170",720,"f","3/26/03"
"6866","balloon","extra_words","2A","produces",1,1,"99","2026-04-08 09:55:56","VVI170",720,"f","3/26/03"
"6867","dresser","extra_words","2A","produces",NA,0,"99","2026-04-08 09:55:56","VVI170",720,"f","3/26/03"
"6868","kite","extra_words","2A","produces",NA,0,"99","2026-04-08 09:55:56","VVI170",720,"f","3/26/03"
"6869","camel","extra_words","2A","produces",NA,0,"99","2026-04-08 09:55:56","VVI170",720,"f","3/26/03"
"6870","elephant","extra_words","2A","produces",NA,0,"99","2026-04-08 09:55:56","VVI170",720,"f","3/26/03"
"6871","ladybug","extra_words","2A","produces",NA,0,"99","2026-04-08 09:55:56","VVI170",720,"f","3/26/03"
"6872","cloud","extra_words","2A","produces",NA,0,"99","2026-04-08 09:55:56","VVI170",720,"f","3/26/03"
"6873","tree","extra_words","2A","produces",1,1,"99","2026-04-08 09:55:56","VVI170",720,"f","3/26/03"
"6874","zipper","extra_words","2A","produces",NA,0,"99","2026-04-08 09:55:56","VVI170",720,"f","3/26/03"
"6875","crow","extra_words","2A","produces",NA,0,"99","2026-04-08 09:55:56","VVI170",720,"f","3/26/03"
"6876","penguin","extra_words","2A","produces",NA,0,"99","2026-04-08 09:55:56","VVI170",720,"f","3/26/03"
"6877","seahorse","extra_words","2A","produces",NA,0,"99","2026-04-08 09:55:56","VVI170",720,"f","3/26/03"
"6878","duck","extra_words","2A","produces",NA,0,"99","2026-04-08 09:55:56","VVI170",720,"f","3/26/03"
"6879","chicken","extra_words","2A","produces",NA,0,"99","2026-04-08 09:55:56","VVI170",720,"f","3/26/03"
"6880","butterfly","extra_words","2A","produces",NA,0,"99","2026-04-08 09:55:56","VVI170",720,"f","3/26/03"
"6881","lizard","extra_words","2A","produces",NA,0,"99","2026-04-08 09:55:56","VVI170",720,"f","3/26/03"
"6882","walrus","extra_words","2A","produces",NA,0,"99","2026-04-08 09:55:56","VVI170",720,"f","3/26/03"
"6883","snake","extra_words","2A","produces",NA,0,"99","2026-04-08 09:55:56","VVI170",720,"f","3/26/03"
"6884","truck","extra_words","2A","produces",NA,0,"99","2026-04-08 09:55:56","VVI170",720,"f","3/26/03"
"6885","car","extra_words","2A","produces",NA,0,"99","2026-04-08 09:55:56","VVI170",720,"f","3/26/03"
"6886","airplane","extra_words","2A","produces",NA,0,"99","2026-04-08 09:55:56","VVI170",720,"f","3/26/03"
"6887","baa baa","cdi_words","2A","produces",NA,0,"99","2026-04-08 09:55:56","VVI170",720,"f","3/26/03"
"6888","meow","cdi_words","2A","produces",1,1,"99","2026-04-08 09:55:56","VVI170",720,"f","3/26/03"
"6889","ouch","cdi_words","2A","produces",1,1,"99","2026-04-08 09:55:56","VVI170",720,"f","3/26/03"
"6890","uh oh","cdi_words","2A","produces",1,1,"99","2026-04-08 09:55:56","VVI170",720,"f","3/26/03"
"6891","woof woof","cdi_words","2A","produces",1,1,"99","2026-04-08 09:55:56","VVI170",720,"f","3/26/03"
"6892","bear","cdi_words","2A","produces",NA,0,"99","2026-04-08 09:55:56","VVI170",720,"f","3/26/03"
"6893","bird","cdi_words","2A","produces",NA,0,"99","2026-04-08 09:55:56","VVI170",720,"f","3/26/03"
"6894","cat","cdi_words","2A","produces",1,1,"99","2026-04-08 09:55:56","VVI170",720,"f","3/26/03"
"6895","dog","cdi_words","2A","produces",1,1,"99","2026-04-08 09:55:56","VVI170",720,"f","3/26/03"
"6896","duck","cdi_words","2A","produces",NA,0,"99","2026-04-08 09:55:56","VVI170",720,"f","3/26/03"
"6897","horse","cdi_words","2A","produces",NA,0,"99","2026-04-08 09:55:56","VVI170",720,"f","3/26/03"
"6898","airplane","cdi_words","2A","produces",NA,0,"99","2026-04-08 09:55:56","VVI170",720,"f","3/26/03"
"6899","boat","cdi_words","2A","produces",NA,0,"99","2026-04-08 09:55:56","VVI170",720,"f","3/26/03"
"6900","car","cdi_words","2A","produces",NA,0,"99","2026-04-08 09:55:56","VVI170",720,"f","3/26/03"
"6901","ball","cdi_words","2A","produces",1,1,"99","2026-04-08 09:55:56","VVI170",720,"f","3/26/03"
"6902","book","cdi_words","2A","produces",1,1,"99","2026-04-08 09:55:56","VVI170",720,"f","3/26/03"
"6903","game","cdi_words","2A","produces",NA,0,"99","2026-04-08 09:55:56","VVI170",720,"f","3/26/03"
"6904","applesauce","cdi_words","2A","produces",NA,0,"99","2026-04-08 09:55:56","VVI170",720,"f","3/26/03"
"6905","candy","cdi_words","2A","produces",NA,0,"99","2026-04-08 09:55:56","VVI170",720,"f","3/26/03"
"6906","coke","cdi_words","2A","produces",NA,0,"99","2026-04-08 09:55:56","VVI170",720,"f","3/26/03"
"6907","cracker","cdi_words","2A","produces",NA,0,"99","2026-04-08 09:55:56","VVI170",720,"f","3/26/03"
"6908","juice","cdi_words","2A","produces",1,1,"99","2026-04-08 09:55:56","VVI170",720,"f","3/26/03"
"6909","meat","cdi_words","2A","produces",NA,0,"99","2026-04-08 09:55:56","VVI170",720,"f","3/26/03"
"6910","milk","cdi_words","2A","produces",1,1,"99","2026-04-08 09:55:56","VVI170",720,"f","3/26/03"
"6911","peas","cdi_words","2A","produces",NA,0,"99","2026-04-08 09:55:56","VVI170",720,"f","3/26/03"
"6912","hat","cdi_words","2A","produces",1,1,"99","2026-04-08 09:55:56","VVI170",720,"f","3/26/03"
"6913","necklace","cdi_words","2A","produces",NA,0,"99","2026-04-08 09:55:56","VVI170",720,"f","3/26/03"
"6914","shoe","cdi_words","2A","produces",NA,0,"99","2026-04-08 09:55:56","VVI170",720,"f","3/26/03"
"6915","sock","cdi_words","2A","produces",NA,0,"99","2026-04-08 09:55:56","VVI170",720,"f","3/26/03"
"6916","chin","cdi_words","2A","produces",NA,0,"99","2026-04-08 09:55:56","VVI170",720,"f","3/26/03"
"6917","ear","cdi_words","2A","produces",NA,0,"99","2026-04-08 09:55:56","VVI170",720,"f","3/26/03"
"6918","hand","cdi_words","2A","produces",NA,0,"99","2026-04-08 09:55:56","VVI170",720,"f","3/26/03"
"6919","leg","cdi_words","2A","produces",NA,0,"99","2026-04-08 09:55:56","VVI170",720,"f","3/26/03"
"6920","broom","cdi_words","2A","produces",NA,0,"99","2026-04-08 09:55:56","VVI170",720,"f","3/26/03"
"6921","comb","cdi_words","2A","produces",NA,0,"99","2026-04-08 09:55:56","VVI170",720,"f","3/26/03"
"6922","mop","cdi_words","2A","produces",NA,0,"99","2026-04-08 09:55:56","VVI170",720,"f","3/26/03"
"6923","plate","cdi_words","2A","produces",NA,0,"99","2026-04-08 09:55:56","VVI170",720,"f","3/26/03"
"6924","trash","cdi_words","2A","produces",NA,0,"99","2026-04-08 09:55:56","VVI170",720,"f","3/26/03"
"6925","tray","cdi_words","2A","produces",NA,0,"99","2026-04-08 09:55:56","VVI170",720,"f","3/26/03"
"6926","towel","cdi_words","2A","produces",NA,0,"99","2026-04-08 09:55:56","VVI170",720,"f","3/26/03"
"6927","bed","cdi_words","2A","produces",NA,0,"99","2026-04-08 09:55:56","VVI170",720,"f","3/26/03"
"6928","bedroom","cdi_words","2A","produces",NA,0,"99","2026-04-08 09:55:56","VVI170",720,"f","3/26/03"
"6929","bench","cdi_words","2A","produces",NA,0,"99","2026-04-08 09:55:56","VVI170",720,"f","3/26/03"
"6930","oven","cdi_words","2A","produces",NA,0,"99","2026-04-08 09:55:56","VVI170",720,"f","3/26/03"
"6931","stairs","cdi_words","2A","produces",NA,0,"99","2026-04-08 09:55:56","VVI170",720,"f","3/26/03"
"6932","flag","cdi_words","2A","produces",NA,0,"99","2026-04-08 09:55:56","VVI170",720,"f","3/26/03"
"6933","rain","cdi_words","2A","produces",NA,0,"99","2026-04-08 09:55:56","VVI170",720,"f","3/26/03"
"6934","star","cdi_words","2A","produces",NA,0,"99","2026-04-08 09:55:56","VVI170",720,"f","3/26/03"
"6935","swing","cdi_words","2A","produces",NA,0,"99","2026-04-08 09:55:56","VVI170",720,"f","3/26/03"
"6936","school","cdi_words","2A","produces",NA,0,"99","2026-04-08 09:55:56","VVI170",720,"f","3/26/03"
"6937","sky","cdi_words","2A","produces",NA,0,"99","2026-04-08 09:55:56","VVI170",720,"f","3/26/03"
"6938","party","cdi_words","2A","produces",NA,0,"99","2026-04-08 09:55:56","VVI170",720,"f","3/26/03"
"6939","friend","cdi_words","2A","produces",NA,0,"99","2026-04-08 09:55:56","VVI170",720,"f","3/26/03"
"6940","mommy","cdi_words","2A","produces",1,1,"99","2026-04-08 09:55:56","VVI170",720,"f","3/26/03"
"6941","person","cdi_words","2A","produces",NA,0,"99","2026-04-08 09:55:56","VVI170",720,"f","3/26/03"
"6942","bye","cdi_words","2A","produces",1,1,"99","2026-04-08 09:55:56","VVI170",720,"f","3/26/03"
"6943","hi","cdi_words","2A","produces",1,1,"99","2026-04-08 09:55:56","VVI170",720,"f","3/26/03"
"6944","no","cdi_words","2A","produces",NA,0,"99","2026-04-08 09:55:56","VVI170",720,"f","3/26/03"
"6945","shopping","cdi_words","2A","produces",NA,0,"99","2026-04-08 09:55:56","VVI170",720,"f","3/26/03"
"6946","thank you","cdi_words","2A","produces",NA,0,"99","2026-04-08 09:55:56","VVI170",720,"f","3/26/03"
"6947","carry","cdi_words","2A","produces",NA,0,"99","2026-04-08 09:55:56","VVI170",720,"f","3/26/03"
"6948","chase","cdi_words","2A","produces",NA,0,"99","2026-04-08 09:55:56","VVI170",720,"f","3/26/03"
"6949","dump","cdi_words","2A","produces",NA,0,"99","2026-04-08 09:55:56","VVI170",720,"f","3/26/03"
"6950","finish","cdi_words","2A","produces",NA,0,"99","2026-04-08 09:55:56","VVI170",720,"f","3/26/03"
"6951","fit","cdi_words","2A","produces",NA,0,"99","2026-04-08 09:55:56","VVI170",720,"f","3/26/03"
"6952","hug","cdi_words","2A","produces",NA,0,"99","2026-04-08 09:55:56","VVI170",720,"f","3/26/03"
"6953","listen","cdi_words","2A","produces",NA,0,"99","2026-04-08 09:55:56","VVI170",720,"f","3/26/03"
"6954","like","cdi_words","2A","produces",NA,0,"99","2026-04-08 09:55:56","VVI170",720,"f","3/26/03"
"6955","pretend","cdi_words","2A","produces",NA,0,"99","2026-04-08 09:55:56","VVI170",720,"f","3/26/03"
"6956","rip","cdi_words","2A","produces",NA,0,"99","2026-04-08 09:55:56","VVI170",720,"f","3/26/03"
"6957","shake","cdi_words","2A","produces",NA,0,"99","2026-04-08 09:55:56","VVI170",720,"f","3/26/03"
"6958","taste","cdi_words","2A","produces",NA,0,"99","2026-04-08 09:55:56","VVI170",720,"f","3/26/03"
"6959","gentle","cdi_words","2A","produces",NA,0,"99","2026-04-08 09:55:56","VVI170",720,"f","3/26/03"
"6960","think","cdi_words","2A","produces",NA,0,"99","2026-04-08 09:55:56","VVI170",720,"f","3/26/03"
"6961","wish","cdi_words","2A","produces",NA,0,"99","2026-04-08 09:55:56","VVI170",720,"f","3/26/03"
"6962","all gone","cdi_words","2A","produces",NA,0,"99","2026-04-08 09:55:56","VVI170",720,"f","3/26/03"
"6963","cold","cdi_words","2A","produces",NA,0,"99","2026-04-08 09:55:56","VVI170",720,"f","3/26/03"
"6964","fast","cdi_words","2A","produces",NA,0,"99","2026-04-08 09:55:56","VVI170",720,"f","3/26/03"
"6965","happy","cdi_words","2A","produces",NA,0,"99","2026-04-08 09:55:56","VVI170",720,"f","3/26/03"
"6966","hot","cdi_words","2A","produces",1,1,"99","2026-04-08 09:55:56","VVI170",720,"f","3/26/03"
"6967","last","cdi_words","2A","produces",NA,0,"99","2026-04-08 09:55:56","VVI170",720,"f","3/26/03"
"6968","tiny","cdi_words","2A","produces",NA,0,"99","2026-04-08 09:55:56","VVI170",720,"f","3/26/03"
"6969","wet","cdi_words","2A","produces",NA,0,"99","2026-04-08 09:55:56","VVI170",720,"f","3/26/03"
"6970","after","cdi_words","2A","produces",NA,0,"99","2026-04-08 09:55:56","VVI170",720,"f","3/26/03"
"6971","day","cdi_words","2A","produces",NA,0,"99","2026-04-08 09:55:56","VVI170",720,"f","3/26/03"
"6972","tonight","cdi_words","2A","produces",NA,0,"99","2026-04-08 09:55:56","VVI170",720,"f","3/26/03"
"6973","our","cdi_words","2A","produces",NA,0,"99","2026-04-08 09:55:56","VVI170",720,"f","3/26/03"
"6974","them","cdi_words","2A","produces",NA,0,"99","2026-04-08 09:55:56","VVI170",720,"f","3/26/03"
"6975","this","cdi_words","2A","produces",NA,0,"99","2026-04-08 09:55:56","VVI170",720,"f","3/26/03"
"6976","us","cdi_words","2A","produces",NA,0,"99","2026-04-08 09:55:56","VVI170",720,"f","3/26/03"
"6977","where","cdi_words","2A","produces",NA,0,"99","2026-04-08 09:55:56","VVI170",720,"f","3/26/03"
"6978","beside","cdi_words","2A","produces",NA,0,"99","2026-04-08 09:55:56","VVI170",720,"f","3/26/03"
"6979","down","cdi_words","2A","produces",NA,0,"99","2026-04-08 09:55:56","VVI170",720,"f","3/26/03"
"6980","under","cdi_words","2A","produces",NA,0,"99","2026-04-08 09:55:56","VVI170",720,"f","3/26/03"
"6981","all","cdi_words","2A","produces",NA,0,"99","2026-04-08 09:55:56","VVI170",720,"f","3/26/03"
"6982","much","cdi_words","2A","produces",NA,0,"99","2026-04-08 09:55:56","VVI170",720,"f","3/26/03"
"6983","could","cdi_words","2A","produces",NA,0,"99","2026-04-08 09:55:56","VVI170",720,"f","3/26/03"
"6984","need","cdi_words","2A","produces",NA,0,"99","2026-04-08 09:55:56","VVI170",720,"f","3/26/03"
"6985","would","cdi_words","2A","produces",NA,0,"99","2026-04-08 09:55:56","VVI170",720,"f","3/26/03"
"6986","if","cdi_words","2A","produces",NA,0,"99","2026-04-08 09:55:56","VVI170",720,"f","3/26/03"
"6987","sock","extra_words","2A","produces",1,1,"241","2026-03-27 15:21:55","VVI181",690,"f","3/27/26"
"6988","bathtub","extra_words","2A","produces",NA,0,"241","2026-03-27 15:21:55","VVI181",690,"f","3/27/26"
"6989","shower","extra_words","2A","produces",NA,0,"241","2026-03-27 15:21:55","VVI181",690,"f","3/27/26"
"6990","balloon","extra_words","2A","produces",NA,0,"241","2026-03-27 15:21:55","VVI181",690,"f","3/27/26"
"6991","dresser","extra_words","2A","produces",NA,0,"241","2026-03-27 15:21:55","VVI181",690,"f","3/27/26"
"6992","kite","extra_words","2A","produces",NA,0,"241","2026-03-27 15:21:55","VVI181",690,"f","3/27/26"
"6993","camel","extra_words","2A","produces",NA,0,"241","2026-03-27 15:21:55","VVI181",690,"f","3/27/26"
"6994","elephant","extra_words","2A","produces",NA,0,"241","2026-03-27 15:21:55","VVI181",690,"f","3/27/26"
"6995","ladybug","extra_words","2A","produces",NA,0,"241","2026-03-27 15:21:55","VVI181",690,"f","3/27/26"
"6996","cloud","extra_words","2A","produces",1,1,"241","2026-03-27 15:21:55","VVI181",690,"f","3/27/26"
"6997","tree","extra_words","2A","produces",1,1,"241","2026-03-27 15:21:55","VVI181",690,"f","3/27/26"
"6998","zipper","extra_words","2A","produces",1,1,"241","2026-03-27 15:21:55","VVI181",690,"f","3/27/26"
"6999","crow","extra_words","2A","produces",NA,0,"241","2026-03-27 15:21:55","VVI181",690,"f","3/27/26"
"7000","penguin","extra_words","2A","produces",NA,0,"241","2026-03-27 15:21:55","VVI181",690,"f","3/27/26"
"7001","seahorse","extra_words","2A","produces",NA,0,"241","2026-03-27 15:21:55","VVI181",690,"f","3/27/26"
"7002","duck","extra_words","2A","produces",NA,0,"241","2026-03-27 15:21:55","VVI181",690,"f","3/27/26"
"7003","chicken","extra_words","2A","produces",NA,0,"241","2026-03-27 15:21:55","VVI181",690,"f","3/27/26"
"7004","butterfly","extra_words","2A","produces",1,1,"241","2026-03-27 15:21:55","VVI181",690,"f","3/27/26"
"7005","lizard","extra_words","2A","produces",NA,0,"241","2026-03-27 15:21:55","VVI181",690,"f","3/27/26"
"7006","walrus","extra_words","2A","produces",NA,0,"241","2026-03-27 15:21:55","VVI181",690,"f","3/27/26"
"7007","snake","extra_words","2A","produces",NA,0,"241","2026-03-27 15:21:55","VVI181",690,"f","3/27/26"
"7008","truck","extra_words","2A","produces",NA,0,"241","2026-03-27 15:21:55","VVI181",690,"f","3/27/26"
"7009","car","extra_words","2A","produces",1,1,"241","2026-03-27 15:21:55","VVI181",690,"f","3/27/26"
"7010","airplane","extra_words","2A","produces",NA,0,"241","2026-03-27 15:21:55","VVI181",690,"f","3/27/26"
"7011","baa baa","cdi_words","2A","produces",1,1,"241","2026-03-27 15:21:55","VVI181",690,"f","3/27/26"
"7012","meow","cdi_words","2A","produces",1,1,"241","2026-03-27 15:21:55","VVI181",690,"f","3/27/26"
"7013","ouch","cdi_words","2A","produces",1,1,"241","2026-03-27 15:21:55","VVI181",690,"f","3/27/26"
"7014","uh oh","cdi_words","2A","produces",1,1,"241","2026-03-27 15:21:55","VVI181",690,"f","3/27/26"
"7015","woof woof","cdi_words","2A","produces",NA,0,"241","2026-03-27 15:21:55","VVI181",690,"f","3/27/26"
"7016","bear","cdi_words","2A","produces",1,1,"241","2026-03-27 15:21:55","VVI181",690,"f","3/27/26"
"7017","bird","cdi_words","2A","produces",1,1,"241","2026-03-27 15:21:55","VVI181",690,"f","3/27/26"
"7018","cat","cdi_words","2A","produces",1,1,"241","2026-03-27 15:21:55","VVI181",690,"f","3/27/26"
"7019","dog","cdi_words","2A","produces",1,1,"241","2026-03-27 15:21:55","VVI181",690,"f","3/27/26"
"7020","duck","cdi_words","2A","produces",NA,0,"241","2026-03-27 15:21:55","VVI181",690,"f","3/27/26"
"7021","horse","cdi_words","2A","produces",NA,0,"241","2026-03-27 15:21:55","VVI181",690,"f","3/27/26"
"7022","airplane","cdi_words","2A","produces",1,1,"241","2026-03-27 15:21:55","VVI181",690,"f","3/27/26"
"7023","boat","cdi_words","2A","produces",NA,0,"241","2026-03-27 15:21:55","VVI181",690,"f","3/27/26"
"7024","car","cdi_words","2A","produces",1,1,"241","2026-03-27 15:21:55","VVI181",690,"f","3/27/26"
"7025","ball","cdi_words","2A","produces",1,1,"241","2026-03-27 15:21:55","VVI181",690,"f","3/27/26"
"7026","book","cdi_words","2A","produces",1,1,"241","2026-03-27 15:21:55","VVI181",690,"f","3/27/26"
"7027","game","cdi_words","2A","produces",NA,0,"241","2026-03-27 15:21:55","VVI181",690,"f","3/27/26"
"7028","applesauce","cdi_words","2A","produces",1,1,"241","2026-03-27 15:21:55","VVI181",690,"f","3/27/26"
"7029","candy","cdi_words","2A","produces",NA,0,"241","2026-03-27 15:21:55","VVI181",690,"f","3/27/26"
"7030","coke","cdi_words","2A","produces",NA,0,"241","2026-03-27 15:21:55","VVI181",690,"f","3/27/26"
"7031","cracker","cdi_words","2A","produces",1,1,"241","2026-03-27 15:21:55","VVI181",690,"f","3/27/26"
"7032","juice","cdi_words","2A","produces",NA,0,"241","2026-03-27 15:21:55","VVI181",690,"f","3/27/26"
"7033","meat","cdi_words","2A","produces",NA,0,"241","2026-03-27 15:21:55","VVI181",690,"f","3/27/26"
"7034","milk","cdi_words","2A","produces",1,1,"241","2026-03-27 15:21:55","VVI181",690,"f","3/27/26"
"7035","peas","cdi_words","2A","produces",1,1,"241","2026-03-27 15:21:55","VVI181",690,"f","3/27/26"
"7036","hat","cdi_words","2A","produces",1,1,"241","2026-03-27 15:21:55","VVI181",690,"f","3/27/26"
"7037","necklace","cdi_words","2A","produces",NA,0,"241","2026-03-27 15:21:55","VVI181",690,"f","3/27/26"
"7038","shoe","cdi_words","2A","produces",1,1,"241","2026-03-27 15:21:55","VVI181",690,"f","3/27/26"
"7039","sock","cdi_words","2A","produces",1,1,"241","2026-03-27 15:21:55","VVI181",690,"f","3/27/26"
"7040","chin","cdi_words","2A","produces",NA,0,"241","2026-03-27 15:21:55","VVI181",690,"f","3/27/26"
"7041","ear","cdi_words","2A","produces",1,1,"241","2026-03-27 15:21:55","VVI181",690,"f","3/27/26"
"7042","hand","cdi_words","2A","produces",NA,0,"241","2026-03-27 15:21:55","VVI181",690,"f","3/27/26"
"7043","leg","cdi_words","2A","produces",NA,0,"241","2026-03-27 15:21:55","VVI181",690,"f","3/27/26"
"7044","broom","cdi_words","2A","produces",NA,0,"241","2026-03-27 15:21:55","VVI181",690,"f","3/27/26"
"7045","comb","cdi_words","2A","produces",NA,0,"241","2026-03-27 15:21:55","VVI181",690,"f","3/27/26"
"7046","mop","cdi_words","2A","produces",NA,0,"241","2026-03-27 15:21:55","VVI181",690,"f","3/27/26"
"7047","plate","cdi_words","2A","produces",NA,0,"241","2026-03-27 15:21:55","VVI181",690,"f","3/27/26"
"7048","trash","cdi_words","2A","produces",NA,0,"241","2026-03-27 15:21:55","VVI181",690,"f","3/27/26"
"7049","tray","cdi_words","2A","produces",NA,0,"241","2026-03-27 15:21:55","VVI181",690,"f","3/27/26"
"7050","towel","cdi_words","2A","produces",1,1,"241","2026-03-27 15:21:55","VVI181",690,"f","3/27/26"
"7051","bed","cdi_words","2A","produces",NA,0,"241","2026-03-27 15:21:55","VVI181",690,"f","3/27/26"
"7052","bedroom","cdi_words","2A","produces",NA,0,"241","2026-03-27 15:21:55","VVI181",690,"f","3/27/26"
"7053","bench","cdi_words","2A","produces",NA,0,"241","2026-03-27 15:21:55","VVI181",690,"f","3/27/26"
"7054","oven","cdi_words","2A","produces",NA,0,"241","2026-03-27 15:21:55","VVI181",690,"f","3/27/26"
"7055","stairs","cdi_words","2A","produces",1,1,"241","2026-03-27 15:21:55","VVI181",690,"f","3/27/26"
"7056","flag","cdi_words","2A","produces",NA,0,"241","2026-03-27 15:21:55","VVI181",690,"f","3/27/26"
"7057","rain","cdi_words","2A","produces",1,1,"241","2026-03-27 15:21:55","VVI181",690,"f","3/27/26"
"7058","star","cdi_words","2A","produces",NA,0,"241","2026-03-27 15:21:55","VVI181",690,"f","3/27/26"
"7059","swing","cdi_words","2A","produces",NA,0,"241","2026-03-27 15:21:55","VVI181",690,"f","3/27/26"
"7060","school","cdi_words","2A","produces",1,1,"241","2026-03-27 15:21:55","VVI181",690,"f","3/27/26"
"7061","sky","cdi_words","2A","produces",1,1,"241","2026-03-27 15:21:55","VVI181",690,"f","3/27/26"
"7062","party","cdi_words","2A","produces",NA,0,"241","2026-03-27 15:21:55","VVI181",690,"f","3/27/26"
"7063","friend","cdi_words","2A","produces",NA,0,"241","2026-03-27 15:21:55","VVI181",690,"f","3/27/26"
"7064","mommy","cdi_words","2A","produces",1,1,"241","2026-03-27 15:21:55","VVI181",690,"f","3/27/26"
"7065","person","cdi_words","2A","produces",NA,0,"241","2026-03-27 15:21:55","VVI181",690,"f","3/27/26"
"7066","bye","cdi_words","2A","produces",1,1,"241","2026-03-27 15:21:55","VVI181",690,"f","3/27/26"
"7067","hi","cdi_words","2A","produces",1,1,"241","2026-03-27 15:21:55","VVI181",690,"f","3/27/26"
"7068","no","cdi_words","2A","produces",1,1,"241","2026-03-27 15:21:55","VVI181",690,"f","3/27/26"
"7069","shopping","cdi_words","2A","produces",1,1,"241","2026-03-27 15:21:55","VVI181",690,"f","3/27/26"
"7070","thank you","cdi_words","2A","produces",1,1,"241","2026-03-27 15:21:55","VVI181",690,"f","3/27/26"
"7071","carry","cdi_words","2A","produces",NA,0,"241","2026-03-27 15:21:55","VVI181",690,"f","3/27/26"
"7072","chase","cdi_words","2A","produces",NA,0,"241","2026-03-27 15:21:55","VVI181",690,"f","3/27/26"
"7073","dump","cdi_words","2A","produces",NA,0,"241","2026-03-27 15:21:55","VVI181",690,"f","3/27/26"
"7074","finish","cdi_words","2A","produces",NA,0,"241","2026-03-27 15:21:55","VVI181",690,"f","3/27/26"
"7075","fit","cdi_words","2A","produces",NA,0,"241","2026-03-27 15:21:55","VVI181",690,"f","3/27/26"
"7076","hug","cdi_words","2A","produces",1,1,"241","2026-03-27 15:21:55","VVI181",690,"f","3/27/26"
"7077","listen","cdi_words","2A","produces",NA,0,"241","2026-03-27 15:21:55","VVI181",690,"f","3/27/26"
"7078","like","cdi_words","2A","produces",NA,0,"241","2026-03-27 15:21:55","VVI181",690,"f","3/27/26"
"7079","pretend","cdi_words","2A","produces",NA,0,"241","2026-03-27 15:21:55","VVI181",690,"f","3/27/26"
"7080","rip","cdi_words","2A","produces",NA,0,"241","2026-03-27 15:21:55","VVI181",690,"f","3/27/26"
"7081","shake","cdi_words","2A","produces",NA,0,"241","2026-03-27 15:21:55","VVI181",690,"f","3/27/26"
"7082","taste","cdi_words","2A","produces",NA,0,"241","2026-03-27 15:21:55","VVI181",690,"f","3/27/26"
"7083","gentle","cdi_words","2A","produces",NA,0,"241","2026-03-27 15:21:55","VVI181",690,"f","3/27/26"
"7084","think","cdi_words","2A","produces",NA,0,"241","2026-03-27 15:21:55","VVI181",690,"f","3/27/26"
"7085","wish","cdi_words","2A","produces",NA,0,"241","2026-03-27 15:21:55","VVI181",690,"f","3/27/26"
"7086","all gone","cdi_words","2A","produces",1,1,"241","2026-03-27 15:21:55","VVI181",690,"f","3/27/26"
"7087","cold","cdi_words","2A","produces",1,1,"241","2026-03-27 15:21:55","VVI181",690,"f","3/27/26"
"7088","fast","cdi_words","2A","produces",1,1,"241","2026-03-27 15:21:55","VVI181",690,"f","3/27/26"
"7089","happy","cdi_words","2A","produces",1,1,"241","2026-03-27 15:21:55","VVI181",690,"f","3/27/26"
"7090","hot","cdi_words","2A","produces",1,1,"241","2026-03-27 15:21:55","VVI181",690,"f","3/27/26"
"7091","last","cdi_words","2A","produces",NA,0,"241","2026-03-27 15:21:55","VVI181",690,"f","3/27/26"
"7092","tiny","cdi_words","2A","produces",1,1,"241","2026-03-27 15:21:55","VVI181",690,"f","3/27/26"
"7093","wet","cdi_words","2A","produces",NA,0,"241","2026-03-27 15:21:55","VVI181",690,"f","3/27/26"
"7094","after","cdi_words","2A","produces",NA,0,"241","2026-03-27 15:21:55","VVI181",690,"f","3/27/26"
"7095","day","cdi_words","2A","produces",NA,0,"241","2026-03-27 15:21:55","VVI181",690,"f","3/27/26"
"7096","tonight","cdi_words","2A","produces",NA,0,"241","2026-03-27 15:21:55","VVI181",690,"f","3/27/26"
"7097","our","cdi_words","2A","produces",NA,0,"241","2026-03-27 15:21:55","VVI181",690,"f","3/27/26"
"7098","them","cdi_words","2A","produces",NA,0,"241","2026-03-27 15:21:55","VVI181",690,"f","3/27/26"
"7099","this","cdi_words","2A","produces",NA,0,"241","2026-03-27 15:21:55","VVI181",690,"f","3/27/26"
"7100","us","cdi_words","2A","produces",NA,0,"241","2026-03-27 15:21:55","VVI181",690,"f","3/27/26"
"7101","where","cdi_words","2A","produces",NA,0,"241","2026-03-27 15:21:55","VVI181",690,"f","3/27/26"
"7102","beside","cdi_words","2A","produces",NA,0,"241","2026-03-27 15:21:55","VVI181",690,"f","3/27/26"
"7103","down","cdi_words","2A","produces",1,1,"241","2026-03-27 15:21:55","VVI181",690,"f","3/27/26"
"7104","under","cdi_words","2A","produces",NA,0,"241","2026-03-27 15:21:55","VVI181",690,"f","3/27/26"
"7105","all","cdi_words","2A","produces",NA,0,"241","2026-03-27 15:21:55","VVI181",690,"f","3/27/26"
"7106","much","cdi_words","2A","produces",NA,0,"241","2026-03-27 15:21:55","VVI181",690,"f","3/27/26"
"7107","could","cdi_words","2A","produces",NA,0,"241","2026-03-27 15:21:55","VVI181",690,"f","3/27/26"
"7108","need","cdi_words","2A","produces",NA,0,"241","2026-03-27 15:21:55","VVI181",690,"f","3/27/26"
"7109","would","cdi_words","2A","produces",NA,0,"241","2026-03-27 15:21:55","VVI181",690,"f","3/27/26"
"7110","if","cdi_words","2A","produces",NA,0,"241","2026-03-27 15:21:55","VVI181",690,"f","3/27/26"
"7111","sock","extra_words","2A","produces",1,1,"116","2026-03-15 16:54:18","VVI147",630,"f","2/17/26"
"7112","bathtub","extra_words","2A","produces",NA,0,"116","2026-03-15 16:54:18","VVI147",630,"f","2/17/26"
"7113","shower","extra_words","2A","produces",NA,0,"116","2026-03-15 16:54:18","VVI147",630,"f","2/17/26"
"7114","balloon","extra_words","2A","produces",1,1,"116","2026-03-15 16:54:18","VVI147",630,"f","2/17/26"
"7115","dresser","extra_words","2A","produces",NA,0,"116","2026-03-15 16:54:18","VVI147",630,"f","2/17/26"
"7116","kite","extra_words","2A","produces",NA,0,"116","2026-03-15 16:54:18","VVI147",630,"f","2/17/26"
"7117","camel","extra_words","2A","produces",NA,0,"116","2026-03-15 16:54:18","VVI147",630,"f","2/17/26"
"7118","elephant","extra_words","2A","produces",NA,0,"116","2026-03-15 16:54:18","VVI147",630,"f","2/17/26"
"7119","ladybug","extra_words","2A","produces",NA,0,"116","2026-03-15 16:54:18","VVI147",630,"f","2/17/26"
"7120","cloud","extra_words","2A","produces",NA,0,"116","2026-03-15 16:54:18","VVI147",630,"f","2/17/26"
"7121","tree","extra_words","2A","produces",1,1,"116","2026-03-15 16:54:18","VVI147",630,"f","2/17/26"
"7122","zipper","extra_words","2A","produces",1,1,"116","2026-03-15 16:54:18","VVI147",630,"f","2/17/26"
"7123","crow","extra_words","2A","produces",NA,0,"116","2026-03-15 16:54:18","VVI147",630,"f","2/17/26"
"7124","penguin","extra_words","2A","produces",NA,0,"116","2026-03-15 16:54:18","VVI147",630,"f","2/17/26"
"7125","seahorse","extra_words","2A","produces",NA,0,"116","2026-03-15 16:54:18","VVI147",630,"f","2/17/26"
"7126","duck","extra_words","2A","produces",1,1,"116","2026-03-15 16:54:18","VVI147",630,"f","2/17/26"
"7127","chicken","extra_words","2A","produces",1,1,"116","2026-03-15 16:54:18","VVI147",630,"f","2/17/26"
"7128","butterfly","extra_words","2A","produces",NA,0,"116","2026-03-15 16:54:18","VVI147",630,"f","2/17/26"
"7129","lizard","extra_words","2A","produces",NA,0,"116","2026-03-15 16:54:18","VVI147",630,"f","2/17/26"
"7130","walrus","extra_words","2A","produces",NA,0,"116","2026-03-15 16:54:18","VVI147",630,"f","2/17/26"
"7131","snake","extra_words","2A","produces",NA,0,"116","2026-03-15 16:54:18","VVI147",630,"f","2/17/26"
"7132","truck","extra_words","2A","produces",1,1,"116","2026-03-15 16:54:18","VVI147",630,"f","2/17/26"
"7133","car","extra_words","2A","produces",1,1,"116","2026-03-15 16:54:18","VVI147",630,"f","2/17/26"
"7134","airplane","extra_words","2A","produces",NA,0,"116","2026-03-15 16:54:18","VVI147",630,"f","2/17/26"
"7135","baa baa","cdi_words","2A","produces",1,1,"116","2026-03-15 16:54:18","VVI147",630,"f","2/17/26"
"7136","meow","cdi_words","2A","produces",1,1,"116","2026-03-15 16:54:18","VVI147",630,"f","2/17/26"
"7137","ouch","cdi_words","2A","produces",1,1,"116","2026-03-15 16:54:18","VVI147",630,"f","2/17/26"
"7138","uh oh","cdi_words","2A","produces",1,1,"116","2026-03-15 16:54:18","VVI147",630,"f","2/17/26"
"7139","woof woof","cdi_words","2A","produces",NA,0,"116","2026-03-15 16:54:18","VVI147",630,"f","2/17/26"
"7140","bear","cdi_words","2A","produces",1,1,"116","2026-03-15 16:54:18","VVI147",630,"f","2/17/26"
"7141","bird","cdi_words","2A","produces",NA,0,"116","2026-03-15 16:54:18","VVI147",630,"f","2/17/26"
"7142","cat","cdi_words","2A","produces",NA,0,"116","2026-03-15 16:54:18","VVI147",630,"f","2/17/26"
"7143","dog","cdi_words","2A","produces",1,1,"116","2026-03-15 16:54:18","VVI147",630,"f","2/17/26"
"7144","duck","cdi_words","2A","produces",1,1,"116","2026-03-15 16:54:18","VVI147",630,"f","2/17/26"
"7145","horse","cdi_words","2A","produces",NA,0,"116","2026-03-15 16:54:18","VVI147",630,"f","2/17/26"
"7146","airplane","cdi_words","2A","produces",NA,0,"116","2026-03-15 16:54:18","VVI147",630,"f","2/17/26"
"7147","boat","cdi_words","2A","produces",1,1,"116","2026-03-15 16:54:18","VVI147",630,"f","2/17/26"
"7148","car","cdi_words","2A","produces",1,1,"116","2026-03-15 16:54:18","VVI147",630,"f","2/17/26"
"7149","ball","cdi_words","2A","produces",1,1,"116","2026-03-15 16:54:18","VVI147",630,"f","2/17/26"
"7150","book","cdi_words","2A","produces",1,1,"116","2026-03-15 16:54:18","VVI147",630,"f","2/17/26"
"7151","game","cdi_words","2A","produces",NA,0,"116","2026-03-15 16:54:18","VVI147",630,"f","2/17/26"
"7152","applesauce","cdi_words","2A","produces",NA,0,"116","2026-03-15 16:54:18","VVI147",630,"f","2/17/26"
"7153","candy","cdi_words","2A","produces",NA,0,"116","2026-03-15 16:54:18","VVI147",630,"f","2/17/26"
"7154","coke","cdi_words","2A","produces",NA,0,"116","2026-03-15 16:54:18","VVI147",630,"f","2/17/26"
"7155","cracker","cdi_words","2A","produces",NA,0,"116","2026-03-15 16:54:18","VVI147",630,"f","2/17/26"
"7156","juice","cdi_words","2A","produces",1,1,"116","2026-03-15 16:54:18","VVI147",630,"f","2/17/26"
"7157","meat","cdi_words","2A","produces",NA,0,"116","2026-03-15 16:54:18","VVI147",630,"f","2/17/26"
"7158","milk","cdi_words","2A","produces",1,1,"116","2026-03-15 16:54:18","VVI147",630,"f","2/17/26"
"7159","peas","cdi_words","2A","produces",NA,0,"116","2026-03-15 16:54:18","VVI147",630,"f","2/17/26"
"7160","hat","cdi_words","2A","produces",NA,0,"116","2026-03-15 16:54:18","VVI147",630,"f","2/17/26"
"7161","necklace","cdi_words","2A","produces",NA,0,"116","2026-03-15 16:54:18","VVI147",630,"f","2/17/26"
"7162","shoe","cdi_words","2A","produces",1,1,"116","2026-03-15 16:54:18","VVI147",630,"f","2/17/26"
"7163","sock","cdi_words","2A","produces",1,1,"116","2026-03-15 16:54:18","VVI147",630,"f","2/17/26"
"7164","chin","cdi_words","2A","produces",NA,0,"116","2026-03-15 16:54:18","VVI147",630,"f","2/17/26"
"7165","ear","cdi_words","2A","produces",1,1,"116","2026-03-15 16:54:18","VVI147",630,"f","2/17/26"
"7166","hand","cdi_words","2A","produces",1,1,"116","2026-03-15 16:54:18","VVI147",630,"f","2/17/26"
"7167","leg","cdi_words","2A","produces",1,1,"116","2026-03-15 16:54:18","VVI147",630,"f","2/17/26"
"7168","broom","cdi_words","2A","produces",NA,0,"116","2026-03-15 16:54:18","VVI147",630,"f","2/17/26"
"7169","comb","cdi_words","2A","produces",NA,0,"116","2026-03-15 16:54:18","VVI147",630,"f","2/17/26"
"7170","mop","cdi_words","2A","produces",1,1,"116","2026-03-15 16:54:18","VVI147",630,"f","2/17/26"
"7171","plate","cdi_words","2A","produces",NA,0,"116","2026-03-15 16:54:18","VVI147",630,"f","2/17/26"
"7172","trash","cdi_words","2A","produces",1,1,"116","2026-03-15 16:54:18","VVI147",630,"f","2/17/26"
"7173","tray","cdi_words","2A","produces",NA,0,"116","2026-03-15 16:54:18","VVI147",630,"f","2/17/26"
"7174","towel","cdi_words","2A","produces",NA,0,"116","2026-03-15 16:54:18","VVI147",630,"f","2/17/26"
"7175","bed","cdi_words","2A","produces",1,1,"116","2026-03-15 16:54:18","VVI147",630,"f","2/17/26"
"7176","bedroom","cdi_words","2A","produces",NA,0,"116","2026-03-15 16:54:18","VVI147",630,"f","2/17/26"
"7177","bench","cdi_words","2A","produces",NA,0,"116","2026-03-15 16:54:18","VVI147",630,"f","2/17/26"
"7178","oven","cdi_words","2A","produces",NA,0,"116","2026-03-15 16:54:18","VVI147",630,"f","2/17/26"
"7179","stairs","cdi_words","2A","produces",NA,0,"116","2026-03-15 16:54:18","VVI147",630,"f","2/17/26"
"7180","flag","cdi_words","2A","produces",NA,0,"116","2026-03-15 16:54:18","VVI147",630,"f","2/17/26"
"7181","rain","cdi_words","2A","produces",NA,0,"116","2026-03-15 16:54:18","VVI147",630,"f","2/17/26"
"7182","star","cdi_words","2A","produces",NA,0,"116","2026-03-15 16:54:18","VVI147",630,"f","2/17/26"
"7183","swing","cdi_words","2A","produces",1,1,"116","2026-03-15 16:54:18","VVI147",630,"f","2/17/26"
"7184","school","cdi_words","2A","produces",1,1,"116","2026-03-15 16:54:18","VVI147",630,"f","2/17/26"
"7185","sky","cdi_words","2A","produces",NA,0,"116","2026-03-15 16:54:18","VVI147",630,"f","2/17/26"
"7186","party","cdi_words","2A","produces",NA,0,"116","2026-03-15 16:54:18","VVI147",630,"f","2/17/26"
"7187","friend","cdi_words","2A","produces",NA,0,"116","2026-03-15 16:54:18","VVI147",630,"f","2/17/26"
"7188","mommy","cdi_words","2A","produces",1,1,"116","2026-03-15 16:54:18","VVI147",630,"f","2/17/26"
"7189","person","cdi_words","2A","produces",NA,0,"116","2026-03-15 16:54:18","VVI147",630,"f","2/17/26"
"7190","bye","cdi_words","2A","produces",NA,0,"116","2026-03-15 16:54:18","VVI147",630,"f","2/17/26"
"7191","hi","cdi_words","2A","produces",1,1,"116","2026-03-15 16:54:18","VVI147",630,"f","2/17/26"
"7192","no","cdi_words","2A","produces",1,1,"116","2026-03-15 16:54:18","VVI147",630,"f","2/17/26"
"7193","shopping","cdi_words","2A","produces",NA,0,"116","2026-03-15 16:54:18","VVI147",630,"f","2/17/26"
"7194","thank you","cdi_words","2A","produces",1,1,"116","2026-03-15 16:54:18","VVI147",630,"f","2/17/26"
"7195","carry","cdi_words","2A","produces",NA,0,"116","2026-03-15 16:54:18","VVI147",630,"f","2/17/26"
"7196","chase","cdi_words","2A","produces",NA,0,"116","2026-03-15 16:54:18","VVI147",630,"f","2/17/26"
"7197","dump","cdi_words","2A","produces",NA,0,"116","2026-03-15 16:54:18","VVI147",630,"f","2/17/26"
"7198","finish","cdi_words","2A","produces",NA,0,"116","2026-03-15 16:54:18","VVI147",630,"f","2/17/26"
"7199","fit","cdi_words","2A","produces",NA,0,"116","2026-03-15 16:54:18","VVI147",630,"f","2/17/26"
"7200","hug","cdi_words","2A","produces",1,1,"116","2026-03-15 16:54:18","VVI147",630,"f","2/17/26"
"7201","listen","cdi_words","2A","produces",NA,0,"116","2026-03-15 16:54:18","VVI147",630,"f","2/17/26"
"7202","like","cdi_words","2A","produces",NA,0,"116","2026-03-15 16:54:18","VVI147",630,"f","2/17/26"
"7203","pretend","cdi_words","2A","produces",NA,0,"116","2026-03-15 16:54:18","VVI147",630,"f","2/17/26"
"7204","rip","cdi_words","2A","produces",NA,0,"116","2026-03-15 16:54:18","VVI147",630,"f","2/17/26"
"7205","shake","cdi_words","2A","produces",NA,0,"116","2026-03-15 16:54:18","VVI147",630,"f","2/17/26"
"7206","taste","cdi_words","2A","produces",NA,0,"116","2026-03-15 16:54:18","VVI147",630,"f","2/17/26"
"7207","gentle","cdi_words","2A","produces",NA,0,"116","2026-03-15 16:54:18","VVI147",630,"f","2/17/26"
"7208","think","cdi_words","2A","produces",NA,0,"116","2026-03-15 16:54:18","VVI147",630,"f","2/17/26"
"7209","wish","cdi_words","2A","produces",NA,0,"116","2026-03-15 16:54:18","VVI147",630,"f","2/17/26"
"7210","all gone","cdi_words","2A","produces",1,1,"116","2026-03-15 16:54:18","VVI147",630,"f","2/17/26"
"7211","cold","cdi_words","2A","produces",1,1,"116","2026-03-15 16:54:18","VVI147",630,"f","2/17/26"
"7212","fast","cdi_words","2A","produces",NA,0,"116","2026-03-15 16:54:18","VVI147",630,"f","2/17/26"
"7213","happy","cdi_words","2A","produces",NA,0,"116","2026-03-15 16:54:18","VVI147",630,"f","2/17/26"
"7214","hot","cdi_words","2A","produces",1,1,"116","2026-03-15 16:54:18","VVI147",630,"f","2/17/26"
"7215","last","cdi_words","2A","produces",NA,0,"116","2026-03-15 16:54:18","VVI147",630,"f","2/17/26"
"7216","tiny","cdi_words","2A","produces",NA,0,"116","2026-03-15 16:54:18","VVI147",630,"f","2/17/26"
"7217","wet","cdi_words","2A","produces",NA,0,"116","2026-03-15 16:54:18","VVI147",630,"f","2/17/26"
"7218","after","cdi_words","2A","produces",NA,0,"116","2026-03-15 16:54:18","VVI147",630,"f","2/17/26"
"7219","day","cdi_words","2A","produces",NA,0,"116","2026-03-15 16:54:18","VVI147",630,"f","2/17/26"
"7220","tonight","cdi_words","2A","produces",NA,0,"116","2026-03-15 16:54:18","VVI147",630,"f","2/17/26"
"7221","our","cdi_words","2A","produces",NA,0,"116","2026-03-15 16:54:18","VVI147",630,"f","2/17/26"
"7222","them","cdi_words","2A","produces",NA,0,"116","2026-03-15 16:54:18","VVI147",630,"f","2/17/26"
"7223","this","cdi_words","2A","produces",NA,0,"116","2026-03-15 16:54:18","VVI147",630,"f","2/17/26"
"7224","us","cdi_words","2A","produces",NA,0,"116","2026-03-15 16:54:18","VVI147",630,"f","2/17/26"
"7225","where","cdi_words","2A","produces",1,1,"116","2026-03-15 16:54:18","VVI147",630,"f","2/17/26"
"7226","beside","cdi_words","2A","produces",NA,0,"116","2026-03-15 16:54:18","VVI147",630,"f","2/17/26"
"7227","down","cdi_words","2A","produces",NA,0,"116","2026-03-15 16:54:18","VVI147",630,"f","2/17/26"
"7228","under","cdi_words","2A","produces",NA,0,"116","2026-03-15 16:54:18","VVI147",630,"f","2/17/26"
"7229","all","cdi_words","2A","produces",NA,0,"116","2026-03-15 16:54:18","VVI147",630,"f","2/17/26"
"7230","much","cdi_words","2A","produces",NA,0,"116","2026-03-15 16:54:18","VVI147",630,"f","2/17/26"
"7231","could","cdi_words","2A","produces",NA,0,"116","2026-03-15 16:54:18","VVI147",630,"f","2/17/26"
"7232","need","cdi_words","2A","produces",NA,0,"116","2026-03-15 16:54:18","VVI147",630,"f","2/17/26"
"7233","would","cdi_words","2A","produces",NA,0,"116","2026-03-15 16:54:18","VVI147",630,"f","2/17/26"
"7234","if","cdi_words","2A","produces",NA,0,"116","2026-03-15 16:54:18","VVI147",630,"f","2/17/26"
"7235","sock","extra_words","2A","produces",NA,0,"266","2026-04-17 13:59:28","VVI182",660,"m","3/28/26"
"7236","bathtub","extra_words","2A","produces",NA,0,"266","2026-04-17 13:59:28","VVI182",660,"m","3/28/26"
"7237","shower","extra_words","2A","produces",NA,0,"266","2026-04-17 13:59:28","VVI182",660,"m","3/28/26"
"7238","balloon","extra_words","2A","produces",1,1,"266","2026-04-17 13:59:28","VVI182",660,"m","3/28/26"
"7239","dresser","extra_words","2A","produces",NA,0,"266","2026-04-17 13:59:28","VVI182",660,"m","3/28/26"
"7240","kite","extra_words","2A","produces",NA,0,"266","2026-04-17 13:59:28","VVI182",660,"m","3/28/26"
"7241","camel","extra_words","2A","produces",NA,0,"266","2026-04-17 13:59:28","VVI182",660,"m","3/28/26"
"7242","elephant","extra_words","2A","produces",NA,0,"266","2026-04-17 13:59:28","VVI182",660,"m","3/28/26"
"7243","ladybug","extra_words","2A","produces",NA,0,"266","2026-04-17 13:59:28","VVI182",660,"m","3/28/26"
"7244","cloud","extra_words","2A","produces",NA,0,"266","2026-04-17 13:59:28","VVI182",660,"m","3/28/26"
"7245","tree","extra_words","2A","produces",NA,0,"266","2026-04-17 13:59:28","VVI182",660,"m","3/28/26"
"7246","zipper","extra_words","2A","produces",NA,0,"266","2026-04-17 13:59:28","VVI182",660,"m","3/28/26"
"7247","crow","extra_words","2A","produces",NA,0,"266","2026-04-17 13:59:28","VVI182",660,"m","3/28/26"
"7248","penguin","extra_words","2A","produces",NA,0,"266","2026-04-17 13:59:28","VVI182",660,"m","3/28/26"
"7249","seahorse","extra_words","2A","produces",NA,0,"266","2026-04-17 13:59:28","VVI182",660,"m","3/28/26"
"7250","duck","extra_words","2A","produces",NA,0,"266","2026-04-17 13:59:28","VVI182",660,"m","3/28/26"
"7251","chicken","extra_words","2A","produces",NA,0,"266","2026-04-17 13:59:28","VVI182",660,"m","3/28/26"
"7252","butterfly","extra_words","2A","produces",NA,0,"266","2026-04-17 13:59:28","VVI182",660,"m","3/28/26"
"7253","lizard","extra_words","2A","produces",NA,0,"266","2026-04-17 13:59:28","VVI182",660,"m","3/28/26"
"7254","walrus","extra_words","2A","produces",NA,0,"266","2026-04-17 13:59:28","VVI182",660,"m","3/28/26"
"7255","snake","extra_words","2A","produces",NA,0,"266","2026-04-17 13:59:28","VVI182",660,"m","3/28/26"
"7256","truck","extra_words","2A","produces",NA,0,"266","2026-04-17 13:59:28","VVI182",660,"m","3/28/26"
"7257","car","extra_words","2A","produces",1,1,"266","2026-04-17 13:59:28","VVI182",660,"m","3/28/26"
"7258","airplane","extra_words","2A","produces",1,1,"266","2026-04-17 13:59:28","VVI182",660,"m","3/28/26"
"7259","baa baa","cdi_words","2A","produces",1,1,"266","2026-04-17 13:59:28","VVI182",660,"m","3/28/26"
"7260","meow","cdi_words","2A","produces",NA,0,"266","2026-04-17 13:59:28","VVI182",660,"m","3/28/26"
"7261","ouch","cdi_words","2A","produces",1,1,"266","2026-04-17 13:59:28","VVI182",660,"m","3/28/26"
"7262","uh oh","cdi_words","2A","produces",1,1,"266","2026-04-17 13:59:28","VVI182",660,"m","3/28/26"
"7263","woof woof","cdi_words","2A","produces",1,1,"266","2026-04-17 13:59:28","VVI182",660,"m","3/28/26"
"7264","bear","cdi_words","2A","produces",NA,0,"266","2026-04-17 13:59:28","VVI182",660,"m","3/28/26"
"7265","bird","cdi_words","2A","produces",1,1,"266","2026-04-17 13:59:28","VVI182",660,"m","3/28/26"
"7266","cat","cdi_words","2A","produces",NA,0,"266","2026-04-17 13:59:28","VVI182",660,"m","3/28/26"
"7267","dog","cdi_words","2A","produces",1,1,"266","2026-04-17 13:59:28","VVI182",660,"m","3/28/26"
"7268","duck","cdi_words","2A","produces",NA,0,"266","2026-04-17 13:59:28","VVI182",660,"m","3/28/26"
"7269","horse","cdi_words","2A","produces",NA,0,"266","2026-04-17 13:59:28","VVI182",660,"m","3/28/26"
"7270","airplane","cdi_words","2A","produces",1,1,"266","2026-04-17 13:59:28","VVI182",660,"m","3/28/26"
"7271","boat","cdi_words","2A","produces",NA,0,"266","2026-04-17 13:59:28","VVI182",660,"m","3/28/26"
"7272","car","cdi_words","2A","produces",1,1,"266","2026-04-17 13:59:28","VVI182",660,"m","3/28/26"
"7273","ball","cdi_words","2A","produces",1,1,"266","2026-04-17 13:59:28","VVI182",660,"m","3/28/26"
"7274","book","cdi_words","2A","produces",NA,0,"266","2026-04-17 13:59:28","VVI182",660,"m","3/28/26"
"7275","game","cdi_words","2A","produces",NA,0,"266","2026-04-17 13:59:28","VVI182",660,"m","3/28/26"
"7276","applesauce","cdi_words","2A","produces",NA,0,"266","2026-04-17 13:59:28","VVI182",660,"m","3/28/26"
"7277","candy","cdi_words","2A","produces",NA,0,"266","2026-04-17 13:59:28","VVI182",660,"m","3/28/26"
"7278","coke","cdi_words","2A","produces",NA,0,"266","2026-04-17 13:59:28","VVI182",660,"m","3/28/26"
"7279","cracker","cdi_words","2A","produces",NA,0,"266","2026-04-17 13:59:28","VVI182",660,"m","3/28/26"
"7280","juice","cdi_words","2A","produces",NA,0,"266","2026-04-17 13:59:28","VVI182",660,"m","3/28/26"
"7281","meat","cdi_words","2A","produces",NA,0,"266","2026-04-17 13:59:28","VVI182",660,"m","3/28/26"
"7282","milk","cdi_words","2A","produces",NA,0,"266","2026-04-17 13:59:28","VVI182",660,"m","3/28/26"
"7283","peas","cdi_words","2A","produces",NA,0,"266","2026-04-17 13:59:28","VVI182",660,"m","3/28/26"
"7284","hat","cdi_words","2A","produces",NA,0,"266","2026-04-17 13:59:28","VVI182",660,"m","3/28/26"
"7285","necklace","cdi_words","2A","produces",NA,0,"266","2026-04-17 13:59:28","VVI182",660,"m","3/28/26"
"7286","shoe","cdi_words","2A","produces",NA,0,"266","2026-04-17 13:59:28","VVI182",660,"m","3/28/26"
"7287","sock","cdi_words","2A","produces",NA,0,"266","2026-04-17 13:59:28","VVI182",660,"m","3/28/26"
"7288","chin","cdi_words","2A","produces",NA,0,"266","2026-04-17 13:59:28","VVI182",660,"m","3/28/26"
"7289","ear","cdi_words","2A","produces",NA,0,"266","2026-04-17 13:59:28","VVI182",660,"m","3/28/26"
"7290","hand","cdi_words","2A","produces",NA,0,"266","2026-04-17 13:59:28","VVI182",660,"m","3/28/26"
"7291","leg","cdi_words","2A","produces",NA,0,"266","2026-04-17 13:59:28","VVI182",660,"m","3/28/26"
"7292","broom","cdi_words","2A","produces",NA,0,"266","2026-04-17 13:59:28","VVI182",660,"m","3/28/26"
"7293","comb","cdi_words","2A","produces",NA,0,"266","2026-04-17 13:59:28","VVI182",660,"m","3/28/26"
"7294","mop","cdi_words","2A","produces",NA,0,"266","2026-04-17 13:59:28","VVI182",660,"m","3/28/26"
"7295","plate","cdi_words","2A","produces",NA,0,"266","2026-04-17 13:59:28","VVI182",660,"m","3/28/26"
"7296","trash","cdi_words","2A","produces",NA,0,"266","2026-04-17 13:59:28","VVI182",660,"m","3/28/26"
"7297","tray","cdi_words","2A","produces",NA,0,"266","2026-04-17 13:59:28","VVI182",660,"m","3/28/26"
"7298","towel","cdi_words","2A","produces",NA,0,"266","2026-04-17 13:59:28","VVI182",660,"m","3/28/26"
"7299","bed","cdi_words","2A","produces",NA,0,"266","2026-04-17 13:59:28","VVI182",660,"m","3/28/26"
"7300","bedroom","cdi_words","2A","produces",NA,0,"266","2026-04-17 13:59:28","VVI182",660,"m","3/28/26"
"7301","bench","cdi_words","2A","produces",NA,0,"266","2026-04-17 13:59:28","VVI182",660,"m","3/28/26"
"7302","oven","cdi_words","2A","produces",NA,0,"266","2026-04-17 13:59:28","VVI182",660,"m","3/28/26"
"7303","stairs","cdi_words","2A","produces",NA,0,"266","2026-04-17 13:59:28","VVI182",660,"m","3/28/26"
"7304","flag","cdi_words","2A","produces",NA,0,"266","2026-04-17 13:59:28","VVI182",660,"m","3/28/26"
"7305","rain","cdi_words","2A","produces",NA,0,"266","2026-04-17 13:59:28","VVI182",660,"m","3/28/26"
"7306","star","cdi_words","2A","produces",NA,0,"266","2026-04-17 13:59:28","VVI182",660,"m","3/28/26"
"7307","swing","cdi_words","2A","produces",NA,0,"266","2026-04-17 13:59:28","VVI182",660,"m","3/28/26"
"7308","school","cdi_words","2A","produces",NA,0,"266","2026-04-17 13:59:28","VVI182",660,"m","3/28/26"
"7309","sky","cdi_words","2A","produces",NA,0,"266","2026-04-17 13:59:28","VVI182",660,"m","3/28/26"
"7310","party","cdi_words","2A","produces",NA,0,"266","2026-04-17 13:59:28","VVI182",660,"m","3/28/26"
"7311","friend","cdi_words","2A","produces",NA,0,"266","2026-04-17 13:59:28","VVI182",660,"m","3/28/26"
"7312","mommy","cdi_words","2A","produces",1,1,"266","2026-04-17 13:59:28","VVI182",660,"m","3/28/26"
"7313","person","cdi_words","2A","produces",NA,0,"266","2026-04-17 13:59:28","VVI182",660,"m","3/28/26"
"7314","bye","cdi_words","2A","produces",1,1,"266","2026-04-17 13:59:28","VVI182",660,"m","3/28/26"
"7315","hi","cdi_words","2A","produces",1,1,"266","2026-04-17 13:59:28","VVI182",660,"m","3/28/26"
"7316","no","cdi_words","2A","produces",1,1,"266","2026-04-17 13:59:28","VVI182",660,"m","3/28/26"
"7317","shopping","cdi_words","2A","produces",NA,0,"266","2026-04-17 13:59:28","VVI182",660,"m","3/28/26"
"7318","thank you","cdi_words","2A","produces",1,1,"266","2026-04-17 13:59:28","VVI182",660,"m","3/28/26"
"7319","carry","cdi_words","2A","produces",NA,0,"266","2026-04-17 13:59:28","VVI182",660,"m","3/28/26"
"7320","chase","cdi_words","2A","produces",NA,0,"266","2026-04-17 13:59:28","VVI182",660,"m","3/28/26"
"7321","dump","cdi_words","2A","produces",NA,0,"266","2026-04-17 13:59:28","VVI182",660,"m","3/28/26"
"7322","finish","cdi_words","2A","produces",NA,0,"266","2026-04-17 13:59:28","VVI182",660,"m","3/28/26"
"7323","fit","cdi_words","2A","produces",NA,0,"266","2026-04-17 13:59:28","VVI182",660,"m","3/28/26"
"7324","hug","cdi_words","2A","produces",NA,0,"266","2026-04-17 13:59:28","VVI182",660,"m","3/28/26"
"7325","listen","cdi_words","2A","produces",NA,0,"266","2026-04-17 13:59:28","VVI182",660,"m","3/28/26"
"7326","like","cdi_words","2A","produces",NA,0,"266","2026-04-17 13:59:28","VVI182",660,"m","3/28/26"
"7327","pretend","cdi_words","2A","produces",NA,0,"266","2026-04-17 13:59:28","VVI182",660,"m","3/28/26"
"7328","rip","cdi_words","2A","produces",NA,0,"266","2026-04-17 13:59:28","VVI182",660,"m","3/28/26"
"7329","shake","cdi_words","2A","produces",NA,0,"266","2026-04-17 13:59:28","VVI182",660,"m","3/28/26"
"7330","taste","cdi_words","2A","produces",NA,0,"266","2026-04-17 13:59:28","VVI182",660,"m","3/28/26"
"7331","gentle","cdi_words","2A","produces",NA,0,"266","2026-04-17 13:59:28","VVI182",660,"m","3/28/26"
"7332","think","cdi_words","2A","produces",NA,0,"266","2026-04-17 13:59:28","VVI182",660,"m","3/28/26"
"7333","wish","cdi_words","2A","produces",NA,0,"266","2026-04-17 13:59:28","VVI182",660,"m","3/28/26"
"7334","all gone","cdi_words","2A","produces",NA,0,"266","2026-04-17 13:59:28","VVI182",660,"m","3/28/26"
"7335","cold","cdi_words","2A","produces",NA,0,"266","2026-04-17 13:59:28","VVI182",660,"m","3/28/26"
"7336","fast","cdi_words","2A","produces",NA,0,"266","2026-04-17 13:59:28","VVI182",660,"m","3/28/26"
"7337","happy","cdi_words","2A","produces",NA,0,"266","2026-04-17 13:59:28","VVI182",660,"m","3/28/26"
"7338","hot","cdi_words","2A","produces",1,1,"266","2026-04-17 13:59:28","VVI182",660,"m","3/28/26"
"7339","last","cdi_words","2A","produces",NA,0,"266","2026-04-17 13:59:28","VVI182",660,"m","3/28/26"
"7340","tiny","cdi_words","2A","produces",NA,0,"266","2026-04-17 13:59:28","VVI182",660,"m","3/28/26"
"7341","wet","cdi_words","2A","produces",NA,0,"266","2026-04-17 13:59:28","VVI182",660,"m","3/28/26"
"7342","after","cdi_words","2A","produces",NA,0,"266","2026-04-17 13:59:28","VVI182",660,"m","3/28/26"
"7343","day","cdi_words","2A","produces",NA,0,"266","2026-04-17 13:59:28","VVI182",660,"m","3/28/26"
"7344","tonight","cdi_words","2A","produces",NA,0,"266","2026-04-17 13:59:28","VVI182",660,"m","3/28/26"
"7345","our","cdi_words","2A","produces",NA,0,"266","2026-04-17 13:59:28","VVI182",660,"m","3/28/26"
"7346","them","cdi_words","2A","produces",NA,0,"266","2026-04-17 13:59:28","VVI182",660,"m","3/28/26"
"7347","this","cdi_words","2A","produces",NA,0,"266","2026-04-17 13:59:28","VVI182",660,"m","3/28/26"
"7348","us","cdi_words","2A","produces",NA,0,"266","2026-04-17 13:59:28","VVI182",660,"m","3/28/26"
"7349","where","cdi_words","2A","produces",NA,0,"266","2026-04-17 13:59:28","VVI182",660,"m","3/28/26"
"7350","beside","cdi_words","2A","produces",NA,0,"266","2026-04-17 13:59:28","VVI182",660,"m","3/28/26"
"7351","down","cdi_words","2A","produces",NA,0,"266","2026-04-17 13:59:28","VVI182",660,"m","3/28/26"
"7352","under","cdi_words","2A","produces",NA,0,"266","2026-04-17 13:59:28","VVI182",660,"m","3/28/26"
"7353","all","cdi_words","2A","produces",NA,0,"266","2026-04-17 13:59:28","VVI182",660,"m","3/28/26"
"7354","much","cdi_words","2A","produces",NA,0,"266","2026-04-17 13:59:28","VVI182",660,"m","3/28/26"
"7355","could","cdi_words","2A","produces",NA,0,"266","2026-04-17 13:59:28","VVI182",660,"m","3/28/26"
"7356","need","cdi_words","2A","produces",NA,0,"266","2026-04-17 13:59:28","VVI182",660,"m","3/28/26"
"7357","would","cdi_words","2A","produces",NA,0,"266","2026-04-17 13:59:28","VVI182",660,"m","3/28/26"
"7358","if","cdi_words","2A","produces",NA,0,"266","2026-04-17 13:59:28","VVI182",660,"m","3/28/26"
"7359","sock","extra_words","2A","produces",1,1,"204","2026-04-17 19:39:18","VVI175",570,"m","10/26/03"
"7360","bathtub","extra_words","2A","produces",NA,0,"204","2026-04-17 19:39:18","VVI175",570,"m","10/26/03"
"7361","shower","extra_words","2A","produces",NA,0,"204","2026-04-17 19:39:18","VVI175",570,"m","10/26/03"
"7362","balloon","extra_words","2A","produces",NA,0,"204","2026-04-17 19:39:18","VVI175",570,"m","10/26/03"
"7363","dresser","extra_words","2A","produces",NA,0,"204","2026-04-17 19:39:18","VVI175",570,"m","10/26/03"
"7364","kite","extra_words","2A","produces",NA,0,"204","2026-04-17 19:39:18","VVI175",570,"m","10/26/03"
"7365","camel","extra_words","2A","produces",NA,0,"204","2026-04-17 19:39:18","VVI175",570,"m","10/26/03"
"7366","elephant","extra_words","2A","produces",NA,0,"204","2026-04-17 19:39:18","VVI175",570,"m","10/26/03"
"7367","ladybug","extra_words","2A","produces",NA,0,"204","2026-04-17 19:39:18","VVI175",570,"m","10/26/03"
"7368","cloud","extra_words","2A","produces",NA,0,"204","2026-04-17 19:39:18","VVI175",570,"m","10/26/03"
"7369","tree","extra_words","2A","produces",1,1,"204","2026-04-17 19:39:18","VVI175",570,"m","10/26/03"
"7370","zipper","extra_words","2A","produces",NA,0,"204","2026-04-17 19:39:18","VVI175",570,"m","10/26/03"
"7371","crow","extra_words","2A","produces",NA,0,"204","2026-04-17 19:39:18","VVI175",570,"m","10/26/03"
"7372","penguin","extra_words","2A","produces",NA,0,"204","2026-04-17 19:39:18","VVI175",570,"m","10/26/03"
"7373","seahorse","extra_words","2A","produces",NA,0,"204","2026-04-17 19:39:18","VVI175",570,"m","10/26/03"
"7374","duck","extra_words","2A","produces",NA,0,"204","2026-04-17 19:39:18","VVI175",570,"m","10/26/03"
"7375","chicken","extra_words","2A","produces",1,1,"204","2026-04-17 19:39:18","VVI175",570,"m","10/26/03"
"7376","butterfly","extra_words","2A","produces",NA,0,"204","2026-04-17 19:39:18","VVI175",570,"m","10/26/03"
"7377","lizard","extra_words","2A","produces",NA,0,"204","2026-04-17 19:39:18","VVI175",570,"m","10/26/03"
"7378","walrus","extra_words","2A","produces",NA,0,"204","2026-04-17 19:39:18","VVI175",570,"m","10/26/03"
"7379","snake","extra_words","2A","produces",1,1,"204","2026-04-17 19:39:18","VVI175",570,"m","10/26/03"
"7380","truck","extra_words","2A","produces",1,1,"204","2026-04-17 19:39:18","VVI175",570,"m","10/26/03"
"7381","car","extra_words","2A","produces",1,1,"204","2026-04-17 19:39:18","VVI175",570,"m","10/26/03"
"7382","airplane","extra_words","2A","produces",NA,0,"204","2026-04-17 19:39:18","VVI175",570,"m","10/26/03"
"7383","baa baa","cdi_words","2A","produces",1,1,"204","2026-04-17 19:39:18","VVI175",570,"m","10/26/03"
"7384","meow","cdi_words","2A","produces",1,1,"204","2026-04-17 19:39:18","VVI175",570,"m","10/26/03"
"7385","ouch","cdi_words","2A","produces",1,1,"204","2026-04-17 19:39:18","VVI175",570,"m","10/26/03"
"7386","uh oh","cdi_words","2A","produces",1,1,"204","2026-04-17 19:39:18","VVI175",570,"m","10/26/03"
"7387","woof woof","cdi_words","2A","produces",1,1,"204","2026-04-17 19:39:18","VVI175",570,"m","10/26/03"
"7388","bear","cdi_words","2A","produces",1,1,"204","2026-04-17 19:39:18","VVI175",570,"m","10/26/03"
"7389","bird","cdi_words","2A","produces",NA,0,"204","2026-04-17 19:39:18","VVI175",570,"m","10/26/03"
"7390","cat","cdi_words","2A","produces",1,1,"204","2026-04-17 19:39:18","VVI175",570,"m","10/26/03"
"7391","dog","cdi_words","2A","produces",1,1,"204","2026-04-17 19:39:18","VVI175",570,"m","10/26/03"
"7392","duck","cdi_words","2A","produces",NA,0,"204","2026-04-17 19:39:18","VVI175",570,"m","10/26/03"
"7393","horse","cdi_words","2A","produces",NA,0,"204","2026-04-17 19:39:18","VVI175",570,"m","10/26/03"
"7394","airplane","cdi_words","2A","produces",NA,0,"204","2026-04-17 19:39:18","VVI175",570,"m","10/26/03"
"7395","boat","cdi_words","2A","produces",NA,0,"204","2026-04-17 19:39:18","VVI175",570,"m","10/26/03"
"7396","car","cdi_words","2A","produces",1,1,"204","2026-04-17 19:39:18","VVI175",570,"m","10/26/03"
"7397","ball","cdi_words","2A","produces",1,1,"204","2026-04-17 19:39:18","VVI175",570,"m","10/26/03"
"7398","book","cdi_words","2A","produces",1,1,"204","2026-04-17 19:39:18","VVI175",570,"m","10/26/03"
"7399","game","cdi_words","2A","produces",NA,0,"204","2026-04-17 19:39:18","VVI175",570,"m","10/26/03"
"7400","applesauce","cdi_words","2A","produces",1,1,"204","2026-04-17 19:39:18","VVI175",570,"m","10/26/03"
"7401","candy","cdi_words","2A","produces",NA,0,"204","2026-04-17 19:39:18","VVI175",570,"m","10/26/03"
"7402","coke","cdi_words","2A","produces",NA,0,"204","2026-04-17 19:39:18","VVI175",570,"m","10/26/03"
"7403","cracker","cdi_words","2A","produces",NA,0,"204","2026-04-17 19:39:18","VVI175",570,"m","10/26/03"
"7404","juice","cdi_words","2A","produces",NA,0,"204","2026-04-17 19:39:18","VVI175",570,"m","10/26/03"
"7405","meat","cdi_words","2A","produces",NA,0,"204","2026-04-17 19:39:18","VVI175",570,"m","10/26/03"
"7406","milk","cdi_words","2A","produces",1,1,"204","2026-04-17 19:39:18","VVI175",570,"m","10/26/03"
"7407","peas","cdi_words","2A","produces",1,1,"204","2026-04-17 19:39:18","VVI175",570,"m","10/26/03"
"7408","hat","cdi_words","2A","produces",NA,0,"204","2026-04-17 19:39:18","VVI175",570,"m","10/26/03"
"7409","necklace","cdi_words","2A","produces",NA,0,"204","2026-04-17 19:39:18","VVI175",570,"m","10/26/03"
"7410","shoe","cdi_words","2A","produces",1,1,"204","2026-04-17 19:39:18","VVI175",570,"m","10/26/03"
"7411","sock","cdi_words","2A","produces",1,1,"204","2026-04-17 19:39:18","VVI175",570,"m","10/26/03"
"7412","chin","cdi_words","2A","produces",1,1,"204","2026-04-17 19:39:18","VVI175",570,"m","10/26/03"
"7413","ear","cdi_words","2A","produces",1,1,"204","2026-04-17 19:39:18","VVI175",570,"m","10/26/03"
"7414","hand","cdi_words","2A","produces",1,1,"204","2026-04-17 19:39:18","VVI175",570,"m","10/26/03"
"7415","leg","cdi_words","2A","produces",1,1,"204","2026-04-17 19:39:18","VVI175",570,"m","10/26/03"
"7416","broom","cdi_words","2A","produces",NA,0,"204","2026-04-17 19:39:18","VVI175",570,"m","10/26/03"
"7417","comb","cdi_words","2A","produces",NA,0,"204","2026-04-17 19:39:18","VVI175",570,"m","10/26/03"
"7418","mop","cdi_words","2A","produces",NA,0,"204","2026-04-17 19:39:18","VVI175",570,"m","10/26/03"
"7419","plate","cdi_words","2A","produces",NA,0,"204","2026-04-17 19:39:18","VVI175",570,"m","10/26/03"
"7420","trash","cdi_words","2A","produces",1,1,"204","2026-04-17 19:39:18","VVI175",570,"m","10/26/03"
"7421","tray","cdi_words","2A","produces",NA,0,"204","2026-04-17 19:39:18","VVI175",570,"m","10/26/03"
"7422","towel","cdi_words","2A","produces",NA,0,"204","2026-04-17 19:39:18","VVI175",570,"m","10/26/03"
"7423","bed","cdi_words","2A","produces",1,1,"204","2026-04-17 19:39:18","VVI175",570,"m","10/26/03"
"7424","bedroom","cdi_words","2A","produces",NA,0,"204","2026-04-17 19:39:18","VVI175",570,"m","10/26/03"
"7425","bench","cdi_words","2A","produces",NA,0,"204","2026-04-17 19:39:18","VVI175",570,"m","10/26/03"
"7426","oven","cdi_words","2A","produces",NA,0,"204","2026-04-17 19:39:18","VVI175",570,"m","10/26/03"
"7427","stairs","cdi_words","2A","produces",1,1,"204","2026-04-17 19:39:18","VVI175",570,"m","10/26/03"
"7428","flag","cdi_words","2A","produces",NA,0,"204","2026-04-17 19:39:18","VVI175",570,"m","10/26/03"
"7429","rain","cdi_words","2A","produces",NA,0,"204","2026-04-17 19:39:18","VVI175",570,"m","10/26/03"
"7430","star","cdi_words","2A","produces",1,1,"204","2026-04-17 19:39:18","VVI175",570,"m","10/26/03"
"7431","swing","cdi_words","2A","produces",NA,0,"204","2026-04-17 19:39:18","VVI175",570,"m","10/26/03"
"7432","school","cdi_words","2A","produces",NA,0,"204","2026-04-17 19:39:18","VVI175",570,"m","10/26/03"
"7433","sky","cdi_words","2A","produces",NA,0,"204","2026-04-17 19:39:18","VVI175",570,"m","10/26/03"
"7434","party","cdi_words","2A","produces",NA,0,"204","2026-04-17 19:39:18","VVI175",570,"m","10/26/03"
"7435","friend","cdi_words","2A","produces",NA,0,"204","2026-04-17 19:39:18","VVI175",570,"m","10/26/03"
"7436","mommy","cdi_words","2A","produces",1,1,"204","2026-04-17 19:39:18","VVI175",570,"m","10/26/03"
"7437","person","cdi_words","2A","produces",NA,0,"204","2026-04-17 19:39:18","VVI175",570,"m","10/26/03"
"7438","bye","cdi_words","2A","produces",1,1,"204","2026-04-17 19:39:18","VVI175",570,"m","10/26/03"
"7439","hi","cdi_words","2A","produces",1,1,"204","2026-04-17 19:39:18","VVI175",570,"m","10/26/03"
"7440","no","cdi_words","2A","produces",1,1,"204","2026-04-17 19:39:18","VVI175",570,"m","10/26/03"
"7441","shopping","cdi_words","2A","produces",NA,0,"204","2026-04-17 19:39:18","VVI175",570,"m","10/26/03"
"7442","thank you","cdi_words","2A","produces",1,1,"204","2026-04-17 19:39:18","VVI175",570,"m","10/26/03"
"7443","carry","cdi_words","2A","produces",NA,0,"204","2026-04-17 19:39:18","VVI175",570,"m","10/26/03"
"7444","chase","cdi_words","2A","produces",NA,0,"204","2026-04-17 19:39:18","VVI175",570,"m","10/26/03"
"7445","dump","cdi_words","2A","produces",NA,0,"204","2026-04-17 19:39:18","VVI175",570,"m","10/26/03"
"7446","finish","cdi_words","2A","produces",NA,0,"204","2026-04-17 19:39:18","VVI175",570,"m","10/26/03"
"7447","fit","cdi_words","2A","produces",NA,0,"204","2026-04-17 19:39:18","VVI175",570,"m","10/26/03"
"7448","hug","cdi_words","2A","produces",1,1,"204","2026-04-17 19:39:18","VVI175",570,"m","10/26/03"
"7449","listen","cdi_words","2A","produces",NA,0,"204","2026-04-17 19:39:18","VVI175",570,"m","10/26/03"
"7450","like","cdi_words","2A","produces",NA,0,"204","2026-04-17 19:39:18","VVI175",570,"m","10/26/03"
"7451","pretend","cdi_words","2A","produces",NA,0,"204","2026-04-17 19:39:18","VVI175",570,"m","10/26/03"
"7452","rip","cdi_words","2A","produces",NA,0,"204","2026-04-17 19:39:18","VVI175",570,"m","10/26/03"
"7453","shake","cdi_words","2A","produces",NA,0,"204","2026-04-17 19:39:18","VVI175",570,"m","10/26/03"
"7454","taste","cdi_words","2A","produces",NA,0,"204","2026-04-17 19:39:18","VVI175",570,"m","10/26/03"
"7455","gentle","cdi_words","2A","produces",1,1,"204","2026-04-17 19:39:18","VVI175",570,"m","10/26/03"
"7456","think","cdi_words","2A","produces",NA,0,"204","2026-04-17 19:39:18","VVI175",570,"m","10/26/03"
"7457","wish","cdi_words","2A","produces",NA,0,"204","2026-04-17 19:39:18","VVI175",570,"m","10/26/03"
"7458","all gone","cdi_words","2A","produces",1,1,"204","2026-04-17 19:39:18","VVI175",570,"m","10/26/03"
"7459","cold","cdi_words","2A","produces",NA,0,"204","2026-04-17 19:39:18","VVI175",570,"m","10/26/03"
"7460","fast","cdi_words","2A","produces",NA,0,"204","2026-04-17 19:39:18","VVI175",570,"m","10/26/03"
"7461","happy","cdi_words","2A","produces",NA,0,"204","2026-04-17 19:39:18","VVI175",570,"m","10/26/03"
"7462","hot","cdi_words","2A","produces",1,1,"204","2026-04-17 19:39:18","VVI175",570,"m","10/26/03"
"7463","last","cdi_words","2A","produces",NA,0,"204","2026-04-17 19:39:18","VVI175",570,"m","10/26/03"
"7464","tiny","cdi_words","2A","produces",NA,0,"204","2026-04-17 19:39:18","VVI175",570,"m","10/26/03"
"7465","wet","cdi_words","2A","produces",NA,0,"204","2026-04-17 19:39:18","VVI175",570,"m","10/26/03"
"7466","after","cdi_words","2A","produces",NA,0,"204","2026-04-17 19:39:18","VVI175",570,"m","10/26/03"
"7467","day","cdi_words","2A","produces",NA,0,"204","2026-04-17 19:39:18","VVI175",570,"m","10/26/03"
"7468","tonight","cdi_words","2A","produces",NA,0,"204","2026-04-17 19:39:18","VVI175",570,"m","10/26/03"
"7469","our","cdi_words","2A","produces",NA,0,"204","2026-04-17 19:39:18","VVI175",570,"m","10/26/03"
"7470","them","cdi_words","2A","produces",NA,0,"204","2026-04-17 19:39:18","VVI175",570,"m","10/26/03"
"7471","this","cdi_words","2A","produces",NA,0,"204","2026-04-17 19:39:18","VVI175",570,"m","10/26/03"
"7472","us","cdi_words","2A","produces",NA,0,"204","2026-04-17 19:39:18","VVI175",570,"m","10/26/03"
"7473","where","cdi_words","2A","produces",NA,0,"204","2026-04-17 19:39:18","VVI175",570,"m","10/26/03"
"7474","beside","cdi_words","2A","produces",NA,0,"204","2026-04-17 19:39:18","VVI175",570,"m","10/26/03"
"7475","down","cdi_words","2A","produces",1,1,"204","2026-04-17 19:39:18","VVI175",570,"m","10/26/03"
"7476","under","cdi_words","2A","produces",NA,0,"204","2026-04-17 19:39:18","VVI175",570,"m","10/26/03"
"7477","all","cdi_words","2A","produces",NA,0,"204","2026-04-17 19:39:18","VVI175",570,"m","10/26/03"
"7478","much","cdi_words","2A","produces",NA,0,"204","2026-04-17 19:39:18","VVI175",570,"m","10/26/03"
"7479","could","cdi_words","2A","produces",NA,0,"204","2026-04-17 19:39:18","VVI175",570,"m","10/26/03"
"7480","need","cdi_words","2A","produces",NA,0,"204","2026-04-17 19:39:18","VVI175",570,"m","10/26/03"
"7481","would","cdi_words","2A","produces",NA,0,"204","2026-04-17 19:39:18","VVI175",570,"m","10/26/03"
"7482","if","cdi_words","2A","produces",NA,0,"204","2026-04-17 19:39:18","VVI175",570,"m","10/26/03"
"7483","sock","extra_words","2A","produces",NA,0,"169","2026-03-08 18:57:22","VVI155",570,"m","2/20/26"
"7484","bathtub","extra_words","2A","produces",NA,0,"169","2026-03-08 18:57:22","VVI155",570,"m","2/20/26"
"7485","shower","extra_words","2A","produces",NA,0,"169","2026-03-08 18:57:22","VVI155",570,"m","2/20/26"
"7486","balloon","extra_words","2A","produces",1,1,"169","2026-03-08 18:57:22","VVI155",570,"m","2/20/26"
"7487","dresser","extra_words","2A","produces",NA,0,"169","2026-03-08 18:57:22","VVI155",570,"m","2/20/26"
"7488","kite","extra_words","2A","produces",NA,0,"169","2026-03-08 18:57:22","VVI155",570,"m","2/20/26"
"7489","camel","extra_words","2A","produces",NA,0,"169","2026-03-08 18:57:22","VVI155",570,"m","2/20/26"
"7490","elephant","extra_words","2A","produces",1,1,"169","2026-03-08 18:57:22","VVI155",570,"m","2/20/26"
"7491","ladybug","extra_words","2A","produces",NA,0,"169","2026-03-08 18:57:22","VVI155",570,"m","2/20/26"
"7492","cloud","extra_words","2A","produces",NA,0,"169","2026-03-08 18:57:22","VVI155",570,"m","2/20/26"
"7493","tree","extra_words","2A","produces",1,1,"169","2026-03-08 18:57:22","VVI155",570,"m","2/20/26"
"7494","zipper","extra_words","2A","produces",1,1,"169","2026-03-08 18:57:22","VVI155",570,"m","2/20/26"
"7495","crow","extra_words","2A","produces",NA,0,"169","2026-03-08 18:57:22","VVI155",570,"m","2/20/26"
"7496","penguin","extra_words","2A","produces",1,1,"169","2026-03-08 18:57:22","VVI155",570,"m","2/20/26"
"7497","seahorse","extra_words","2A","produces",NA,0,"169","2026-03-08 18:57:22","VVI155",570,"m","2/20/26"
"7498","duck","extra_words","2A","produces",1,1,"169","2026-03-08 18:57:22","VVI155",570,"m","2/20/26"
"7499","chicken","extra_words","2A","produces",1,1,"169","2026-03-08 18:57:22","VVI155",570,"m","2/20/26"
"7500","butterfly","extra_words","2A","produces",1,1,"169","2026-03-08 18:57:22","VVI155",570,"m","2/20/26"
"7501","lizard","extra_words","2A","produces",NA,0,"169","2026-03-08 18:57:22","VVI155",570,"m","2/20/26"
"7502","walrus","extra_words","2A","produces",NA,0,"169","2026-03-08 18:57:22","VVI155",570,"m","2/20/26"
"7503","snake","extra_words","2A","produces",1,1,"169","2026-03-08 18:57:22","VVI155",570,"m","2/20/26"
"7504","truck","extra_words","2A","produces",1,1,"169","2026-03-08 18:57:22","VVI155",570,"m","2/20/26"
"7505","car","extra_words","2A","produces",1,1,"169","2026-03-08 18:57:22","VVI155",570,"m","2/20/26"
"7506","airplane","extra_words","2A","produces",1,1,"169","2026-03-08 18:57:22","VVI155",570,"m","2/20/26"
"7507","baa baa","cdi_words","2A","produces",1,1,"169","2026-03-08 18:57:22","VVI155",570,"m","2/20/26"
"7508","meow","cdi_words","2A","produces",1,1,"169","2026-03-08 18:57:22","VVI155",570,"m","2/20/26"
"7509","ouch","cdi_words","2A","produces",1,1,"169","2026-03-08 18:57:22","VVI155",570,"m","2/20/26"
"7510","uh oh","cdi_words","2A","produces",1,1,"169","2026-03-08 18:57:22","VVI155",570,"m","2/20/26"
"7511","woof woof","cdi_words","2A","produces",1,1,"169","2026-03-08 18:57:22","VVI155",570,"m","2/20/26"
"7512","bear","cdi_words","2A","produces",1,1,"169","2026-03-08 18:57:22","VVI155",570,"m","2/20/26"
"7513","bird","cdi_words","2A","produces",1,1,"169","2026-03-08 18:57:22","VVI155",570,"m","2/20/26"
"7514","cat","cdi_words","2A","produces",1,1,"169","2026-03-08 18:57:22","VVI155",570,"m","2/20/26"
"7515","dog","cdi_words","2A","produces",1,1,"169","2026-03-08 18:57:22","VVI155",570,"m","2/20/26"
"7516","duck","cdi_words","2A","produces",1,1,"169","2026-03-08 18:57:22","VVI155",570,"m","2/20/26"
"7517","horse","cdi_words","2A","produces",1,1,"169","2026-03-08 18:57:22","VVI155",570,"m","2/20/26"
"7518","airplane","cdi_words","2A","produces",1,1,"169","2026-03-08 18:57:22","VVI155",570,"m","2/20/26"
"7519","boat","cdi_words","2A","produces",1,1,"169","2026-03-08 18:57:22","VVI155",570,"m","2/20/26"
"7520","car","cdi_words","2A","produces",1,1,"169","2026-03-08 18:57:22","VVI155",570,"m","2/20/26"
"7521","ball","cdi_words","2A","produces",1,1,"169","2026-03-08 18:57:22","VVI155",570,"m","2/20/26"
"7522","book","cdi_words","2A","produces",1,1,"169","2026-03-08 18:57:22","VVI155",570,"m","2/20/26"
"7523","game","cdi_words","2A","produces",NA,0,"169","2026-03-08 18:57:22","VVI155",570,"m","2/20/26"
"7524","applesauce","cdi_words","2A","produces",NA,0,"169","2026-03-08 18:57:22","VVI155",570,"m","2/20/26"
"7525","candy","cdi_words","2A","produces",NA,0,"169","2026-03-08 18:57:22","VVI155",570,"m","2/20/26"
"7526","coke","cdi_words","2A","produces",NA,0,"169","2026-03-08 18:57:22","VVI155",570,"m","2/20/26"
"7527","cracker","cdi_words","2A","produces",1,1,"169","2026-03-08 18:57:22","VVI155",570,"m","2/20/26"
"7528","juice","cdi_words","2A","produces",NA,0,"169","2026-03-08 18:57:22","VVI155",570,"m","2/20/26"
"7529","meat","cdi_words","2A","produces",NA,0,"169","2026-03-08 18:57:22","VVI155",570,"m","2/20/26"
"7530","milk","cdi_words","2A","produces",1,1,"169","2026-03-08 18:57:22","VVI155",570,"m","2/20/26"
"7531","peas","cdi_words","2A","produces",NA,0,"169","2026-03-08 18:57:22","VVI155",570,"m","2/20/26"
"7532","hat","cdi_words","2A","produces",1,1,"169","2026-03-08 18:57:22","VVI155",570,"m","2/20/26"
"7533","necklace","cdi_words","2A","produces",NA,0,"169","2026-03-08 18:57:22","VVI155",570,"m","2/20/26"
"7534","shoe","cdi_words","2A","produces",1,1,"169","2026-03-08 18:57:22","VVI155",570,"m","2/20/26"
"7535","sock","cdi_words","2A","produces",NA,0,"169","2026-03-08 18:57:22","VVI155",570,"m","2/20/26"
"7536","chin","cdi_words","2A","produces",1,1,"169","2026-03-08 18:57:22","VVI155",570,"m","2/20/26"
"7537","ear","cdi_words","2A","produces",1,1,"169","2026-03-08 18:57:22","VVI155",570,"m","2/20/26"
"7538","hand","cdi_words","2A","produces",1,1,"169","2026-03-08 18:57:22","VVI155",570,"m","2/20/26"
"7539","leg","cdi_words","2A","produces",NA,0,"169","2026-03-08 18:57:22","VVI155",570,"m","2/20/26"
"7540","broom","cdi_words","2A","produces",NA,0,"169","2026-03-08 18:57:22","VVI155",570,"m","2/20/26"
"7541","comb","cdi_words","2A","produces",NA,0,"169","2026-03-08 18:57:22","VVI155",570,"m","2/20/26"
"7542","mop","cdi_words","2A","produces",NA,0,"169","2026-03-08 18:57:22","VVI155",570,"m","2/20/26"
"7543","plate","cdi_words","2A","produces",1,1,"169","2026-03-08 18:57:22","VVI155",570,"m","2/20/26"
"7544","trash","cdi_words","2A","produces",NA,0,"169","2026-03-08 18:57:22","VVI155",570,"m","2/20/26"
"7545","tray","cdi_words","2A","produces",NA,0,"169","2026-03-08 18:57:22","VVI155",570,"m","2/20/26"
"7546","towel","cdi_words","2A","produces",NA,0,"169","2026-03-08 18:57:22","VVI155",570,"m","2/20/26"
"7547","bed","cdi_words","2A","produces",1,1,"169","2026-03-08 18:57:22","VVI155",570,"m","2/20/26"
"7548","bedroom","cdi_words","2A","produces",NA,0,"169","2026-03-08 18:57:22","VVI155",570,"m","2/20/26"
"7549","bench","cdi_words","2A","produces",NA,0,"169","2026-03-08 18:57:22","VVI155",570,"m","2/20/26"
"7550","oven","cdi_words","2A","produces",NA,0,"169","2026-03-08 18:57:22","VVI155",570,"m","2/20/26"
"7551","stairs","cdi_words","2A","produces",NA,0,"169","2026-03-08 18:57:22","VVI155",570,"m","2/20/26"
"7552","flag","cdi_words","2A","produces",NA,0,"169","2026-03-08 18:57:22","VVI155",570,"m","2/20/26"
"7553","rain","cdi_words","2A","produces",NA,0,"169","2026-03-08 18:57:22","VVI155",570,"m","2/20/26"
"7554","star","cdi_words","2A","produces",1,1,"169","2026-03-08 18:57:22","VVI155",570,"m","2/20/26"
"7555","swing","cdi_words","2A","produces",NA,0,"169","2026-03-08 18:57:22","VVI155",570,"m","2/20/26"
"7556","school","cdi_words","2A","produces",NA,0,"169","2026-03-08 18:57:22","VVI155",570,"m","2/20/26"
"7557","sky","cdi_words","2A","produces",NA,0,"169","2026-03-08 18:57:22","VVI155",570,"m","2/20/26"
"7558","party","cdi_words","2A","produces",NA,0,"169","2026-03-08 18:57:22","VVI155",570,"m","2/20/26"
"7559","friend","cdi_words","2A","produces",NA,0,"169","2026-03-08 18:57:22","VVI155",570,"m","2/20/26"
"7560","mommy","cdi_words","2A","produces",1,1,"169","2026-03-08 18:57:22","VVI155",570,"m","2/20/26"
"7561","person","cdi_words","2A","produces",NA,0,"169","2026-03-08 18:57:22","VVI155",570,"m","2/20/26"
"7562","bye","cdi_words","2A","produces",1,1,"169","2026-03-08 18:57:22","VVI155",570,"m","2/20/26"
"7563","hi","cdi_words","2A","produces",1,1,"169","2026-03-08 18:57:22","VVI155",570,"m","2/20/26"
"7564","no","cdi_words","2A","produces",1,1,"169","2026-03-08 18:57:22","VVI155",570,"m","2/20/26"
"7565","shopping","cdi_words","2A","produces",NA,0,"169","2026-03-08 18:57:22","VVI155",570,"m","2/20/26"
"7566","thank you","cdi_words","2A","produces",1,1,"169","2026-03-08 18:57:22","VVI155",570,"m","2/20/26"
"7567","carry","cdi_words","2A","produces",NA,0,"169","2026-03-08 18:57:22","VVI155",570,"m","2/20/26"
"7568","chase","cdi_words","2A","produces",NA,0,"169","2026-03-08 18:57:22","VVI155",570,"m","2/20/26"
"7569","dump","cdi_words","2A","produces",NA,0,"169","2026-03-08 18:57:22","VVI155",570,"m","2/20/26"
"7570","finish","cdi_words","2A","produces",NA,0,"169","2026-03-08 18:57:22","VVI155",570,"m","2/20/26"
"7571","fit","cdi_words","2A","produces",NA,0,"169","2026-03-08 18:57:22","VVI155",570,"m","2/20/26"
"7572","hug","cdi_words","2A","produces",1,1,"169","2026-03-08 18:57:22","VVI155",570,"m","2/20/26"
"7573","listen","cdi_words","2A","produces",NA,0,"169","2026-03-08 18:57:22","VVI155",570,"m","2/20/26"
"7574","like","cdi_words","2A","produces",NA,0,"169","2026-03-08 18:57:22","VVI155",570,"m","2/20/26"
"7575","pretend","cdi_words","2A","produces",NA,0,"169","2026-03-08 18:57:22","VVI155",570,"m","2/20/26"
"7576","rip","cdi_words","2A","produces",NA,0,"169","2026-03-08 18:57:22","VVI155",570,"m","2/20/26"
"7577","shake","cdi_words","2A","produces",1,1,"169","2026-03-08 18:57:22","VVI155",570,"m","2/20/26"
"7578","taste","cdi_words","2A","produces",NA,0,"169","2026-03-08 18:57:22","VVI155",570,"m","2/20/26"
"7579","gentle","cdi_words","2A","produces",1,1,"169","2026-03-08 18:57:22","VVI155",570,"m","2/20/26"
"7580","think","cdi_words","2A","produces",NA,0,"169","2026-03-08 18:57:22","VVI155",570,"m","2/20/26"
"7581","wish","cdi_words","2A","produces",NA,0,"169","2026-03-08 18:57:22","VVI155",570,"m","2/20/26"
"7582","all gone","cdi_words","2A","produces",1,1,"169","2026-03-08 18:57:22","VVI155",570,"m","2/20/26"
"7583","cold","cdi_words","2A","produces",1,1,"169","2026-03-08 18:57:22","VVI155",570,"m","2/20/26"
"7584","fast","cdi_words","2A","produces",1,1,"169","2026-03-08 18:57:22","VVI155",570,"m","2/20/26"
"7585","happy","cdi_words","2A","produces",1,1,"169","2026-03-08 18:57:22","VVI155",570,"m","2/20/26"
"7586","hot","cdi_words","2A","produces",1,1,"169","2026-03-08 18:57:22","VVI155",570,"m","2/20/26"
"7587","last","cdi_words","2A","produces",NA,0,"169","2026-03-08 18:57:22","VVI155",570,"m","2/20/26"
"7588","tiny","cdi_words","2A","produces",NA,0,"169","2026-03-08 18:57:22","VVI155",570,"m","2/20/26"
"7589","wet","cdi_words","2A","produces",NA,0,"169","2026-03-08 18:57:22","VVI155",570,"m","2/20/26"
"7590","after","cdi_words","2A","produces",NA,0,"169","2026-03-08 18:57:22","VVI155",570,"m","2/20/26"
"7591","day","cdi_words","2A","produces",NA,0,"169","2026-03-08 18:57:22","VVI155",570,"m","2/20/26"
"7592","tonight","cdi_words","2A","produces",NA,0,"169","2026-03-08 18:57:22","VVI155",570,"m","2/20/26"
"7593","our","cdi_words","2A","produces",NA,0,"169","2026-03-08 18:57:22","VVI155",570,"m","2/20/26"
"7594","them","cdi_words","2A","produces",NA,0,"169","2026-03-08 18:57:22","VVI155",570,"m","2/20/26"
"7595","this","cdi_words","2A","produces",NA,0,"169","2026-03-08 18:57:22","VVI155",570,"m","2/20/26"
"7596","us","cdi_words","2A","produces",NA,0,"169","2026-03-08 18:57:22","VVI155",570,"m","2/20/26"
"7597","where","cdi_words","2A","produces",1,1,"169","2026-03-08 18:57:22","VVI155",570,"m","2/20/26"
"7598","beside","cdi_words","2A","produces",NA,0,"169","2026-03-08 18:57:22","VVI155",570,"m","2/20/26"
"7599","down","cdi_words","2A","produces",1,1,"169","2026-03-08 18:57:22","VVI155",570,"m","2/20/26"
"7600","under","cdi_words","2A","produces",NA,0,"169","2026-03-08 18:57:22","VVI155",570,"m","2/20/26"
"7601","all","cdi_words","2A","produces",NA,0,"169","2026-03-08 18:57:22","VVI155",570,"m","2/20/26"
"7602","much","cdi_words","2A","produces",NA,0,"169","2026-03-08 18:57:22","VVI155",570,"m","2/20/26"
"7603","could","cdi_words","2A","produces",NA,0,"169","2026-03-08 18:57:22","VVI155",570,"m","2/20/26"
"7604","need","cdi_words","2A","produces",NA,0,"169","2026-03-08 18:57:22","VVI155",570,"m","2/20/26"
"7605","would","cdi_words","2A","produces",NA,0,"169","2026-03-08 18:57:22","VVI155",570,"m","2/20/26"
"7606","if","cdi_words","2A","produces",NA,0,"169","2026-03-08 18:57:22","VVI155",570,"m","2/20/26"
"7607","Sometimes","combine","2A","combine",2,1,"157","2026-04-09 08:59:38","VVI172",690,"f","5/26/03"
"7608","Often","combine","2A","combine",3,1,"140","2026-03-08 19:06:56","VVI141",750,"f","2/14/26"
"7609","Sometimes","combine","2A","combine",2,1,"248","2026-02-18 10:40:52","VVI148",630,"f","2/18/26"
"7610","Not Yet","combine","2A","combine",1,1,"105","2026-04-17 16:36:07","VVI190",570,"m","6/26/04"
"7611","Not Yet","combine","2A","combine",1,1,"92","2026-03-07 09:16:09","VVI174",690,"m","7/26/03"
"7612","Not Yet","combine","2A","combine",1,1,"66","2026-03-05 17:04:08","VVI173",690,"f","5/26/03"
"7613","Often","combine","2A","combine",3,1,"178","2026-05-18 20:50:22","VVI212",840,"f","5/19/26"
"7614","Sometimes","combine","2A","combine",2,1,"97","2026-03-08 18:23:32","VVI165",720,"m","2/26/26"
"7615","Often","combine","2A","combine",3,1,"123","2026-03-09 13:10:25","VVI143",690,"f","2/16/26"
"7616","Often","combine","2A","combine",3,1,"159","2026-03-09 16:05:40","VVI161",630,"m","2/23/26"
"7617","Often","combine","2A","combine",3,1,"248","2026-06-30 13:37:06","VVI216",690,"f","5/24/26"
"7618","Sometimes","combine","2A","combine",2,1,"357","2026-04-28 18:46:17","VVI199",570,"f","4/22/26"
"7619","Often","combine","2A","combine",3,1,"178","2026-02-19 14:13:41","VVI152",600,"f","2/19/26"
"7620","Sometimes","combine","2A","combine",2,1,"265","2026-07-11 12:40:04","VVI229",750,"na","7/11/26"
"7621","Often","combine","2A","combine",3,1,"165","2026-03-13 08:25:10","VVI176",750,"f","3/13/26"
"7622","Sometimes","combine","2A","combine",2,1,"113","2026-07-08 10:01:30","VVI224",630,"m","6/13/26"
"7623","Sometimes","combine","2A","combine",2,1,"98","2026-03-08 17:02:49","VVI153",600,"f","2/19/26"
"7624","Often","combine","2A","combine",3,1,"209","2026-04-17 16:06:34","VVI180",720,"m","3/25/26"
"7625","Not Yet","combine","2A","combine",1,1,"460","2026-05-29 08:56:27","VVI218",690,"f","5/29/26"
"7626","Often","combine","2A","combine",3,1,"129","2026-03-08 21:48:11","VVI159",630,"m","2/22/26"
"7627","Sometimes","combine","2A","combine",2,1,"128","2026-03-08 17:19:57","VVI140",630,"m","2/13/26"
"7628","Sometimes","combine","2A","combine",2,1,"768","2026-05-25 19:45:03","VVI217",600,"m","5/26/26"
"7629","Not Yet","combine","2A","combine",1,1,"137","2026-03-14 07:58:28","VVI177",570,"m","3/14/26"
"7630","Often","combine","2A","combine",3,1,"1071","2026-06-25 16:09:15","VVI227",750,"m","6/25/26"
"7631","Often","combine","2A","combine",3,1,"132","2026-03-09 13:00:56","VVI139",630,"m","2/13/26"
"7632","Often","combine","2A","combine",3,1,"161","2026-02-21 16:30:14","VVI157",660,"f","2/21/26"
"7633","Sometimes","combine","2A","combine",2,1,"123","2026-03-09 05:11:33","VVI154",630,"m","2/20/26"
"7634","Often","combine","2A","combine",3,1,"296","2026-04-28 17:33:28","VVI200",630,"f","4/23/26"
"7635","Sometimes","combine","2A","combine",2,1,"99","2026-04-08 09:55:56","VVI170",720,"f","3/26/03"
"7636","Often","combine","2A","combine",3,1,"241","2026-03-27 15:21:55","VVI181",690,"f","3/27/26"
"7637","Sometimes","combine","2A","combine",2,1,"116","2026-03-15 16:54:18","VVI147",630,"f","2/17/26"
"7638","Not Yet","combine","2A","combine",1,1,"266","2026-04-17 13:59:28","VVI182",660,"m","3/28/26"
"7639","Often","combine","2A","combine",3,1,"204","2026-04-17 19:39:18","VVI175",570,"m","10/26/03"
"7640","Often","combine","2A","combine",3,1,"169","2026-03-08 18:57:22","VVI155",570,"m","2/20/26"
